text,Actual Class,Predicted Class
"Paris Tourists Search for Key to 'Da Vinci Code' (Reuters) Reuters - A funny thing happened on the way to the\Mona Lisa. Visitors to the Louvre museum in Paris, home of the\world's most famous painting, started quizzing tour guides\about Dan Brown's best-selling novel ""The Da Vinci Code.""",World,Sci/Tech
Chavez rejects CD as opposition Venezuela #39;s President Hugo Chavez has announced that he will no longer recognize the Democratic Coordination or CD as the opposition coalition.,Business,World
"Clouds darken PeopleSoft conference SAN FRANCISCO -- PeopleSoft Inc. is trying to create a party-like atmosphere at its annual customer conference, but this week's gathering may feel more like a wake with rival Oracle Corp.'s \$7.7 billion takeover bid looming larger than ever.",Business,Sci/Tech
"Old bones unearth new date for giant deer #39;s last stand A new investigation into extinctions caused by climate change has revealed that the giant deer, previously thought to have been wiped out by a cold spell 10,500 years ago, instead survived well into the modern era.",Sci/Tech,Business
"Some People Not Eligible to Get in on Google IPO Google has billed its IPO as a way for everyday people to get in on the process, denying Wall Street the usual stranglehold it's had on IPOs. Public bidding, a minimum of just five shares, an open process with 28 underwriters - all this pointed to a new level of public participation. But this isn't the case.",Sci/Tech,Business
"Google #39;s New PC Search Tool Poses Risks NEW YORK Oct. 18, 2004 - People who use public or workplace computers for e-mail, instant messaging and Web searching have a new privacy risk to worry about: Google #39;s free new tool that indexes a PC #39;s contents for quickly locating data.",Business,Sci/Tech
"At Last, Success on the Road for Lions The Detroit Lions went three full seasons without winning an away game, setting an NFL record for road futility. They ended that ignominious streak Sunday in their first opportunity of the season, beating the Chicago Bears 20-16 at Soldier Field...",World,Sports
Keep It in the Family The IRS is gunning for your inherited IRA. Follow these steps to avoid costly penalties.,Business,World
"Thailand Shows No Easy War Against Wildlife Crime (Reuters) Reuters - With an AK-47 assault rifle slung over\his shoulder, Sompong Prajobjan roamed one of Thailand's lush\national parks for more than a decade.",Sci/Tech,World
"Gap, Wild Planet Get Together on Radio Sweatshirt NEW YORK (Reuters) - Wild Planet, a toy maker known for its spy gear and adventure gadgets, said on Wednesday it was teaming up with clothing retailer Gap Inc GPS.N to sell sweatshirts with FM radios built in at GapKids stores.",Sci/Tech,Business
Boston archbishop reveals anguish of closings BOSTON Boston #39;s Archbishop is telling catholics that the church #39;s financial footing is quot;much worse than people realize.,Sports,Business
Megawati kicks off 36th ASEAN economic meeting JAKARTA (Agencies): President Megawati Soekarnoputri opened high-level economic talks between members of the Association of Southeast Asian Nations (ASEAN) on Friday with a warning to ASEAN leaders that they must stay the course on their agreed,Business,World
"AOL Plans Revamp, Shake Up Management - Reports The America Online unit of Time Warner Inc. (TWX.N: Quote, Profile, Research) is reorganizing itself into four operational units to improve decision making, the Wall Street Journal and the Washington Post reported on Tuesday.",Business,Sci/Tech
"Opportunity Rings (Forbes.com) Forbes.com - This past summer 25,000 consumers, aged 18 to 24, received short text messages on their cell phones alerting them to numbers on 225 million bottle caps of Snapple iced tea, pink lemonade and the like. People holding a winning number, announced by text message and traditional media, landed overseas trips and walk-on parts on TV shows.",Sci/Tech,Business
US edge out Brazil for gold The United States beat Brazil 2-1 in extra time to win the women's Olympic football tournament.,World,Sports
"Lawyers In the Limelight By all appearances, Steven Woghin was a lawyer at the top of his game. After years in government service, the former Justice Department attorney had worked his way up to a comfortable six-figure salary and the chief legal job at software maker Computer Associates International Inc.",Business,Sci/Tech
Panel Urges N.Y. to Pay \$14 Billion More for City Schools Court-appointed referees recommended the state pay an additional \$14 billion over four years to improve New York City schools.,World,Business
Cricket: Dubai global academy The International Cricket Council are to open a global cricket academy designed to improve standards of lesser nations.,World,Sports
"GAME UNDER FIRE Attacking police officers, racial slurs, bloody beatings of innocent bystanders ... is it really just a game? In four and a half minutes, 14-year-old Ryan Mason ran over a police officer, stole his gun and shot and killed three innocent bystanders.",Sci/Tech,Sports
Oil Companies In Nigeria Say They Won #39;t Give In To Threats Major oil companies operating in Nigeria #39;s oil-rich southern region say they will not give in to threats of attacks on their facilities and employees by militias.,World,Business
Live: Olympics day four Richard Faulds and Stephen Parry are going for gold for Great Britain on day four in Athens.,World,Sports
Microsoft to hire hundreds in India Microsoft on Tuesday announced its decision to localise Windows and Office software in 14 Indian languages over the next 12 months and that the company would hire #39;hundreds #39; in India this year.,Business,Sci/Tech
"Microsoft, Amazon to combine forces Individually theyve been unstoppable in their respective industries. Theyre both legends that have survived the dot com burst and came out winners.",Sci/Tech,Business
"American Economist Expected to Win Nobel (AP) AP - Americans have dominated the annual Nobel Memorial Prize in Economic Sciences five years running, and it may not surprise Nobel watchers if the trend continues.",Business,Sci/Tech
"Motorola Quarterly Earnings Rise Motorola Inc., the world's No. 2 maker of cell phones, on Tuesday said its quarterly profit\more than tripled, as sales rose 26 percent, driven in part by a host of new handset models and cost controls.",Sci/Tech,Business
"World briefs LONDON - A man wielding a machete and a knife attacked two security guards at the building housing the headquarters of the British domestic intelligence service MI5 on Friday, police said.",Business,World
"Get Real? This time last week, first lady Laura Bush was having what she might call her Christmas Tree Day. First, she showed off the decorated executive mansion to reporters and then joined her husband",Business,Sci/Tech
"Alaska #39;s summer tourism pegged at 1.4 million visitors The number of summer visitors to Alaska rose from the year before, prompting the president of the Alaska Travel Industry Association to say tourism appeared to be back on track since leveling off after the 2001 terrorist attacks.",Business,Sci/Tech
"Stocks Climb on Strong Economic Data NEW YORK - Newly optimistic investors sent stocks sharply higher Friday, propelling the Dow Jones industrials up more than 100 points, after economic data showed strength in manufacturing and construction. Wall Street greeted the departure of PeopleSoft Inc.'s chief executive by buying up technology shares...",World,Business
US Bells Do Video on Path Blazed by Small Telcos The three largest US local telephone corporations made a splash this summer with plans to sell video services on their voice and data lines in a few years.,Business,Sci/Tech
Cocoa farmers issue strike threat Unions are threatening a general strike in the Ivory Coast in a protest against the prices farmers are paid for their cocoa supplies.,Business,World
"Retailers Vie for Back-To-School Buyers (Reuters) Reuters - Apparel retailers are hoping their\back-to-school fashions will make the grade among\style-conscious teens and young adults this fall, but it could\be a tough sell, with students and parents keeping a tighter\hold on their wallets.",Business,Sci/Tech
"Forecasters: More Hurricanes May Be on Way Ivan, Frances and Charley delivered three staggering blows to the Gulf Coast and Florida, as well as Caribbean island nations, all in just five weeks.",Sci/Tech,Business
Will Hutton There were two stories last week that will have world-shaping implications. The first was in a Paris hospital and a compound in Ramallah.,Business,World
"'Frankenfish' Caught in Great Lakes (Reuters) Reuters - The dreaded Northern Snakehead, a\voracious predator dubbed the ""Frankenfish"" that can breathe\out of water and wriggle across land, has invaded the Great\Lakes, authorities said on Friday.",Sci/Tech,World
"Toyota: Some security firms promise too much If ""it sounds like you are being offered a panacea, then it's time to change the conversation,"" says an exec for the firm.",Sci/Tech,Business
"Sony, IBM, Toshiba Give Details of 'Cell' Chip (Reuters) Reuters - IBM , Sony Corp. (6758.T) and\Toshiba Corp. (6502.T) on Monday revealed their plans for the\powerful new ""Cell"" processor the three are jointly producing\to run next-generation computers, game consoles and\televisions.",Business,Sci/Tech
"Soldiers' War Blogs Detail Life in Iraq Iraq war blogs are as varied as the soldiers who write them. Some sites feature practical news, war pictures and advice. Some are overtly political, with more slanting to the right than to the left. Some question the war, some cheer it.",Sci/Tech,World
"Noguchi Wins Marathon BULLETINBC-OLY--Women's Marathon RUN,0058BULLETIN ATHENS, Greece (AP) -- Mizuki Noguchi of Japan won the marathon Sunday in 2 hours, 26 minutes, 20 seconds.",Sports,World
India's Tata expands regional footprint via NatSteel buyout (AFP) AFP - India's Tata Iron and Steel Company Ltd. took a strategic step to expand its Asian footprint with the announcement it will buy the Asia-Pacific steel operations of Singapore's NatSteel Ltd.,World,Business
"Blockbuster Cuts Online Price, Challenges Netflix (Reuters) Reuters - Video chain Blockbuster Inc on\Friday said it would lower the price of its online DVD rentals\to undercut a similar move by Netflix Inc. that sparked a stock\a sell-off of both companies' shares.",Sci/Tech,Business
"Broadcaster Donates #36;325,000 to GOP (AP) AP - One of the state's biggest broadcasters has given 13 Republican county committees #36;325,000 worth of free air time to promote candidates on its radio and television stations throughout California.",World,Sci/Tech
"Microsoft Launches New Media Center PC Microsoft Corp. MSFT.O on Tuesday unveiled a new version of its Windows XP Media Center, adding features such as instant messaging and high-definition television to a personal computer designed for the living room.",Business,Sci/Tech
"Meditation Practice Helping Arthritis Patients By ALEX DOMINGUEZ BALTIMORE (AP) -- Dalia Isicoff knows pain. A lifelong sufferer of rheumatoid arthritis, she has had seven hip replacement surgeries...",Sci/Tech,Sports
"Internosis Will Relocate To Greenbelt in October Internosis Inc., an information technology company in Arlington, plans to move its headquarters to Greenbelt in October. The relocation will bring 170 jobs to Prince George's County.",Sci/Tech,Business
"The Bag of Aeolus quot;Aeolus was keeper of the winds. He gave a bag of evil winds to Odysseus, instructing him to keep it closed while a good breeze wafted him home.",World,Business
"RealNetworks Ends Download 49-Cent Promo SEATTLE (Reuters) - RealNetworks Inc. RNWK.O is ending its 49 cent-per-song music download service but will keep the promotional prices in place for top 10 songs, the Internet media and software company said on Thursday.",Business,Sci/Tech
Regulators Approve Artificial Heart The Food and Drug Administration approved the use of an artificial heart made by SynCardia Systems as a temporary device for people awaiting transplants.,Sci/Tech,Business
"Mexico Migrant Smugglers Turning to Sea (AP) AP - Migrant smugglers are skirting heightened security along the border by using small boats to shuttle people from the under-supervised Baja coast into Southern California marinas and harbors, already jammed with legal commercial ships and pleasure boat traffic.",World,Sci/Tech
"Sun posts narrower quarterly loss OCTOBER 14, 2004 (REUTERS) - SAN FRANCISCO -- Sun Microsystems Inc. today posted a narrower quarterly loss as revenue rose year over year for the second consecutive quarter after three years of declines, sending shares slightly higher.",Sci/Tech,Business
"Corporate Krueger haunts PeopleSoft A few weeks ago the then-CEO of PeopleSoft, Craig Conway, posed the following question to attendees at a technology conference: quot;Have you ever had a bad dream that never ended?",Business,Sci/Tech
"Semiconductor Manufacturing to Boost Capacity by Half (Update2) Semiconductor Manufacturing International Corp., China #39;s biggest supplier of made-to-order chips, said its factory capacity will rise by more than half in the second half as the company brings more plants on line.",Sci/Tech,Business
Mass. court denies new trial for convict BOSTON -- The state appeals court on Thursday declined to allow a new trial for a father convicted of beating a man to death at their sons #39; hockey practice.,Sports,World
"Fate of Cameras on the Line Virginia's 10-year experiment with red-light cameras at traffic intersections expires next year, and it is uncertain whether they will be renewed.",Sci/Tech,Sports
Indonesian diplomats asked to help improve RI #39;s bad image JAKARTA (Antara): President Susilo Yudhoyono asked Indonesian diplomats on Monday to help the government improve Indonesia #39;s bad image.,Business,World
"Plus: Cendant reported to buy Ebookers SAN FRANCISCO (CBS.MW) -- Not only did the word quot;blog quot; enter Merriam-Webster #39;s dictionary this year, but Microsoft is getting on the personalized e-journal bandwagon.",Sci/Tech,Business
Rumours surround Google browser The search giant Google is rumoured to be working on its own web browser.,Business,Sci/Tech
Take Two Torts and Call Me in the Morning The friction that sometimes strains the patient-doctor relationship when lawyers seek medical care is at an all-time high.,Sci/Tech,Business
Thomson joins takeover bid for ContentGuard Thomson joined Microsoft and Time Warner on Monday in trying to take control of U.S. digital rights management (DRM) company ContentGuard Holdings.,Sci/Tech,Business
"US May Have New Case of Mad Cow Disease WASHINGTON (Reuters) - A final test is likely to confirm a second U.S. case of mad cow disease, experts said on Thursday, though they see a small possibility the animal, which tested ""inconclusive"" in two preliminary tests, could be given a clean bill of health.",Business,World
"Symantec Said to Be in Talks for Veritas Symantec, which produces the Norton line of computer products, is in talks to acquire Veritas Software, a maker of data backup programs.",Business,Sci/Tech
Cricket: Tendulkar to miss test Sachin Tendulkar is almost certain to miss Thursday's second Test against Australia in Madras.,World,Sports
"Internet Ad Revenues Jump 40 Percent Internet advertising revenues jumped 40 percent in the first half of this year, driven largely by the growing popularity of keyword ads tied to search results.",Sci/Tech,Business
"Mich. Elephant Gets Therapy for Arthritis ROYAL OAK, Mich. - Like any patient, Wanda needs positive reinforcement to wrestle through her physical therapy...",World,Business
"Survey: IT spending to grow modestly next year CIO confidence is up in third quarter, according to Forrester poll.",Sci/Tech,Business
"HP Shifting Last of Itanium Engineers Hewlett-Packard Co. (HPQ.N: Quote, Profile, Research) and Intel Corp. (INTC.O: Quote, Profile, Research) on Wednesday ended their 10-year partnership to co-develop the Itanium chip",Sci/Tech,Business
"Iraq's Neighbors to Get Little for Environment Loss (Reuters) Reuters - Iraq's neighbors want tens of billions\of dollars for environmental damage done in the 1990-1 Gulf\conflict, but are set to get only paltry funds from the United",Sci/Tech,World
"Appeals court faults Oracle in shareholder suit Judges send case back to lower court to sort out allegations of improper bookkeeping and ""suspicious"" stock sales.",Sci/Tech,Business
"Arrowhead: It still is pointing the way In comparison to its contemporaries it could be termed a modern marvel, an example of how to do things right when everyone else was doing things wrong.",Sports,Sci/Tech
"Bea Arthur for President Bea Arthur sparked a security scare at Logan Airport in Boston this week when she tried to board a Cape Air flight with a pocketknife in her handbag. The ""Golden Girls"" star, now 81, was flagged by a Transportation Security Administration agent, who discovered the knife - a strict no-no following 9/11. ""She started yelling that it wasn't hers and said 'The terrorists put it there,' "" a fellow passenger said. ""She kept yelling about the 'terrorists, the terrorists, the terrorists.' "" After the blade was confiscated, Arthur took a keyring from her bag and told the agent it belonged to the ""terrorists,"" before throwing it at them. - via philly.com",Sci/Tech,World
"Worldwide PC Market Seen Doubling by 2010 NEW YORK (Reuters) - The number of personal computers worldwide is expected to double to about 1.3 billion by 2010, driven by explosive growth in emerging markets such as China, Russia and India, according to a report released on Tuesday by Forrester Research Inc.",Sci/Tech,Business
"Locusts Encroach on West African Rice-Growing Area (Reuters) Reuters - West Africa's worst locust plague for 15\years has encroached on one of the region's largest\rice-growing areas, authorities in Mali said on Friday.",Sci/Tech,World
Verizon brings top-speed DSL to 16 more areas DSL at 3mbps debuts in areas within company's existing footprint.,Sci/Tech,Business
"ASEAN moves closer to single market with #39;road map #39;, global trade ... JAKARTA : ASEAN finance ministers ended a meeting which saw Southeast Asia edge closer to a Europe-style single market, laying out a quot;road map quot; for integration and opening doors to wider global trade.",World,Business
"Sprint Center Of Attention For Nextel And Verizon Wireless Sprint Corp. #39;s enterprise operation, including its nationwide fiber-optic network, suddenly is looking like a swan and not a lame duck, as Verizon Wireless assesses the possibility of making a bid for Sprint in the boiling cell-phone merger scene.",Business,Sci/Tech
Iran shuts reformist websites WEBSITES CLOSE to Iran #39;s leading reformist party have been blocked by religious hardliners in the police bureau of public morals.,Sci/Tech,World
"Leeds students figure high on working curve Undergraduates in the city earn more than 90 a week on average, just behind Glasgow, Cambridge and Cardiff. Their hard-earned cash is likely to be spent on looking good and socialising, the",Business,Sports
"Campaign Spending on Rise in House Races (AP) AP - Ground zero for the country's costliest House race is Dallas, where two congressmen shoehorned into the same new district have each raised #36;4.1 million #151; and counting #151; to bash each other with television ads and sophisticated mailings.",World,Sci/Tech
"Stocks Drop After Greenspan Testimony NEW YORK - Investors were unmoved by Federal Reserve Chairman Alan Greenspan's improved assessment of the economy, with stocks falling narrowly Wednesday in light trading. While Greenspan said the economy has ""regained some traction"" after the summer's slowdown, he echoed Wall Street's concerns over energy prices, which have fallen from record highs in recent weeks but stubbornly remain above \$40 per barrel...",World,Business
"FCC exempts fiber-to-curb from sharing requirements The Federal Communications Commission Thursday voted to allow incumbent telephone carriers from sharing fiber-to-the-curb deployments from competitors, prompting one incumbent to announce an accelerated fiber rollout.",Business,Sci/Tech
Google Founders Selling Off Stock Google Founders Selling Off Stock\\Is this a sign that Google stack is overpriced? Or does it just mean that since there is so much interest in Google and its shares right now that the founders decided to sell off a big part of their holdings with the search engine. Dow ...,Sci/Tech,Business
Will Tellabs Push Its Luck? Perhaps the optical network supplier should call off its merger with AFC.,Business,Sci/Tech
"Cocoa prices down but Ivorian exports still blocked World cocoa prices were down on Tuesday but off the day #39;s lows as exports remained on hold after mob violence and military clashes in Ivory Coast, the key global supplier, traders said.",World,Business
"Cowboys Defeat Redskins 21-18 LANDOVER, Md. - Bill Parcells celebrated the touchdown with a big smile and his fist thrust high in the air...",World,Sports
"Icing call Out of money, out of patience, out of time, and for the foreseeable future, out of business.",Sports,Business
Signs of a Glut and Lower Prices on Thin TV's Dont buy that high-definition TV yet. Competition may force the prices down further.,Sci/Tech,Business
"Scaffold collapse survivors improving One of the men who survived Friday #39;s fatal scaffold collapse is in guarded condition at Detroit Receiving Hospital and the two other survivors were released on Sunday, a hospital spokeswoman said.",Business,World
"For Now, Unwired Means Unlisted. That May Change. In October, most major cellphone carriers plan to start compiling a publicly accessible listing of wireless phone numbers.",Business,Sci/Tech
"GM, Daimler Go Green Team-up will help the companies compete and fill gaps in both firms' portfolios.",Business,Sports
"Yahoo Debuts Mobile Search SAN FRANCISCO -- Yahoo (Quote, Chart) expanded its search empire to the mobile arena with the launch of some additional services. The company was one of the original content providers for mobile devices running",Business,Sci/Tech
"New pension 'would help millions' Britain's pension system could easily be replaced by a new payment that would make millions better off, a report says.",Business,World
"Same-sex divorce rules still hazy Now that an Ontario couple has been given Canada #39;s first same-sex divorce, experts are divided over just how easy it will be for gays and lesbians in other provinces to end their marriages.",World,Business
"Amazon.com net sales jump 29; Google reports \$52M in net income OCTOBER 22, 2004 (IDG NEWS SERVICE) - Amazon.com Inc. fell a penny short of analysts #39; per-share earnings expectations, while reporting net sales of \$1.",Sci/Tech,Business
"Lucent's history a case study in wild rides If you've ever wondered what ignited America's late-1990s obsession with telecom and tech stocks, you could well argue it all started with Lucent Technologies .",Business,Sci/Tech
Amazon sues spammers for misleading consumers SEATTLE -- Amazon.com has filed three lawsuits in King County Superior Court against unidentified defendants who allegedly forged e-mails and Web sites to fool consumers into thinking they are doing business with the Internet retailer.,Business,Sci/Tech
"Dare you fight the possessed tomatoes? Quirky, stick-figure ""Kingdom of Loathing"" shows continued promise of independent game-writing.",Sci/Tech,Sports
"HP Wins Defense Contract HP (Quote, Chart) was awarded a \$290 million, 10-year outsourcing contract with the Defense Logistics Agency #39;s (DLA) Enterprise Data Center (EDC) program, officials announced Wednesday.",Business,Sci/Tech
Swedes beam poetry into outer space (Reuters) Reuters - Swedish poets have broadcast their work into outer space by radio to give alien life forms -- if they exist -- a taste\of earthling literature.,World,Sci/Tech
"Argentina Beats U.S. Men's Basketball Team Argentina defeated the United States team of National Basketball Association stars 89-81 here Friday in the Olympic semi-finals, dethroning the three-time defending champions.",World,Sports
"Britain Edges U.S. for 400M Relay Gold (AP) AP - Stymied by a sloppy handoff in the middle of the race, the United States lost to Great Britain by a hundredth of a second Saturday night in the 400-meter relay #151; a race the American men usually dominate.",Sports,World
"U.S. Misses Cut in Olympic 100 Free ATHENS, Greece - Top American sprinters Jason Lezak and Ian Crocker missed the cut in the Olympic 100-meter freestyle preliminaries Tuesday, a stunning blow for a country that had always done well in the event. Pieter van den Hoogenband of the Netherlands and Australian Ian Thorpe advanced to the evening semifinal a day after dueling teenager Michael Phelps in the 200 freestyle, won by Thorpe...",World,Sports
"Cast-aside candidates grab onto Sox coattails By Raphael Lewis and Benjamin Gedan, Globe Staff and Globe Correspondent October 31, 2004. Republican state Senate candidate Rod Jane of Westborough woke up yesterday with a plan to grab some attention from",Sports,World
"Siemens in 2.69bn deal with BBC German industrial giant Siemens has signed a 2.69bn contract to deliver technology services around the world to the BBC, a deal that will see it acquire the broadcasters technology subsidiary.",Business,Sci/Tech
"AOL Is Said to Plan 700 Layoffs America Online, the country #39;s leading Internet service, is preparing to lay off as many as 700 of its 13,000 employees in the United States, according to an executive knowledgeable about its plans.",Business,Sci/Tech
"Deal in Congress to Keep Tax Cuts, Widening Deficit Republican and Democratic leaders agreed to extend \$150 billion worth of tax cuts sought by President Bush without trying to pay for them.",World,Business
"Iraq Oil Exports Still Halved After Basra HQ Attack BAGHDAD (Reuters) - Iraq continued to export oil at one million barrels per day on Friday after an attack on the South Oil Company headquarters took sabotage operations to a new level, an official at the state-owned entity said.",World,Business
"VZ Wireless Slams National 411 Directory WASHINGTON -- Verizon Wireless, the nation #39;s largest wireless carrier, clashed with other cellular carriers on Tuesday, telling a US Senate committee that a proposal for a national wireless telephone directory is a quot;terrible idea quot; and that the proposal",Business,Sci/Tech
"September Retail Sales Up by 1.5 Percent WASHINGTON - Shoppers got their buying groove back last month, propelling sales at the nation's retailers by a strong 1.5 percent. It was the best showing since March...",World,Business
"Stocks Leap, Dow Up 142 Points at Open US stocks soared at the open on Wednesday as investors bet that George W. Bush would soon be declared the winner in the tight presidential race despite disputed results in the key state of Ohio.",Business,World
"Conn. Man, 70, Oldest to Swim Channel LONDON - A retired Connecticut pilot has become the oldest person to swim the English Channel. George Brunstad, 70, left Dover, England, Saturday morning heading for the French Coast...",World,Sports
"Gateway Can Party Like It #39;s 1999 Those were heady days, they were, back in 1999. The bull market was still roaring. We hadn #39;t yet heard of hanging or dimpled chads.",Sci/Tech,Business
"U.S. to Allow Some Telemarketing 'Robo Calls' WASHINGTON (Reuters) - Telemarketers will be able to use prerecorded ""robo calls"" to stay in touch with established customers starting next week -- at least for the short term, U.S. regulators said Friday.",Sci/Tech,Business
"Salesforce.com 2Q Profit Up Sharply Software developer Salesforce.com Inc. posted a sharp rise in second-quarter profit on better-than-expected revenue during its first quarter as a public company, but investors shunned the stock in late trading",Sci/Tech,Business
"Texas Instruments Plans Buyback (Reuters) Reuters - Texas Instruments Inc., the\largest maker of chips for cellular phones, on Thursday said it\plans to buy back #36;1 billion in stock and boost its quarterly\dividend by more than 17 percent, becoming the latest\technology company to return extra cash to investors.",Sci/Tech,Business
Fusion reactor decision must wait Six nations planning to build the world's biggest nuclear fusion reactor fail to agree where to site the facility.,Sci/Tech,World
"Cuts offered, issue remains tax or cap The union #39;s proposal to end the lockout, made Thursday at the league #39;s Canadian headquarters, calls for a tax that would penalize -- and perhaps deter -- high-end payrolls.",Sports,Business
"Ericsson Selected by MTN South Africa to Supply 3G/WCDMA Network STOCKHOLM, Sweden --(Business Wire)-- Dec. 10, 2004 -- Ericsson (NASDAQ:ERICY) has been selected by MTN South Africa to supply 3G/WCDMA network.",Sci/Tech,Business
"Motorola buys wireless network developer, eyes defense contracts CHICAGO - Motorola Inc. is acquiring MeshNetworks Inc., developer of a Wi-Fi based technology that is expected to help land more contracts for its growing government contracting business.",Business,Sci/Tech
Florida deaths blamed on Hurricane Frances State and local officials Tuesday said nine people have died in Florida because of Hurricane Frances. The following describes those deaths: - A 15-year-old grandson and a former son,Sports,World
Australia in grip of water crisis There is a warning that some of Australia's major cities could run out of drinking water.,Sci/Tech,World
"Stock Prices Climb Ahead of Google IPO NEW YORK - Investors shrugged off rising crude futures Wednesday to capture well-priced shares, sending the Nasdaq composite index up 1.6 percent ahead of Google Inc.'s much-anticipated initial public offering of stock. In afternoon trading, the Dow Jones industrial average gained 67.10, or 0.7 percent, to 10,039.93...",World,Business
"Hamm should support Yang Paul Hamm needs a new marketing strategy. Either that, or he needs a clue. One harmless gesture separates him from lionization in America and canonization in South Korea, and",Sports,Sci/Tech
"Plan B Proposes Its Own Alternatives Donnie Downs, president and chief executive of Plan B Technologies Inc., said the company itself is a ""plan B.""",Sci/Tech,Business
"Quick end to US election crucial US President George W. Bush is on the verge of a re-election victory, but Democratic challenger John Kerry is not conceding defeat, at least not now.",Business,World
"Amazon Burning Makes Brazil a Leading Polluter By Axel Bugge BRASILIA, Brazil (Reuters) - Burning of the Amazon andother forests accounts for three quarters of Brazil'sgreenhouse gas emissions and has made the country one of theworld's leading polluters, a long-delayed government reportshowed on Wednesday.",World,Sci/Tech
"U.S. Seeks Reconciliation with Oil-Rich Venezuela SAO PAULO, Brazil (Reuters) - The United States said on Monday it will seek better ties with oil-rich Venezuela in the clearest sign since President Hugo Chavez won a recall referendum in August that Washington is looking for reconciliation with the firebrand populist.",World,Business
"One of nation #39;s hottest coaches, Tedford will shock nation and ... The T-shirt was the brainchild of Bob Rose, the University of California #39;s aptly named executive associate athletic director for communications, and it speaks to the school #39;s football revival on numerous levels.",Sports,Business
"Mamma Search is Buying Copernic Mamma Search is Buying Copernic\\Mamma.com Inc., the paid search company, and Copernic Technologies Inc. announced that Mamma has signed a letter of intent where they will acquire all of the shares of Copernic Technologies for a combination of cash and shares of Mamma.com Inc. The closing of the acquisition will ...",Sci/Tech,Business
"ConocoPhillips boosts LUKoil stake to 10 percent (AFP) AFP - US oil major ConocoPhillips has boosted its stake in Russia's second-largest oil producer LUKoil to 10 percent, giving Conoco at least one representative on LUkoil's board.",World,Business
"A Canadian Invasion A few weeks ago, in a story on Nortel (NYSE: NT), I asked people to submit a Canadian joke to me. This is as good a place as any to reveal the winner.",Business,Sports
Yahoo! Ups Ante for Small Businesses Web giant Yahoo! is gambling that price cuts on its domain name registration and Web hosting products will make it more competitive with discounters in the space -- which means that small businesses looking to move online get a sweeter deal through ...,Business,Sci/Tech
"Ljubicic Downs Hanescu at Open De Moselle Top-seeded Ivan Ljubicic of Croatia beat Victor Hanescu of Romania 6-4, 6-4 Tuesday in the first round of the Open de Moselle.",World,Sports
"Ancient fungus 'revived' in lab Fungus from a deep-sea sediment core that is hundreds of thousands of years old will grow when placed in culture, scientists discover.",World,Sci/Tech
Yahoo and SBC extend partnership and plan new services Yahoo and SBC Communications have agreed to collaborate to extend some of the online services and content they currently provide to PC users to mobile phones and home entertainment devices.,Business,Sci/Tech
"#39;Somebody please save my dad #39; Nick du Toit #39;s wife and stepdaughter are distraught that there is nothing they can do to help him. On Monday his stepdaughter, Marilise Bezuidenhout, was forced to convey the news of his possible death sentence",World,Sports
"India's Tata makes powerful debut Shares in Indian software services giant Tata Consultancy close 16 higher on their market debut, raising \$1.2bn for the company.",World,Business
"Faces From The 1929 Crash NEW YORK - The people who will forever be associated with the Great Crash of 1929 were all white, male and wealthy, but their occupations and ethics varied considerably.",Business,World
"Nursery rhymes more violent than TV (Reuters) Reuters - Children's nursery rhymes contain 10 times more violence than television shows broadcast before the\9 p.m. ""watershed"" after which more adult content can be shown, research has said.",World,Sci/Tech
"Four Hurricanes Hurting Florida Economy (AP) AP - Normally at this time of the year, labor contractor Jose Luis Avalos would be assembling a crew of workers who could each earn #36;1,500 to #36;2,000 a week in the area's abundant citrus groves.",Business,Sports
Japan govt body to call for 5.7 billion dollar aid to Daiei (AFP) AFP - A Japanese government-backed organization will ask financial institutions to provide troubled retailer Daiei with 600 billion yen (5.7 billion dollars) in financial assistance.,Business,World
"Plane repos ready to take flight At the airport, you hear all of the usual explanations: bad weather, mechanical difficulties, no crew available. But now there #39;s another excuse you might hear as times get tougher for cash",Business,Sci/Tech
"Court Hears Interstate Wine Sales Case (AP) AP - The Supreme Court considered Tuesday whether state alcoholic beverage regulations put in place 70 years ago, after Prohibition was lifted, should remain the law of the land in the Internet age.",World,Sci/Tech
"Volkswagen May Be Close to Settling Its Wage Talks Volkswagen and its workers entered a critical week in their wage negotiations on Monday, with signs that a compromise was taking shape even as protests flared at factories across Germany.",World,Business
Broadband charges set to tumble The cost of broadband internet access is likely to fall after Ofcom ordered British Telecom to cut the amount it charges internet providers.,Business,Sci/Tech
Del Monte Needs 9Lives The leading private and branded food and pet products marketer is spending to revamp its image.,Business,Sci/Tech
"Legendary all-rounder Miller dies Keith Miller, arguably Australia's greatest all-rounder in Test cricket, has died in Melbourne aged 84.",World,Sports
"South Korea planning huge spending to revive economy: report (AFP) AFP - The South Korean government is preparing a huge quot;New Deal quot; spending package in the next few years to revive the country's sagging economy, Yonhap news agency said.",Business,World
"AOL pushes into Internet shopping Looking for new ways to boost its revenue, America Online is launching an online shopping service that won #39;t require an AOL account to access.",Business,Sci/Tech
"Careening Indians Fall Slumping Cleveland lost a three-run lead while Derek Jeter homered and stole two ninth-inning bases as New York sent the Indians to their ninth consecutive loss, 5-4, Tuesday.",Sports,World
Bush Scraps Most U.S. Sanctions on Libya (Reuters) Reuters - President Bush on Monday formally\ended the U.S. trade embargo on Libya to reward it for giving\up weapons of mass destruction but left in place U.S.\terrorism-related sanctions.,Sci/Tech,World
"Argentina gets China investment China is to invest nearly \$20bn (11bn) in Argentina over the next 10 years, Argentine officials say.",World,Business
"The battle for DR Congo's wildlife As donors pledge \$40m to save DR Congo's wildlife, life in Virunga Park remains a battle ground.",Sci/Tech,World
Football: Brazil legend's UK debut Brazil football great Socrates is set to make his debut for non-league Garforth Town on Saturday.,World,Sports
"HP targets China with low-cost PC SAN FRANCISCO (CBS.MW) - Personal computer stocks were relatively quiet Friday as the sector focused more attention on China where Hewlett-Packard introduced a new, low-priced PC.",Business,Sci/Tech
"FDA OKs Scientist Publishing Vioxx Data (AP) AP - The Food and Drug Administration has given a whistle-blower scientist permission to publish data indicating that as many as 139,000 people had heart attacks that may be linked to Vioxx, the scientist's lawyer said Monday.",World,Business
"Porn Processor Settles Deceptive-Billing Charges WASHINGTON (Reuters) - A pornography bill-processing company has agreed to forego \$17 million that it billed computer users in order to settle deceptive-business charges, the U.S. Federal Trade Commission said on Monday.",Sci/Tech,Business
Press review 0850CET--The seizure of fake Nike sportswear by the Customs Department was one of the main stories on Wednesday #39;s newspapers. L-Orizzont published,Sci/Tech,World
"Discovery Channel Tests Power of Licensing By rushing more than 700 products under the American Chopper brand as part of a new in-house licensing program, the cable channel is relying more heavily on licensing to market shows.",Business,Sci/Tech
"Linux: Paris weighs a shift to open-source camp PARIS The open-source computer system known as Linux won a tough battle over Microsoft earlier this year when the city of Munich decided to change the operating software of 14,000 government computers, despite the personal intervention of Steve Ballmer",Business,Sci/Tech
"Product Previews palmOneUpgrades Treo With Faster Chip, Better Display\With more than 600,000 units shipped, the Treo 600 is one of the big smartphone success stories. Last week, palmOne introduced the follow-on Treo 650 with a higher resolution 320-by-320-pixel TFT screen, which the company claims increases the visible area of the display and makes pictures and documents much clearer. The 650 also carries a removable battery; 32MB of flash memory, and a faster 312MHz, Intel XScale processor. Improved multimedia features include a built-in MP3 player, a digital camera with improved low-light capabilities, as well as video capture and playback functionality. Products are expected to ship by years end from some carriers who will add their own services, and will be priced at about \$499.\ Treo 650, palmOne",Business,Sci/Tech
SC to hear Zee petition tommorrow Five judges of the top court will hear a petition filed by Zee Telefilms on Tuesday. A three-judge panel of the Supreme Court said a five-judge bench would hear the dispute that threatens the rights of India #39;s,Sports,Business
"Approval Expected for Big Cellphone Deal Federal regulators will formally approve Cingular Wireless #39;s \$41 billion purchase of AT amp;T Wireless today, company officials briefed on the matter said over the weekend.",Sci/Tech,Business
England humble Sprinboks Charlie Hodgson scores 27 points as England overwhelm the Springboks at Twickenham.,World,Sports
"US rate rise locked in for Wednesday (AFP) AFP - The unexpected boom in US job creation in October has locked in an interest rate rise and will likely encourage another tightening in December, analysts said.",Business,World
"Cingular Closes #36;41 Bln ATT Wireless Deal (Reuters) Reuters - Cingular Wireless on Tuesday closed\its #36;41 billion cash purchase of AT T Wireless Services Inc.\, creating the biggest U.S. mobile service with more\than 46 million customers.",Business,Sci/Tech
BSkyB sees profits rise after strong subscriber growth (AFP) AFP - British satellite broadcaster BSkyB said profit rose by 16 percent in the first quarter as the group enjoyed strong subscriber growth in the run-up to the key Christmas trading period.,World,Business
"Internet Emerging As Potent Terrorist Tool By THOMAS WAGNER LONDON (AP) -- The images coming out of the latest hostage crisis in Iraq - capped by dramatic video of British captive Kenneth Bigley begging for his life - have transfixed Britons, left governments looking helpless, and revived a classic dilemma about whether to negotiate with terrorists. But the plight of the British construction worker and his two murdered American colleagues has also raised new concerns about terrorists' tremendous ability to set agendas in an Internet age that makes their messages - even in the form of shocking beheading videos - all but impossible to stop...",Sci/Tech,World
"For Many Airline Pilots, the Thrill Is Gone While pilots still feel in command in the air, they increasingly are feeling slighted on the ground, as airlines extract salary and benefits concessions from them.",World,Business
"Tough Talks Ahead After EU Is Criticized Efforts to forge the world's largest free trade zone between the European Union and South America's Mercosur economic bloc are unlikely to be concluded by an Oct. 31 deadline, the EU said Thursday, with both sides declaring each other's trade offers insufficient.",World,Business
"Japan Won't Have U.S. Beef Anytime Soon (Reuters) Reuters - Japan's lucrative market for U.S.\beef, ruptured by mad cow disease worries, is likely to remain\closed for the rest of this year, U.S. meat industry officials\said on Thursday.",World,Business
"Prized Fossil Just a Rock? With positive and negative results, it remains to be seen what type of Fossil this company really is.",Business,Sci/Tech
Baby for ovary transplant woman A Belgian cancer patient made infertile by chemotherapy has given birth following revolutionary treatment.,Sci/Tech,World
Stocks Higher on Drop in Jobless Claims A sharp drop in initial unemployment claims and bullish forecasts from Nokia and Texas Instruments sent stocks higher in early trading Thursday.,Business,World
India seeks new TV bids The Indian Board re-opens the bidding for TV rights after Australian threaten to cancel their tour.,World,Sports
"Man arrested for fatally stabbing elderly parents SAITAMA -- A middle-aged man who fatally stabbed his parents has been arrested, police said. Hideo Nakajima, an unemployed man from Soka, Saitama Prefecture, apparently called police shortly before 8 pm, Wednesday.",Sci/Tech,World
Sandia Motor Speedway for Sale on eBay (AP) AP - And the race is off! Only 29 days and some odd hours left to place your bid on eBay to buy the Sandia Motor Speedway.,Sci/Tech,Sports
Red Hat replaces CFO Charles Peters Jr. is taking over as the company deals with the aftereffects of restating its earnings for the past three fiscal years.,Sci/Tech,Business
"Adobe updates RAW plug-in with digital negative format Adobe has updated Photoshop #39;s support for digital cameras #39; RAW image formats. The new plug-in adds to the number of camera models supported and includes a utility for converting images into the DNG, digital negative format.",Business,Sci/Tech
"BHP Billiton, Alcoa sell Integris Metals for 359 million pounds (AFP) AFP - Anglo-Australian mining giant BHP Billiton and Alcoa, the world's largest aluminium producer, have agreed to sell their metal services joint venture Integris Metals for 660 million dollars (359 million pounds) including debt, a joint statement said.",World,Business
"SBC and Yahoo! extend pact to offer Internet service SAN ANTONIO SBC Communications and Yahoo are expanding their high-speed Internet service partnership to link video, wireless phone, Internet and other services.",Business,Sci/Tech
"Tacoma weathers ERP and CRM 'perfect storm' Problems with a \$50 million-plus rollout of SAP's ERP, CRM and other business apps in the city of Tacoma, Wash., have generated a storm of end-user complaints, bad press and a call for an independent audit of the situation.",Sci/Tech,Business
"Lockheed Profit Jumps on IT, Jet Demand \ NEW YORK (Reuters) - No. 1 U.S. defense contractor Lockheed\Martin Corp. reported a 41 percent rise in quarterly\profit on Tuesday, beating Wall Street forecasts, as demand\soared for its combat aircraft and information technology\services.",Sci/Tech,Business
"Giga counters They #39;re bold, brash and break most rules of business -- so why are the Google guys multi-billionaires? GOOGLE Inc had plenty to celebrate at its recent annual summer picnic -- its debut as a public company",Sci/Tech,Business
"Jones Advances in Long Jump; Johnson Out ATHENS, Greece - Marion Jones made her Athens debut in virtual anonymity, quietly advancing to the long jump final. Allen Johnson had the attention of everyone in the stadium, for all the wrong reasons...",World,Sports
Congress Sends 'Net Access Ban to White House The U.S. Congress on Friday reinstated a ban on Internet access taxes after the House of Representatives agreed to extend it for another three years rather than make it permanent.,Sci/Tech,Business
"Glory Comes Amid Empty Seats and Closed Shutters HERE in Old Europe, people install shutters outside their windows to keep out the heat, the pollution, the daylight, the noise. They also lock the shutters tight when they go away on holiday.",Sports,Sci/Tech
"Is this the end of IT as we know it? Halsey Minor, CEO of hosted integration provider grand central Communications, has a powerful message for IT: In four years, ... basically the whole notion of enterprise application software is going to be dead. He believes application functionality will instead be available as hosted, pay-per-use services delivered by companies such as Salesforce.com. Putting his money where his mouth is, Minor has recently launched a \$50 million venture capital fund with his own money to fuel on-demand startups. For its part, Grand Central will handle data and process integration between enterprises and multiple on-demand services.",Business,Sci/Tech
"Telephone Tag (Forbes.com) Forbes.com - ARRIS GROUP (5, ARRS) saw its market cap unjustifiably halved recently when Comcast, a huge customer (24 of Arris' sales), hinted it might buy next-generation technology from Cisco Systems. Arris supplies the technical guts that cable companies use to provide phone service. (For the reverse phenomenon, see story on p. 162.)",Business,Sci/Tech
Fortune's 100 Most Doomed? Your company made it to Fortune's 100 Fastest Growing Companies list. Is that a good thing?,Business,Sci/Tech
"Maddux Wins No. 302, Baker Wins No. 1,000 Greg Maddux pitched the Chicago Cubs into the lead in the NL wild-card race and gave Dusty Baker a win to remember. Maddux threw seven shutout innings for his 302nd career win, Baker got his 1,000th victory as a manager and Chicago beat the Montreal Expos 5-2 on Monday night...",World,Sports
Boxer Begs Bush to Back Bum Bill Members of California's congressional team make one last effort to look good for the tech industry back home.,Business,Sci/Tech
Rain threatens triangular final (AFP) AFP - Organisers were left banking on the Dutch weather to spare Saturday's final of the triangular cricket tournament after deciding against altering the fixture schedule in a bid to beat the rain that has marred this warm-up event for next month's ICC Champions Trophy in England.,World,Sports
"Munro, Morris Face Off in NLCS Game 2 ST. LOUIS - The Houston Astros put their hopes in a pitcher untested in the postseason when they give Pete Munro the ball to start Game 2 of the NL Championship series on Thursday, one night after dropping the opener to the St...",World,Sports
"Contradiction in Terms : How to make beer It's been around for thousands of years. It has been worshiped, reviled, banned, and made the cornerstone of economies. It has helped us celebrate, weep, relax, and get laid. And now we're going to make some. A pint, a glass, an ale, a lager, a beer.",Sci/Tech,World
"Colombia Accuses Cos. of Illegal Imports The Colombian government has filed a lawsuit accusing Pernod Ricard SA, Diageo PLC and Seagram Export Sales Co. of illegally importing spirits via Colombian companies that launder drug money.",World,Business
"May have been transmitted between humans- report Thailand confirmed its second death from bird flu Tuesday, and said the fatal case might have been transmitted by a human victim rather than a bird, according to published report.",World,Sci/Tech
EU transport chief hails Alitalia accord (AFP) AFP - EU transport and energy commissioner Loyola de Palacio hailed the accord reached between Alitalia management and staff on a major restructuring plan aimed at keeping the struggling airline in the air.,World,Business
"Bangladesh boss slams detractors Bangladesh's coach says they still deserve Test status after their 30th defeat, to India.",World,Sports
Court to hear Microsoft appeal to \$521M Eolas ruling A panel of judges on Thursday is scheduled to hear Microsoft's appeal in a case where a jury ordered the software maker to pay \$520.6 million in damages after finding that Internet Explorer (IE) infringed on a patent.,Sci/Tech,Business
"Hurricane Ivan Slams U.S. Gulf Coast Hurricane Ivan roared into the Gulf Coast near Mobile, Alabama, early this morning with peak winds exceeding 125 miles an hour (200 kilometers an hour).",Sci/Tech,World
Travelzoo Shares Rise as Offering Rumor Fades (Reuters) Reuters - Shares of Internet travel site\Travelzoo Inc. rose nearly 4 percent on Wednesday as\market rumors of a secondary stock offering faded.,Sci/Tech,Business
Sri Lanka off to positive start Kumar Sangakkara's unbeaten fifty revives Sri Lanka's chances against Pakistan.,World,Sports
Woman's death probed Public health officials are investigating why a 38-year-old woman died two weeks after undergoing gastric bypass surgery at Saint Anne's Hospital in Fall River. The hospital has stopped offering the surgery during the state probe and an internal review.,Business,World
"Netopia to Restate Results (Reuters) Reuters - Netopia Inc. a maker of\networking gear, on Thursday said its auditor KPMG LLP\resigned, and said it will restate two years of results and\revise the results in its most recent fiscal quarter.",Sci/Tech,Business
"Microsoft Browser Market Share Slips Slightly Microsoft Corp. #39;s (MSFT.O: Quote, Profile, Research) share of the browser market slipped slightly in recent months but still dominated with 92.",Sci/Tech,Business
"MicroStrategy Turnover Draws Analyst Scrutiny MicroStrategy Inc. said yesterday that president and chief financial officer Eric F. Brown had resigned and that founder Michael J. Saylor would again hold the company's top three jobs, prompting some analysts to raise concerns about the company's stock.",Sci/Tech,Business
"Conversion Rates Between PPC (Paid) and Organic (Free) Results Conversion Rates Between PPC (Paid) and Organic (Free) Results\\In a thread over at Cre8asite Forums named Organic vs Paid traffic ROI?, there is a discussion going on about the different conversion rates and ROI seen between the pay per click traffic (paid traffic) and organic traffic (free traffic). I have ...",Sci/Tech,Business
"Labor situation deserves honest talk For a moment last week, President Bush escaped the White House spin chamber and was the plainspoken man much of the nation came to like four years ago.",Business,World
"Study: 400K Fewer Tech Jobs Since 2001 The US information tech sector lost 403,300 jobs between March 2001 and this past April, and the market for tech workers remains bleak, according to a new report.",Business,Sci/Tech
Producer sues for Rings profits Hollywood producer Saul Zaentz sues the producers of The Lord of the Rings for \$20m in royalties.,World,Business
ANOTHER VOICE Sugary drinks bad for you Many studies have linked the consumption of nondiet soda and fruit juices with added sugars to obesity and attendant risks of diabetes.,Sci/Tech,World
"R.I.P. Gary Webb -- Unembedded Reporter The finest journalist ever to get fired for telling the truth is dead at age 49. The official cause of death on the death certificate will be suicide. But, as we shall see, he had much help getting to that point. The story of the life and death of Gary Webb says much about the state of American politics and what passes as ""journalism"" in today's America.",Sci/Tech,World
Danish group #39;s gift criticized A Danish group has caused controversy in Colombia by publicly donating money to the country #39;s largest Marxist guerrilla organization.,World,Business
"Daily Mail hits back at Blunkett The Daily Mail today dismissed David Blunkett #39;s claim that the media played a role in his downfall, saying he only had himself to blame.",World,Sci/Tech
Boeing Offers 777 Cargo Freighter Boeing Co. on Monday said it is offering a 777 cargo model that will be the largest and farthest-flying twin-engine freighter. The Boeing 777 freighter is scheduled to enter service in the fourth quarter of 2008.,Business,Sci/Tech
"Bullies move online Singapore - More complaints of cyberbullying are emerging from youngsters in Singapore than any other country except the United States, an international safety group said in a report on Monday.",Sci/Tech,Business
"MOM 2005 Released to Manufacturing Microsoft on Wednesday announced the release to manufacturing of Microsoft Operations Manager (MOM) 2005 and MOM 2005 Workgroup Edition, a new edition that the company previously called MOM 2005 Express.",Business,Sci/Tech
"Fable; Nascar 2005: Chase For The Cup Fable comes with a big reputation behind it -- it was developed by Peter Molyneux, creator of such involved, engrossing games as Populous and Black and White.",Sci/Tech,Sports
"A Fair Tax Some say a ""fair tax"" that removes the need to file tax returns from the vast majority of the citizenry is a national sales tax. This doesn't seem to be very fair to people trying to feed, house and clothe themselves and seems to subsidize large land holders (Bush's favorite constituency). There is a tax that lives up to the promises broken by Bush's proposal for a national sales tax.",Sci/Tech,Business
"Oracle vs. PeopleSoft: Lies and Lying CEOs Who Tell Them PeopleSoft #39;s board knew that CEO Craig Conway had erred in his comments, so it filed a corrected version of the meeting transcript with the Securities and Exchange Commission.",Sci/Tech,Business
"Navy streamlines NMCI contract Officials at the Navy and contractor EDS said they have reached an agreement to revise performance measurements on the Navy Marine Corps Intranet contract, which EDS called a critical step toward billing NMCI seats on a 100 percent basis.",Sci/Tech,Business
I.B.M. Agrees to Settle Part of Giant Pension Case I.B.M. said that it had agreed to pay \$320 million to its employees to settle in part a class-action lawsuit over its pension plan.,Sci/Tech,Business
"Spyware opponents win another battle The Federal Trade Commission won an important victory last week in its fight to protect consumers from spyware, the software that tracks unsuspecting Web surfers, bombards them with advertisements and sometimes even steal login information and passwords.",Business,Sci/Tech
"IBM posts broad Q3 revenue growth NEW YORK - IBM Corp. posted quarterly results on Monday showing 9 percent revenue growth from last year and slight earnings growth, despite a \$320 million charge it took during the quarter to settle some claims in a lawsuit over its pension plan.",Sci/Tech,Business
"Without Batting An Eyelash : A very French welcome for a new ... THAT night, it seemed as if three or four parties were going on at once in Cosmo Manille. Wrong, palanggas. Actually, there were five in Makati alone, and one of them had a stream of traffic",Business,Sports
"US consumer confidence down for second month as job woes deepen (AFP) AFP - US consumer confidence fell for the second straight month in September as the outlook for jobs deteriorated, the Conference Board said.",Business,World
"America #39;s curse There is an all but unanswerable case for asserting that the biggest story out of the United States this week has nothing to do with the presidential election, has no connection with the flu vaccine shortage and that it does not involve a gay bishop either",Sports,Business
"BBC 'must keep up' BBC boss Mark Thompson says the corporation must keep up with change, after announcing nearly 3,000 job cuts.",World,Business
The Great Vegetarian Scam Ive written before about my struggle to remain a vegetarian on Tuesday - when I abjure meat for religious reasons -hile travelling.,Sci/Tech,World
Brewers buyer expected to step out of the shadows Monday MILWAUKEE - Paul Attanasio says the story of his brother buying a baseball team is like a script straight out of Hollywood. He should know.,Business,Sports
"Help wanted by IT services firms The growing services industry is hiring, but tech workers looking for a job may need to do more than brush up on their coding.",Sci/Tech,Business
"T-Online returns to Deutsche Telekom mothership German incumbent telco Deutsche Telekom announced over the weekend it is to begin taking its internet division, T-Online, back entirely within the mother corporation.",Business,Sci/Tech
"Oil prices bubble to record high The price of oil has continued its sharp rise overnight, closing at a record high. The main contract in New York, light sweet crude for delivery next month, has closed at a record \$US46.75 a barrel - up 70 cents on yesterday #39;s close.",World,Business
"Bush Signs Into Law Debt Ceiling Increase WASHINGTON (Reuters) - President Bush on Friday signed intolaw a measure authorizing an \$800 billion increase in thecredit limit of the United States, the White House said.",World,Business
"The power of radio helps to end Uganda #39;s long war When Kenneth Banya heard the voices of his former rebel colleagues on the radio calling for an end to Uganda #39;s 18-year civil war, he knew it was time to surrender.",World,Sci/Tech
"US consumers unaware of spyware The findings come in a report from the newly formed Consumer Spyware Initiative, a joint effort by Dell and the non-profit Internet Education Foundation that aims to increase awareness of spyware.",Business,Sci/Tech
"Microsoft Lawyer Says Company Able To Comply with EU Antitrust ... Microsoft attorney Brad Smith, said: quot;We will certainly be prepared to comply with the court #39;s order whatever it may be. We have invested a tremendous amount of time and energy and spent millions",Business,Sci/Tech
Qatar Defense Show Focuses on Videogame Technology DOHA (Reuters) - Rick Bracewell is driving through Baghdad when gunmen open fire. Then a nearby dead dog strapped with explosives blows up and his vehicle goes up in flames.,Sci/Tech,World
"Global server sales on the rise Sales of server systems rose 7.7 percent globally in the second quarter to \$11.55 billion as demand for Information Technology remained strong after a three year downturn, market research firm Gartner said in a statement.",Sci/Tech,Business
"FCC Mulls Airborne Mobile Phone Use Although there may have been technical limitations at the time the cell phone ban was established, according to IDC #39;s Shiv Bakhshi, it is unclear why the ban has remained in place, given that",Business,Sci/Tech
"Sources: Sprint, Nextel closing in on \$36B deal Sprint Corp. is in advanced talks to buy Nextel Communications Inc. for more than \$36 billion in a mostly stock deal, sources familiar with the situation said today.",Sci/Tech,Business
"Howard Stern Says He Plans to Jump to Satellite Radio After heavy F.C.C. fines, Howard Stern expects to deliver ""my show my way"" in the mostly unregulated medium.",World,Business
"Senate Resolves Corporate Tax Bill Delay Sen. Mary Landrieu, D-La., is shown in Washington in this Nov. 11, 2003, file photo. Known as one of the Senate #39;s more moderate Democrats, Landrieu undertook a fiery defense Sunday, Oct. 10, 2004, of military",Business,World
"Stern to Join Sirius Satellite Radio NEW YORK - Howard Stern has long had two words for the Federal Communications Commission - and in 15 months, he can finally utter them on the air. The self-proclaimed ""King of All Media,"" perhaps the most influential radio voice of the last 20 years, is shifting his salacious act to satellite radio and freeing himself from the increasingly harsh glare of federal regulators...",World,Business
"Stocks Sink on Coke's Gloomy Forecast NEW YORK - Stocks headed lower Wednesday after beverage giant Coca-Cola Co. issued a gloomy forecast, and a lower-than-expected reading on industrial production for August threw the nation's broader economic outlook into question...",World,Business
"Apology, refund from cruise line In a move almost unheard of in its industry, Norwegian Cruise Line has apologized for service problems during the Pride of Aloha #39;s first two months of sailing around Hawaii, and is refunding a portion of the service charge to everyone who has cruised on",Business,Sci/Tech
Ryder Cup: Europe close on victory Another good day at Oakland Hills sees Europe move 11-5 clear of the USA going into Sunday's Ryder Cup singles.,World,Sports
Excess chips a drag on 3rd-quarter Intel results Intel on Tuesday released third-quarter financial results showing that it continues to struggle to sell a substantial stockpile of computer chips as demand for personal computers remains slow.,Business,Sci/Tech
"HP to tempt holiday shoppers with sights and sounds The computer-hardware giant, best known for products such as PCs and printers, on Friday laid out its plan to become a brand-name in consumer electronics products such as flat-screen TVs, music players and the devices that move content between them.",Business,Sci/Tech
PeopleSoft Chief Threatens to Sue Over Oracle Statements PeopleSoft's chief executive accused Oracle of spreading misleading information about his stock sales and threatened to sue for defamation.,Sci/Tech,Business
"EU to probe Microsoft-Time Warner buy The decision is a setback for the two companies and their plan to acquire ContentGuard, a digital rights management firm.",Sci/Tech,Business
PIRES UNFAZED BY FRANCE EXCLUSION Robert Pires admits his current form does not merit inclusion in the French national side but has made it clear he has no plans to retire from international football.,Sports,Business
"India, Russia must join hands to develop new tech: Putin Mr Vladimir V. Putin, President of the Russian Federation, Mr NR Narayana Murthy, Chief Mentor and Chairman, Infosys, and Mr Nandan Nilekani, CEO and Managing Director, at the Infosys campus in Bangalore on Sunday.",World,Business
"On TV -- from the Internet SAN MATEO, Calif. -- The promise of Internet-based video has long been hamstrung by copyright and piracy worries, slow dial-up connections, technical challenges, and consumer disdain for watching blotchy videos on their home computers.",Business,Sci/Tech
"U.S. Men's Hoops Team Finally Gets a Rout ATHENS, Greece - The Americans got a taste of what it was like in the good ol' days. They finally played an opponent they were able to beat easily, routing Angola 89-53 Monday in their final preliminary game of the Olympic men's basketball tournament...",World,Sports
Dogs in Training to Sniff Out Cancer Experts have trained unwanted dogs into supersniffers that can detect drugs or bombs. Now they're focusing on a new threat #151;prostate cancer.,Sci/Tech,World
"An Unknown Giant Flexes Its Muscles Although virtually unknown in the U.S., Lenovo - in talks to buy I.B.M.'s personal computer business - is China's largest PC maker and the world's fastest growing one.",Sci/Tech,Business
Skyboxes May Reach A Limit Verizon Communications Inc. would seem to be a prime candidate to snap up a luxury suite at the \$440 million ballpark being planned for Washington's Major League Baseball team.,Business,Sports
"Boeing casts eyes on live TV over Connexion service The Boeing Co. is planning to add live television to its Connexion by Boeing service during 2005, a company executive said in a recent interview.",Sci/Tech,Business
How to take the perfect penalty A sports psychologist says how footballers should prepare themselves for the high-pressure penalties.,Sci/Tech,Sports
Erdogan Believes European Council #39;s Decision Will Be A Milestone PARIS - Turkish PM Recep Tayyip Erdogan expressed belief on Thursday that the decision that the European Council would make on December 17th (on whether and when to open negotiations with Turkey) would be a milestone for not only Turkey-(EU) relations,Business,World
"FDA Approves Lens Implant to Sharpen Sight WASHINGTON - There's a new option for people who suffer from extreme nearsightedness, whose world loses its crisp edge just a few inches from their noses. The first implantable lens for nearsightedness was approved Monday by the Food and Drug Administration...",World,Sci/Tech
This week in merger news This week saw three merger deals worth about \$60 billion--including one that ranks as the largest software merger in history.,Sci/Tech,Business
Finnish Watchdog Raps TV Game Operators (Reuters) Reuters - Finland's consumer watchdog said on\Monday it had reprimanded broadcasters for causing children to\run up huge mobile phone bills with interactive television game\and chat programs.,World,Sci/Tech
"Toshiba claims Hollywood backing in war for next DVD standard (AFP) AFP - Toshiba said four major Hollywood studios had thrown their crucial weight behind High Definition DVD (HD-DVD), one of two disc formats contending to be the standard in next-generation DVDs.",World,Sci/Tech
Soweto township marks centenary South Africa's historic Soweto township marks its 100th birthday on Tuesday in a mood of optimism.,World,Business
"Walking link to low dementia risk Walking may protect the elderly from developing dementia, research suggests.",World,Sci/Tech
Football: Spanish FA apologises The Spanish FA apologises to its English counterparts following racist chanting.,World,Sports
"Intel to delay product aimed for high-definition TVs SAN FRANCISCO -- In the latest of a series of product delays, Intel Corp. has postponed the launch of a video display chip it had previously planned to introduce by year end, putting off a showdown with Texas Instruments Inc. in the fast-growing market for high-definition television displays.",Business,Sci/Tech
"E.T. phone eBay Sometimes, a piece of soggy cereal is just a piece of soggy cereal. Unless, of course, it bears an uncanny resemblance to history's most beloved extraterrestrial, E.T.",Sci/Tech,Business
"Local group joins suit to de-list endangered species Bob Briggs wifes family has owned about 1,000 acres of redwood forest off Waddell Creek since 1913. He doesnt clearcut, and logs about once a decade.",Business,Sci/Tech
"Spears' Fiance to Star in Her New Video NEW YORK - Britney Spears' former backup dancer and current fiance Kevin Federline can add another title to his resume: co-star. On Wednesday, a Jive Records publicist confirmed Federline is featured in Spears' upcoming ""My Prerogative"" video, set to debut in mid-September...",World,Sci/Tech
US football: Patriots' historic win New England win a record-tying 18th straight game - plus an NFL round-up.,World,Sports
"CA, Partners Move On As Kumar Faces Charges Concern over the fate of former Computer Associates International chairman and CEO Sanjay Kumar accompanied the collective sigh of relief felt by CA partners last week when federal prosecutors settled a two-year-old accounting fraud investigation with the",Business,Sci/Tech
"Telekom Austria taps the Bulgarian market Telekom Austria, Austrias largest telecoms operator, obtained access to the relatively underdeveloped East European mobile services market by winning the right to purchase the Bulgarian mobile operator MobilTel for 1.6billion (\$2.12billion).",Business,Sci/Tech
"Unknown Nesterenko Makes World Headlines (Reuters) Reuters - Belarus' Yuliya Nesterenko won the top\women's athletics gold medal at the Olympics on Saturday,\triumphing over a field stripped of many big names because of\doping woes to win the 100 meters.",World,Sports
"Beijing gears up for 2008 Although the Beijing Olympics is still four years away, the Chinese capital is already gearing up to host the event. The city of over 12 million is refurbishing ancient landmarks in",Sports,World
SAY NEIGHBORS #39; WEAPONS LEAVE THEM VULNERABLE Electrical engineering student Roozbeh Rahimi reflects a common sentiment among Iranians when he expresses hope that this famous tourist city will gain fame soon for its nuclear technology.,World,Sci/Tech
Lazarus-like virus hits computers A new computer virus is catching people out by coming back from the dead.,Business,Sci/Tech
"Quietly, tide of opinion turns on Chechen war Although discussion of the war has been marginalized, many experts say Russians may not prefer it that way.",World,Sci/Tech
"Travelocity Says Speed Is the Ticket For Growth Sam Gilliand, the chief executive of Travelocity, talks about the online travel industry, the Cendant-Orbitz merger and the woes of the airline industry.",Sci/Tech,Business
"Dow Jones Agrees to Buy MarketWatch in \$519 Million Deal Dow Jones Company, the publisher of The Wall Street Journal, has agreed to buy MarketWatch, the parent company of the financial news Web site CBS MarketWatch, for approximately \$519 million, the companies said today.",World,Business
"Holiday Stamps to Be Issued in Oct. (AP) AP - Holiday postage stamps celebrating Christmas, Hanukkah and Kwanzaa will be issued next month, the U.S. Postal Service announced Monday.",World,Sci/Tech
"German investor confidence slumped in September BERLIN - German investor confidence dropped sharply in September, a key economic indicator released Tuesday showed amid concerns about the impact of high oil prices on consumer demand and the outlook for the global economy.",World,Business
"Ex-Bush Official on Cybersecurity Returns (AP) AP - Howard Schmidt, a highly regarded technology executive who was former special adviser to President Bush for cybersecurity, is returning to work with the Homeland Security Department on efforts to protect the nation's computer networks.",World,Sci/Tech
'Money woes' foiled Beagle 2 shot A report into the loss of British Mars probe Beagle 2 blames the UK government's failure to commit funds early.,Sci/Tech,Business
"Avis blames IT for multimillion-dollar loss The car rental company takes a major hit because of problems with IT, including high costs associated with an ERP project.",Sci/Tech,Business
"CA to buy Netegrity for \$430 million com October 6, 2004, 7:36 AM PT. This fourth priority #39;s main focus has been improving or obtaining CRM and ERP software for the past year and a half.",Business,Sci/Tech
"Ken Caminiti, 1996 NL MVP, Dies at Age 41 NEW YORK - Ken Caminiti, the 1996 National League MVP who later admitted using steroids during his major league career, died Sunday. He was 41...",World,Sports
Nepal blockade 'blow to tourism' Nepal tour operators say tourists cancelled millions of dollars of bookings due to the rebel blockade of Kathmandu.,Business,World
OPM Delving Deeper Into Employees #39; Backgrounds which sets hiring and employment standards for the government -- is reviewing its employees to ensure that they are suitable for jobs involving the quot;public trust.,Sci/Tech,Business
"PeopleSoft CEO Conway maintains defiant tone SEPTEMBER 21, 2004 (IDG NEWS SERVICE) - With 15,000 attendees at PeopleSoft Inc. #39;s Connect 2004 user show waiting to hear how the company would handle Oracle Corp.",Business,Sci/Tech
"'Sherlock' Is Bicycling Across Australia PERTH, Australia - A former British soccer player raising money for a leukemia charity set off Wednesday on a coast-to-coast ride across Australia on a Victorian-era bicycle that is older than the country. Leukemia survivor Lloyd Scott dressed up as fictional British supersleuth Sherlock Holmes, complete with tweed coat, deerstalker hat and a fake mustache for the 2,700-mile trip from Perth to Sydney...",World,Sports
"US economic growth slips to 2.8 Annual US economic growth fell to 2.8 in the second quarter of 2004, marking a slowdown from the 3 estimated a month ago.",World,Business
A wandering Congress trips over the US Constitution That is the one-word message of advice that citizens wanted to send to members of Congress at the end of last week. Both the House of Representatives and the Senate looked as if they are having trouble seizing,Business,World
TiVo loss widens SAN FRANCISCO (CBS.MW) - TiVo said its second-quarter loss widened from a year earlier on higher customer acquisition costs. Free!,Sci/Tech,Business
Federal CISOs Rank Patch Management As Biggest Obstacle Survey by Intelligent Decisions indicates that patch management leaves less time for chief information security officers to work on improving overall security.,Business,Sci/Tech
"Black Market in British Treasure Sold on EBay (Reuters) Reuters - Pieces of Britain's past, including a\second-century silver ring and a 500-year-old Tudor trade\weight, are among artifacts being peddled daily on the Internet\to the alarm of experts at the British Museum.",World,Sci/Tech
"THE UNFOLDING UNIFORM Pakistan is inherently unstable. Dealing with them is like playing with matches in a forest. - Larry Pressler. That statement from Larry Pressler, made during his recent visit to India, coincided with",World,Sports
"EU Head Office Trims 2005 Growth Forecast (AP) AP - The European Union's head office issued a bleak economic report Tuesday, warning that the sharp rise in oil prices will ""take its toll"" on economic growth next year while the euro's renewed climb could threaten crucial exports.",World,Business
"'Cure' a 4-Letter Word for Cancer Doctors At a time when more people are cured of cancer than ever before, fewer doctors seem willing to say so. They call the cancer undetectable, or in remission. They tell patients they can quit seeing cancer specialists. They quote statistics and say chances are slim that the disease will come back.",Sci/Tech,Business
"Chicago to Hold EBay Auction to Raise Money for Cultural Programs City officials hope there are people willing to pay plenty of money to own a vintage Playboy Bunny costume, toss green dye into the Chicago River or throw a dinner party prepared by Oprah Winfrey's chef.",Sci/Tech,World
"Why 2004 was the year of the blog A US dictionary publisher declares ""blog"" as one of the words of the year.",World,Sci/Tech
"E.U. Regulators Approve Oracle's PeopleSoft Bid European Union antitrust regulators on Tuesday cleared Oracle Corp.'s hostile \$7.7 billion bid for rival business software maker PeopleSoft Inc., removing one of the last major hurdles to the contested takeover proposal.",Sci/Tech,Business
Greek weightlifter awaits verdict Greek weightlifter Leonidas Sampanis will find out on Sunday if he is to be stripped of his medal.,World,Sports
Chip and PC Stocks Mixed on Warnings Semiconductor stocks were mixed Tuesday after Advanced Micro Devices Inc. warned quarterly revenue would be lower than expected due to sluggish sales of flash memory chips used in mobile phones and other devices.,Business,Sci/Tech
Software Service Aims to Outfox Caller ID A new computerized service enables customers to create phony outbound phone numbers in order to mask their telephone identities.,Business,Sci/Tech
"34 tech firms sued for alleged LCD patent theft Honeywell has issued lawsuits against 34 companies, including Dell, Apple, Sony and Toshiba alleging LCD panels used in their products infringe a 1992 patent the company holds.",Business,Sci/Tech
"Thanks for the Pageviews, Ivan Bad weather has been very good for business at Weather.com and other popular forecasting sites. They are posting record traffic in the wake of Hurricane Ivan's arrival on the mainland. By Joanna Glasner.",Business,Sci/Tech
"Stocks Edge Higher As Oil Prices Retreat NEW YORK - A sharp drop in oil prices gave Wall Street a modest relief rally Monday, with stocks edging higher on news that oil production had soared during the month of September. Investors who have sold stocks for months as oil prices climbed reversed course Monday and started buying as the price of crude declined...",World,Business
"Cellphones outstrip landlines in India (AFP) AFP - Mobile phone users have outstripped traditional landline connections in India, the government announced.",Sci/Tech,World
"Washington Post Comes Clean on Party (AP) AP - The Washington Post's executive editor says his paper should have told readers up front that it had helped arrange a Republican debate-watching party it covered, paid for food and carried a photograph that was not as spontaneous as the story suggested.",World,Sci/Tech
Bryant Makes First Appearance at Trial (AP) AP - NBA star Kobe Bryant arrived at his sexual assault trial Monday as attorneys in the case who spent the weekend poring over questionnaires prepared to question potential jurors individually.,Sci/Tech,Sports
"Hasbro's No Conehead Its Saturday Night Live version of ""Trivial Pursuit"" is good strategy for staying ahead of age compression.",Business,Sci/Tech
"MetroPCS obtains Cingular air com November 29, 2004, 8:33 AM PT. Wired amp; Wireless continues its reign as the top IT priority among IT managers due to widespread IP telephony deployment and other network infrastructure upgrades.",Business,Sci/Tech
"Justices to debate mail-order wine Being freelance wine critics may sound like a sweet gig, but Ray and Eleanor Heald have soured on it. Because their home state, Michigan, blocks direct shipments from out-of-state",Business,Sci/Tech
"Racing in an Evening Gown (Forbes.com) Forbes.com - Not every driver was dressed formally for the start of this year's Bullrun, a road rally that begins in London, at the Marble Arch, and ends three days later in Ibiza, Spain. Yet as drivers thrummed their engines nervously on the afternoon of Sept. 23, waiting for the checkered flag, a quick inspection of the field revealed one entrant clad in an Oxford shirt and gray pinstripe blazer, another sporting a tuxedo, and a third--me--wearing a red couture Matthew Earnest gown.",Business,Sports
"Lexmark Loss Good for Consumers Lexmark's loss in court on Tuesday may mean that consumer electronics companies won't try to use the Digital Millenium Copyright Act as an all-purpose competition shield anymore, consumer advocates say. By Katie Dean.",Business,Sci/Tech
"ScanSoft to acquire 3 software firms ScanSoft Inc. said it plans three acquisitions. The company will acquire Phonetic Systems Ltd., a provider of automated directory assistance and voice-based programs, for \$35 million in cash, and an additional consideration of up to \$35 million, based on the achievement of performance targets and the potential vesting of a warrant to buy 750,000 common shares. ART Advanced Recognition Technologies ...",Business,Sci/Tech
Banks seek court ruling over F1 Three banks go to the High Court in London seeking a ruling which could lead to Bernie Ecclestone losing control of Formula One racing.,Business,Sports
AOL Files Lawsuit Against IM #39;Spim #39; America Online Inc. said Thursday it had filed a federal lawsuit accusing numerous unnamed defendants of violating federal and state laws by sending bulk messages known as quot;spim quot; to instant message accounts and Internet chat rooms.,Business,Sci/Tech
"Florida #39;s prepaid tuition program thriving Already the biggest of its kind in the country, Florida #39;s popular prepaid-tuition program expects to count its millionth customer during a sign-up period that runs Monday through Jan. 31.",Business,Sports
"IBM Claims Its BlueGene Supercomputer Is the Fastest IBM Corp. on Wednesday said it has developed the world #39;s fastest computer - a 16,000-processor version of its BlueGene/L supercomputer.",Business,Sci/Tech
Google Stock Slips as New Shares Hit Market Google Inc. stock dropped more than 6 percent Tuesday as tens of millions of new shares held by early investors and employees of the search engine giant became available for sale for the first time..-The Washington Post,Sci/Tech,Business
Sun settles Kodak patent suit Sun Microsystems says it will pay Kodak \$92 million to settle a high-profile patent suit involving Sun #39;s Java programming technology.,Business,Sci/Tech
"Ellison: Data Hubs Could #39;ve Prevented 9/11 SAN FRANCISCO -- Oracle CEO Larry Ellison is convinced that had the intelligence community used a unified database from Oracle, the terrorist attacks on 9/11 would never have happened.",Business,Sci/Tech
"New \$50 bill designed to counter counterfeits WASHINGTON - The green is still there, but with touches of blue, red and yellow. A stylized image of the Stars and Stripes now waves in the background.",Business,Sci/Tech
BT cuts prices for telecom rivals Ofcom is cutting the price BT can charge its rivals for putting their broadband equipment in its exchanges by up to 60.,Business,Sci/Tech
"Travel Column: Australia Through Aboriginal Eyes This week's TravelWatch column profiles Anangu Tours, an Aborigine-owned tour company in Australia's Red Center.",Sci/Tech,Sports
"Cordio paves the way For the last six years, the Leominster Blue Devils have endured a Thanksgiving Day filled with frustration instead of celebration.",Sports,Business
"Rivals Try to Turn Tables on Charles Schwab By MICHAEL LIEDTKE SAN FRANCISCO (AP) -- With its low prices and iconoclastic attitude, discount stock broker Charles Schwab Corp. (SCH) represented an annoying stone in Wall Street's wing-tipped shoes for decades...",Sci/Tech,Business
"Virgin Starts (70) Mile-High Club With the misery that has plagued the airline industry recently, the last place you #39;d expect to see some inspiring -- heck, potentially rule-breaking -- thinking would be from an airline entrepreneur.",Sci/Tech,Business
"Gateway Reports Smaller Quarterly Loss Gateway Inc. reported a narrowed net loss in the first quarter as it continues to restructure its operations and integrate its acquisition of eMachines. Still, the personal computer and electronics company posted a tiny operating profit -- its first in nearly three years.",Sci/Tech,Business
"Japan should outsource more The Japanese information services industry clocked up sales of 13,703.9 billion yen in fiscal 2001, according to a report on selected service industries for 2001 released by the Ministry of Economy, Trade and Industry (METI).",World,Business
"China, Argentina sign 5 cooperation documents China and Argentina signed five agreements in Buenos Aires Tuesday that will allow them to expand cooperation in the areas of trade, space, education, tourism and railways.",Business,World
"McCline, Byrd say fight won #39;t weigh heavy on friendship Jameel McCline had made a habit of calling heavyweight titleholder Chris Byrd, his good friend, whenever he found out about his next fight in order to hear Byrd #39;s opinion and discuss strategy.",Sports,Business
"Retail Sees Solid, Not Stellar, Holidays (Reuters) Reuters - Holiday shopping got off to a flying\start in the United States this weekend.",Business,Sci/Tech
"Woods, Mickelson form dynamic US duo For three days, it had been about dinners, galas, black-tie affairs, and enough social engagements to please Paris Hilton.",Sports,World
"Sales of industrial robots surging: UN report Geneva - Worldwide sales of industrial robots surged to record levels in the first half of 2004 after equipment prices fell while labour costs grew, the United Nations Economic Commission for Europe said in a report to be released today.",Sci/Tech,Business
"(B)old new frontiers Northrop Grumman Corp. and Boeing Co. yesterday announced plans to team up to design a vehicle to take astronauts back to the moon and even beyond, but they #39;ve got to make one stop first",Business,Sci/Tech
"CA aquires computer security firm Computer Associates International Inc., as promised, is back in the acquisition game, scooping up its second computer security company in as many months with an agreement to buy Netegrity Inc.",Business,Sci/Tech
AOL's Viral Marketing America Online will now provide gratis antivirus protection to its subscribers.,Business,Sci/Tech
"Nortel to file restated results next year Nortel Networks said today that after months of trying to untangle faulty financial results, it won't file its 2003 and first-half 2004 results until early next year.",Sci/Tech,Business
Court ruling has fat cats purring THE future of horseracing in Britain was thrown into confusion this week as a result of a judgment by the European Court of Justice.,Sci/Tech,World
"India desperate for jobs, infrastructure despite economic boom (AFP) AFP - Despite India's economic boom in software and outsourcing services, economists have warned the government needs more reforms to create jobs in manufacturing to cut poverty.",World,Business
"Senate panel opposes overtime rules A Senate committee voted yesterday to scuttle new rules that critics say would deny overtime pay to millions of workers, as Democrats won the latest round in their election-year bout with President Bush over the issue.",Business,World
"Slowing population 'lacks funds' Rich countries are giving only half the amount they promised to help to slow world population growth, the UN says.",Sci/Tech,Business
"Consumer Confidence Dips in September NEW YORK - Job worries helped push consumer confidence down in September for the second consecutive month, a New York-based private research group said Tuesday. The Consumer Confidence Index fell 1.9 points to 96.8 from a revised reading of 98.7 in August, according to The Conference Board...",World,Business
PeopleSoft revises third-quarter profit Oracle target adds \$2.6 million to bottom line after tax adjustment related to ex-CEO's severance package.,Sci/Tech,Business
"Business: Bush Administration Washington Post business columnist Steven Pearlstein will be online to discuss his latest column, which looks at the Bush administration's plans for Social Security and health care.",Business,Sci/Tech
"Henman Sails at the Swiss Indoors By Mark Ledsom BASEL (Reuters) - Britain's world number four Tim Henmanwon his opening match at the Swiss Indoors tennis tournamentwith little difficulty on Wednesday, beating Frenchman AntonyDupuis 6-3, 6-4.",World,Sports
EasyMobile launch set for March Denmark #39;s leading telecoms operator TDC says it will launch a low-budget mobile telephone operator dubbed quot;easyMobile quot; with mobile network operator T-Mobile in Britain in March 2005.,Business,Sci/Tech
EU foreign ministers hope to break deadlock over ASEM summit The European Union said Friday it quot;hoped to reach a conclusion quot; at a meeting of foreign ministers on the participation of military-ruled Myanmar in an upcoming summit of Asian and European nations.,Business,World
Florida Starts To Recover in the Wake of Hurricane Frances President Bush will travel to Florida Wednesday to survey damage from Hurricane Frances. He sent a letter to Congress asking for \$2 billion to help with recovery efforts.,Sci/Tech,World
"Japanese Utility Plans IPO in October (AP) AP - Electric Power Development Co., a former state-run utility, said Friday it is planning an initial public offering on the Tokyo Stock Exchange in October, a deal that could be the country's biggest new stock listing in six years.",World,Business
"Virgin wishing for Melbourne Sir Richard said yesterday Melbourne was on his wish list, with flights to London possibly through Hong Kong or Bangkok. The British billionaire landed in Sydney yesterday aboard Virgin Atlantic #39;s inaugural Australian flight.",Business,World
"Glazer stake in Man Utd nears 30 US tycoon Malcolm Glazer lifts his stake in Manchester Utd to 28.11, one day after spending 17m on further share buys.",World,Sports
Our mobile margins will fall: Telstra TELSTRA chief financial officer John Stanhope has admitted Telstra #39;s margins in its \$4.5 billion a year mobile phone business will shrink this year in the face of increased price competition and the growing cost of acquiring new customers.,Sci/Tech,Business
"Groups Offers Beer for Blood Donations (AP) AP - Some in Michigan who roll up their sleeves to donate blood will get a racetrack T-shirt, hat and pin. Sponsors in San Diego have given away whale-watching trips. On Wednesday, the Cleveland Regional Transit Authority handed out vouchers for a pint of any beverage, including beer, in exchange for a pint of blood.",Sci/Tech,World
"Future Doctors, Crossing Borders Students at the Mount Sinai School of Medicine learn that diet and culture shape health in East Harlem.",World,Sci/Tech
"Argentina Basketball Coach Magnano Quits Ruben Magnano, who coached Argentina to the Olympic basketball gold medal in Athens, resigned Thursday to accept a coaching job in Italy.",World,Sports
"Dogs said to smell cancer signs LONDON -- It has long been suspected that man's best friend has a special ability to sense when something is wrong with us. Now, the first experiment to verify that scientifically has demonstrated that dogs are able to smell cancer.",World,Sci/Tech
"Opel to cut payroll by 9,500 Opel gets by without layoffs. Readers taking in these and similar headlines earlier this week were well advised to read the fine print.",Business,Sci/Tech
"Sports Court Hears Hamm Gold Medal Appeal LAUSANNE, Switzerland - Paul Hamm appeared before the sports world's highest court Monday to argue why he should he keep his Olympic gymnastics gold medal. The Court of Arbitration for Sport convened to hear the appeal from a South Korean gymnast who believes he was unfairly deprived of the gold in the men's all-around event in Athens last month because of a scoring error...",World,Sports
'Cities in crisis' leaders warn World leaders warn that rapid urbanisation will become one of the biggest challenges of the 21st Century.,Sci/Tech,World
"Ciena Posts a Loss, Forecasts Flat Sales By Deborah Cohen CHICAGO (Reuters) - Telecommunications equipment makerCiena Corp. on Thursday reported a wider loss for thefiscal third quarter due to slack demand and forecast sales inthe current quarter would be little changed from the thirdquarter.",Sci/Tech,Business
"Poor? Who #39;s poor? Poverty is down The proportion of people living on less than \$1 a day decreased from 40 to 21 per cent of the global population between 1981 and 2001, says the World Bank #39;s latest annual report.",World,Business
"Mobile boom draws telecom manufacturing to India BANGALORE, INDIA - An anticipated boom in mobile telephony use in India is attracting multinational and local companies to establish manufacturing operations in the country.",Sci/Tech,Business
"MedImmune CEO Talks Finance and Science David Mott, a Dartmouth-educated Wall Street investment banker, is increasingly leveraging his reputation in the local and national biotech communities.-The Washington Post",Sci/Tech,Business
"Wi-Fi successor is called high-speed hype -- for now SAN FRANCISCO -- At virtually every turn, Intel Corp. executives are heaping praise on an emerging long-range wireless technology known as WiMAX, which can blanket entire cities with high-speed Internet access.",Business,Sci/Tech
"Bush Pledges Strong-Dollar Policy President Bush meets with Italian Prime Minister Silvio Berlusconi in the Oval Office of the White House, Wednesday, Dec. 15, 2004, in Washington.",Business,World
"Nikkei Opens Higher (Reuters) Reuters - The Nikkei average rose 1.37 percent at\the opening on Monday as a recovery in U.S. stocks encouraged\investors to seek bargains among lagging issues, including\Canon Inc. and other high-tech issues.",World,Business
"Med school move delayed to 2007 The MSU College of Human Medicine won #39;t be relocated to Grand Rapids until at least 2007, and could cost only half as much as university officials originally estimated.",Business,Sci/Tech
"Mr. Chang, Strike a Pose Halfway around the world, standing virtually in the middle of the Pacific Ocean, the incomparable Timmy Chang is just days away from throwing his first pass of the season. From my tattered sofa, I will be watching him. I want you to watch him, too.",Sports,Sci/Tech
"Vodafone keen on future expansion Vodafone said today it remained keen on purchases in France, eastern Europe and Asia and Africa as it detailed annual cost cuts expected to reach 2.",Business,World
"Sign off, then sign in G. Michael Caggiano Jr. lies awake at night thinking about bank signs. He ponders them during breakfast, while brushing his teeth, and quot;constantly quot; during the day, he says.",Business,Sports
"August Chip Sales Growth Slows on High Inventory SAN FRANCISCO (Reuters) - Global semiconductor sales growth slowed to 1 percent in August as electronics makers reacted to growing inventories in Asia by limiting orders of chips, an industry trade group said on Thursday.",Sci/Tech,Business
"Employment Picture Expected to Improve NEW YORK - A rash of job cuts - more than 10,000 layoffs just this week from a handful of companies - has created some gloom on the jobs front. But Friday's release of jobs data for September was expected to show a steady unemployment rate and creation between about 50,000 to 250,000 new jobs, though uncertainties such as the effects of last month's hurricanes kept the estimates all over the map, said Wachovia Corp...",World,Business
"Dell, AOL team up in schools initiative ROUND ROCK, Texas -- Dell Inc. and America Online Inc. announced a partnership Monday to provide 5,000 low-income students with free refurbished personal computers and a year #39;s worth of Internet access.",Business,Sci/Tech
"China Reports Births of Two Giant Pandas (AP) AP - For pandas, it's practically a baby boom. Two giant pandas were born this week, and mothers and cubs were doing fine, the official Xinhua News Agency reported Wednesday.",Sci/Tech,World
"Study raises stent doubts Heart patients aren #39;t more likely to live long term after getting the artery-opening tubes called stents, according to a study released yesterday by researchers at Duke University.",Business,Sci/Tech
"Davenport Advances at U.S. Open NEW YORK - Lindsay Davenport's summer of success stayed on course Thursday when the fifth-seeded former U.S. Open champion defeated Arantxa Parra Santonja 6-4, 6-2 and advanced to the third round of the season's final Grand Slam event...",World,Sports
"Death bell tolls for Russia's Yukos oil giant (AFP) AFP - Russia's Yukos does not begin the week teetering on the edge of ruin where it has been for months now. The oil giant is flat on its back, gasping for its last breaths of air.",World,Business
Playing with the traumas of war Are games based on the Vietnam conflict making us immune to realities of history?,Sci/Tech,World
"Saudi Arabia, Qatar, Kuwait still risky investments: study (AFP) AFP - Investing remains risky in Saudi Arabia, Qatar and Kuwait, notably because the presence of US forces in the region makes these countries vulnerable to terrorist attacks, a security consulting firm said.",Business,World
South Seas Islands Pin Future on Geotourism The Cook Islands receive more tourists per capita than any other South Pacific destination. Now authorities are revamping their tourism strategy to focus on preservation.,Sci/Tech,World
"The Week: No. 1 at Last water running over a rock, wind ripping across a sand dune, the ocean washing up against the shore. Whatever the image, for the last three years Vijay Singh has been the",Sports,Sci/Tech
"Dodgers Nip Giants 3-2 in Crucial Series SAN FRANCISCO - Shawn Green can sit out Saturday knowing he was a huge help to the Dodgers during their crucial series against San Francisco. Green hit a two-run homer in Los Angeles' 3-2 victory over the Giants on Friday night, a day before the first baseman will miss a game to observe the Jewish holiday Yom Kippur...",World,Sports
PeopleSoft customers reassured Oracle Corp. President Charles Phillips on Monday said PeopleSoft Inc. customers have become more comfortable with the prospect of a merger between the two software firms even as the proposed transaction awaits a critical ruling from a Delaware court.,Business,Sci/Tech
"Snow to Stay on With Bush, Principi Exits (AP) AP - Treasury Secretary John Snow, an aggressive champion of the administration's economic policies, accepted President Bush's offer Wednesday to remain in the Cabinet.",World,Business
Week's delay for Delta launcher Boeing's new heavy-lift Delta 4 rocket must wait a further week before making its maiden flight.,World,Sci/Tech
UN deadlock defeats cloning ban The United Nations has shelved efforts to draft a treaty banning the cloning of human embryos in a setback for the Bush administration.,World,Sci/Tech
"For Craigslist, city was just the ticket Hadley Weinzierl used Craigslist to furnish her Jamaica Plain apartment, and when she bought a Maltese puppy, she sought advice from fellow Craigslisters on a good vet, a cheap dog-walker, and a park where she could let the dog run without a leash.",Business,Sci/Tech
"EPA May Conduct Human Tests for Chemicals (AP) AP - In setting limits on chemicals in food and water, the Environmental Protection Agency may rely on industry tests that expose people to poisons and raise ethical questions.",World,Sci/Tech
"Intel defeats AMD in court AMD #39;s attempt to persuade the US court to sanction the release of over 60,000 pages of Intel documentation to a European Commission anti-trust enquiry has failed.",Business,Sci/Tech
"Asia to outperform this year, lower growth seen in 2005: ADB (AFP) AFP - Developing Asia is set to outperform this year with higher-than-expected growth of 7.0 percent despite high oil prices but it will slow in 2005 in tandem with the developed world, the Asian Development Bank (ADB) said.",World,Business
"Study: 39 Million Americans In Working Poor Families WASHINGTON -- A new report indicates that one in every five US jobs pays less than a poverty-level wage for a family of four. As a result, nearly 39 million Americans, including 20 million children, are members",Business,World
Final Round in Cable-ISP Fight The U.S. Supreme Court has agreed to hear whether cable operators must give access to their lines to third-party ISPs. Michael Grebb reports from Washington.,Sci/Tech,Business
Court: Whales Have No Standing to Sue (AP) AP - A federal appeals court decided Wednesday that marine mammals have no standing to sue to stop the U.S. Navy from using sonar.,Sci/Tech,World
"Hawks Evicted From New York City Perch (AP) AP - Pale Male the city hawk was evicted from his nest, and the flap has already begun.",Sci/Tech,World
"Calvin Murphy removed as Rockets broadcaster Murphy will go to trial Nov. 4 on charges he molested his daughters, a state district judge said Tuesday. Murphy is charged with three counts of indecency with a child and three counts of aggravated sexual assault, punishable by up to life in prison.",Sports,World
"Schwarzenegger Vows to Defend Emissions Law Toyota, General Motors and seven other automakers filed suit to block California's new greenhouse gas regulation, which was approved by the state in September.",World,Business
Hynix's 3Q Profit More Than Triples (AP) AP - South Korea's Hynix Semiconductor Inc. said Monday its third-quarter net profit more than tripled from same period last year thanks to steady global prices for memory chips.,World,Sci/Tech
"Nortel Downsizes Again Aug. 23, 2004 (TheDeal.com) Problem-plagued Nortel Networks Corp. announced plans Thursday, Aug. 19, to eliminate an additional 3,500 jobs and fire seven more senior executives as the company labors to reinvent",Business,Sci/Tech
Donors seek clarity on PA finances Donors to the Palestinians are asking whether the change of leadership can let more light into Palestinian finances.,Business,World
"Vote 2004 - a guide to the primary Get ready for the primary with the Herald-Tribunes special news section profiling all the federal, state and local candidates in races in Tuesdays election.",World,Sci/Tech
"Cendant Near Deal to Buy Orbitz for #36;1.2 Bln-Source (Reuters) Reuters - Travel and real estate company\Cendant Corp. is close to an agreement to buy online\travel site Orbitz Inc. for about #36;1.2 billion in\cash, a source close to the talks said on Tuesday.",Sci/Tech,Business
Nortel lowers expectations Nortel said it expects revenue for the third quarter to fall short of expectations.,Sci/Tech,Business
"Important Rules for Phone Market Face F.C.C. Vote Next week, the FCC will likely change the rules on unbundled networks largely in ways favorable to the Regional bells.",Business,Sci/Tech
F1: British Grand Prix ruled out Jackie Stewart rejects Bernie Ecclestone's claims that the British Grand Prix is dead.,World,Sports
"Robby Gordon Planning to Proceed With Caution Robby Gordon plans to join the oil spills, the tire chunks, the sharp pieces of debris and the other typical racetrack hazards on Sunday.",Sports,Business
"A Founding Father? Give the guy some credit. Tung Chee-hwa, Hong Kong #39;s embattled Chief Executive, gets precious little of it from his people these daysand heaps of",World,Business
"Amputation rate for US troops twice that of past wars US troops injured in Iraq have required limb amputations at twice the rate of past wars, and as many as 20 percent have suffered head and neck injuries that may require a lifetime of care, according to new data giving the clearest picture yet of the severity of battlefield wounds.",World,Sci/Tech
Hope Fades for Saving 2 Boys Stuck in Mexico Cave (Reuters) Reuters - Hopes of rescuing two small boys\trapped for five days in a jungle cave faded fast on Friday\after contact was lost with the brothers and as the cavern\flooded in overnight rains.,Sci/Tech,World
Telescope snaps distant 'planet' The first direct image of a planet circling another star may have been obtained by a US-European team of astronomers.,World,Sci/Tech
"Don King Productions Presents: quot;Battle For Supremacy quot; On Saturday November 13th, ten misfits, nomads and upstarts seek to wage war or settle the score at the famed Madison Square Garden in New York, New York.",Sports,Business
"The Shockwaves of Sumatra The Indian Ocean earthquake of December 2004 produced a shockwave that created tsunamis all across the Indian Ocean. The tsunamis hammered nearby Indonesia and struck as far as the coast of East Africa. The death toll has climbed over 100,000 and continues to grow. It also created social shockwaves.",Sci/Tech,World
"Northrop Grumman Gets \$408 Million Pact Defense contractor Northrop Grumman Corp. on Monday said it received a 10-year, \$408 million Army contract to provide simulated battle command training support to Army corps commanders - the latest award in",Business,Sci/Tech
"India's low-cost airline eyes business travel (AFP) AFP - India's pioneer low-cost carrier Air Deccan plans to raise 50 million dollars in private equity by shedding a 26 percent stake and also aims to enter the corporate business jet segment, its chairman said.",World,Business
"Blame player, not game It was like nothing youd ever exercised your thumbs to before. You could do whatever you wanted, whenever you wanted. The game seemed endless.",Sci/Tech,Sports
Infineon admits conspiracy in DRAM cartel GIANT MEMORY company Infineon will plead guilty to price fixing of DRAM chips and will pay \$160 million in fines to the US government.,Business,Sci/Tech
"Men Set for Sizzling Duel in 100 Meters ATHENS, Greece - The preliminaries in the 100 meters were perhaps just a sample of what's to come Sunday, when a talented group of qualifiers - including Americans Shawn Crawford, Justin Gatlin and defending champion Maurice Greene - will try to turn their competition into the fastest show at the Athens Games. Five men broke 10 seconds in qualifying Saturday, led by Crawford's time of 9.89...",World,Sports
Before-the-Bell: GenCorp Falls 5.6 Pct. (Reuters) Reuters - Shares of GenCorp Inc. fell 5.6\percent before the opening bell on Monday after investment fund\Steel Partners withdrew its proposal to acquire the aerospace\and real estate company.,Sci/Tech,Business
Old Rumors of Gay Sex Prove Powerful on Web Va. GOP members chose Del. Thelma Drake (Norfolk) to replace Rep. Edward L. Schrock after he resigned amidst allegations Schrock indulged in or solicited gay sex.,Sci/Tech,World
TV's Passport Stamp of Approval The sixth season of a popular reality television show is ready to rock the world.,Business,Sci/Tech
"Christmas clash over gift choices Children would like expensive hi-tech gifts for Christmas, but few parents are happy to buy these, research suggests.",Sci/Tech,World
"AOL, E-Mail Companies Sue Spammers The nation #39;s largest e-mail providers today filed a new round of lawsuits against Internet spammers allegedly responsible for shoveling millions of junk e-mail messages into computer users #39; in-boxes and their instant messaging screens.",Business,Sci/Tech
"A Bit of Wall St. on the Tigris The 150 brokers and traders on the Iraq Stock Exchange are not waiting for the war to end, buying and selling orders a few hundred yards away from the fighting.",World,Business
"Ontario won #39;t help other provinces squeeze Ottawa for more ... Premier Dalton McGuinty sent a shot across the bow of have-not provinces Sunday, warning that Ontario will not support efforts to wring billions more in equalization payments out",Business,World
"Hyundai signs deal for China truck plant Hyundai Motor Co. said yesterday that it has signed an agreement with a Chinese company, Jianghuai Automobile Corp., to build a commercial vehicle and engine plant in China #39;s Anhui province.",Sci/Tech,Business
"Oil Company on Trial in Madagascar Over Pollution (Reuters) Reuters - The operator of Madagascar's\privatized oil refinery went on trial on Tuesday, accused of\polluting the environment around the Indian Ocean island's main\international port, officials said.",Sci/Tech,Business
"GM Protests Spread Across Europe Tens of thousands of General Motors workers across Europe were set to stop working on Tuesday in a sign of solidarity with their German colleagues, who face massive job cuts.",Business,World
Strong Hurricane Roars Over Bahamas Toward Florida (Reuters) Reuters - Hurricane Frances battered the\southeastern Bahamas islands with 140 mph winds on Wednesday as\it roared toward the United States and put millions of people\on alert along Florida's heavily populated east coast.,Sci/Tech,World
"LETTER FROM EUROPE The All-Too-Human Hitler, on Your Big Screen The release of a major movie about Hitler is, by definition, a remarkable event in Germany, especially if it portrays one of history #39;s great monsters as a human being, given",World,Sci/Tech
Special to ESPN.com It #39;s the age old question: quot;What do you give to the man who #39;s been everything? quot;. Only time will tell whether Phil Knight #39;s retirement will be as long-lived as so many players he paid to endorse Nike.,Business,Sports
"Revolving Door IN Aylwin B. Lewis, president of Yum Brands, as chief executive of Kmart.",World,Business
"Japan's comics retool the art Animation in America once meant Mickey Mouse and Winnie the Pooh. These days, it's just as likely to mean Japanese fighting cyborgs, doe-eyed schoolgirls, and sinister monsters -- thanks in large part to people like John Ledford.",Business,Sci/Tech
Singapore Telecom ties up with Malaysia's TIME dotcom (AFP) AFP - Singapore Telecommunications (SingTel) said it has entered into an agreement with Malaysia's TIME dotCom to link their corporate customers through private leased line circuits.,Sci/Tech,World
Hit TV series 24 goes from small screen to smaller screen (AFP) AFP - The hit US television show quot;24 quot; is going from the small screen to the smaller after 20th Century Fox and Vodaphone struck a groundbreaking deal to distribute the drama on mobile telephones.,Sci/Tech,World
"26/10/04 Savabeel Compared To Dubai Millennium The man who says he didn #39;t have a pair of shoes until he was 12 is now fielding offers in the millions for a horse he compares to the late Dubai Millennium, the best in the world a few years ago.",Sports,World
"Russia #39;s Putin Defends Reforms, Worries About Clans Russian President Vladimir Putin said on Thursday he had no plans to grab more power or change the constitution when reforming Russia #39;s government structure.",Business,World
"TSMC, Freescale expect initial production of 65nm SOI in 4Q 2005 Taiwan Semiconductor Manufacturing Company (TSMC) and Freescale Semiconductor expect to begin initial production of a high-speed 65nm silicon-on-insulator (SOI) process in the fourth quarter of 2005, with volume production pending on market demand",Sci/Tech,Business
"Philippines mourns dead in Russian school siege The Philippines Saturday expressed quot;deepest sympathy quot; to the families of the dead in the Russian school siege on Friday, in which 322 people were killed when Russian troops stormed",Sci/Tech,World
"Optimism Drives Google Shares to New Highs (Reuters) Reuters - Stock of Google Inc. powered\to new highs on Friday, buoyed by the web search leader's new\products and growth prospects, which complement its recent\strong financial results, analysts said.",Sci/Tech,Business
"Tyncastle sale gets official go ahead Of the votes received by proxy and from shareholders in the room at a stormy extraordinary general meeting last night, 62.5 were in favour of the resolution.",Sports,Business
"Miss Peru takes Miss World crown Twenty-year-old Miss Peru has been crowned Miss World in a southern Chinese resort town, as China looks to become the regular host of an event that would have once been deemed heretical by its Communist leaders.",Sports,World
"Intel Posts Higher Profit, Sales Computer-chip maker Intel Corp. said yesterday that earnings for its third quarter were \$1.9 billion -- up 15 percent from the same quarter a year ago -- but the company cautioned that computer-processor demand in the United States is likely to remain low.",Sci/Tech,Business
California slashes legal fees in settlement of Microsoft case California lawyers who reached a \$1.1 billion class-action settlement with Microsoft will get less than half the legal fees they requested.,Business,Sci/Tech
"Intuit Posts Wider Loss After Charge (Reuters) Reuters - Intuit Inc. (INTU.O), maker of\the No. 1 U.S. tax presentation software TurboTax, on Wednesday\posted a wider quarterly loss after taking a goodwill\impairment charge during its seasonally weaker fourth quarter.",Sci/Tech,Business
"IBM, LG Electronics to End Joint Venture International Business Machines Corp. and LG Electronics Inc. will end an eight-year alliance that helped expand the US computer maker #39;s presence in the booming South Korean PC market.",Business,Sci/Tech
Supreme Court turns down #39;Do Not Call #39; case SUPREME COURT - The Supreme Court is refusing to hear a challenge to the federal do-not-call telephone registry. Telemarketers have been trying to invoke free-speech rights to do away with the ban on unwanted phone solicitations.,Business,Sci/Tech
"Crude Price Spike May Send Gas Higher (AP) AP - Amid soaring crude oil prices, gasoline costs have been dropping. But don't expect that to last, economists say.",World,Business
"Ask Jeeves retools search engine in bid to catch Google, Yahoo SAN FRANCISCO -- Hoping to emerge from the shadow of its more popular rivals, Ask Jeeves Inc. is adding new tools for visitors to save and organize links to Web pages they find through the company's online search engine.",Business,Sci/Tech
"Pharma Groups Work on EPC Issues Sept. 30, 2004Reacting to calls from pharmaceutical retailers, distributors and manufacturers, EPCglobal has added a new action group to specifically study the pharmaceutical industry",Sci/Tech,Business
"Cable and Wireless to cut 600 jobs, shut London headquarters (AFP) AFP - Cable and Wireless, the struggling British telecoms group, said it would cut 600 jobs across Europe, part company with a top executive and shut its London headquarters.",Sci/Tech,Business
"Report Says N.H.L. Will Reject Proposal The N.H.L. appears poised to reject a proposal made by the players union, which included a 24 percent reduction in pay and other concessions but not a hard salary cap.",Sports,Business
Vodafone targets Japan with 3G offensive Vodafone has unveiled plans for 10 new third-generation handsets for Christmas to help shore up its struggling Japanese unit. Vodafone VOD.,Business,Sci/Tech
Warne takes six but India establish handy lead (Reuters) Reuters - World test wicket record holder Shane Warne grabbed six wickets as India established a handy 141-run first innings lead in the second test on Saturday.,World,Sports
Turkey eyes \$15 billion investment years ANKARA: Turkey is hoping to attract \$15 billion of foreign investment between 2005 and 2007 through reforms designed to overhaul its economy and ease the country #39;s entry into,World,Business
"PeopleSoft down on testimony, forecast Investors react to a disappointing earnings projection and to testimony that dampens hopes of negotiations with Oracle.",Sci/Tech,Business
The Bahamas - the real medal winner of the Athens Olympics A different way of calculating the medal standings brings some interesting results.,Sci/Tech,Sports
"Siemens Says Cellphone Flaw May Hurt Users and Its Profit Siemens, the world #39;s fourth-largest maker of mobile phones, said Friday that a software flaw that can create a piercing ring in its newest phone models might hurt earnings in its handset division.",Business,Sci/Tech
Ban for former Ahold executives Dutch retailer Ahold's former chairman and its ex-finance officer are barred from executive posts as part of a US fraud case settlement.,World,Business
"BlueGene sneaks past Earth Simulator The Earth Simulator, an NEC supercomputer, is surpassed, at last. IBM announced yesterday that its Blue Gene/L supercomputer had achieved a sustained performance of 36.",Business,Sci/Tech
"Report finds handheld device market in continued decline The worldwide market for handheld devices saw its third successive quarter of year-over-year decline in the third quarter of 2004, according to a new report released by IDC.",Business,Sci/Tech
"Bipartisan Panel Seeks Greenhouse Gas Limits A bipartisan commission that includes energy industry executives, environmentalists and academics will issue a report Wednesday that calls on the nation to adopt mandatory limits on greenhouse gas emissions linked to global warming, set stricter fuel economy standards and promote nuclear power, renewable energy and oil exploration.",Business,Sci/Tech
Amazon Snaps Up China's Largest Web Retailer (NewsFactor) NewsFactor - Amazon.com (Nasdaq: AMZN) has said it will buy Joyo.com Limited -- a British Virgin Islands company that operates the largest Internet retail Web site in China -- for US #36;75 million.,Business,Sci/Tech
Flat-screen TV prices are falling for holidays But trend provokes industry unrest; panel makers call for drop in retail markups to move units. By Evan Ramstad and Gary McWilliams.,Sci/Tech,Business
"BASS moving headquarters to Florida The Bass Anglers Sportsman Society is moving its headquarters to Central Florida. The bass fishing organization, based in Montgomery since its inception in 1967, announced Monday",Business,Sci/Tech
Venezuela Prepares for Chavez Recall Vote Supporters and rivals warn of possible fraud; government says Chavez's defeat could produce turmoil in world oil market.,World,Business
"Australia 362-7 v India, third test - close (Reuters) Reuters - Australia were 362 for seven wickets at the close of play on the first day of their third cricket test against India on Tuesday.",World,Sports
"PM welcomes EU partnership Prime Minister Manmohan Singh arrived in the Hague last night to participate in the India-European summit. quot;In recognition of Indias growing stature and influence, the EU has proposed a strategic partnership with India.",Business,World
"Intel in new chip breakthrough Intel creates a more powerful memory chip without increasing its size, confounding the firm's critics.",Business,Sci/Tech
"Where have all the people gone? While media and political attention is on the threat of outsourcing, the reality is that outsourcing is a sideshow in a much larger event.",Business,Sci/Tech
"Health Highlights: Aug. 28, 2004 A new drug that fights a form of age-related macular degeneration (AMD), a leading cause of blindness in the elderly, won applause if not approval from a panel of advisors to the US Food and Drug Administration.",Business,Sci/Tech
"Spread of GM grass raises fears of crossbreeding Pollen from a genetically modified grass was found 21 kilometres from where it was planted, scientists reported in a study published Tuesday, raising fears of transgenic crossbreeding.",Business,Sci/Tech
"IBM Says Swamps Rivals in Key UNIX Computer Test IBM (IBM.N: Quote, Profile, Research) said on Thursday its workhorse commercial computers have smashed the industry #39;s most demanding tests, which analysts said creates",Sci/Tech,Business
"Ontario gets harsh with school dropouts HUNTSVILLE, ONT. - The Ontario government plans to introduce legislation that will require students to stay in school until they reach the age of 18, said the province?",Business,World
"Virgin Mobile growth prospects disappoint Richard Branson #39;s Virgin Mobile has forecast substantially higher earnings and margins, but disappointing predictions for service revenue",Business,Sci/Tech
Clarke takes charge of Blunkett's Fear Agenda Analysis Horizontal drinkers rejoice,Sci/Tech,World
"Colts Lead Pats Early in Third Quarter FOXBORO, Mass. - Peyton Manning reached the 25,000-yard passing mark faster than anyone but Dan Marino, and the Indianapolis Colts shredded the New England Patriots for a 17-13 halftime lead Thursday night...",World,Sports
"Google targets software giant SEATTLE -- Not too long ago, Google Inc. seemed little more than a pesky insect to Microsoft Corp.'s 800-pound gorilla.",Business,Sci/Tech
"SBC links e-mail, voice messages, fax SBC on Monday announced a new service that integrates voice messages, faxes and e-mails into a single mailbox that can be accessed from anywhere by phone or the Internet.",Business,Sci/Tech
"A Better Solution for Israel The hysterical tone of Daniel Seidemann #39;s plea to the next US administration to save Israel from itself serves no useful purpose op-ed, Aug. 26.",World,Sci/Tech
Wells Fargo computers stolen Identity thieves may have obtained information on thousands of Wells Fargo mortgage and student loan customers.,Sci/Tech,Business
"Rogers Wireless Whistles and Fido Responds Its official. Microcell Telecommunications Fido wireless service will be the new dog in Rogers Wireless Communications Canadian kennel, and that puppy wasnt cheap.",Business,Sci/Tech
"Classmates agrees to \$100M buyout United Online Inc., a California-based provider of low-cost Internet subscription services, has agreed to buy Internet networking company Classmates Online Inc.",Business,Sci/Tech
"World's oldest man dies aged 113 The world's oldest man, who gave up driving at 108 because ""slow drivers annoyed him"", dies at 113.",World,Sports
Cricket: NZ suffer Franklin blow New Zealand bowler James Franklin misses the first Test against Australia with injury.,World,Sports
"Sony Leads MGM Acquisition Entertainment companies had been vying for MGM to get their hands on its library of more than 4,000 titles. Time Warner initially was seen as the front-runner in the race.",Business,Sci/Tech
"EU Unveils Plans for New Banana Tariffs (AP) AP - The European Union said Wednesday it will impose a duty of 230 euros ( #36;290) per ton of bananas starting in 2006, in an effort to prevent producers in former African and Caribbean colonies from losing business to larger growers in Latin America.",World,Business
"Russia May Ratify Kyoto Protocol in Oct. -- Minister (Reuters) Reuters - The Russian government expects\parliament to ratify the Kyoto Protocol this month in a move\allowing the long-delayed climate change treaty to come into\force worldwide, a senior minister said Monday.",Sci/Tech,World
Tennis: Night final for Aus Open The centenary Australian Open will be the first Grand Slam event to stage its final at night.,World,Sports
"Toughest athlete is female and unknown You probably haven't heard about one of the toughest endurance sports around: the deca-ironman. That's 38 km swimming, immediately followed by an 1800 km bicycle ride and a 420 km run. Currently, the world record stands at about 187 hours, held by a German housewife. Nobody else has ever finished the course below 192 hours.",Sci/Tech,Sports
"New Siebel Chief Outlines Chapter 2 For CRM Vendor After 10 years of focusing on product development and delivery, CEO Michael Lawrie says Siebel had to recognize that technology is only one part of the CRM equation.",Business,Sci/Tech
Jury calls WTC attack two events Silverstein had hoped the 11-member jury would determine that the language of the insurance policy treated the attacks as two occurrences.,Business,World
Amazon #39;s UK DVD Rentals Might Presage War with Netflix Analysts said Amazon #39;s launch of the DVD rental service in the UK might be to test its approach and streamline the logistically difficult process of handling DVDs through the mail.,Business,Sci/Tech
"Italian PM #39;s transplant confirmed After days of speculation sparked by the white bandanna worn by Mr Berlusconi on holiday in Sardinia, Piero Rosati said the results of the operation would show in a couple of months.",World,Business
"Producer Price Surge Fuels Inflation Fears Producer prices surged 1.7 percent in October, their sharpest monthly increase in nearly 15 years.",World,Business
"Microsoft open new software development unit in India (AFP) AFP - Microsoft said it will join with India's second-largest software firm, Infosys Technologies, to provide software and consulting to manufacturing, banking and automobile companies.",World,Sci/Tech
"Mobile phone network reaches last of China's ethnic minorities (AFP) AFP - China has brought its mobile phone network to the last of its ethnic minority regions previously cut off from communication with the outside world, state media reported.",Sci/Tech,World
Hall of Shame Hall of Fame We spotlight people and products that pester us...and the heroes saving us from annoyances.,Sci/Tech,Sports
Halo 2 scores record sales of \$125 million in first 24 hours Halo 2 broke entertainment retail records in its first 24 hours. Microsoft Game Studios said that the video game sold through 2.4 million stores in the US and Canada raking in \$125 million in sales.,Business,Sci/Tech
"Brennan Confirms Departure For 18 years Tom Brennan has been has been a sidelines fixture at Patrick Gym.His 19th will be his last. Today at his news conference, Brennan admitted he was at the end.",Sports,World
"New York Unveils Last, Best Bid to Gain the Olympics in 2012 Leaders of the NYC2012 committee highlighted New York's advantages in multiculturalism, money and media power.",Sports,Business
"Oracle Fails to Inspire Tech Rally Oracle Corp. handed the software industry some positive earnings news after the bell on Tuesday, but investors pulled cash from the sector on concerns that information technology spending has become anemic.",Business,Sci/Tech
"Hewlett-Packard buys Synstar Palo Alto-based Hewlett-Packard Co. has bought IT services company Synstar plc, of Bracknell, England for about \$293.3 million. Synstar has some 1,500 customers across Europe, selling IT support for various computer platforms.",Business,Sci/Tech
"Regulators Let Cingular Buy AT amp;T Wireless The \$41 billion merger between Cingular Wireless LLC and AT amp;T Wireless Services Inc. won approval from the Federal Communications Commission yesterday, according to federal sources close to",Sci/Tech,Business
"Suspect Animal Tested for Mad Cow Disease WASHINGTON (Reuters) - Government scientists are chasing a possible new case of mad cow disease in the United States, with final results on a suspicious slaughtered animal expected in coming days, officials said on Thursday.",Business,World
"Mexico's 'Fire Volcano' Erupts, No Evacuations Yet (Reuters) Reuters - Mexico's so-called ""Fire\Volcano"" spewed lava, glowing rocks and flames on Friday in an\eruption that authorities said was not yet serious enough to\evacuate nearby villages.",Sci/Tech,World
"PeopleSoft Plays Defense The business software maker inks a deal with IBM, but it isn't likely to dissuade Oracle.",Business,Sci/Tech
"Calif. OKs World's Toughest Smog Rules LOS ANGELES - California air regulators Friday unanimously approved the world's most stringent rules to reduce auto emissions that contribute to global warming - a move that could affect car and truck buyers from coast to coast. Under the regulations, the auto industry must cut exhaust from cars and light trucks by 25 percent and from larger trucks and sport utility vehicles by 18 percent...",World,Business
"Mars water tops science honours The discovery that salty, acidic water once flowed across the surface of Mars has topped a list of the 10 key scientific advances of 2004.",World,Sci/Tech
"Parties Allowed to Contact Absentee Voters (AP) AP - Like fishing in a stocked pond instead of an ocean, politicians are trying to catch votes by targeting phone calls and fliers at voters who have already applied for absentee ballots.",World,Sci/Tech
Sports in brief He yelped after his second drive. His knees buckled after making contact on the sixth tee. . (See photo at left.) He stopped a half-dozen times and lifted his shirt so his caddie could rub heating cream between his shoulder blades.,Sports,Sci/Tech
"A Distraction as a Deadline Approaches As the holidays approach, Christmas spirit is a bargain-hunting essential.",Sci/Tech,Business
Tennis: Davenport to play on Lindsay Davenport says she plans to play in the Australian Open next January.,World,Sports
"Senate Panel Gives NASA Extra Money (AP) AP - NASA would get #36;16.4 billion next year under a bill a Senate committee approved Tuesday, reversing a decision by House lawmakers to cut the space agency's budget below this year's levels.",World,Sci/Tech
"Cingular to upgrade wireless data network DECEMBER 01, 2004 (REUTERS) - Cingular Wireless LLC, the largest US wireless telephone company, said yesterday that it would upgrade its network next year to handle high-speed data transmissions.",Business,Sci/Tech
Deal has S2io champing at the gigabit OTTAWA -- A local firm that says it can help shrink backup times at large data centres is growing its business thanks to an alliance with Sun Microsystems Inc.,Business,Sci/Tech
Islands press Govt to reverse phone call decision Diplomats from a number of islands in the South Pacific are reported to be pressing the Government to reverse a decision to block all phone calls made to the islands.,Sci/Tech,World
"Nextel, Sprint Talk Merger Nextel Communications Inc. and Sprint Corp. are negotiating a possible merger, according to a source familiar with the discussions.",Sci/Tech,Business
"Let a Thousand Ideas Flower: China Is a New Hotbed of Research In recent years, hundreds of multinational companies have set up research laboratories in China.",Business,Sci/Tech
"Israel to close Erez industrial zone before March Israel would start liquidating the Erez industrial zone in the northern Gaza Strip before launching the first stage of the disengagement plan in March 2005,local newspaper Ha #39;aretz reported on Tuesday.",Business,World
"Show lights up Paralympics The XII Paralympics begins in Athens, after a spectacular opening ceremony.",World,Sports
"FaceTime, IMlogic Back Live Communications Server 2005 Hard on the heels of Microsoft announcing that it #39;s taken Live Communications Server 2005 gold, instant messaging management software vendors IMlogic and FaceTime on Tuesday both touted their support for the communication product.",Business,Sci/Tech
"Vodafone begins 3G service Vodafone launches its third-generation services for mobile phones, offering video calls, music downloads and games.",Business,Sci/Tech
"Promoting a Shared Vision As Michael Kaleko kept running into people who were getting older and having more vision problems, he realized he could do something about it.",Sci/Tech,Business
"Stability Control Systems Can Save Lives (AP) AP - Stability control systems could save up to 7,000 lives each year if they were standard equipment on all vehicles, according to a study by the insurance industry.",World,Sci/Tech
"Serial HIV Assault Verdict Expected Mon. (AP) AP - A verdict will be announced Monday in the trial of a man charged with intentionally exposing 17 women to HIV, a county judge said.",Sci/Tech,World
"Alltel buys Cingular properties, expands network Little Rock-based Alltel will expand its wireless phone service in Connecticut, Kentucky, Mississippi, Oklahoma and Texas in a \$170 million deal with Cingular Wireless.",Business,Sci/Tech
"PeopleSofts big bash See you next year in Las Vegas , proclaimed a marquee at the PeopleSoft user conference in San Francisco in late September. It was one of many not-so-subtle attempts by the company to reassure its customers",Business,Sci/Tech
Rugby: Kiwis earn draw New Zealand hold Australia 16-16 in the first game of the 2004 Tri-Nations series.,World,Sports
Web-based kidney match raises ethics questions A Colorado man who placed a quot;transplant wanted quot; ad on a Massachusetts-based Internet site is expected today to receive a kidney donated by a total stranger who simply wanted to do quot;something big. quot; The transaction marks the first time an organ transplant has been brokered by a commercial web company.,Business,Sci/Tech
"City Series-ly wounded With the Yanks out of the World Series, the city #39;s economy loses out on at least \$40 million, according to studies by the controller #39;s office and other city agencies.",Sports,Business
"EasyGroup close to launching low-cost mobile phone service (AFP) AFP - EasyGroup, the holding company of no-frills British airline easyJet, is close to striking a deal to launch a low-cost mobile telephone service in Britain, the Financial Times reported.",World,Sci/Tech
"Small changes, big profits Staples Inc. hosted a daylong event last week for analysts who follow the company's stock, laying out plans to keep growing in the immediate future and beyond. Everyone went home smiling.",Business,Sci/Tech
"Times to Scrap Broadsheet Edition The Times is to scrap its broadsheet edition and go tabloid from Monday, it was confirmed today. The decision was made after a trial run of the compact edition proved a success, said editor Robert Thomson.",Sports,Sci/Tech
"Florida, Alabama pick up the pieces after Ivan People in Florida and Alabama have started to clean up after hurricane Ivan - the third such pummelling for Florida alone in just five weeks.",Business,World
Hyperion targets broader base New Essbase 7X is intended to draw customers beyond Hyperion's usual corporate-finance crowd.,Sci/Tech,Business
"Calif. Mental Health Services May Expand (AP) AP - As pressures increase on California's mental health system, its workers and advocates say they are forced to do more with a supply of money that seems to shrink each year.",World,Sci/Tech
Retailers Looking to Move Plasma TV's (AP) AP - Hanging stockings by the chimney with care? Retailers hope that St. Nicholas soon will be there #151; to hang a 42-inch plasma-screen TV.,Business,Sci/Tech
"Nigerian Senate approves \$1.5 bln claim on Shell LAGOS - Nigeria #39;s Senate has passed a resolution asking Shell #39;s Nigerian unit to pay \$1.5 billion in compensation to oilfield communities for pollution, a Senate spokesman said.",Business,World
Infineon to Pay a Fine in the Fixing Of Chip Prices Federal prosecutors announced on Wednesday that they had cracked a global cartel that had illegally fixed prices of memory chips in personal computers and servers for,Business,Sci/Tech
"Large Gambian Rats Worry Fla. Officials (AP) AP - The Florida Keys, already dealing with invasive exotics from melaleuca to iguanas, have added another to the list of unwanted newcomers: the African Gambian pouch rat.",Sci/Tech,World
Bush Signs Internet Access Tax Ban State and local governments will be barred from taxing connections that link people to the Internet for the next three years under legislation signed Friday by President Bush.,Sci/Tech,Business
"Scientists Stumped by Dead Croakers (AP) AP - Thousands of croakers have washed ashore at beaches along the Atlantic coast in recent days, the latest mass deaths of the popular sport fish.",Sci/Tech,World
"EU increases pressure for rights in Myanmar EU foreign ministers agreed Monday to tighten sanctions against Myanmar if it does not improve its human rights record by Oct. 8, when an EU meeting with Asian countries starts in Vietnam.",Business,World
"Microsoft Readies Next Business IM Server A little over a year after introducing the first version of Office Live Communications Server, Microsoft says it plans to release the next version of its enterprise instant messaging software, in December.",Business,Sci/Tech
"DreamWorks Moves Shrek 3 to 2007 DreamWorks announced today that it has decided to move its release of Shrek 3 from November 2006 to May, 2007. quot;We believe there are more than a half a dozen strong release windows available annually for our",Business,Sci/Tech
Two top Nokia executives resign HELSINKI: Nokia said the respected head of its networks unit had resigned and another top networks official left in the second major departure of top management in two weeks at the world #39;s largest mobile phone maker.,Business,Sci/Tech
FleetCenter to be reunion arena It has all the gossipy intrigue and social awkwardness of seating the still-respected ex-wife and the sexy new girlfriend at the same table for a family wedding.,Sports,World
"Bourses set for losses after Wall St falls (FT.com) FT.com - European equity markets were poised for opening losses on Thursday following a weak session on Wall Street overnight, while caution was likely ahead of results from Nokia, the leading mobile handset maker.",Sci/Tech,Business
"Another homicide in Holland It is a sad day. In what seems to be another politically inspired homicide in Holland, Dutch filmmaker, and controversial columnist Theo van Gogh was brutally murdered in the streets of Amsterdam this morning.",Sci/Tech,World
"Rough ride won #39;t stop next X Prize shot The rolling experienced by SpaceShipOne on its first Ansari X Prize flight on Wednesday will not jeopardise the team #39;s chances of winning the \$10 million purse, team members said in a post-flight briefing.",Sci/Tech,Sports
"Japan loses whale trade bid A UN meeting has harpooned a Japanese bid to ease curbs on trade in whale products, but a defiant Tokyo accused the West of quot;cultural imperialism quot; and vowed to press efforts to expand whaling.",World,Business
"It may be end of line for narrow track Hurricane forecasters debate the usefulness of the quot;skinny line quot; in tracking maps, and look at more accurate alternatives.",Business,Sci/Tech
"Strong Server, PC Sales Boost Microsoft Revenue The company's earnings beat Wall Street expectations.",Sci/Tech,Business
"Cape Town F1 bid And they plan to build a multi-million-dollar race track here for the event, an official said today. quot;The plans for the bid are far advanced.",Sports,Business
"Cingular to Cut About 7,000 Jobs (Reuters) Reuters - Cingular Wireless will cut about 7,000\jobs, or 10 percent of its work force, to cut costs as it\integrates recently purchased AT T Wireless, the company said\on Tuesday.",Sci/Tech,Business
"Flat-screen TV But the booming demand isn #39;t proving profitable for the companies that make the high-resolution video panels. For electronics retailers, it will be the holiday season of the flat-screen TV.",Sci/Tech,Business
"EU Clears Flextronics Purchase of Units (AP) AP - European Union regulators Friday cleared Singapore's Flextronics International Ltd., the world's largest contract electronics manufacturer, to acquire factories from Canada's Nortel Networks Corp.",World,Business
"Microsoft settles antitrust cases with Novell, CCIA Microsoft Corp on Monday announced antitrust settlements with Novell Inc. and the Computer and Communications Industry Association (CCIA), ending years of legal wrangling.",Sci/Tech,Business
"China's inflation rate slows sharply but problems remain (AFP) AFP - China's inflation rate eased sharply in October as government efforts to cool the economy began to really bite, with food prices, one of the main culprits, showing some signs of slowing, official data showed.",World,Business
"Cricket swings to Calypso once again From the time you touch down in the British Isles, you get an overwhelming sense of grey. The skies are almost always leaden, the clothes people wear are generally either black or neutral shades guaranteed",Sports,World
"Cingular to Reduce Work Force by Roughly 10 Percent, CEO Says Cingular Wireless LLC, the nation's largest cell phone company, will cut about 10 percent of its 68,000 jobs over the next 12 to 18 months as it combines operations with the recently acquired AT T Wireless, Cingular's chief executive said Tuesday.",Sci/Tech,Business
Stanley set sights on Elland Road for casino Stanley Leisure plc has announced a Stanley Casinos Limited plan to develop a casino complex on land adjacent to Leeds United #39;s Elland Road stadium.,Business,Sports
"Intel planning Centrino-like brand for desktops Intel is preparing a marketing strategy that will brand desktop PCs with a similar label that made its Centrino notebook technology a household name, according to sources familiar with the company's plans.",Business,Sci/Tech
No ticket matched all four numbers and the MegaBall in Friday #39;s ... No ticket matched all four numbers and the MegaBall in Friday #39;s Mega Money drawing of the Florida Lottery. The numbers drawn were 10-18-19-22; the Megaball was 6. Twelve tickets matched four of the numbers,Business,Sports
"FDA Orders Strong Antidepressant Warning Labels By DIEDTRA HENDERSON WASHINGTON (AP) -- The Food and Drug Administration on Friday ordered that all antidepressants carry ""black box"" warnings that they ""increase the risk of suicidal thinking and behavior"" in children who take them. Patients and their parents will be given medication guides that include the warning with each new prescription or refill...",Sci/Tech,World
"Official: MLB to Move Expos to Washington WASHINGTON - Major League Baseball will announce Wednesday that Washington will be the new home of the Montreal Expos, bringing the national pastime back to the nation's capital for the first time in 33 years, The Associated Press has learned. A city official, speaking on condition of anonymity, said Washington has been notified by Major League Baseball of the impending announcement...",World,Sports
"Google puts desktop search privacy up front Google has announced a new desktop search application that enables users to search their e-mail, files, web history, and chats. Perhaps learning from previous mistakes, Google says it has designed the product quot;from the ground up to respect user privacy.",Business,Sci/Tech
Football: Azerbaijan 0-1 England Michael Owen heads England's winner in the World Cup qualifier against Azerbaijan.,World,Sports
"Study: Few Americans Buy Drugs Online NEW YORK - Only 4 percent of Americans have ever used the Internet to buy prescription drugs - and even fewer do so through foreign pharmacies - despite Web sites maintained by a handful of states to help citizens import medicines more cheaply from Canada, a new study finds. A majority - 62 percent - believe drugs bought online are less safe than those purchased from a local pharmacy, accepting the federal government's stated concerns in opposing drug imports, the Pew Internet and American Life Project said in a report Sunday...",World,Sci/Tech
"Fujitsu Siemens profit grows 60 percent Fujitsu Siemens Computers (Holding) BV, Europe #39;s largest remaining computer manufacturer, posted a 60 percent leap in profit for the first half of its fiscal year on higher sales of laptops and servers to business customers, the company said Wednesday.",Sci/Tech,Business
"Alternative Energy: Ready or not? Even with a boost from higher oil prices and growing concern about global warming, the payoff on most alternative energy technologies seems a ways off.",Business,Sci/Tech
"Unisys to lay off 1,400 workers Unisys Corp. plans to cut 1,400 jobs, primarily in general and administrative areas, and consolidate its office space worldwide, it announced Wednesday. The cuts represent 3.8 percent of the company's staff of 37,000.",Sci/Tech,Business
Rumors Suggest Photo Ability To Be Added to iPod quot;Apple has invested heavily in technology to edit pictures. Not having a portable device to show them seemed an obvious oversight that would be corrected once the price of the displays,Business,Sci/Tech
"DreamWorks Animation IPO Set at 29M Shares Underwriters for DreamWorks Animation SKG Inc., producer of the blockbuster ""Shrek"" movies, Tuesday set the terms of the company's pending initial public offering at 29 million common shares, with an estimated price range of \$23 to \$25 a share.",Sci/Tech,Business
"Still no beef resolution after latest talks NEW YORK, (Aug. 30, 2004) - Cattle farmers and haulers finally looking for a quick end to a 15-month ban on live cattle exports to the US are out of luck after Canadian Agriculture Minister Andy Mitchell",Business,World
"Gas prices up 5 cents after Hurricane Ivan CAMARILLO, Calif. - Gas prices jumped more than 5 cents a gallon in the past two weeks, largely because of supply problems related to Hurricane Ivan, an industry analyst said.",Sci/Tech,Business
"Men, Women More Different Than Thought CHICAGO - Beyond the tired cliches and sperm-and-egg basics taught in grade school science class, researchers are discovering that men and women are even more different than anyone realized. It turns out that major illnesses like heart disease and lung cancer are influenced by gender and that perhaps treatments for women ought to be slightly different from the approach used for men...",World,Sci/Tech
"Bryant Prosecutors Say Some Data Tainted DENVER - Crucial DNA evidence tested by defense experts in the Kobe Bryant sexual assault case might have been contaminated, prosecutors said in a court filing released Wednesday, just two days before jury selection is to begin. Prosecutors said they had found contamination in DNA ""control"" samples intended to ensure testing was accurate...",World,Sci/Tech
"Key Australia-US FTA deadline passes A key deadline to bring Australia #39;s Free Trade Agreement with the United States into force has expired. But the Australian Government is still confident the deal will come into effect next year, as Louise Willis reports.",Business,World
Spawn of X Prize on Horizon Innovators take note: The folks behind the X Prize vow there will soon be more competitions in several disciplines. Also: The da Vinci team presses ahead in Canada.... Rubicon team plans another launch attempt. By Dan Brekke.,Sci/Tech,Sports
"Immunity in Ebbers Case Opposed in U.S. Filing NEW YORK, Sept. 29 -- Federal prosecutors told a judge in a filing late Tuesday night that they have evidence that former WorldCom Inc. chief executive Bernard J. Ebbers knew company officials had improperly tinkered with the telecommunications firm's accounting to boost its publicly reported profits.",Sci/Tech,Business
"Google Lowers Its IPO Price Range SAN JOSE, Calif. - In a sign that Google Inc.'s initial public offering isn't as popular as expected, the company lowered its estimated price range to between \$85 and \$95 per share, down from the earlier prediction of \$108 and \$135 per share...",World,Business
"Pricey Drug Trials Turn Up Few New Blockbusters The \$500 billion drug industry is stumbling badly in its core business of finding new medicines, while aggressively marketing existing drugs.",World,Business
"Stocks Close Higher on Brokerage Earnings NEW YORK - Stocks dashed higher Tuesday as investors welcomed strong earnings from financial services companies, upbeat economic data and some reassuring news from the Federal Reserve. The Fed's decision to raise short-term interest rates by another quarter-percentage point to 1.75 percent did not come as a surprise to the market...",World,Business
"Douglas, Fraser, and blue await you Jim McLeod has a great day job, but a seasonal sideline is his #39; #39;tree #39; #39; calling. Throughout the year, he #39;s president and owner of a software company called InfoCode Corp.",Business,Sci/Tech
"Nintendo to Unveil Handheld Upgrade Facing its biggest threat ever from the arrival of Sony Corp. in the portable video-game machine market, Japanese game-maker Nintendo Co.",Business,Sci/Tech
"Storms Seem to Cure Floridians of Hurricane Amnesia The state #39;s East Coast hadn #39;t been hit by a hurricane since 1999. That, and the fact that Florida hasn #39;t had its historic share of such storms in recent decades, has led to some complacency about their effects.",Business,World
webcrawler: A9.com is cool NOW heres something else thats off the mind. Theres no more need to make mental or computer notes while searching the Internet.,Business,Sci/Tech
"Number of Kids on Antidepressants Drops Dramatically NEW YORK (AP) -- The number of children taking antidepressants has dropped dramatically since the Food and Drug Administration cautioned that the drugs can provoke suicidal behavior, according to a study. Pharmacy benefit manager Medco Health Solutions found that the number of children taking antidepressants fell 18 percent in the first quarter and an additional 5 percent in the second quarter...",Sci/Tech,Business
"Virgin dips its toe into the Pacific SIR Richard Branson did not disappoint with his stunts yesterday, flying into Sydney to promote his international airline Virgin Atlantic.",Business,Sci/Tech
"Feds kick off digital TV consumer campaign WASHINGTON - It #39;s one of the biggest technical changes in television since color TV: the digital transition. And because many Americans remain in the dark about it, federal regulators began an education campaign Monday to enlighten them.",Business,Sci/Tech
"Kenyan Laureate Urges Rich Nations to Ratify Kyoto (Reuters) Reuters - Kenya's Nobel Peace Prize winner,\Wangari Maathai, on Monday urged wealthy nations to ratify the\Kyoto protocol on climate change to ease the burden of\pollution on poor countries.",Sci/Tech,World
Bangkok animal trade talks open The rules controlling the trade in many at-risk wildlife species may change at a Bangkok meeting starting on Saturday. The 166 member states of the Convention on International Trade in Endangered Species of,World,Sci/Tech
"103 arrests for Internet fraud, related crimes since June: US (AFP) AFP - US authorities arrested at least 103 suspects and filed 117 criminal complaints since June 1 in a crackdown on various forms of online fraud, Attorney General John Ashcroft said.",Sci/Tech,World
Safety Group Closely Echoes Rail Industry Documents show that the nation's most influential rail-safety group is tightly bound to the railroad industry.,World,Business
"Greenspan: Debt, home prices not dangerous The record level of debt carried by American households and soaring home prices do not appear to represent serious threats to the US economy, Federal Reserve Chairman Alan Greenspan said Tuesday.",Sci/Tech,Business
Drug makers target counterfeits Big pharmaceutical companies are testing new tracking technology they hope will help them spot counterfeit drugs before they reach consumers' medicine cabinets.,Business,Sci/Tech
"USC, Miami Top BCS Standings, Not Okla. Southern California took the top spot Monday in the season's first Bowl Championship Series standings, and surprisingly Miami is ahead of Oklahoma in a close race for the second spot. Oklahoma is No...",World,Sports
"France joins Germany, Japan in economic slide (AFP) AFP - The French economy hit a rough patch in the third quarter, throwing the government's full-year growth target into question amid signs of an economic slowdown in the 12-nation eurozone.",Business,World
"SKorea's Samsung to invest 24 billion dollars in new chip lines (AFP) AFP - South Korea's Samsung Electronics Co., the world's largest memory chipmaker, said it would invest some 24 billion dollars in building new chip production lines over the next six years.",World,Sci/Tech
"You have mail, always, with a BlackBerry Washington lawyer William Wilhelm knows from experience that not everybody loves his BlackBerry as much as he does. The girlfriend was fed up with a relationship",Sci/Tech,Business
"Gordon Cooper, NASA Mercury Pioneer, Dies LOS ANGELES - Gordon Cooper, who was the youngest and perhaps cockiest member of the original Mercury astronauts and set the space endurance record that helped clear the way for the first moon landing, has died. He was 77...",World,Sci/Tech
"Automakers sue California over emissions FRESNO, Calif. -- Automobile manufacturers sued on Tuesday to block the world #39;s toughest vehicle emissions standards, adopted by California regulators in September to cut greenhouse gases.",Business,Sci/Tech
"Supreme Court Hears Wine Sales Case Winemakers who want to ship directly to consumers across state lines got a sympathetic hearing at the Supreme Court today, as the justices heard oral arguments in a case that could have a dramatic effect on Internet commerce and states' power to regulate the alcohol trade.",Sci/Tech,Business
"The Kid Stays in His Home, Dressed in PJ's, With a Live Mike Robert Evans, the fabled Hollywood producer and man about town, will be enjoying his latest gig, as a satellite radio talk-show host, from the comfort of his home.",Sci/Tech,Business
Update: PeopleSoft board won't negotiate Oracle takeover PeopleSoft executives said over the weekend that they won't discuss a sale to Oracle at a price of \$24 per share but would consider an offer at a higher price.,Sci/Tech,Business
Cellphone Industry Hits Snag as It Woos Untapped Market The mobile phone industry is turning its attention to the last untapped demographic - people over 65.,World,Sci/Tech
We have to learn to be patient on Indian pitches: Smith (AFP) AFP - South African skipper Graeme Smith said his team had to learn to be patient on slow pitches if they hoped to do well in an upcoming two-Test series against India.,World,Sports
VoIP becomes new option Jackson is one of the first to take advantage of Time Warner Cable #39;s new venture into Voice over Internet Provider (VoIP) telephone service here and she says it works great.,Business,Sci/Tech
"Embattled Mortgage Giant Agrees to Meet New Standards Fannie Mae agreed to keep more cash on hand while it corrects accounting problems, a U.S. regulator said.",World,Business
"Gold Indian Coin Expected to Fetch #36;27,000 (Reuters) Reuters - An Indian gold coin which is nearly\1,900 years old and shows one of the earliest depictions of\Buddha is to be sold at auction where it is expected to fetch\up to 15,000 pounds ( #36;27,000).",Sci/Tech,World
"Belarus Bank Denies Money Laundering Charge A bank in Belarus has denied US charges that it laundered money for former Iraqi leader Saddam Hussein. Infobank, in a statement, said it has strictly followed international agreements related to the fight against illegal transactions.",Business,World
"In China's changing society, psychotherapy gains acceptance BEIJING -- Step back, Confucius. Move over, Mao. Dr. Freud is making the rounds. Once vilified by the communists as a remnant of bourgeois imperialism, the practice of psychology -- and especially the Western ritual of going to a therapist -- is gaining popularity in this country of budding capitalists.",World,Sci/Tech
"Feds Mum on Pre-Election Terror Threat (AP) AP - FBI, Justice Department and Homeland Security Department officials aren't talking much about the threat of a terrorist attack to disrupt the election in two weeks.",World,Sci/Tech
"Delta #39;s Aborted Crash Landing If you #39;ve ever been in an airplane that has to abort a landing, you know that it is a completely hair-raising, disorienting experience.",Business,Sci/Tech
"EU Accuses Microsoft of Paternal View Microsoft Corp. said Friday that small companies and their customers would suffer most if it is forced to remove its digital media software from Windows, while the European Union accused it of being ""paternalistic"" in trying to decide what's best for everyone.",Sci/Tech,Business
