text,Actual Class,Predicted Class
"Paris Tourists Search for Key to 'Da Vinci Code' (Reuters) Reuters - A funny thing happened on the way to the\Mona Lisa. Visitors to the Louvre museum in Paris, home of the\world's most famous painting, started quizzing tour guides\about Dan Brown's best-selling novel ""The Da Vinci Code.""",World,Sci/Tech
Chavez rejects CD as opposition Venezuela #39;s President Hugo Chavez has announced that he will no longer recognize the Democratic Coordination or CD as the opposition coalition.,Business,World
United Apology over Website Abuse Manchester United have been forced to issue an embarrassing apology to Liverpool for an ill-advised attack on the Anfield outfit on its own website.,Sports,World
"Clouds darken PeopleSoft conference SAN FRANCISCO -- PeopleSoft Inc. is trying to create a party-like atmosphere at its annual customer conference, but this week's gathering may feel more like a wake with rival Oracle Corp.'s \$7.7 billion takeover bid looming larger than ever.",Business,Sci/Tech
"Ramirez should be taking it to heart When it comes down to this, when it's worse than you could have possibly imagined, if you are any kind of ballplayer at all, you look within and ask yourself what you can do to make it better.",Sports,Sci/Tech
"Some People Not Eligible to Get in on Google IPO Google has billed its IPO as a way for everyday people to get in on the process, denying Wall Street the usual stranglehold it's had on IPOs. Public bidding, a minimum of just five shares, an open process with 28 underwriters - all this pointed to a new level of public participation. But this isn't the case.",Sci/Tech,Business
Putin Says Russia Could Be a Yukos Bidder President Vladimir V. Putin said on Friday that state-run companies might bid for assets of Yukos in any sale to collect back taxes.,Business,World
"US Says No Plans to Sign New Climate Change Pacts (Reuters) Reuters - The United States, considered an\environmental laggard by its critics, is unlikely to sign any\new pacts on climate change at a key environmental meeting this\month, a senior U.S. official said on Thursday.",Sci/Tech,Business
"Nike co-founder stepping down president effective December 28 after more than a year-long search. Knight, 66, who also will give up his title of president,. chairman, quot; Knight said in a statement on Thursday.",Business,World
"Google #39;s New PC Search Tool Poses Risks NEW YORK Oct. 18, 2004 - People who use public or workplace computers for e-mail, instant messaging and Web searching have a new privacy risk to worry about: Google #39;s free new tool that indexes a PC #39;s contents for quickly locating data.",Business,Sci/Tech
"At Last, Success on the Road for Lions The Detroit Lions went three full seasons without winning an away game, setting an NFL record for road futility. They ended that ignominious streak Sunday in their first opportunity of the season, beating the Chicago Bears 20-16 at Soldier Field...",World,Sports
Keep It in the Family The IRS is gunning for your inherited IRA. Follow these steps to avoid costly penalties.,Business,Sci/Tech
"Thailand Shows No Easy War Against Wildlife Crime (Reuters) Reuters - With an AK-47 assault rifle slung over\his shoulder, Sompong Prajobjan roamed one of Thailand's lush\national parks for more than a decade.",Sci/Tech,World
"Gap, Wild Planet Get Together on Radio Sweatshirt NEW YORK (Reuters) - Wild Planet, a toy maker known for its spy gear and adventure gadgets, said on Wednesday it was teaming up with clothing retailer Gap Inc GPS.N to sell sweatshirts with FM radios built in at GapKids stores.",Sci/Tech,Business
Boston archbishop reveals anguish of closings BOSTON Boston #39;s Archbishop is telling catholics that the church #39;s financial footing is quot;much worse than people realize.,Sports,Business
Megawati kicks off 36th ASEAN economic meeting JAKARTA (Agencies): President Megawati Soekarnoputri opened high-level economic talks between members of the Association of Southeast Asian Nations (ASEAN) on Friday with a warning to ASEAN leaders that they must stay the course on their agreed,Business,World
"Software revenue pushes up Oracle #39;s Q2 earnings Oracle Corp. reported second-quarter 2005 earnings that beat analyst expectations on Monday, thanks to new software revenue and continued gains from license updates and product support.",Business,Sci/Tech
"PC Screen Price-Fall to Slow in Fourth Quarter (Reuters) Reuters - Prices of computer screens are expected\to fall by less than 5 percent in the fourth quarter as the\market stabilizes on hopes of a pick-up in demand during the\Christmas season, a U.S.-based research firm said on Tuesday.",Sci/Tech,Business
US edge out Brazil for gold The United States beat Brazil 2-1 in extra time to win the women's Olympic football tournament.,World,Sports
England held up in Zimbabwe Zimbabwe held up England #39;s charge as they battled to avert a series whitewash in the fourth one-day international in Bulawayo today.,Sports,World
Summary Box: Breast Cancer Surgery Refined (AP) AP - NEW APPROACH: A study says that removing just one to three key lymph nodes can spare women lifelong arm problems and reliably indicate whether breast cancer has spread.,Sci/Tech,World
Panel Urges N.Y. to Pay \$14 Billion More for City Schools Court-appointed referees recommended the state pay an additional \$14 billion over four years to improve New York City schools.,World,Business
Cricket: Dubai global academy The International Cricket Council are to open a global cricket academy designed to improve standards of lesser nations.,World,Sports
"GAME UNDER FIRE Attacking police officers, racial slurs, bloody beatings of innocent bystanders ... is it really just a game? In four and a half minutes, 14-year-old Ryan Mason ran over a police officer, stole his gun and shot and killed three innocent bystanders.",Sci/Tech,Sports
Live: Olympics day four Richard Faulds and Stephen Parry are going for gold for Great Britain on day four in Athens.,World,Sports
"Study: Wrecks Jump 3 Days After Terrorism Fatal traffic accidents increase sharply in Israel on the third day after a terrorist attack, and researchers are searching for an explanation why.",Sci/Tech,World
Microsoft to hire hundreds in India Microsoft on Tuesday announced its decision to localise Windows and Office software in 14 Indian languages over the next 12 months and that the company would hire #39;hundreds #39; in India this year.,Business,Sci/Tech
"General Assembly committee opens two-day debate on anti-cloning ... The UN General Assembly #39;s legal committee begins a two-day debate today that will focus on the contentious issue. There is support among member states for a treaty banning human cloning, but divisions remain",Sci/Tech,World
14 Nations to Participate in Plan to Reduce Methane Thirteen countries agreed yesterday to join a global plan proposed by the Bush administration to curb methane emissions by capturing the greenhouse gas and using it as an energy source before it is released into the atmosphere.,Sci/Tech,Business
"Mark Cuban prompts dot-com redux reporteri #39;s notebook SAN FRANCISCO--Hope and cynicism sparred to a draw on Tuesday at the glitzy opening banquet of Web 2.0 conference here, as serial entrepreneur and reality TV show host Mark Cuban took the stage to talk about what #39;s next for the 10-year",Sci/Tech,Sports
"American Economist Expected to Win Nobel (AP) AP - Americans have dominated the annual Nobel Memorial Prize in Economic Sciences five years running, and it may not surprise Nobel watchers if the trend continues.",Business,Sci/Tech
"Medicare Premiums to Rise Record 17 Pct. WASHINGTON - Medicare premiums for doctor visits are going up a record \$11.60 a month next year. The Bush administration says the increase reflects a strengthened Medicare, while Democrats complain that seniors are being unfairly socked...",World,Business
"The C.E.O. Vanishes, and Other Mysteries Why did PeopleSoft, in the midst of a takeover fight with Oracle, fire its chief executive and president? Who knows? And that's a problem.",Sci/Tech,Business
"Motorola Quarterly Earnings Rise Motorola Inc., the world's No. 2 maker of cell phones, on Tuesday said its quarterly profit\more than tripled, as sales rose 26 percent, driven in part by a host of new handset models and cost controls.",Sci/Tech,Business
"IBM Unveils Security Intel Service, Notes Big Jump In Attacks Attacks against crucial infrastructure -- utilities, telcos, and government agencies -- rose by 55 from July to August. By Gregg Keizer, TechWeb.",Sci/Tech,Business
Toile Gets A Makeover The traditional pattern shakes its fussy image as designers give it a new look,Business,Sci/Tech
"World briefs LONDON - A man wielding a machete and a knife attacked two security guards at the building housing the headquarters of the British domestic intelligence service MI5 on Friday, police said.",Business,World
Bollywood actress Nirupa Roy dies Bollywood actress Nirupa Roy dies after a heart attack at her home in Mumbai (Bombay) aged 73.,World,Sports
"Get Real? This time last week, first lady Laura Bush was having what she might call her Christmas Tree Day. First, she showed off the decorated executive mansion to reporters and then joined her husband",Business,Sci/Tech
"Alaska #39;s summer tourism pegged at 1.4 million visitors The number of summer visitors to Alaska rose from the year before, prompting the president of the Alaska Travel Industry Association to say tourism appeared to be back on track since leveling off after the 2001 terrorist attacks.",Business,Sci/Tech
"Stocks Climb on Strong Economic Data NEW YORK - Newly optimistic investors sent stocks sharply higher Friday, propelling the Dow Jones industrials up more than 100 points, after economic data showed strength in manufacturing and construction. Wall Street greeted the departure of PeopleSoft Inc.'s chief executive by buying up technology shares...",World,Business
EU Pursues Oracle-PeopleSoft Case (AP) AP - European Union regulators suggested Monday they are not bound by a U.S. decision to allow Oracle Corp. to pursue its #36;7.7 billion bid for rival business software maker PeopleSoft Inc. and are continuing to collect data on the deal.,Sci/Tech,Business
US Bells Do Video on Path Blazed by Small Telcos The three largest US local telephone corporations made a splash this summer with plans to sell video services on their voice and data lines in a few years.,Business,Sci/Tech
Cocoa farmers issue strike threat Unions are threatening a general strike in the Ivory Coast in a protest against the prices farmers are paid for their cocoa supplies.,Business,World
"McCain again opposes the president Global warming needs more attention, according to John McCain, and President Bush needs to lead the way. I listened to some of the hearings on this subject this week, and I must say the people testifying are",Sci/Tech,World
"TruSecure merges with Betrusted BOSTON - Information security services companies TruSecure Corp. and Betrusted plan to announce on Tuesday that they have merged, forming a new company called Cybertrust.",Sci/Tech,Business
"Forecasters: More Hurricanes May Be on Way Ivan, Frances and Charley delivered three staggering blows to the Gulf Coast and Florida, as well as Caribbean island nations, all in just five weeks.",Sci/Tech,World
Will Hutton There were two stories last week that will have world-shaping implications. The first was in a Paris hospital and a compound in Ramallah.,Business,World
"'Frankenfish' Caught in Great Lakes (Reuters) Reuters - The dreaded Northern Snakehead, a\voracious predator dubbed the ""Frankenfish"" that can breathe\out of water and wriggle across land, has invaded the Great\Lakes, authorities said on Friday.",Sci/Tech,World
"Toyota: Some security firms promise too much If ""it sounds like you are being offered a panacea, then it's time to change the conversation,"" says an exec for the firm.",Sci/Tech,Business
"Sony, IBM, Toshiba Give Details of 'Cell' Chip (Reuters) Reuters - IBM , Sony Corp. (6758.T) and\Toshiba Corp. (6502.T) on Monday revealed their plans for the\powerful new ""Cell"" processor the three are jointly producing\to run next-generation computers, game consoles and\televisions.",Business,Sci/Tech
"Soldiers' War Blogs Detail Life in Iraq Iraq war blogs are as varied as the soldiers who write them. Some sites feature practical news, war pictures and advice. Some are overtly political, with more slanting to the right than to the left. Some question the war, some cheer it.",Sci/Tech,World
India's Tata expands regional footprint via NatSteel buyout (AFP) AFP - India's Tata Iron and Steel Company Ltd. took a strategic step to expand its Asian footprint with the announcement it will buy the Asia-Pacific steel operations of Singapore's NatSteel Ltd.,World,Business
"Flying Cars Reportedly Still Decades Away (AP) AP - It's a frustrated commuter's escapist fantasy: literally lifting your car out of a clogged highway and soaring through the skies, landing just in time to motor into your driveway.",Sci/Tech,Sports
"Russian atmosphere hard for Westerners The government has eviscerated Russia #39;s Western-style oil company, Yukos, in what has been widely viewed as political payback.",Business,World
"Blockbuster Cuts Online Price, Challenges Netflix (Reuters) Reuters - Video chain Blockbuster Inc on\Friday said it would lower the price of its online DVD rentals\to undercut a similar move by Netflix Inc. that sparked a stock\a sell-off of both companies' shares.",Sci/Tech,Business
"Storage, servers bruise HP earnings update Earnings per share rise compared with a year ago, but company misses analysts' expectations by a long shot.",Sci/Tech,Business
"Microsoft Launches New Media Center PC Microsoft Corp. MSFT.O on Tuesday unveiled a new version of its Windows XP Media Center, adding features such as instant messaging and high-definition television to a personal computer designed for the living room.",Business,Sci/Tech
"Meditation Practice Helping Arthritis Patients By ALEX DOMINGUEZ BALTIMORE (AP) -- Dalia Isicoff knows pain. A lifelong sufferer of rheumatoid arthritis, she has had seven hip replacement surgeries...",Sci/Tech,Sports
"Internosis Will Relocate To Greenbelt in October Internosis Inc., an information technology company in Arlington, plans to move its headquarters to Greenbelt in October. The relocation will bring 170 jobs to Prince George's County.",Sci/Tech,Business
"U.N. Urges Funds to Curb African Locusts (AP) AP - With swarms of locusts threatening crops in a number of African countries, a U.N. agency appealed for an additional #36;70 million in assistance Thursday to prevent the upsurge from becoming a full-scale plague.",Sci/Tech,World
"The Bag of Aeolus quot;Aeolus was keeper of the winds. He gave a bag of evil winds to Odysseus, instructing him to keep it closed while a good breeze wafted him home.",World,Sports
"RealNetworks Ends Download 49-Cent Promo SEATTLE (Reuters) - RealNetworks Inc. RNWK.O is ending its 49 cent-per-song music download service but will keep the promotional prices in place for top 10 songs, the Internet media and software company said on Thursday.",Business,Sci/Tech
Regulators Approve Artificial Heart The Food and Drug Administration approved the use of an artificial heart made by SynCardia Systems as a temporary device for people awaiting transplants.,Sci/Tech,Business
"Mexico Migrant Smugglers Turning to Sea (AP) AP - Migrant smugglers are skirting heightened security along the border by using small boats to shuttle people from the under-supervised Baja coast into Southern California marinas and harbors, already jammed with legal commercial ships and pleasure boat traffic.",World,Sci/Tech
"Sun posts narrower quarterly loss OCTOBER 14, 2004 (REUTERS) - SAN FRANCISCO -- Sun Microsystems Inc. today posted a narrower quarterly loss as revenue rose year over year for the second consecutive quarter after three years of declines, sending shares slightly higher.",Sci/Tech,Business
"TheStreet.com May Be Up for Sale -- Report (Reuters) Reuters - TheStreet.com Inc. , the\financial news and commentary Web site, may be up for sale,\according to a report in Business Week, sparking a 7 percent\rise in its shares.",Sci/Tech,Business
"Corporate Krueger haunts PeopleSoft A few weeks ago the then-CEO of PeopleSoft, Craig Conway, posed the following question to attendees at a technology conference: quot;Have you ever had a bad dream that never ended?",Business,Sci/Tech
"Semiconductor Manufacturing to Boost Capacity by Half (Update2) Semiconductor Manufacturing International Corp., China #39;s biggest supplier of made-to-order chips, said its factory capacity will rise by more than half in the second half as the company brings more plants on line.",Sci/Tech,Business
Mass. court denies new trial for convict BOSTON -- The state appeals court on Thursday declined to allow a new trial for a father convicted of beating a man to death at their sons #39; hockey practice.,Sports,World
Indonesian diplomats asked to help improve RI #39;s bad image JAKARTA (Antara): President Susilo Yudhoyono asked Indonesian diplomats on Monday to help the government improve Indonesia #39;s bad image.,Business,World
"Plus: Cendant reported to buy Ebookers SAN FRANCISCO (CBS.MW) -- Not only did the word quot;blog quot; enter Merriam-Webster #39;s dictionary this year, but Microsoft is getting on the personalized e-journal bandwagon.",Sci/Tech,Business
Rumours surround Google browser The search giant Google is rumoured to be working on its own web browser.,Business,Sci/Tech
Take Two Torts and Call Me in the Morning The friction that sometimes strains the patient-doctor relationship when lawyers seek medical care is at an all-time high.,Sci/Tech,World
Thomson joins takeover bid for ContentGuard Thomson joined Microsoft and Time Warner on Monday in trying to take control of U.S. digital rights management (DRM) company ContentGuard Holdings.,Sci/Tech,Business
"Stocks Climb on Drop in Consumer Prices NEW YORK - Stocks rose for a second straight session Tuesday as a drop in consumer prices allowed investors to put aside worries about inflation, at least for the short term. With gasoline prices falling to eight-month lows, the Consumer Price Index registered a small drop in July, giving consumers a respite from soaring energy prices...",World,Business
"Bush defends tax cuts WASHINGTON, Oct 2 (AFP) - US President George W. Bush said Saturday he would renew some of the huge tax cuts that form a cornerstone of his economic rejuvenation policy and chided Democratic challenger John Kerry for opposing the cuts.",Business,World
"Symantec Said to Be in Talks for Veritas Symantec, which produces the Norton line of computer products, is in talks to acquire Veritas Software, a maker of data backup programs.",Business,Sci/Tech
Cricket: Tendulkar to miss test Sachin Tendulkar is almost certain to miss Thursday's second Test against Australia in Madras.,World,Sports
"Child Abuse Leads to Adult Heart Disease By Ed Edelson, HealthDay Reporter HealthDayNews -- Children who are abused or neglected grow up to be adults with a significantly greater risk of heart disease, a new study says. It's the first study to show a direct link between a wide range of childhood problems and ischemic heart disease -- blockage of the arteries that leads to heart attacks and other major problems, said Maxia Dong, a medical epidemiologist at the U.S...",Sci/Tech,World
"Mich. Elephant Gets Therapy for Arthritis ROYAL OAK, Mich. - Like any patient, Wanda needs positive reinforcement to wrestle through her physical therapy...",World,Business
"HP Shifting Last of Itanium Engineers Hewlett-Packard Co. (HPQ.N: Quote, Profile, Research) and Intel Corp. (INTC.O: Quote, Profile, Research) on Wednesday ended their 10-year partnership to co-develop the Itanium chip",Sci/Tech,Business
"Iraq's Neighbors to Get Little for Environment Loss (Reuters) Reuters - Iraq's neighbors want tens of billions\of dollars for environmental damage done in the 1990-1 Gulf\conflict, but are set to get only paltry funds from the United",Sci/Tech,World
"Appeals court faults Oracle in shareholder suit Judges send case back to lower court to sort out allegations of improper bookkeeping and ""suspicious"" stock sales.",Sci/Tech,Business
"Bea Arthur for President Bea Arthur sparked a security scare at Logan Airport in Boston this week when she tried to board a Cape Air flight with a pocketknife in her handbag. The ""Golden Girls"" star, now 81, was flagged by a Transportation Security Administration agent, who discovered the knife - a strict no-no following 9/11. ""She started yelling that it wasn't hers and said 'The terrorists put it there,' "" a fellow passenger said. ""She kept yelling about the 'terrorists, the terrorists, the terrorists.' "" After the blade was confiscated, Arthur took a keyring from her bag and told the agent it belonged to the ""terrorists,"" before throwing it at them. - via philly.com",Sci/Tech,World
"Worldwide PC Market Seen Doubling by 2010 NEW YORK (Reuters) - The number of personal computers worldwide is expected to double to about 1.3 billion by 2010, driven by explosive growth in emerging markets such as China, Russia and India, according to a report released on Tuesday by Forrester Research Inc.",Sci/Tech,Business
"Locusts Encroach on West African Rice-Growing Area (Reuters) Reuters - West Africa's worst locust plague for 15\years has encroached on one of the region's largest\rice-growing areas, authorities in Mali said on Friday.",Sci/Tech,World
"ASEAN moves closer to single market with #39;road map #39;, global trade ... JAKARTA : ASEAN finance ministers ended a meeting which saw Southeast Asia edge closer to a Europe-style single market, laying out a quot;road map quot; for integration and opening doors to wider global trade.",World,Business
"Sprint Center Of Attention For Nextel And Verizon Wireless Sprint Corp. #39;s enterprise operation, including its nationwide fiber-optic network, suddenly is looking like a swan and not a lame duck, as Verizon Wireless assesses the possibility of making a bid for Sprint in the boiling cell-phone merger scene.",Business,Sci/Tech
Iran shuts reformist websites WEBSITES CLOSE to Iran #39;s leading reformist party have been blocked by religious hardliners in the police bureau of public morals.,Sci/Tech,World
"Leeds students figure high on working curve Undergraduates in the city earn more than 90 a week on average, just behind Glasgow, Cambridge and Cardiff. Their hard-earned cash is likely to be spent on looking good and socialising, the",Business,Sports
"Coast Guard Shuts Gulf of Mexico Ports HOUSTON (Reuters) - The U.S. Coast Guard shut five ports on Wednesday in the Gulf of Mexico coast states of Alabama, Florida and Mississippi as Hurricane Ivan churned nearer.",Business,World
"Stocks Drop After Greenspan Testimony NEW YORK - Investors were unmoved by Federal Reserve Chairman Alan Greenspan's improved assessment of the economy, with stocks falling narrowly Wednesday in light trading. While Greenspan said the economy has ""regained some traction"" after the summer's slowdown, he echoed Wall Street's concerns over energy prices, which have fallen from record highs in recent weeks but stubbornly remain above \$40 per barrel...",World,Business
"Corning begins work on Taiwan LCD facility Encouraged by the demand for LCDs, glass maker Corning on Thursday said it has broken ground for a second manufacturing facility in Taiwan.",Sci/Tech,Business
Google Founders Selling Off Stock Google Founders Selling Off Stock\\Is this a sign that Google stack is overpriced? Or does it just mean that since there is so much interest in Google and its shares right now that the founders decided to sell off a big part of their holdings with the search engine. Dow ...,Sci/Tech,Business
Will Tellabs Push Its Luck? Perhaps the optical network supplier should call off its merger with AFC.,Business,Sci/Tech
"Cocoa prices down but Ivorian exports still blocked World cocoa prices were down on Tuesday but off the day #39;s lows as exports remained on hold after mob violence and military clashes in Ivory Coast, the key global supplier, traders said.",World,Business
"Cowboys Defeat Redskins 21-18 LANDOVER, Md. - Bill Parcells celebrated the touchdown with a big smile and his fist thrust high in the air...",World,Sports
Oracle case bounces to Europe The European Commission is studying the U.S. court decision favoring Oracle's PeopleSoft buyout and deciding whether to pursue its own objections.,Sci/Tech,Business
"Kill The Poor I've been a soup van volunteer for three months plus a couple of weeks. I've also been casually mentioning this example of my beneficence in everyday conversation for about the same length of time. I use this particular phrasing, rather than ""I work on a soup van"", because what I'm trying to emphasise is that I didn't take it up lightly or gingerly. In the beginning, I didn't know exactly how it would turn out, but I did know that I wanted to be good. Between then and now, an awful lot became clear.",Sci/Tech,Sports
"Icing call Out of money, out of patience, out of time, and for the foreseeable future, out of business.",Sports,Business
Signs of a Glut and Lower Prices on Thin TV's Dont buy that high-definition TV yet. Competition may force the prices down further.,Sci/Tech,Business
"Scaffold collapse survivors improving One of the men who survived Friday #39;s fatal scaffold collapse is in guarded condition at Detroit Receiving Hospital and the two other survivors were released on Sunday, a hospital spokeswoman said.",Business,World
Amelie's final footsteps retraced Detectives have staged a reconstruction of the final steps of murdered French student Amelie Delagrange.,World,Sports
"US, Allies Far Apart on Iraq Debt Relief WASHINGTON Oct. 2, 2004 - The United States and its major economic allies struggled Saturday to resolve deep differences over how best to relieve the heavy debt burden for Iraq and the world #39;s poorest countries.",Business,World
Canada defends submarine fleet Canada has defended its decision to buy second-hand submarines after a crewman died from injuries sustained on one of the vessels that had broken down.,World,Business
"For Now, Unwired Means Unlisted. That May Change. In October, most major cellphone carriers plan to start compiling a publicly accessible listing of wireless phone numbers.",Business,Sci/Tech
"GM, Daimler Go Green Team-up will help the companies compete and fill gaps in both firms' portfolios.",Business,Sci/Tech
"Yahoo Debuts Mobile Search SAN FRANCISCO -- Yahoo (Quote, Chart) expanded its search empire to the mobile arena with the launch of some additional services. The company was one of the original content providers for mobile devices running",Business,Sci/Tech
"New pension 'would help millions' Britain's pension system could easily be replaced by a new payment that would make millions better off, a report says.",Business,Sci/Tech
"Same-sex divorce rules still hazy Now that an Ontario couple has been given Canada #39;s first same-sex divorce, experts are divided over just how easy it will be for gays and lesbians in other provinces to end their marriages.",World,Sports
Xabi Reckons England Are Great Xabi Alonso is prepared for a hard battle when Spain meet England in the Bernabeu on Wednesday having experienced the build-up from the other side.,Sports,World
"Amazon.com net sales jump 29; Google reports \$52M in net income OCTOBER 22, 2004 (IDG NEWS SERVICE) - Amazon.com Inc. fell a penny short of analysts #39; per-share earnings expectations, while reporting net sales of \$1.",Sci/Tech,Business
"Lucent's history a case study in wild rides If you've ever wondered what ignited America's late-1990s obsession with telecom and tech stocks, you could well argue it all started with Lucent Technologies .",Business,Sci/Tech
Amazon sues spammers for misleading consumers SEATTLE -- Amazon.com has filed three lawsuits in King County Superior Court against unidentified defendants who allegedly forged e-mails and Web sites to fool consumers into thinking they are doing business with the Internet retailer.,Business,Sci/Tech
"Dare you fight the possessed tomatoes? Quirky, stick-figure ""Kingdom of Loathing"" shows continued promise of independent game-writing.",Sci/Tech,Sports
"PeopleSoft ousts CEO, still opposes Oracle bid (USATODAY.com) USATODAY.com - PeopleSoft's board might have finally blinked. The business-software maker, facing a 16-month takeover siege from rival Oracle, has canned the CEO who bitterly opposed the deal and lost crucial regulatory support in its bid to stay independent.",Sci/Tech,Business
"HP Wins Defense Contract HP (Quote, Chart) was awarded a \$290 million, 10-year outsourcing contract with the Defense Logistics Agency #39;s (DLA) Enterprise Data Center (EDC) program, officials announced Wednesday.",Business,Sci/Tech
Judge asked to penalize Microsoft over e-mails Burst.com asked a US judge to penalize Microsoft for destroying e-mails it says the world #39;s largest software company should have preserved as evidence in antitrust suits.,Business,Sci/Tech
"China succeeds in cooling economy, but 2005 likely to prove just as tough (AFP) AFP - China can claim some success in the battle to cool its roaring economy in 2004 with a series of macro policies helping prevent another boom-bust cycle, but much remains to be done if Beijing is to avoid increasing wrangles with trade partners.",Business,Sci/Tech
SEO #39;s Multiplying Effect on Paid Inclusion Paid inclusion (PI) has always been a hot potato. It #39;s not quite SEO (define) and not quite search advertising. No one wants to touch it.,Sci/Tech,Sports
Is PeopleSoft waiting for the right price? A company board member testifies in trial that a sale would be possible if Oracle ups its offer.,Sci/Tech,Business
Swedes beam poetry into outer space (Reuters) Reuters - Swedish poets have broadcast their work into outer space by radio to give alien life forms -- if they exist -- a taste\of earthling literature.,World,Sci/Tech
"Report: Consumers tuning in to plasma TVs First-quarter shipments of plasma televisions in the United States more than doubled from the previous year, according to research firm iSuppli. Prices fell by nearly \$1,000 over the same period.",Sci/Tech,Business
"Argentina Beats U.S. Men's Basketball Team Argentina defeated the United States team of National Basketball Association stars 89-81 here Friday in the Olympic semi-finals, dethroning the three-time defending champions.",World,Sports
"Britain Edges U.S. for 400M Relay Gold (AP) AP - Stymied by a sloppy handoff in the middle of the race, the United States lost to Great Britain by a hundredth of a second Saturday night in the 400-meter relay #151; a race the American men usually dominate.",Sports,World
"U.S. Misses Cut in Olympic 100 Free ATHENS, Greece - Top American sprinters Jason Lezak and Ian Crocker missed the cut in the Olympic 100-meter freestyle preliminaries Tuesday, a stunning blow for a country that had always done well in the event. Pieter van den Hoogenband of the Netherlands and Australian Ian Thorpe advanced to the evening semifinal a day after dueling teenager Michael Phelps in the 200 freestyle, won by Thorpe...",World,Sports
Bon-Ton's Succession Success The transition atop the department store company looks like a pleasant non-story.,Business,Sci/Tech
"Cast-aside candidates grab onto Sox coattails By Raphael Lewis and Benjamin Gedan, Globe Staff and Globe Correspondent October 31, 2004. Republican state Senate candidate Rod Jane of Westborough woke up yesterday with a plan to grab some attention from",Sports,World
"ASCAP Shakes Down Burning Man for Music Royalties LOS ANGELES, CA -- Officials from ASCAP today indicated they intend to pursue music royalties from the organizers of Burning Man, an artist's gathering and celebration held over the Labor Day holiday near Reno, NV. The unconventional event, held annually since 1986, has never paid fees for any of the music played at the event, says ASCAP. ""We intend to pursue all available avenues to get this issue resolved,"" said Tony Wilcox, ASCAP spokesperson.",Sci/Tech,Business
"Siemens in 2.69bn deal with BBC German industrial giant Siemens has signed a 2.69bn contract to deliver technology services around the world to the BBC, a deal that will see it acquire the broadcasters technology subsidiary.",Business,Sci/Tech
"AOL Is Said to Plan 700 Layoffs America Online, the country #39;s leading Internet service, is preparing to lay off as many as 700 of its 13,000 employees in the United States, according to an executive knowledgeable about its plans.",Business,Sci/Tech
Land Rover aims new model at US Land Rover will launch a sports tourer next year in a what is likely to be a test of British carmakers #39; ability to compete in the US.,Business,Sports
"Deal in Congress to Keep Tax Cuts, Widening Deficit Republican and Democratic leaders agreed to extend \$150 billion worth of tax cuts sought by President Bush without trying to pay for them.",World,Business
"Iraq Oil Exports Still Halved After Basra HQ Attack BAGHDAD (Reuters) - Iraq continued to export oil at one million barrels per day on Friday after an attack on the South Oil Company headquarters took sabotage operations to a new level, an official at the state-owned entity said.",World,Business
"VZ Wireless Slams National 411 Directory WASHINGTON -- Verizon Wireless, the nation #39;s largest wireless carrier, clashed with other cellular carriers on Tuesday, telling a US Senate committee that a proposal for a national wireless telephone directory is a quot;terrible idea quot; and that the proposal",Business,Sci/Tech
"September Retail Sales Up by 1.5 Percent WASHINGTON - Shoppers got their buying groove back last month, propelling sales at the nation's retailers by a strong 1.5 percent. It was the best showing since March...",World,Business
"Strangers in Life Join Hands in Death as the Web Becomes a Tool for Suicide in Japan About once a month since January 2002, Japan has recorded a group suicide, successful or attempted, where participants met on the Internet.",Sci/Tech,World
"Conn. Man, 70, Oldest to Swim Channel LONDON - A retired Connecticut pilot has become the oldest person to swim the English Channel. George Brunstad, 70, left Dover, England, Saturday morning heading for the French Coast...",World,Sports
Branson: Virgin Billionaire Eyes China Telecom Deal Can you hear him now: Virgin Group Chairman Richard Branson said in Hong Kong that his company has earmarked \$300 million for a cell phone joint venture in China.,Business,Sci/Tech
"Gateway Can Party Like It #39;s 1999 Those were heady days, they were, back in 1999. The bull market was still roaring. We hadn #39;t yet heard of hanging or dimpled chads.",Sci/Tech,Sports
"U.S. to Allow Some Telemarketing 'Robo Calls' WASHINGTON (Reuters) - Telemarketers will be able to use prerecorded ""robo calls"" to stay in touch with established customers starting next week -- at least for the short term, U.S. regulators said Friday.",Sci/Tech,Business
"Salesforce.com 2Q Profit Up Sharply Software developer Salesforce.com Inc. posted a sharp rise in second-quarter profit on better-than-expected revenue during its first quarter as a public company, but investors shunned the stock in late trading",Sci/Tech,Business
"Texas Instruments Plans Buyback (Reuters) Reuters - Texas Instruments Inc., the\largest maker of chips for cellular phones, on Thursday said it\plans to buy back #36;1 billion in stock and boost its quarterly\dividend by more than 17 percent, becoming the latest\technology company to return extra cash to investors.",Sci/Tech,Business
"Foreseeing the Suns fate: Astronomical interferometry reveals ... For the first time, an international team of astronomers led by Guy Perrin from the Paris Observatory/LESIA, (Meudon, France) and Stephen Ridgway from the National Optical Astronomy Observatory (Tucson, Arizona, USA) has observed the close environment of",Sci/Tech,Sports
Fusion reactor decision must wait Six nations planning to build the world's biggest nuclear fusion reactor fail to agree where to site the facility.,Sci/Tech,World
"Cuts offered, issue remains tax or cap The union #39;s proposal to end the lockout, made Thursday at the league #39;s Canadian headquarters, calls for a tax that would penalize -- and perhaps deter -- high-end payrolls.",Sports,Business
"INSIDE INFO: Man Utd shares drop MAN UNITED #39;S share price has fallen by just over 2.5, less than expected after the resignation of Malcolm Glazer #39;s bankers JP Morgan.",Sports,Business
"Korean and Japanese Phone Makers Win -Survey AMSTERDAM (Reuters) - South Korean mobile phone makers continued a rapid move up the global market rankings during the third quarter, while growth in the wider mobile phone market slowed, a survey found on Wednesday.",Sci/Tech,Business
"Groups Eager to Meet With Bush, Kerry (AP) AP - Organizations representing the nation's 3 million scientists, engineers and doctors have invited both presidential candidates to have a word with them #151; online.",Sci/Tech,World
"Motorola buys wireless network developer, eyes defense contracts CHICAGO - Motorola Inc. is acquiring MeshNetworks Inc., developer of a Wi-Fi based technology that is expected to help land more contracts for its growing government contracting business.",Business,Sci/Tech
"'Miracle baby' a victim - judge A ""miracle baby"" was the victim of child traffickers motivated by financial greed, a judge rules.",World,Business
"Lonely whale #39;s song remains a mystery A lone whale with a voice unlike any other has been wandering the Pacific for the past 12 years. Marine biologist Mary Ann Daher of Woods Hole Oceanographic Institution in Massachusetts, US, and her colleagues",Sci/Tech,Sports
"Mother of Jackson Accuser Testifies SANTA MARIA, Calif. - The mother of the boy accusing Michael Jackson of molestation testified Friday she does not remember a private investigator telling her that he was working for one of the pop star's attorneys, but believed he worked directly for the singer...",World,Sci/Tech
Florida deaths blamed on Hurricane Frances State and local officials Tuesday said nine people have died in Florida because of Hurricane Frances. The following describes those deaths: - A 15-year-old grandson and a former son,Sports,World
"Challenger disappoints with writedown The Kerry Packer-backed Challenger Financial Services Group has reported its first net loss since incorporating, impacted by a massive writedown of goodwill.",Business,Sci/Tech
Australia in grip of water crisis There is a warning that some of Australia's major cities could run out of drinking water.,Sci/Tech,World
"Stock Prices Climb Ahead of Google IPO NEW YORK - Investors shrugged off rising crude futures Wednesday to capture well-priced shares, sending the Nasdaq composite index up 1.6 percent ahead of Google Inc.'s much-anticipated initial public offering of stock. In afternoon trading, the Dow Jones industrial average gained 67.10, or 0.7 percent, to 10,039.93...",World,Business
EU launches graphic tobacco ads The European Commission launches graphic images showing the damage smoking can do to people's health.,World,Business
"Hamm should support Yang Paul Hamm needs a new marketing strategy. Either that, or he needs a clue. One harmless gesture separates him from lionization in America and canonization in South Korea, and",Sports,Sci/Tech
"Plan B Proposes Its Own Alternatives Donnie Downs, president and chief executive of Plan B Technologies Inc., said the company itself is a ""plan B.""",Sci/Tech,Business
"Quick end to US election crucial US President George W. Bush is on the verge of a re-election victory, but Democratic challenger John Kerry is not conceding defeat, at least not now.",Business,World
"UPDATE 2-Cricket-Malik reported for suspect action Cricket-ICC clears Zimbabwe Cricket Union of racism October 17, 2004 14:05:37 LAHORE, Pakistan, Oct 17 (Reuters) - A special report by an International Cricket Council (ICC) inquiry commission has ruled there is no evidence of racism within the",Sports,World
"Crooks slither into Net's shady nooks and crannies (USATODAY.com) USATODAY.com - Organized crime rings and petty thieves are flocking to the Internet like start-ups in the go-go '90s, establishing a multibillion-dollar underground economy in just a few years. The Internet's growth as an economic engine, particularly for financial transactions, is feeding the felonious frenzy.",Sci/Tech,Business
"British industry at best in 10 years Manufacturing industry is enjoying its strongest performance for almost 10 years, according to a survey by the Engineering Employers Federation.",Business,Sci/Tech
"U.S. Seeks Reconciliation with Oil-Rich Venezuela SAO PAULO, Brazil (Reuters) - The United States said on Monday it will seek better ties with oil-rich Venezuela in the clearest sign since President Hugo Chavez won a recall referendum in August that Washington is looking for reconciliation with the firebrand populist.",World,Business
"Life without numbers in a unique Amazon tribe 11=2. Mathematics doesn #39;t get any more basic than this, but even 11 would stump the brightest minds among the Piraha tribe of the Amazon.",Sci/Tech,Business
"Diebold Cuts Forecast NEW YORK (Reuters) - Diebold Inc. DBD.N, the leading maker of automated teller machines, on Monday reduced its third-quarter and full-year earnings forecasts as it absorbs costs for recertifying its electronic voting machines in California and for expenses related to a pending civil action in that state.",Business,Sci/Tech
EU seeks joint asylum policy EU ministers meeting in Luxembourg plan moves to integrate their asylum and immigration procedures.,World,Business
Australia establish 300-run lead in third India Test (AFP) AFP - Australia batted cautiously in their second innings to build a lead of 300 runs over India with nine wickets in hand in the third cricket Test here.,World,Sports
"Murdoch novel reveals Alzheimer's The last novel by the author Iris Murdoch reveals the first signs of Alzheimer's disease, experts say.",World,Sci/Tech
"Mamma Search is Buying Copernic Mamma Search is Buying Copernic\\Mamma.com Inc., the paid search company, and Copernic Technologies Inc. announced that Mamma has signed a letter of intent where they will acquire all of the shares of Copernic Technologies for a combination of cash and shares of Mamma.com Inc. The closing of the acquisition will ...",Sci/Tech,Business
"ConocoPhillips boosts LUKoil stake to 10 percent (AFP) AFP - US oil major ConocoPhillips has boosted its stake in Russia's second-largest oil producer LUKoil to 10 percent, giving Conoco at least one representative on LUkoil's board.",World,Business
"A Canadian Invasion A few weeks ago, in a story on Nortel (NYSE: NT), I asked people to submit a Canadian joke to me. This is as good a place as any to reveal the winner.",Business,Sports
"Dream Team Leads Spain 44-42 at Halftime ATHENS, Greece - As expected, the U.S. men's basketball team had its hands full in a quarterfinal game against Spain on Thursday...",World,Sports
Yahoo! Ups Ante for Small Businesses Web giant Yahoo! is gambling that price cuts on its domain name registration and Web hosting products will make it more competitive with discounters in the space -- which means that small businesses looking to move online get a sweeter deal through ...,Business,Sci/Tech
"Ljubicic Downs Hanescu at Open De Moselle Top-seeded Ivan Ljubicic of Croatia beat Victor Hanescu of Romania 6-4, 6-4 Tuesday in the first round of the Open de Moselle.",World,Sports
"Ancient fungus 'revived' in lab Fungus from a deep-sea sediment core that is hundreds of thousands of years old will grow when placed in culture, scientists discover.",World,Sci/Tech
Yahoo and SBC extend partnership and plan new services Yahoo and SBC Communications have agreed to collaborate to extend some of the online services and content they currently provide to PC users to mobile phones and home entertainment devices.,Business,Sci/Tech
"#39;Somebody please save my dad #39; Nick du Toit #39;s wife and stepdaughter are distraught that there is nothing they can do to help him. On Monday his stepdaughter, Marilise Bezuidenhout, was forced to convey the news of his possible death sentence",World,Sports
"India's Tata makes powerful debut Shares in Indian software services giant Tata Consultancy close 16 higher on their market debut, raising \$1.2bn for the company.",World,Business
"Faces From The 1929 Crash NEW YORK - The people who will forever be associated with the Great Crash of 1929 were all white, male and wealthy, but their occupations and ethics varied considerably.",Business,World
IBM reported to be exiting PC business IBM #39;s possible exit from the personal-computer business would be the latest move in what amounts to a long goodbye from a field it pioneered and revolutionized.,Business,Sci/Tech
Intel cuts Pentium 4 prices The newest P4 chips drop in price by 18 percent to 35 percent; a host of other chips are cheaper now as well.,Sci/Tech,Business
"Volkswagen May Be Close to Settling Its Wage Talks Volkswagen and its workers entered a critical week in their wage negotiations on Monday, with signs that a compromise was taking shape even as protests flared at factories across Germany.",World,Business
Broadband charges set to tumble The cost of broadband internet access is likely to fall after Ofcom ordered British Telecom to cut the amount it charges internet providers.,Business,Sci/Tech
Why I will clone human cells: Dolly creator THE scientist who made his name by cloning Dolly the sheep said yesterday that he was quot;very optimistic quot; about gaining a licence to clone human embryos to aid understanding of motor neurone disease.,Sci/Tech,World
Del Monte Needs 9Lives The leading private and branded food and pet products marketer is spending to revamp its image.,Business,Sci/Tech
"Legendary all-rounder Miller dies Keith Miller, arguably Australia's greatest all-rounder in Test cricket, has died in Melbourne aged 84.",World,Sports
IBM as PeopleSoft #39;s Hero? Hardly Big Blue --a white knight? It #39;s easy to see how industry watchers got carried away with speculation that IBM (IBM ) might be riding to rescue of beleaguered PeopleSoft (PSFT ). On Sept.,Business,Sci/Tech
"Global sales of mobile phones hit record levels PARIS Global cellphone sales rose to record levels in the second quarter as Nokia clawed back some of its lost market share, according to figures released Thursday.",Sci/Tech,Business
"South Korea planning huge spending to revive economy: report (AFP) AFP - The South Korean government is preparing a huge quot;New Deal quot; spending package in the next few years to revive the country's sagging economy, Yonhap news agency said.",Business,World
"AOL pushes into Internet shopping Looking for new ways to boost its revenue, America Online is launching an online shopping service that won #39;t require an AOL account to access.",Business,Sci/Tech
Bush Scraps Most U.S. Sanctions on Libya (Reuters) Reuters - President Bush on Monday formally\ended the U.S. trade embargo on Libya to reward it for giving\up weapons of mass destruction but left in place U.S.\terrorism-related sanctions.,Sci/Tech,World
SBC calling on cable SBC is teaming up with Microsoft to provide consumers with a new way to view television -- a move that puts it in direct competition with the cable TV industry.,Business,Sci/Tech
Football: Brazil legend's UK debut Brazil football great Socrates is set to make his debut for non-league Garforth Town on Saturday.,World,Sports
"Intel Taps Otellini As Next CEO Intel #39;s board, as expected, has named Paul Otellini to succeed Craig Barrett as CEO effective next May 18, the company announced Thursday.",Business,Sci/Tech
"HP targets China with low-cost PC SAN FRANCISCO (CBS.MW) - Personal computer stocks were relatively quiet Friday as the sector focused more attention on China where Hewlett-Packard introduced a new, low-priced PC.",Business,Sci/Tech
"FDA OKs Scientist Publishing Vioxx Data (AP) AP - The Food and Drug Administration has given a whistle-blower scientist permission to publish data indicating that as many as 139,000 people had heart attacks that may be linked to Vioxx, the scientist's lawyer said Monday.",World,Business
"Porn Processor Settles Deceptive-Billing Charges WASHINGTON (Reuters) - A pornography bill-processing company has agreed to forego \$17 million that it billed computer users in order to settle deceptive-business charges, the U.S. Federal Trade Commission said on Monday.",Sci/Tech,Business
Press review 0850CET--The seizure of fake Nike sportswear by the Customs Department was one of the main stories on Wednesday #39;s newspapers. L-Orizzont published,Sci/Tech,Business
"Linux: Paris weighs a shift to open-source camp PARIS The open-source computer system known as Linux won a tough battle over Microsoft earlier this year when the city of Munich decided to change the operating software of 14,000 government computers, despite the personal intervention of Steve Ballmer",Business,Sci/Tech
"Product Previews palmOneUpgrades Treo With Faster Chip, Better Display\With more than 600,000 units shipped, the Treo 600 is one of the big smartphone success stories. Last week, palmOne introduced the follow-on Treo 650 with a higher resolution 320-by-320-pixel TFT screen, which the company claims increases the visible area of the display and makes pictures and documents much clearer. The 650 also carries a removable battery; 32MB of flash memory, and a faster 312MHz, Intel XScale processor. Improved multimedia features include a built-in MP3 player, a digital camera with improved low-light capabilities, as well as video capture and playback functionality. Products are expected to ship by years end from some carriers who will add their own services, and will be priced at about \$499.\ Treo 650, palmOne",Business,Sci/Tech
SC to hear Zee petition tommorrow Five judges of the top court will hear a petition filed by Zee Telefilms on Tuesday. A three-judge panel of the Supreme Court said a five-judge bench would hear the dispute that threatens the rights of India #39;s,Sports,Business
EU Wants U.S. Aid to Boeing Clarified (AP) AP - The European Union on Thursday demanded Washington explain more clearly how it subsidizes Boeing Co. and warned it would counter any U.S. challenge targeting EU rival Airbus SAS before the World Trade Organization.,World,Business
"Approval Expected for Big Cellphone Deal Federal regulators will formally approve Cingular Wireless #39;s \$41 billion purchase of AT amp;T Wireless today, company officials briefed on the matter said over the weekend.",Sci/Tech,Business
England humble Sprinboks Charlie Hodgson scores 27 points as England overwhelm the Springboks at Twickenham.,World,Sports
BSkyB sees profits rise after strong subscriber growth (AFP) AFP - British satellite broadcaster BSkyB said profit rose by 16 percent in the first quarter as the group enjoyed strong subscriber growth in the run-up to the key Christmas trading period.,World,Business
"For Many Airline Pilots, the Thrill Is Gone While pilots still feel in command in the air, they increasingly are feeling slighted on the ground, as airlines extract salary and benefits concessions from them.",World,Business
"Google Wins Trademark Victory Over GEICO ALEXANDRIA, Va. (Reuters) - A federal judge on Wednesday handed online search engine Google Inc. GOOG.O a victory in a trademark infringement case on Wednesday, ruling that when users searched for insurer GEICO, Google could display rivals as well.",Business,Sci/Tech
"Tough Talks Ahead After EU Is Criticized Efforts to forge the world's largest free trade zone between the European Union and South America's Mercosur economic bloc are unlikely to be concluded by an Oct. 31 deadline, the EU said Thursday, with both sides declaring each other's trade offers insufficient.",World,Business
"Japan Won't Have U.S. Beef Anytime Soon (Reuters) Reuters - Japan's lucrative market for U.S.\beef, ruptured by mad cow disease worries, is likely to remain\closed for the rest of this year, U.S. meat industry officials\said on Thursday.",World,Business
"Prized Fossil Just a Rock? With positive and negative results, it remains to be seen what type of Fossil this company really is.",Business,Sci/Tech
Florida Linebacker Charles Charged (AP) AP - Florida linebacker Taurean Charles was charged with aggravated battery and culpable negligence-infliction of injury Wednesday from a fight at an off-campus party in June.,Sports,World
Baby for ovary transplant woman A Belgian cancer patient made infertile by chemotherapy has given birth following revolutionary treatment.,Sci/Tech,World
Research Is Definitely in Motion The Blackberry wireless device maker is straining to exceed expectations.,Business,Sci/Tech
"Second Acts Former House speaker Thomas M. Finneran is the new president of the Massachusetts Biotechnology Council, a trade group that counts more than 400 members, including Genzyme Corp. and Biogen Idec Inc., the two largest biotechnology companies in the state. Its previous president left under pressure earlier this year, and some members say they chose Finneran, who quit his legislative post ...",Business,World
World Trade Organization holds off on sanctions over US anti ... The World Trade Organization held off Wednesday on approving stiff sanctions on US exports - ranging from cod to mobile homes - intended to punish Washington until it repeals the so-called Byrd amendment.,Business,World
Chip Giant UMC Reports Higher Profits (AP) AP - United Microelectronics Corp. #151; the world's No. 2 producer of made-to-order chips #151; on Wednesday reported that its third-quarter net profit more than doubled on year as shipments of chips for mobile phones and other gadgets increased.,Sci/Tech,Business
New planes fly to battle locusts The United Nations is flying six more aircraft to combat swarms of crop-devouring locusts in west Africa.,World,Sci/Tech
India seeks new TV bids The Indian Board re-opens the bidding for TV rights after Australian threaten to cancel their tour.,World,Sports
"Man arrested for fatally stabbing elderly parents SAITAMA -- A middle-aged man who fatally stabbed his parents has been arrested, police said. Hideo Nakajima, an unemployed man from Soka, Saitama Prefecture, apparently called police shortly before 8 pm, Wednesday.",Sci/Tech,World
Sandia Motor Speedway for Sale on eBay (AP) AP - And the race is off! Only 29 days and some odd hours left to place your bid on eBay to buy the Sandia Motor Speedway.,Sci/Tech,Sports
Update 2: Google Says Revenue Growth Is Slowing Shares of Google Inc. slipped in pre-market trading Thursday after the world #39;s most popular Internet search engine warned for the second time in a week that its fourth-quarter revenue growth rate is likely to slow from previous quarters.,Business,Sci/Tech
"Adobe updates RAW plug-in with digital negative format Adobe has updated Photoshop #39;s support for digital cameras #39; RAW image formats. The new plug-in adds to the number of camera models supported and includes a utility for converting images into the DNG, digital negative format.",Business,Sci/Tech
"BHP Billiton, Alcoa sell Integris Metals for 359 million pounds (AFP) AFP - Anglo-Australian mining giant BHP Billiton and Alcoa, the world's largest aluminium producer, have agreed to sell their metal services joint venture Integris Metals for 660 million dollars (359 million pounds) including debt, a joint statement said.",World,Business
"Oil exports flow as strike woes ease A general strike in Nigeria, which has raised fears over oil supply from the world #39;s seventh-largest exporter, will likely end its first phase on Thursday quot;all going well quot;, union leaders said.",World,Business
"SBC and Yahoo! extend pact to offer Internet service SAN ANTONIO SBC Communications and Yahoo are expanding their high-speed Internet service partnership to link video, wireless phone, Internet and other services.",Business,Sci/Tech
"Tacoma weathers ERP and CRM 'perfect storm' Problems with a \$50 million-plus rollout of SAP's ERP, CRM and other business apps in the city of Tacoma, Wash., have generated a storm of end-user complaints, bad press and a call for an independent audit of the situation.",Sci/Tech,Business
The Brains Behind AI Daphne Koller is pushing the limits of building computer programs that learn efficiently and reason intelligently. Third in a series profiling this year's MacArthur 'genius award' winners. By Kari Lynn Dean.,Sci/Tech,Business
"Lockheed Profit Jumps on IT, Jet Demand \ NEW YORK (Reuters) - No. 1 U.S. defense contractor Lockheed\Martin Corp. reported a 41 percent rise in quarterly\profit on Tuesday, beating Wall Street forecasts, as demand\soared for its combat aircraft and information technology\services.",Sci/Tech,Business
"Giga counters They #39;re bold, brash and break most rules of business -- so why are the Google guys multi-billionaires? GOOGLE Inc had plenty to celebrate at its recent annual summer picnic -- its debut as a public company",Sci/Tech,Business
"Jones Advances in Long Jump; Johnson Out ATHENS, Greece - Marion Jones made her Athens debut in virtual anonymity, quietly advancing to the long jump final. Allen Johnson had the attention of everyone in the stadium, for all the wrong reasons...",World,Sports
Congress Sends 'Net Access Ban to White House The U.S. Congress on Friday reinstated a ban on Internet access taxes after the House of Representatives agreed to extend it for another three years rather than make it permanent.,Sci/Tech,Business
"Glory Comes Amid Empty Seats and Closed Shutters HERE in Old Europe, people install shutters outside their windows to keep out the heat, the pollution, the daylight, the noise. They also lock the shutters tight when they go away on holiday.",Sports,Sci/Tech
"Is this the end of IT as we know it? Halsey Minor, CEO of hosted integration provider grand central Communications, has a powerful message for IT: In four years, ... basically the whole notion of enterprise application software is going to be dead. He believes application functionality will instead be available as hosted, pay-per-use services delivered by companies such as Salesforce.com. Putting his money where his mouth is, Minor has recently launched a \$50 million venture capital fund with his own money to fuel on-demand startups. For its part, Grand Central will handle data and process integration between enterprises and multiple on-demand services.",Business,Sci/Tech
"Telephone Tag (Forbes.com) Forbes.com - ARRIS GROUP (5, ARRS) saw its market cap unjustifiably halved recently when Comcast, a huge customer (24 of Arris' sales), hinted it might buy next-generation technology from Cisco Systems. Arris supplies the technical guts that cable companies use to provide phone service. (For the reverse phenomenon, see story on p. 162.)",Business,Sci/Tech
Fortune's 100 Most Doomed? Your company made it to Fortune's 100 Fastest Growing Companies list. Is that a good thing?,Business,Sci/Tech
"Maddux Wins No. 302, Baker Wins No. 1,000 Greg Maddux pitched the Chicago Cubs into the lead in the NL wild-card race and gave Dusty Baker a win to remember. Maddux threw seven shutout innings for his 302nd career win, Baker got his 1,000th victory as a manager and Chicago beat the Montreal Expos 5-2 on Monday night...",World,Sports
Boxer Begs Bush to Back Bum Bill Members of California's congressional team make one last effort to look good for the tech industry back home.,Business,Sci/Tech
"You Say Sell, I Say Potato Disgruntled shareholders file suit to force talks with Oracle while PeopleSoft's two largest shareholders agree to disagree.",Business,Sci/Tech
"Commission backs 5bn British Energy deal British Energy, the nuclear generator, yesterday welcomed a decision by the European commission to approve a government-backed 5bn rescue plan.",Business,World
Sun Micro Posts Narrower Quarterly Loss SAN FRANCISCO (Reuters) - Network computer maker Sun Microsystems Inc. on Thursday posted a narrower quarterly loss as revenue rose for the second consecutive quarter on higher sales of servers after three years of declines.,Business,Sci/Tech
"World awaits Chinese Grand Prix A quarter of a billion dollars to build the track. Tens of millions in racing fees. More than 150,000 live spectators and a television audience of hundreds of millions.",Sports,Business
"HAYLEY MICK: Hayley Mick is a journalist currently based in Vancouver. She has broadcast experience with CBC Radio #39;s Quirks and Quarks and has reported for the Vancouver Sun, CBC Online, and the Canadian Press #39;s Ontario and Vancouver bureaus.",World,Sci/Tech
Rain threatens triangular final (AFP) AFP - Organisers were left banking on the Dutch weather to spare Saturday's final of the triangular cricket tournament after deciding against altering the fixture schedule in a bid to beat the rain that has marred this warm-up event for next month's ICC Champions Trophy in England.,World,Sports
"Advanced Micro Devices meets reduced forecast for third quarter SAN FRANCISCO - Advanced Micro Devices Inc. reported a third-quarter profit from a loss a year-earlier on today, but sales fell from the second quarter in line with the chip maker #39;s recently reduced outlook.",Business,Sci/Tech
"Munro, Morris Face Off in NLCS Game 2 ST. LOUIS - The Houston Astros put their hopes in a pitcher untested in the postseason when they give Pete Munro the ball to start Game 2 of the NL Championship series on Thursday, one night after dropping the opener to the St...",World,Sports
"Contradiction in Terms : How to make beer It's been around for thousands of years. It has been worshiped, reviled, banned, and made the cornerstone of economies. It has helped us celebrate, weep, relax, and get laid. And now we're going to make some. A pint, a glass, an ale, a lager, a beer.",Sci/Tech,Business
"Chavez victory confirmed Caracas, Venezuela - The results of an audit support the official vote count showing that President Hugo Chavez won this month #39;s recall referendum in Venezuela, the head of the Organization of American States said Saturday.",Business,World
"Colombia Accuses Cos. of Illegal Imports The Colombian government has filed a lawsuit accusing Pernod Ricard SA, Diageo PLC and Seagram Export Sales Co. of illegally importing spirits via Colombian companies that launder drug money.",World,Business
"World Population to Rise to 8.9 Billion Although world families are getting smaller in many regions, the 50 poorest countries are expected to triple in size to 1.7 billion people by 2050, posing many challenges for world countries.",World,Business
EU transport chief hails Alitalia accord (AFP) AFP - EU transport and energy commissioner Loyola de Palacio hailed the accord reached between Alitalia management and staff on a major restructuring plan aimed at keeping the struggling airline in the air.,World,Business
"Bangladesh boss slams detractors Bangladesh's coach says they still deserve Test status after their 30th defeat, to India.",World,Sports
Court to hear Microsoft appeal to \$521M Eolas ruling A panel of judges on Thursday is scheduled to hear Microsoft's appeal in a case where a jury ordered the software maker to pay \$520.6 million in damages after finding that Internet Explorer (IE) infringed on a patent.,Sci/Tech,Business
"Hurricane Ivan Slams U.S. Gulf Coast Hurricane Ivan roared into the Gulf Coast near Mobile, Alabama, early this morning with peak winds exceeding 125 miles an hour (200 kilometers an hour).",Sci/Tech,World
"Microsoft vs Sendo: It #39;s over The legal battle between UK phone manufacturer Sendo and Microsoft has been settled, the companies announced on Monday morning. Sendo had been suing Microsoft for the alleged theft of trade secrets, fraud",Business,Sci/Tech
Feed-Tube Law Is Struck Down in Florida Case The court said that Gov. Jeb Bush violated separation of powers when he signed a law to keep Theresa Schiavo alive.,World,Business
Travelzoo Shares Rise as Offering Rumor Fades (Reuters) Reuters - Shares of Internet travel site\Travelzoo Inc. rose nearly 4 percent on Wednesday as\market rumors of a secondary stock offering faded.,Sci/Tech,Business
Sri Lanka off to positive start Kumar Sangakkara's unbeaten fifty revives Sri Lanka's chances against Pakistan.,World,Sports
Woman's death probed Public health officials are investigating why a 38-year-old woman died two weeks after undergoing gastric bypass surgery at Saint Anne's Hospital in Fall River. The hospital has stopped offering the surgery during the state probe and an internal review.,Business,World
"Netopia to Restate Results (Reuters) Reuters - Netopia Inc. a maker of\networking gear, on Thursday said its auditor KPMG LLP\resigned, and said it will restate two years of results and\revise the results in its most recent fiscal quarter.",Sci/Tech,Business
"Report: Intel Logs Big Gains In Flash Market Intel #39;s share of the booming flash market jumped 40.8 percent in the second quarter, according to market-research firm iSuppli Corp.",Sci/Tech,Business
"Canada, US fail to resolve beef trade dispute Canada and the United States have failed to reach an agreement on resuming US imports of Canadian live cattle, local press reported Sunday.",Business,World
"Shareholders Approve Aether Changeover Shareholders approved Aether Systems Inc.'s sale of one of its two remaining operating divisions Wednesday, a deal that will take the Owings Mills company out of the wireless business and nearly complete its transformation into a mortgage investment fund.\-The Washington Post",Sci/Tech,Business
"MicroStrategy Turnover Draws Analyst Scrutiny MicroStrategy Inc. said yesterday that president and chief financial officer Eric F. Brown had resigned and that founder Michael J. Saylor would again hold the company's top three jobs, prompting some analysts to raise concerns about the company's stock.",Sci/Tech,Business
"Conversion Rates Between PPC (Paid) and Organic (Free) Results Conversion Rates Between PPC (Paid) and Organic (Free) Results\\In a thread over at Cre8asite Forums named Organic vs Paid traffic ROI?, there is a discussion going on about the different conversion rates and ROI seen between the pay per click traffic (paid traffic) and organic traffic (free traffic). I have ...",Sci/Tech,Business
"Labor situation deserves honest talk For a moment last week, President Bush escaped the White House spin chamber and was the plainspoken man much of the nation came to like four years ago.",Business,World
Producer sues for Rings profits Hollywood producer Saul Zaentz sues the producers of The Lord of the Rings for \$20m in royalties.,World,Business
ANOTHER VOICE Sugary drinks bad for you Many studies have linked the consumption of nondiet soda and fruit juices with added sugars to obesity and attendant risks of diabetes.,Sci/Tech,World
"R.I.P. Gary Webb -- Unembedded Reporter The finest journalist ever to get fired for telling the truth is dead at age 49. The official cause of death on the death certificate will be suicide. But, as we shall see, he had much help getting to that point. The story of the life and death of Gary Webb says much about the state of American politics and what passes as ""journalism"" in today's America.",Sci/Tech,World
"Google takes the competition to school While rivals scramble to catch up on the desktop, Google plans to digitize famous libraries. Its official. Google is the most dangerous media company on the planet.",Sci/Tech,Business
Next Big Hit at the Modern: Its Reopening The buzz over the greatly enlarged museum is expected to turn into a cacophony on Saturday.,World,Sports
"UK Train Line to Be Closed for Days #39; After Fatal Derailment A main rail line between London and southwest England will remain closed for a number of days #39; #39; as UK police investigate the weekend derailment of a FirstGroup Plc train, in which seven people lost their lives.",World,Business
"Cali Cartel Boss Sent to U.S. on Drug Charges BOGOTA, Colombia (Reuters) - The former boss of the Cali drug cartel, who once controlled most of the world's cocaine trade, was sent to the United States on Friday to face trafficking and money laundering charges.",World,Business
"Next gen games prove a challenge Making games for the future consoles is going to take a lot of time and money, a games conference is told.",Sci/Tech,Sports
Danish group #39;s gift criticized A Danish group has caused controversy in Colombia by publicly donating money to the country #39;s largest Marxist guerrilla organization.,World,Business
"Daily Mail hits back at Blunkett The Daily Mail today dismissed David Blunkett #39;s claim that the media played a role in his downfall, saying he only had himself to blame.",World,Sci/Tech
"MOM 2005 Released to Manufacturing Microsoft on Wednesday announced the release to manufacturing of Microsoft Operations Manager (MOM) 2005 and MOM 2005 Workgroup Edition, a new edition that the company previously called MOM 2005 Express.",Business,Sci/Tech
"Fable; Nascar 2005: Chase For The Cup Fable comes with a big reputation behind it -- it was developed by Peter Molyneux, creator of such involved, engrossing games as Populous and Black and White.",Sci/Tech,Sports
"A Fair Tax Some say a ""fair tax"" that removes the need to file tax returns from the vast majority of the citizenry is a national sales tax. This doesn't seem to be very fair to people trying to feed, house and clothe themselves and seems to subsidize large land holders (Bush's favorite constituency). There is a tax that lives up to the promises broken by Bush's proposal for a national sales tax.",Sci/Tech,Business
Mexico Struggles to Preserve Ancient Ruins (Reuters) Reuters - The majestic pyramids and\temples of the ancient Zapotec kingdom of Monte Alban sit\spectacularly atop a hill in Mexico's southern state of Oaxaca.,Sci/Tech,World
"Oracle vs. PeopleSoft: Lies and Lying CEOs Who Tell Them PeopleSoft #39;s board knew that CEO Craig Conway had erred in his comments, so it filed a corrected version of the meeting transcript with the Securities and Exchange Commission.",Sci/Tech,Business
"USA : Textile industry to renew request to place embargo on ... The US textile industry officials would plead for blocking Chinese imports to the Bush administration this month. Earlier this year, the White House had rejected a similar request made by 130 Republican and Democratic members of Congress.",Business,World
"Cingular Planning Major 3G Wireless Rollout Just as the AT amp;T buy helped Cingular move ahead of Verizon Wireless to the top of the industry in terms of size, the new network would likely give it an overall faster network, a distinction most say Verizon can now boast.",Business,Sci/Tech
"Sixers-Wizards matinee doesn #39;t disappoint Still home in Philly for the Thanksgiving holiday, we decided to hit the Sixers/Wizards matinee yesterday. One of the best decisions we #39;ve made in a long time.",Sports,Business
I.B.M. Agrees to Settle Part of Giant Pension Case I.B.M. said that it had agreed to pay \$320 million to its employees to settle in part a class-action lawsuit over its pension plan.,Sci/Tech,Business
"Spyware opponents win another battle The Federal Trade Commission won an important victory last week in its fight to protect consumers from spyware, the software that tracks unsuspecting Web surfers, bombards them with advertisements and sometimes even steal login information and passwords.",Business,Sci/Tech
"IBM posts broad Q3 revenue growth NEW YORK - IBM Corp. posted quarterly results on Monday showing 9 percent revenue growth from last year and slight earnings growth, despite a \$320 million charge it took during the quarter to settle some claims in a lawsuit over its pension plan.",Sci/Tech,Business
"Without Batting An Eyelash : A very French welcome for a new ... THAT night, it seemed as if three or four parties were going on at once in Cosmo Manille. Wrong, palanggas. Actually, there were five in Makati alone, and one of them had a stream of traffic",Business,Sports
"America #39;s curse There is an all but unanswerable case for asserting that the biggest story out of the United States this week has nothing to do with the presidential election, has no connection with the flu vaccine shortage and that it does not involve a gay bishop either",Sports,Business
"BBC 'must keep up' BBC boss Mark Thompson says the corporation must keep up with change, after announcing nearly 3,000 job cuts.",World,Business
The Great Vegetarian Scam Ive written before about my struggle to remain a vegetarian on Tuesday - when I abjure meat for religious reasons -hile travelling.,Sci/Tech,World
"Iceland Offers Shelter to Fugitive Chess Player Fugitive chess master Bobby Fischer has been offered a new home in Iceland, where he won a classic victory in 1972, but it is unclear whether he will be able to make the move from his detention in Japan.",World,Sports
Brewers buyer expected to step out of the shadows Monday MILWAUKEE - Paul Attanasio says the story of his brother buying a baseball team is like a script straight out of Hollywood. He should know.,Business,Sports
"Help wanted by IT services firms The growing services industry is hiring, but tech workers looking for a job may need to do more than brush up on their coding.",Sci/Tech,Business
"Former Dot-Com Commerce One Eyes Closure Commerce One Inc., an Internet software maker valued at \$20 billion at the peak of dot-com mania, is poised to go out of business as a pauper.",Sci/Tech,Business
"T-Online returns to Deutsche Telekom mothership German incumbent telco Deutsche Telekom announced over the weekend it is to begin taking its internet division, T-Online, back entirely within the mother corporation.",Business,Sci/Tech
"Oil prices bubble to record high The price of oil has continued its sharp rise overnight, closing at a record high. The main contract in New York, light sweet crude for delivery next month, has closed at a record \$US46.75 a barrel - up 70 cents on yesterday #39;s close.",World,Business
"Bush Signs Into Law Debt Ceiling Increase WASHINGTON (Reuters) - President Bush on Friday signed intolaw a measure authorizing an \$800 billion increase in thecredit limit of the United States, the White House said.",World,Business
"US consumers unaware of spyware The findings come in a report from the newly formed Consumer Spyware Initiative, a joint effort by Dell and the non-profit Internet Education Foundation that aims to increase awareness of spyware.",Business,Sci/Tech
"Microsoft Lawyer Says Company Able To Comply with EU Antitrust ... Microsoft attorney Brad Smith, said: quot;We will certainly be prepared to comply with the court #39;s order whatever it may be. We have invested a tremendous amount of time and energy and spent millions",Business,Sci/Tech
Qatar Defense Show Focuses on Videogame Technology DOHA (Reuters) - Rick Bracewell is driving through Baghdad when gunmen open fire. Then a nearby dead dog strapped with explosives blows up and his vehicle goes up in flames.,Sci/Tech,World
"Global server sales on the rise Sales of server systems rose 7.7 percent globally in the second quarter to \$11.55 billion as demand for Information Technology remained strong after a three year downturn, market research firm Gartner said in a statement.",Sci/Tech,Business
"Movies in a snap: Netflix and TiVo discuss downloads Bee Staff Writer. The high-tech ground is shifting underfoot again, amid rumblings of a new Silicon Valley alliance that would let owners of TiVo Inc.",Business,Sci/Tech
"On an old road to Damascus: An ancient city finds new life DAMASCUS -- The crowd begins filling the courtyard of Opaline, a trendy restaurant, as late evening teeters toward early morning. Many arrive by golf cart, whisked through alleys to the wooden doors of a centuries-old Arab home within Old City walls.",World,Sports
"FCC Mulls Airborne Mobile Phone Use Although there may have been technical limitations at the time the cell phone ban was established, according to IDC #39;s Shiv Bakhshi, it is unclear why the ban has remained in place, given that",Business,Sci/Tech
"Sources: Sprint, Nextel closing in on \$36B deal Sprint Corp. is in advanced talks to buy Nextel Communications Inc. for more than \$36 billion in a mostly stock deal, sources familiar with the situation said today.",Sci/Tech,Business
"Howard Stern Says He Plans to Jump to Satellite Radio After heavy F.C.C. fines, Howard Stern expects to deliver ""my show my way"" in the mostly unregulated medium.",World,Business
"Senate Resolves Corporate Tax Bill Delay Sen. Mary Landrieu, D-La., is shown in Washington in this Nov. 11, 2003, file photo. Known as one of the Senate #39;s more moderate Democrats, Landrieu undertook a fiery defense Sunday, Oct. 10, 2004, of military",Business,World
"Stern to Join Sirius Satellite Radio NEW YORK - Howard Stern has long had two words for the Federal Communications Commission - and in 15 months, he can finally utter them on the air. The self-proclaimed ""King of All Media,"" perhaps the most influential radio voice of the last 20 years, is shifting his salacious act to satellite radio and freeing himself from the increasingly harsh glare of federal regulators...",World,Business
"Stocks Sink on Coke's Gloomy Forecast NEW YORK - Stocks headed lower Wednesday after beverage giant Coca-Cola Co. issued a gloomy forecast, and a lower-than-expected reading on industrial production for August threw the nation's broader economic outlook into question...",World,Business
"Apology, refund from cruise line In a move almost unheard of in its industry, Norwegian Cruise Line has apologized for service problems during the Pride of Aloha #39;s first two months of sailing around Hawaii, and is refunding a portion of the service charge to everyone who has cruised on",Business,Sci/Tech
Ryder Cup: Europe close on victory Another good day at Oakland Hills sees Europe move 11-5 clear of the USA going into Sunday's Ryder Cup singles.,World,Sports
"Dreams of perfect market are fine, as long as they don't come true In these times of financial wrongdoing and subsequent systemic changes, it's only natural to wonder what a perfect investment world would look like.",Business,Sci/Tech
"HP to tempt holiday shoppers with sights and sounds The computer-hardware giant, best known for products such as PCs and printers, on Friday laid out its plan to become a brand-name in consumer electronics products such as flat-screen TVs, music players and the devices that move content between them.",Business,Sci/Tech
"FasTrak Toll Bridge Discounts End Monday About 70,000 motorists signed up for FasTrak, the electronic toll collection system, since July 1, when tolls went up from \$2 to \$3.",Business,World
Senate weighs H-1B visa changes U.S. senators are debating a controversial measure to exempt foreign student graduates from the cap on H-1B visas.,Sci/Tech,World
PeopleSoft Chief Threatens to Sue Over Oracle Statements PeopleSoft's chief executive accused Oracle of spreading misleading information about his stock sales and threatened to sue for defamation.,Sci/Tech,Business
"EU to probe Microsoft-Time Warner buy The decision is a setback for the two companies and their plan to acquire ContentGuard, a digital rights management firm.",Sci/Tech,Business
"On TV -- from the Internet SAN MATEO, Calif. -- The promise of Internet-based video has long been hamstrung by copyright and piracy worries, slow dial-up connections, technical challenges, and consumer disdain for watching blotchy videos on their home computers.",Business,Sci/Tech
"New Star-Type Resembles Stillborn Star When a binary star system starts to transfer mass, one of the twins may well win out, leaving its companion to occupy a strange region half way between a star and a planet. A new star-type of this sort has been found, which resembles the infrared ash of a stillborn star.",Sci/Tech,Sports
"U.S. Men's Hoops Team Finally Gets a Rout ATHENS, Greece - The Americans got a taste of what it was like in the good ol' days. They finally played an opponent they were able to beat easily, routing Angola 89-53 Monday in their final preliminary game of the Olympic men's basketball tournament...",World,Sports
Dogs in Training to Sniff Out Cancer Experts have trained unwanted dogs into supersniffers that can detect drugs or bombs. Now they're focusing on a new threat #151;prostate cancer.,Sci/Tech,World
"An Unknown Giant Flexes Its Muscles Although virtually unknown in the U.S., Lenovo - in talks to buy I.B.M.'s personal computer business - is China's largest PC maker and the world's fastest growing one.",Sci/Tech,Business
Skyboxes May Reach A Limit Verizon Communications Inc. would seem to be a prime candidate to snap up a luxury suite at the \$440 million ballpark being planned for Washington's Major League Baseball team.,Business,Sports
"Attacks disrupt some credit card transactions Flood of data interrupts Authorize.net's credit card processing for Internet merchants, leaving the company scrambling.",Sci/Tech,Business
"Boeing casts eyes on live TV over Connexion service The Boeing Co. is planning to add live television to its Connexion by Boeing service during 2005, a company executive said in a recent interview.",Sci/Tech,Business
How to take the perfect penalty A sports psychologist says how footballers should prepare themselves for the high-pressure penalties.,Sci/Tech,Sports
Erdogan Believes European Council #39;s Decision Will Be A Milestone PARIS - Turkish PM Recep Tayyip Erdogan expressed belief on Thursday that the decision that the European Council would make on December 17th (on whether and when to open negotiations with Turkey) would be a milestone for not only Turkey-(EU) relations,Business,World
"FDA Approves Lens Implant to Sharpen Sight WASHINGTON - There's a new option for people who suffer from extreme nearsightedness, whose world loses its crisp edge just a few inches from their noses. The first implantable lens for nearsightedness was approved Monday by the Food and Drug Administration...",World,Business
This week in merger news This week saw three merger deals worth about \$60 billion--including one that ranks as the largest software merger in history.,Sci/Tech,Business
Finnish Watchdog Raps TV Game Operators (Reuters) Reuters - Finland's consumer watchdog said on\Monday it had reprimanded broadcasters for causing children to\run up huge mobile phone bills with interactive television game\and chat programs.,World,Sci/Tech
"Hooker Furniture Puts Investors First Closing a factory is never popular, but it's the right thing to do.",Business,Sci/Tech
"Coping With the Common Cold By Karen Pallarito, HealthDay Reporter HealthDayNews -- Determined this cold season to nip your sneezing, runny nose and scratchy throat in the bud before those nasty respiratory symptoms sideline you? There's a broad array of cold remedies you might want to try, ranging from over-the-counter preparations to basic ingredients tucked away in your kitchen pantry. So what'll it be? A combination pain reliever and nasal decongestant? Vitamin C and echinacea? Tea with honey? A brimming bowl of chicken soup? It turns out the best advice for dealing with the misery of a cold is the same principle mothers often apply when trying to coax their unruly toddlers to take a nap: Whatever works...",Sci/Tech,Sports
"Toshiba claims Hollywood backing in war for next DVD standard (AFP) AFP - Toshiba said four major Hollywood studios had thrown their crucial weight behind High Definition DVD (HD-DVD), one of two disc formats contending to be the standard in next-generation DVDs.",World,Sci/Tech
Google creators in share sell-off Google founders Larry Page and Sergey Brin have announced plans to sell millions of shares in the web search company they launched in 1998.,Business,Sci/Tech
"Mom Hugs 'Miracle' Baby After Ovarian Transplant (Reuters) Reuters - Ouarda Touirat, her day-old baby\daughter nestling in her arms, said Friday she had never lost\hope that she could conceive after cancer treatment left her\infertile.",Sci/Tech,World
Soweto township marks centenary South Africa's historic Soweto township marks its 100th birthday on Tuesday in a mood of optimism.,World,Business
"Walking link to low dementia risk Walking may protect the elderly from developing dementia, research suggests.",World,Sci/Tech
Football: Spanish FA apologises The Spanish FA apologises to its English counterparts following racist chanting.,World,Sports
"Witnesses to Confront Cali Cartel Kingpin Thirteen years into their probe, U.S. investigators have assembled a team of smugglers, accountants and associates to testify against Colombian cartel kingpin Gilberto Rodriguez Orejuela.",World,Sports
"Intel to delay product aimed for high-definition TVs SAN FRANCISCO -- In the latest of a series of product delays, Intel Corp. has postponed the launch of a video display chip it had previously planned to introduce by year end, putting off a showdown with Texas Instruments Inc. in the fast-growing market for high-definition television displays.",Business,Sci/Tech
"Local group joins suit to de-list endangered species Bob Briggs wifes family has owned about 1,000 acres of redwood forest off Waddell Creek since 1913. He doesnt clearcut, and logs about once a decade.",Business,Sci/Tech
"Spears' Fiance to Star in Her New Video NEW YORK - Britney Spears' former backup dancer and current fiance Kevin Federline can add another title to his resume: co-star. On Wednesday, a Jive Records publicist confirmed Federline is featured in Spears' upcoming ""My Prerogative"" video, set to debut in mid-September...",World,Sci/Tech
US football: Patriots' historic win New England win a record-tying 18th straight game - plus an NFL round-up.,World,Sports
"Hurricane loss 'less than feared' Hurricane Frances could cause \$3-6bn in insured losses in the US, less than experts first predicted.",Business,Sci/Tech
"Teenager Charged With Creating Sasser Informants, seeking a reward from Microsoft, led police to the German student.",Sci/Tech,World
JFK killing fades in intensity WASHINGTON: The 41st anniversary of President John F Kennedy #39;s assassination passed on November 22 - a lot more quietly than earlier ones.,Sci/Tech,World
"Telekom Austria taps the Bulgarian market Telekom Austria, Austrias largest telecoms operator, obtained access to the relatively underdeveloped East European mobile services market by winning the right to purchase the Bulgarian mobile operator MobilTel for 1.6billion (\$2.12billion).",Business,Sci/Tech
"Unknown Nesterenko Makes World Headlines (Reuters) Reuters - Belarus' Yuliya Nesterenko won the top\women's athletics gold medal at the Olympics on Saturday,\triumphing over a field stripped of many big names because of\doping woes to win the 100 meters.",World,Sports
"FCC Proposes \$1.2M Indecency Fine for Fox WASHINGTON - Federal regulators proposed a record indecency fine of nearly \$1.2 million Tuesday against Fox Broadcasting Co. for an episode of its reality series ""Married by America"" that included graphic scenes from bachelor and bachelorette parties...",World,Business
Lazarus-like virus hits computers A new computer virus is catching people out by coming back from the dead.,Business,Sci/Tech
"Quietly, tide of opinion turns on Chechen war Although discussion of the war has been marginalized, many experts say Russians may not prefer it that way.",World,Sci/Tech
Time to look overseas for a healthier 401(k) I change the mutual funds in my 401(k) plan about as often as the Red Sox win the World Series.,Business,Sports
"Travelocity Says Speed Is the Ticket For Growth Sam Gilliand, the chief executive of Travelocity, talks about the online travel industry, the Cendant-Orbitz merger and the woes of the airline industry.",Sci/Tech,Business
"Dow Jones Agrees to Buy MarketWatch in \$519 Million Deal Dow Jones Company, the publisher of The Wall Street Journal, has agreed to buy MarketWatch, the parent company of the financial news Web site CBS MarketWatch, for approximately \$519 million, the companies said today.",World,Business
"Holiday Stamps to Be Issued in Oct. (AP) AP - Holiday postage stamps celebrating Christmas, Hanukkah and Kwanzaa will be issued next month, the U.S. Postal Service announced Monday.",World,Sci/Tech
"Guidant merges with Johnson and Johnson Indianapolis, Dec. 16 - An announcement Thursday morning ends weeks of speculation and means that if Guidant shareholders sign off, Indiana will lose one of its few Fortune 500 companies.",Business,Sports
"German investor confidence slumped in September BERLIN - German investor confidence dropped sharply in September, a key economic indicator released Tuesday showed amid concerns about the impact of high oil prices on consumer demand and the outlook for the global economy.",World,Business
"Ex-Bush Official on Cybersecurity Returns (AP) AP - Howard Schmidt, a highly regarded technology executive who was former special adviser to President Bush for cybersecurity, is returning to work with the Homeland Security Department on efforts to protect the nation's computer networks.",World,Sci/Tech
"Barrett: Good business models vary widely BANGALORE, INDIA - Peer-to-peer (P2P) sharing would never have gathered momentum if the music industry had adopted models for distribution over the Internet, said Intel Corp. Chief Executive Officer Craig Barrett, addressing IT executives in India Friday.",Sci/Tech,Business
Tough to predict a hurricane landfall this season #39;s busy season of landfalling Atlantic hurricanes has seen a few less-than-perfect calls by tropical,Sci/Tech,Sports
"Avis blames IT for multimillion-dollar loss The car rental company takes a major hit because of problems with IT, including high costs associated with an ERP project.",Sci/Tech,Business
"CA to buy Netegrity for \$430 million com October 6, 2004, 7:36 AM PT. This fourth priority #39;s main focus has been improving or obtaining CRM and ERP software for the past year and a half.",Business,Sci/Tech
"Ken Caminiti, 1996 NL MVP, Dies at Age 41 NEW YORK - Ken Caminiti, the 1996 National League MVP who later admitted using steroids during his major league career, died Sunday. He was 41...",World,Sports
Nepal blockade 'blow to tourism' Nepal tour operators say tourists cancelled millions of dollars of bookings due to the rebel blockade of Kathmandu.,Business,World
OPM Delving Deeper Into Employees #39; Backgrounds which sets hiring and employment standards for the government -- is reviewing its employees to ensure that they are suitable for jobs involving the quot;public trust.,Sci/Tech,Business
"PeopleSoft CEO Conway maintains defiant tone SEPTEMBER 21, 2004 (IDG NEWS SERVICE) - With 15,000 attendees at PeopleSoft Inc. #39;s Connect 2004 user show waiting to hear how the company would handle Oracle Corp.",Business,Sci/Tech
"Residents Protest Nation #39;s First Hydrogen Refueling Station Two dozen protesters greeted Mayor Tony Williams and top executives of Shell, who came to open North America #39;s first hydrogen refueling station.",Business,Sci/Tech
"'Sherlock' Is Bicycling Across Australia PERTH, Australia - A former British soccer player raising money for a leukemia charity set off Wednesday on a coast-to-coast ride across Australia on a Victorian-era bicycle that is older than the country. Leukemia survivor Lloyd Scott dressed up as fictional British supersleuth Sherlock Holmes, complete with tweed coat, deerstalker hat and a fake mustache for the 2,700-mile trip from Perth to Sydney...",World,Sports
"US economic growth slips to 2.8 Annual US economic growth fell to 2.8 in the second quarter of 2004, marking a slowdown from the 3 estimated a month ago.",World,Business
A wandering Congress trips over the US Constitution That is the one-word message of advice that citizens wanted to send to members of Congress at the end of last week. Both the House of Representatives and the Senate looked as if they are having trouble seizing,Business,World
TiVo loss widens SAN FRANCISCO (CBS.MW) - TiVo said its second-quarter loss widened from a year earlier on higher customer acquisition costs. Free!,Sci/Tech,Business
Federal CISOs Rank Patch Management As Biggest Obstacle Survey by Intelligent Decisions indicates that patch management leaves less time for chief information security officers to work on improving overall security.,Business,Sci/Tech
"Black Market in British Treasure Sold on EBay (Reuters) Reuters - Pieces of Britain's past, including a\second-century silver ring and a 500-year-old Tudor trade\weight, are among artifacts being peddled daily on the Internet\to the alarm of experts at the British Museum.",World,Sci/Tech
"THE UNFOLDING UNIFORM Pakistan is inherently unstable. Dealing with them is like playing with matches in a forest. - Larry Pressler. That statement from Larry Pressler, made during his recent visit to India, coincided with",World,Sports
"Wiretapping on the Net: Who pays? NEW YORK At first glance, it might seem like the simple extension of a standard tool in the fight against the bad guys. But in fact, wiretapping Internet phones to monitor criminals and terrorists is costly",Sci/Tech,Business
"Young People Practicing Unhealthy Habits They show greatest increase in smoking, obesity and poor eating, study says HealthDayNews -- Smoking, obesity and poor eating habits increased among young people in the United States in the 1990s, a trend that may lead to higher future rates of cancer, heart disease, diabetes and lung disease as that generation ages. That warning comes from a study in the September/October issue of the American Journal of Health Promotion...",Sci/Tech,World
"EU Head Office Trims 2005 Growth Forecast (AP) AP - The European Union's head office issued a bleak economic report Tuesday, warning that the sharp rise in oil prices will ""take its toll"" on economic growth next year while the euro's renewed climb could threaten crucial exports.",World,Business
"'Cure' a 4-Letter Word for Cancer Doctors At a time when more people are cured of cancer than ever before, fewer doctors seem willing to say so. They call the cancer undetectable, or in remission. They tell patients they can quit seeing cancer specialists. They quote statistics and say chances are slim that the disease will come back.",Sci/Tech,Business
"Chicago to Hold EBay Auction to Raise Money for Cultural Programs City officials hope there are people willing to pay plenty of money to own a vintage Playboy Bunny costume, toss green dye into the Chicago River or throw a dinner party prepared by Oprah Winfrey's chef.",Sci/Tech,Business
"Why 2004 was the year of the blog A US dictionary publisher declares ""blog"" as one of the words of the year.",World,Sci/Tech
"E.U. Regulators Approve Oracle's PeopleSoft Bid European Union antitrust regulators on Tuesday cleared Oracle Corp.'s hostile \$7.7 billion bid for rival business software maker PeopleSoft Inc., removing one of the last major hurdles to the contested takeover proposal.",Sci/Tech,Business
Greek weightlifter awaits verdict Greek weightlifter Leonidas Sampanis will find out on Sunday if he is to be stripped of his medal.,World,Sports
Chip and PC Stocks Mixed on Warnings Semiconductor stocks were mixed Tuesday after Advanced Micro Devices Inc. warned quarterly revenue would be lower than expected due to sluggish sales of flash memory chips used in mobile phones and other devices.,Business,Sci/Tech
Software Service Aims to Outfox Caller ID A new computerized service enables customers to create phony outbound phone numbers in order to mask their telephone identities.,Business,Sci/Tech
"34 tech firms sued for alleged LCD patent theft Honeywell has issued lawsuits against 34 companies, including Dell, Apple, Sony and Toshiba alleging LCD panels used in their products infringe a 1992 patent the company holds.",Business,Sci/Tech
"Labor Allies Want Senate to Block OT Rules (AP) AP - Fresh from their triumph in the House, labor allies want the Senate to derail new Bush administration overtime rules that critics say would prevent 6 million American workers from getting the bonus pay.",World,Business
Judge declines to dismiss BALCO case A federal judge said Wednesday that she would not immediately dismiss charges against four men accused of distributing steroids to top athletes.,Sports,Business
"Stocks Edge Higher As Oil Prices Retreat NEW YORK - A sharp drop in oil prices gave Wall Street a modest relief rally Monday, with stocks edging higher on news that oil production had soared during the month of September. Investors who have sold stocks for months as oil prices climbed reversed course Monday and started buying as the price of crude declined...",World,Business
"Cellphones outstrip landlines in India (AFP) AFP - Mobile phone users have outstripped traditional landline connections in India, the government announced.",Sci/Tech,World
Bryant Makes First Appearance at Trial (AP) AP - NBA star Kobe Bryant arrived at his sexual assault trial Monday as attorneys in the case who spent the weekend poring over questionnaires prepared to question potential jurors individually.,Sci/Tech,Sports
"Hasbro's No Conehead Its Saturday Night Live version of ""Trivial Pursuit"" is good strategy for staying ahead of age compression.",Business,Sports
"Terms of Endearment Seems that the Bush administration, unlike previous White Houses, is not necessarily averse to allowing its ambassadors to have second tours. For example, word is that John Thomas ""Tom "" Schieffer , the Texas oilman who brought President Bush into the Texas Rangers baseball club partnership and who is now ambassador to Australia, is to hang out in the Pacific a while longer, this time as ambassador to Japan.",World,Sports
"MetroPCS obtains Cingular air com November 29, 2004, 8:33 AM PT. Wired amp; Wireless continues its reign as the top IT priority among IT managers due to widespread IP telephony deployment and other network infrastructure upgrades.",Business,Sci/Tech
"Justices to debate mail-order wine Being freelance wine critics may sound like a sweet gig, but Ray and Eleanor Heald have soured on it. Because their home state, Michigan, blocks direct shipments from out-of-state",Business,Sci/Tech
"Diesels, Hybrids Fated to Wed Two leading technologies used in fuel-efficient vehicles seem destined to unite. Industry experts say joining hybrid motors with diesel engines would result in the greenest mainstream vehicles ever, and the initial tests are promising.",Business,Sci/Tech
"Racing in an Evening Gown (Forbes.com) Forbes.com - Not every driver was dressed formally for the start of this year's Bullrun, a road rally that begins in London, at the Marble Arch, and ends three days later in Ibiza, Spain. Yet as drivers thrummed their engines nervously on the afternoon of Sept. 23, waiting for the checkered flag, a quick inspection of the field revealed one entrant clad in an Oxford shirt and gray pinstripe blazer, another sporting a tuxedo, and a third--me--wearing a red couture Matthew Earnest gown.",Business,Sports
"Lexmark Loss Good for Consumers Lexmark's loss in court on Tuesday may mean that consumer electronics companies won't try to use the Digital Millenium Copyright Act as an all-purpose competition shield anymore, consumer advocates say. By Katie Dean.",Business,Sci/Tech
"ScanSoft to acquire 3 software firms ScanSoft Inc. said it plans three acquisitions. The company will acquire Phonetic Systems Ltd., a provider of automated directory assistance and voice-based programs, for \$35 million in cash, and an additional consideration of up to \$35 million, based on the achievement of performance targets and the potential vesting of a warrant to buy 750,000 common shares. ART Advanced Recognition Technologies ...",Business,Sci/Tech
Md. Board Meeting Worries Democrats Republican-dominated election board met behind closed doors in deliberations that Democrats feared were aimed at ousting Elections Administrator Linda H. Lamone.\-The Washington Post,Sci/Tech,World
AOL Files Lawsuit Against IM #39;Spim #39; America Online Inc. said Thursday it had filed a federal lawsuit accusing numerous unnamed defendants of violating federal and state laws by sending bulk messages known as quot;spim quot; to instant message accounts and Internet chat rooms.,Business,Sci/Tech
"Update 1: Negotiators Meet at WTO for Farm Talks Negotiators met Friday at the World Trade Organization for formal farm talks, capping a weeklong series of informal discussions on ways to reach a wider-ranging liberalization accord by the end of 2005.",Business,World
"Oil Prices, Earnings Send Stocks Lower NEW YORK - Investors sent stocks lower Tuesday as oil prices crossed another milestone, \$54 per barrel. Earnings reports from heavyweights Johnson Johnson and Merrill Lynch Co...",World,Business
"Florida #39;s prepaid tuition program thriving Already the biggest of its kind in the country, Florida #39;s popular prepaid-tuition program expects to count its millionth customer during a sign-up period that runs Monday through Jan. 31.",Business,Sports
"IBM Claims Its BlueGene Supercomputer Is the Fastest IBM Corp. on Wednesday said it has developed the world #39;s fastest computer - a 16,000-processor version of its BlueGene/L supercomputer.",Business,Sci/Tech
"Samsung Says It Will Expand Chip Factories The Samsung Electronics Company, the Korean electronics giant, said Monday that it would invest \$23.7 billion in new chip production lines over the next six years.",Business,Sci/Tech
Google Stock Slips as New Shares Hit Market Google Inc. stock dropped more than 6 percent Tuesday as tens of millions of new shares held by early investors and employees of the search engine giant became available for sale for the first time..-The Washington Post,Sci/Tech,Business
"EA Signs Five-Year Exclusive NFL Deal Electronic Arts announced an exclusive licensing relationships with the National Football League and PLAYERS INC to develop, publish and distribute interactive football games.",Sports,Sci/Tech
Prosecutors Say Ebbers Lied to Obtain Loans Court documents show federal prosecutors have told lawyers for former WorldCom Inc. chief executive Bernard J. Ebbers that they plan to argue he lied about the telecommunications giant's financial condition in order to get personal loans. -The Washington Post,Sci/Tech,Business
Sun settles Kodak patent suit Sun Microsystems says it will pay Kodak \$92 million to settle a high-profile patent suit involving Sun #39;s Java programming technology.,Business,Sci/Tech
"Ellison: Data Hubs Could #39;ve Prevented 9/11 SAN FRANCISCO -- Oracle CEO Larry Ellison is convinced that had the intelligence community used a unified database from Oracle, the terrorist attacks on 9/11 would never have happened.",Business,Sci/Tech
"New \$50 bill designed to counter counterfeits WASHINGTON - The green is still there, but with touches of blue, red and yellow. A stylized image of the Stars and Stripes now waves in the background.",Business,Sci/Tech
Testimony Ends In Evolution Sticker Trial ATLANTA -- Testimony concluded Wednesday in the lawsuit against Cobb County Georgia schools for placing disclaimer stickers about evolution in high school biology texts.,Sci/Tech,Business
"Travel Column: Australia Through Aboriginal Eyes This week's TravelWatch column profiles Anangu Tours, an Aborigine-owned tour company in Australia's Red Center.",Sci/Tech,Sports
"Rivals Try to Turn Tables on Charles Schwab By MICHAEL LIEDTKE SAN FRANCISCO (AP) -- With its low prices and iconoclastic attitude, discount stock broker Charles Schwab Corp. (SCH) represented an annoying stone in Wall Street's wing-tipped shoes for decades...",Sci/Tech,Business
"Virgin Starts (70) Mile-High Club With the misery that has plagued the airline industry recently, the last place you #39;d expect to see some inspiring -- heck, potentially rule-breaking -- thinking would be from an airline entrepreneur.",Sci/Tech,Sports
"Gateway Reports Smaller Quarterly Loss Gateway Inc. reported a narrowed net loss in the first quarter as it continues to restructure its operations and integrate its acquisition of eMachines. Still, the personal computer and electronics company posted a tiny operating profit -- its first in nearly three years.",Sci/Tech,Business
"Japan should outsource more The Japanese information services industry clocked up sales of 13,703.9 billion yen in fiscal 2001, according to a report on selected service industries for 2001 released by the Ministry of Economy, Trade and Industry (METI).",World,Business
"\$78,000 for a Cane That Helped a Legend Walk the Line Many of Johnny Cash's possessions were sold at Sotheby's, collecting \$3,984,260 for the Cash family, more than double the pre-auction estimate.",World,Business
"China, Argentina sign 5 cooperation documents China and Argentina signed five agreements in Buenos Aires Tuesday that will allow them to expand cooperation in the areas of trade, space, education, tourism and railways.",Business,Sci/Tech
"Data revision shows Japan's economy grew slightly in July-September (Canadian Press) Canadian Press - TOKYO (AP) - Japan's economy barely grew during the quarter ending Sept. 30 and in the April-June period it actually shrank instead of squeezing out slight growth, according to revised government data released Wednesday.",World,Business
"Drivers set for mad dash at Richmond The grip on the steering wheel will be a little tighter, aggressions will run a little higher and emotions will be flowing stronger than ever.",Sports,Business
"Sales of industrial robots surging: UN report Geneva - Worldwide sales of industrial robots surged to record levels in the first half of 2004 after equipment prices fell while labour costs grew, the United Nations Economic Commission for Europe said in a report to be released today.",Sci/Tech,Business
The Hunt for a Hybrid The Aug. 23 front-page article on the Toyota Prius vs. the Honda Civic implied that the main reason people prefer the Prius was its quot;geek-chic look quot; and the image buyers want.,Business,Sci/Tech
"(B)old new frontiers Northrop Grumman Corp. and Boeing Co. yesterday announced plans to team up to design a vehicle to take astronauts back to the moon and even beyond, but they #39;ve got to make one stop first",Business,Sci/Tech
BOND REPORT CHICAGO (CBS.MW) - Treasurys remained solidly lower Wednesday in the wake of election results that had President Bush ahead of Democratic challenger John Kerry.,Business,World
"CA aquires computer security firm Computer Associates International Inc., as promised, is back in the acquisition game, scooping up its second computer security company in as many months with an agreement to buy Netegrity Inc.",Business,Sci/Tech
AOL's Viral Marketing America Online will now provide gratis antivirus protection to its subscribers.,Business,Sci/Tech
"Nortel to file restated results next year Nortel Networks said today that after months of trying to untangle faulty financial results, it won't file its 2003 and first-half 2004 results until early next year.",Sci/Tech,Business
Court ruling has fat cats purring THE future of horseracing in Britain was thrown into confusion this week as a result of a judgment by the European Court of Justice.,Sci/Tech,World
"India desperate for jobs, infrastructure despite economic boom (AFP) AFP - Despite India's economic boom in software and outsourcing services, economists have warned the government needs more reforms to create jobs in manufacturing to cut poverty.",World,Business
Schooling 'mix up' hits Portugal Schools across Portugal turn away pupils because of a teachers' assignment mix up on the first day of classes.,World,Sci/Tech
"Senate panel opposes overtime rules A Senate committee voted yesterday to scuttle new rules that critics say would deny overtime pay to millions of workers, as Democrats won the latest round in their election-year bout with President Bush over the issue.",Business,World
"BearingPoint CFO Out; Error Found McLean technology consulting company BearingPoint Inc. said yesterday that its chief financial officer, Robert S. Falcone, would retire on Nov. 30.",Sci/Tech,Business
"Slowing population 'lacks funds' Rich countries are giving only half the amount they promised to help to slow world population growth, the UN says.",Sci/Tech,Business
"Consumer Confidence Dips in September NEW YORK - Job worries helped push consumer confidence down in September for the second consecutive month, a New York-based private research group said Tuesday. The Consumer Confidence Index fell 1.9 points to 96.8 from a revised reading of 98.7 in August, according to The Conference Board...",World,Business
PeopleSoft revises third-quarter profit Oracle target adds \$2.6 million to bottom line after tax adjustment related to ex-CEO's severance package.,Sci/Tech,Business
"Rocking the Cradle of Life When did life begin? One evidential clue stems from the fossil records in Western Australia, although whether these layered sediments are biological or chemical has spawned a spirited debate. Oxford researcher, Nicola McLoughlin, describes some of the issues in contention.",Sci/Tech,World
"Business: Bush Administration Washington Post business columnist Steven Pearlstein will be online to discuss his latest column, which looks at the Bush administration's plans for Social Security and health care.",Business,Sci/Tech
"Henman Sails at the Swiss Indoors By Mark Ledsom BASEL (Reuters) - Britain's world number four Tim Henmanwon his opening match at the Swiss Indoors tennis tournamentwith little difficulty on Wednesday, beating Frenchman AntonyDupuis 6-3, 6-4.",World,Sports
EasyMobile launch set for March Denmark #39;s leading telecoms operator TDC says it will launch a low-budget mobile telephone operator dubbed quot;easyMobile quot; with mobile network operator T-Mobile in Britain in March 2005.,Business,Sci/Tech
EU foreign ministers hope to break deadlock over ASEM summit The European Union said Friday it quot;hoped to reach a conclusion quot; at a meeting of foreign ministers on the participation of military-ruled Myanmar in an upcoming summit of Asian and European nations.,Business,World
Vonage Awash in Venture Capital VoIP (define) upstart Vonage has quickly amassed another \$105 million from venture capitalists and is looking to Latin America and Asia to accelerate an already torrid growth rate.,Sci/Tech,Business
Florida Starts To Recover in the Wake of Hurricane Frances President Bush will travel to Florida Wednesday to survey damage from Hurricane Frances. He sent a letter to Congress asking for \$2 billion to help with recovery efforts.,Sci/Tech,World
"Japanese Utility Plans IPO in October (AP) AP - Electric Power Development Co., a former state-run utility, said Friday it is planning an initial public offering on the Tokyo Stock Exchange in October, a deal that could be the country's biggest new stock listing in six years.",World,Business
"Jackson Squares Off With Prosecutor SANTA MARIA, Calif. - Fans of Michael Jackson erupted in cheers Monday as the pop star emerged from a double-decker tour bus and went into court for a showdown with the prosecutor who has pursued him for years on child molestation charges...",World,Sports
Judge Rejects Md. Anti-Spam Statute A Montgomery County judge has ruled that Maryland's anti-spam law is unconstitutional because it seeks to regulate business transactions beyond the state's borders.,Sci/Tech,Business
"#39;Designer #39; Christmas tree growers target national holiday market AURORA, Ore. The National Christmas Tree Association is hoping a push of designer trees will renew consumer demand for live trees.",Business,Sci/Tech
"Glazer stake in Man Utd nears 30 US tycoon Malcolm Glazer lifts his stake in Manchester Utd to 28.11, one day after spending 17m on further share buys.",World,Sports
Our mobile margins will fall: Telstra TELSTRA chief financial officer John Stanhope has admitted Telstra #39;s margins in its \$4.5 billion a year mobile phone business will shrink this year in the face of increased price competition and the growing cost of acquiring new customers.,Sci/Tech,Business
"Groups Offers Beer for Blood Donations (AP) AP - Some in Michigan who roll up their sleeves to donate blood will get a racetrack T-shirt, hat and pin. Sponsors in San Diego have given away whale-watching trips. On Wednesday, the Cleveland Regional Transit Authority handed out vouchers for a pint of any beverage, including beer, in exchange for a pint of blood.",Sci/Tech,Sports
"Future Doctors, Crossing Borders Students at the Mount Sinai School of Medicine learn that diet and culture shape health in East Harlem.",World,Sci/Tech
"More buyers choose artificial Renee McDonald remembers the Christmas trees of her youth: spindly, fake and out of a box. They were hard to put up, and they just didn #39;t smell right.",Business,Sports
"Argentina Basketball Coach Magnano Quits Ruben Magnano, who coached Argentina to the Olympic basketball gold medal in Athens, resigned Thursday to accept a coaching job in Italy.",World,Sports
"Atlantis ""Evidence"" Found in Spain, Ireland In 360 B.C. the Greek philosopher Plato described an island he called Atlantis. Now contradicting new evidence claims the fabled city-state was based on a real place.",Sci/Tech,World
"IBM sells PC stake to China's Lenovo China's biggest computer maker, Lenovo Group, said today it has acquired a majority stake in International Business Machines Corp.'s personal computer business for \$1.25 billion, one of the biggest Chinese overseas acquisitions ever.",Business,Sci/Tech
"Opel to cut payroll by 9,500 Opel gets by without layoffs. Readers taking in these and similar headlines earlier this week were well advised to read the fine print.",Business,Sci/Tech
"Sports Court Hears Hamm Gold Medal Appeal LAUSANNE, Switzerland - Paul Hamm appeared before the sports world's highest court Monday to argue why he should he keep his Olympic gymnastics gold medal. The Court of Arbitration for Sport convened to hear the appeal from a South Korean gymnast who believes he was unfairly deprived of the gold in the men's all-around event in Athens last month because of a scoring error...",World,Sports
'Cities in crisis' leaders warn World leaders warn that rapid urbanisation will become one of the biggest challenges of the 21st Century.,Sci/Tech,World
"Union leaders held under ESMA on Day 6 of strike New Delhi, August 26: The sixth day of the truckers strike on Thursday saw 12 more truckers being arrested under the Essential Services Maintenance Act (ESMA)in the Capital.",Business,World
"Ciena Posts a Loss, Forecasts Flat Sales By Deborah Cohen CHICAGO (Reuters) - Telecommunications equipment makerCiena Corp. on Thursday reported a wider loss for thefiscal third quarter due to slack demand and forecast sales inthe current quarter would be little changed from the thirdquarter.",Sci/Tech,Business
"Poor? Who #39;s poor? Poverty is down The proportion of people living on less than \$1 a day decreased from 40 to 21 per cent of the global population between 1981 and 2001, says the World Bank #39;s latest annual report.",World,Business
"MedImmune CEO Talks Finance and Science David Mott, a Dartmouth-educated Wall Street investment banker, is increasingly leveraging his reputation in the local and national biotech communities.-The Washington Post",Sci/Tech,Business
"MCI Creditors Are Target Of SEC Subpoenas 11 members of MCI Inc.'s former creditors committee asked for documents related to confidential communications between the company and its bondholders, according to federal bankruptcy court filings.",Business,Sci/Tech
"Wi-Fi successor is called high-speed hype -- for now SAN FRANCISCO -- At virtually every turn, Intel Corp. executives are heaping praise on an emerging long-range wireless technology known as WiMAX, which can blanket entire cities with high-speed Internet access.",Business,Sci/Tech
"Bush Pledges Strong-Dollar Policy President Bush meets with Italian Prime Minister Silvio Berlusconi in the Oval Office of the White House, Wednesday, Dec. 15, 2004, in Washington.",Business,World
"Nikkei Opens Higher (Reuters) Reuters - The Nikkei average rose 1.37 percent at\the opening on Monday as a recovery in U.S. stocks encouraged\investors to seek bargains among lagging issues, including\Canon Inc. and other high-tech issues.",World,Business
"Med school move delayed to 2007 The MSU College of Human Medicine won #39;t be relocated to Grand Rapids until at least 2007, and could cost only half as much as university officials originally estimated.",Business,Sci/Tech
"Vodafone keen on future expansion Vodafone said today it remained keen on purchases in France, eastern Europe and Asia and Africa as it detailed annual cost cuts expected to reach 2.",Business,World
Defrocked Priest Gets Suspended Sentence for Marathon Attack A defrocked Irish priest who attacked the leader during yesterdays Olympic marathon was given a one year suspended sentence in Athens today.,Sports,World
Pen can pick some bike U-locks That U-shaped bike lock that you thought was so secure may be easy pickings for thieves who have nothing more sophisticated than a Bic pen.,Business,Sports
"Report: E-voting problems cause loss of votes E-voting machine problems caused more than 4,500 votes to be lost in one North Carolina county during Tuesday's general election, and gave U.S. President George Bush more than 3,800 extra votes in Ohio, according to The Associated Press.",Sci/Tech,World
"Attack prompts Bush website block The re-election website of President Bush is blocking overseas visitors because of ""security reasons"".",Sci/Tech,World
"Sign off, then sign in G. Michael Caggiano Jr. lies awake at night thinking about bank signs. He ponders them during breakfast, while brushing his teeth, and quot;constantly quot; during the day, he says.",Business,Sports
"August Chip Sales Growth Slows on High Inventory SAN FRANCISCO (Reuters) - Global semiconductor sales growth slowed to 1 percent in August as electronics makers reacted to growing inventories in Asia by limiting orders of chips, an industry trade group said on Thursday.",Sci/Tech,Business
"Employment Picture Expected to Improve NEW YORK - A rash of job cuts - more than 10,000 layoffs just this week from a handful of companies - has created some gloom on the jobs front. But Friday's release of jobs data for September was expected to show a steady unemployment rate and creation between about 50,000 to 250,000 new jobs, though uncertainties such as the effects of last month's hurricanes kept the estimates all over the map, said Wachovia Corp...",World,Business
"Dell, AOL team up in schools initiative ROUND ROCK, Texas -- Dell Inc. and America Online Inc. announced a partnership Monday to provide 5,000 low-income students with free refurbished personal computers and a year #39;s worth of Internet access.",Business,Sci/Tech
"Study raises stent doubts Heart patients aren #39;t more likely to live long term after getting the artery-opening tubes called stents, according to a study released yesterday by researchers at Duke University.",Business,Sci/Tech
"Davenport Advances at U.S. Open NEW YORK - Lindsay Davenport's summer of success stayed on course Thursday when the fifth-seeded former U.S. Open champion defeated Arantxa Parra Santonja 6-4, 6-2 and advanced to the third round of the season's final Grand Slam event...",World,Sports
"Death bell tolls for Russia's Yukos oil giant (AFP) AFP - Russia's Yukos does not begin the week teetering on the edge of ruin where it has been for months now. The oil giant is flat on its back, gasping for its last breaths of air.",World,Business
"Hurricane Ivan Roars Toward Gulf Coast NEW ORLEANS - Stragglers streamed toward higher ground Wednesday on highways turned into one-way evacuation routes and surf started eroding beaches as Hurricane Ivan roared toward the Gulf Coast with 140 mph wind. Nearly 200 miles wide, Ivan could cause significant damage no matter where it strikes, as hurricane-force wind extended up to 105 miles out from the center...",World,Business
"Saudi Arabia, Qatar, Kuwait still risky investments: study (AFP) AFP - Investing remains risky in Saudi Arabia, Qatar and Kuwait, notably because the presence of US forces in the region makes these countries vulnerable to terrorist attacks, a security consulting firm said.",Business,World
"Oil Eases as Iraq Resumes Exports \ By Andrew Mitchell LONDON (Reuters) - High-flying oil prices eased for a\second session on Monday as Iraq resumed exports from both its\northern and southern outlets after lengthy disruption, despite\fierce fighting in the holy city of Najaf.",Business,World
"The Week: No. 1 at Last water running over a rock, wind ripping across a sand dune, the ocean washing up against the shore. Whatever the image, for the last three years Vijay Singh has been the",Sports,Sci/Tech
"Dodgers Nip Giants 3-2 in Crucial Series SAN FRANCISCO - Shawn Green can sit out Saturday knowing he was a huge help to the Dodgers during their crucial series against San Francisco. Green hit a two-run homer in Los Angeles' 3-2 victory over the Giants on Friday night, a day before the first baseman will miss a game to observe the Jewish holiday Yom Kippur...",World,Sports
"Shock Jock Group Boosts Satellite Radio Profile When radio shock jocks Opie and Anthony considered their next career move after two firings in four years, the twisted twosome was ready to feign rehabilitation. Or at least that was the plan when they sat down with satellite radio executives.",Sci/Tech,Business
PeopleSoft customers reassured Oracle Corp. President Charles Phillips on Monday said PeopleSoft Inc. customers have become more comfortable with the prospect of a merger between the two software firms even as the proposed transaction awaits a critical ruling from a Delaware court.,Business,Sci/Tech
"Robinho #39;s mother releaased by kidnappers The mother of Santos striker Robinho was released unharmed on Friday, 40 days after she was kidnapped at a family gathering. Marina da Silva de Souza, 44, appeared healthy but thinner than when she was abducted",Sports,World
"Snow to Stay on With Bush, Principi Exits (AP) AP - Treasury Secretary John Snow, an aggressive champion of the administration's economic policies, accepted President Bush's offer Wednesday to remain in the Cabinet.",World,Business
Week's delay for Delta launcher Boeing's new heavy-lift Delta 4 rocket must wait a further week before making its maiden flight.,World,Business
"U.S. Softball Team Wins, Closes in on Gold ATHENS, Greece - Right now, the Americans aren't just a Dream Team - they're more like the Perfect Team. Lisa Fernandez pitched a three-hitter Sunday and Crystl Bustos drove in two runs as the Americans rolled to their eighth shutout in eight days, 5-0 over Australia, putting them into the gold medal game...",World,Sports
"For Craigslist, city was just the ticket Hadley Weinzierl used Craigslist to furnish her Jamaica Plain apartment, and when she bought a Maltese puppy, she sought advice from fellow Craigslisters on a good vet, a cheap dog-walker, and a park where she could let the dog run without a leash.",Business,Sports
"Update 1: Toshiba, TCL to Cooperate on Appliances Focusing on the fast-growing Chinese market, Japan #39;s Toshiba and major Chinese appliance maker TCL have signed a broad agreement to cooperate in making and marketing appliances in China, the companies said Thursday.",Business,Sci/Tech
"PRESS START FOR NOSTALGIA Like Led Zeppelin #39;s #39; #39;Stairway to Heaven #39; #39; and Lynyrd Skynyrd #39;s #39; #39;Freebird, #39; #39; classic video games like Frogger and Pong can bring back an entire era.",Sci/Tech,Sports
Relaxed pot possession bill returns OTTAWA -- The long push to reform marijuana laws took a big step forward yesterday as the federal government re-introduced legislation decriminalizing possession for personal use.,World,Sci/Tech
"EPA May Conduct Human Tests for Chemicals (AP) AP - In setting limits on chemicals in food and water, the Environmental Protection Agency may rely on industry tests that expose people to poisons and raise ethical questions.",World,Sci/Tech
"Intel defeats AMD in court AMD #39;s attempt to persuade the US court to sanction the release of over 60,000 pages of Intel documentation to a European Commission anti-trust enquiry has failed.",Business,World
"Tiger Woods Ties the Knot with Swedish Ex-Nanny LONDON (Reuters) - Former world number one Tiger Woods has married Swedish model Elin Nordegren at the luxury Sandy Lane resort in Barbados, the Barbados Daily Nation newspaper reported Wednesday.",Sports,World
"A #39;new Greece #39; beams after success of Games As Greeks get a boost, it remains unclear if success will mean higher stature in Europe. By Peter Ford Staff writer of The Christian Science Monitor.",Sports,Sci/Tech
"Asia to outperform this year, lower growth seen in 2005: ADB (AFP) AFP - Developing Asia is set to outperform this year with higher-than-expected growth of 7.0 percent despite high oil prices but it will slow in 2005 in tandem with the developed world, the Asian Development Bank (ADB) said.",World,Business
Final Round in Cable-ISP Fight The U.S. Supreme Court has agreed to hear whether cable operators must give access to their lines to third-party ISPs. Michael Grebb reports from Washington.,Sci/Tech,Business
Court: Whales Have No Standing to Sue (AP) AP - A federal appeals court decided Wednesday that marine mammals have no standing to sue to stop the U.S. Navy from using sonar.,Sci/Tech,World
"Hawks Evicted From New York City Perch (AP) AP - Pale Male the city hawk was evicted from his nest, and the flap has already begun.",Sci/Tech,Sports
"Calvin Murphy removed as Rockets broadcaster Murphy will go to trial Nov. 4 on charges he molested his daughters, a state district judge said Tuesday. Murphy is charged with three counts of indecency with a child and three counts of aggravated sexual assault, punishable by up to life in prison.",Sports,World
"Schwarzenegger Vows to Defend Emissions Law Toyota, General Motors and seven other automakers filed suit to block California's new greenhouse gas regulation, which was approved by the state in September.",World,Business
Hynix's 3Q Profit More Than Triples (AP) AP - South Korea's Hynix Semiconductor Inc. said Monday its third-quarter net profit more than tripled from same period last year thanks to steady global prices for memory chips.,World,Sci/Tech
"U.S. Ringtones Market Slow to Connect SAN FRANCISCO (Billboard) - With a possible billion-dollar windfall at stake, U.S. music companies are eagerly awaiting the full-blown development of the stateside ringtone market.",Sci/Tech,Business
Donors seek clarity on PA finances Donors to the Palestinians are asking whether the change of leadership can let more light into Palestinian finances.,Business,World
Observers insist: no proof of fraud in Venezuelan referendum. Independent observers confirmed that the random auditing of results from the recall referendum (Sunday August 15) against Venezuelan president Hugo Chavez show there are no indications of fraud as claimed by the opposition.,Business,World
"Cendant Near Deal to Buy Orbitz for #36;1.2 Bln-Source (Reuters) Reuters - Travel and real estate company\Cendant Corp. is close to an agreement to buy online\travel site Orbitz Inc. for about #36;1.2 billion in\cash, a source close to the talks said on Tuesday.",Sci/Tech,Business
Nortel lowers expectations Nortel said it expects revenue for the third quarter to fall short of expectations.,Sci/Tech,Business
"FCC Mull November VoIP Vote WASHINGTON -- In the absence of congressional action, Federal Communications Commission (FCC) Chairman Michael Powell has taken over the direction of Voice over IP (define) policy in the Capitol, at least for the time being.",Sci/Tech,Business
"Blunkett gets tougher on drugs New police powers to prosecute offenders for possession if they test positive for drugs when they are arrested, even if the only drugs they have are in their bloodstream, are to be announced this week.",World,Sports
"GoldenEye: Rogue Agent golden EA #39;s James Bond-baddie shooter has left its secret headquarters and taken over the factory. Like an evil genius announcing his demands, Electronic Arts has let the world know that GoldenEye: Rogue Agent has gone gold.",Sci/Tech,Sports
"Important Rules for Phone Market Face F.C.C. Vote Next week, the FCC will likely change the rules on unbundled networks largely in ways favorable to the Regional bells.",Business,Sci/Tech
F1: British Grand Prix ruled out Jackie Stewart rejects Bernie Ecclestone's claims that the British Grand Prix is dead.,World,Sports
"Sun trims fourth-quarter earnings by \$12 million Sun Microsystems Inc. trimmed its fourth quarter and full-year 2004 results this week, to account for final accounting of asset retirement obligations and its settlement with Microsoft Corp.",Sci/Tech,Business
Oracle 1Q Earnings Rise 16 Percent (AP) AP - Business software giant Oracle Corp. said Tuesday that first-quarter earnings rose 16 percent driven by new database license sales that rose 19 percent.,Sci/Tech,Business
"Robby Gordon Planning to Proceed With Caution Robby Gordon plans to join the oil spills, the tire chunks, the sharp pieces of debris and the other typical racetrack hazards on Sunday.",Sports,World
Cardinal Picks a Lilly Cardinal Health's deal with Lilly suggests the new fee-for-service model is gaining traction.,Business,Sci/Tech
"A Founding Father? Give the guy some credit. Tung Chee-hwa, Hong Kong #39;s embattled Chief Executive, gets precious little of it from his people these daysand heaps of",World,Business
"T-Mobile USA Sees High-Speed Network 2 Years Off NEW YORK (Reuters) - T-Mobile USA, the U.S. wireless unit of Deutsche Telekom AG DTEGn.DE, does not expect to offer broadband mobile data services for at least the next two years, its chief executive said on Thursday.",Sci/Tech,Business
Hope Fades for Saving 2 Boys Stuck in Mexico Cave (Reuters) Reuters - Hopes of rescuing two small boys\trapped for five days in a jungle cave faded fast on Friday\after contact was lost with the brothers and as the cavern\flooded in overnight rains.,Sci/Tech,World
Telescope snaps distant 'planet' The first direct image of a planet circling another star may have been obtained by a US-European team of astronomers.,World,Sports
"Don King Productions Presents: quot;Battle For Supremacy quot; On Saturday November 13th, ten misfits, nomads and upstarts seek to wage war or settle the score at the famed Madison Square Garden in New York, New York.",Sports,Business
"The Shockwaves of Sumatra The Indian Ocean earthquake of December 2004 produced a shockwave that created tsunamis all across the Indian Ocean. The tsunamis hammered nearby Indonesia and struck as far as the coast of East Africa. The death toll has climbed over 100,000 and continues to grow. It also created social shockwaves.",Sci/Tech,World
"Dominicans' Swift Step Into Crisis SANTO DOMINGO, Dominican Republic -- When Sandro Batista smashed his banana truck into a tree in April, leaving him with two hideously shattered legs and a broken arm, his orthopedic surgeon sent his sister shopping.",Business,Sports
Statement by Airbus on the US Government for formal consultations ... Airbus has fully supported all recent actions by the European Commission to engage with the US government in serious discussions on comprehensive new disciplines on government support.,Business,Sci/Tech
"Matsushita Unveils DVD Recorders, Eyes Higher Share TOKYO (Reuters) - Panasonic brand products maker Matsushita Electric Industrial unveiled five new DVD recorders on Wednesday and said it was aiming to boost its share of the domestic market to over 40 percent from around 35 percent.",Sci/Tech,Business
"India's low-cost airline eyes business travel (AFP) AFP - India's pioneer low-cost carrier Air Deccan plans to raise 50 million dollars in private equity by shedding a 26 percent stake and also aims to enter the corporate business jet segment, its chairman said.",World,Business
"Blame player, not game It was like nothing youd ever exercised your thumbs to before. You could do whatever you wanted, whenever you wanted. The game seemed endless.",Sci/Tech,Sports
Infineon admits conspiracy in DRAM cartel GIANT MEMORY company Infineon will plead guilty to price fixing of DRAM chips and will pay \$160 million in fines to the US government.,Business,Sci/Tech
"Men Set for Sizzling Duel in 100 Meters ATHENS, Greece - The preliminaries in the 100 meters were perhaps just a sample of what's to come Sunday, when a talented group of qualifiers - including Americans Shawn Crawford, Justin Gatlin and defending champion Maurice Greene - will try to turn their competition into the fastest show at the Athens Games. Five men broke 10 seconds in qualifying Saturday, led by Crawford's time of 9.89...",World,Sports
"Gators may be hungover before Cocktail Party ike the bourbon and beer, emotions tend to spill over in this traditional grudge match along the St. Johns River they call quot;The World #39;s Largest Outdoor Cocktail Party.",Sports,World
Before-the-Bell: GenCorp Falls 5.6 Pct. (Reuters) Reuters - Shares of GenCorp Inc. fell 5.6\percent before the opening bell on Monday after investment fund\Steel Partners withdrew its proposal to acquire the aerospace\and real estate company.,Sci/Tech,Business
"IBM to hire even more new workers By the end of the year, the computing giant plans to have its biggest headcount since 1991.",Sci/Tech,Business
Old Rumors of Gay Sex Prove Powerful on Web Va. GOP members chose Del. Thelma Drake (Norfolk) to replace Rep. Edward L. Schrock after he resigned amidst allegations Schrock indulged in or solicited gay sex.,Sci/Tech,World
"Bill Gates is the richest for 11 years successively Bill Gates, the founder of Microsoft, still remains the richest person in the USA, according to Forbes Magazine. Gates has been keeping the first place for already 11 year in a raw among the richest Americans.",Business,Sci/Tech
"Checking changes Toward the end of the month if resources are a little tight, there are times when Krista Bergstrom admits she writes a check or two for more than is left in her account.",Business,Sci/Tech
"Taiwan #39;s Acer picks a European as president TAIPEI Acer, the Taiwan computer company, named Gianfranco Lanci of Italy as its president on Wednesday, an appointment that signals the company #39;s ambitions to expand its global market share.",Sci/Tech,World
"Elderly 'need digital TV funds' Vulnerable groups such as the elderly should be helped to buy digital TV equipment, a report says.",Sci/Tech,Business
TV's Passport Stamp of Approval The sixth season of a popular reality television show is ready to rock the world.,Business,Sports
"AOL, E-Mail Companies Sue Spammers The nation #39;s largest e-mail providers today filed a new round of lawsuits against Internet spammers allegedly responsible for shoveling millions of junk e-mail messages into computer users #39; in-boxes and their instant messaging screens.",Business,Sci/Tech
"Ontario won #39;t help other provinces squeeze Ottawa for more ... Premier Dalton McGuinty sent a shot across the bow of have-not provinces Sunday, warning that Ontario will not support efforts to wring billions more in equalization payments out",Business,World
"Hyundai signs deal for China truck plant Hyundai Motor Co. said yesterday that it has signed an agreement with a Chinese company, Jianghuai Automobile Corp., to build a commercial vehicle and engine plant in China #39;s Anhui province.",Sci/Tech,Business
"Oil Company on Trial in Madagascar Over Pollution (Reuters) Reuters - The operator of Madagascar's\privatized oil refinery went on trial on Tuesday, accused of\polluting the environment around the Indian Ocean island's main\international port, officials said.",Sci/Tech,Business
"GM Protests Spread Across Europe Tens of thousands of General Motors workers across Europe were set to stop working on Tuesday in a sign of solidarity with their German colleagues, who face massive job cuts.",Business,World
"Europeans Eat Less of Dangerous Fatty Foods By PAUL GEITNER BRUSSELS, Belgium (AP) -- Europeans eat less of the most dangerous, cholesterol-raising fats than Americans do and the amount is decreasing, according to a report released Wednesday by the European Food Safety Authority. Scientists at the European Food Safety authority declined to say whether the EU should follow the United States' lead and require special labels on margarine, chips, cookies, fries and other potential sources of trans fatty acids...",Sci/Tech,World
"Three jockeys, one trainer arrested LONDON -- British police arrested 16 people, including three jockeys and a trainer, Wednesday as part of a major crackdown on corruption in horse racing.",Sports,World
Strong Hurricane Roars Over Bahamas Toward Florida (Reuters) Reuters - Hurricane Frances battered the\southeastern Bahamas islands with 140 mph winds on Wednesday as\it roared toward the United States and put millions of people\on alert along Florida's heavily populated east coast.,Sci/Tech,World
"LETTER FROM EUROPE The All-Too-Human Hitler, on Your Big Screen The release of a major movie about Hitler is, by definition, a remarkable event in Germany, especially if it portrays one of history #39;s great monsters as a human being, given",World,Sci/Tech
"Tribe challenges American origins Some of the earliest settlers of America may have been from Australia, southern Asia, and the Pacific, not northern Asia, research suggests.",Sci/Tech,World
"Dell cuts prices on many corporate products Dell on Monday said it had cut prices by as much as fifth for a range of products aimed at US corporate customers, as the computer maker passed along savings from cheaper components.",Sci/Tech,Business
Special to ESPN.com It #39;s the age old question: quot;What do you give to the man who #39;s been everything? quot;. Only time will tell whether Phil Knight #39;s retirement will be as long-lived as so many players he paid to endorse Nike.,Business,Sports
"Tokyo Stocks Finish 2.6 Percent Higher (AP) AP - Tokyo stocks finished sharply higher Monday, fueled by Wall Street's gains last week. The U.S. dollar was higher against the Japanese yen.",World,Business
"Revolving Door IN Aylwin B. Lewis, president of Yum Brands, as chief executive of Kmart.",World,Business
"Malls setting curfews for unchaperoned teens COLUMBUS, Ohio -- It's 10 on a Friday night, and all 15-year-old Sylvia Fallon wants is to hang out with her friends at the mall.",Business,Sports
"Japan's comics retool the art Animation in America once meant Mickey Mouse and Winnie the Pooh. These days, it's just as likely to mean Japanese fighting cyborgs, doe-eyed schoolgirls, and sinister monsters -- thanks in large part to people like John Ledford.",Business,Sci/Tech
Singapore Telecom ties up with Malaysia's TIME dotcom (AFP) AFP - Singapore Telecommunications (SingTel) said it has entered into an agreement with Malaysia's TIME dotCom to link their corporate customers through private leased line circuits.,Sci/Tech,World
"Ahold to Sell Spain Operations to Permira (AP) AP - The Dutch supermarket retailer Ahold, seeking to streamline global operations and reduce debt, said Sunday it will sell its holdings in Spain to Permira Funds for about #36;849 million.",Business,World
Hit TV series 24 goes from small screen to smaller screen (AFP) AFP - The hit US television show quot;24 quot; is going from the small screen to the smaller after 20th Century Fox and Vodaphone struck a groundbreaking deal to distribute the drama on mobile telephones.,Sci/Tech,World
"Russia #39;s Putin Defends Reforms, Worries About Clans Russian President Vladimir Putin said on Thursday he had no plans to grab more power or change the constitution when reforming Russia #39;s government structure.",Business,World
"TSMC, Freescale expect initial production of 65nm SOI in 4Q 2005 Taiwan Semiconductor Manufacturing Company (TSMC) and Freescale Semiconductor expect to begin initial production of a high-speed 65nm silicon-on-insulator (SOI) process in the fourth quarter of 2005, with volume production pending on market demand",Sci/Tech,Business
"Philippines mourns dead in Russian school siege The Philippines Saturday expressed quot;deepest sympathy quot; to the families of the dead in the Russian school siege on Friday, in which 322 people were killed when Russian troops stormed",Sci/Tech,World
"Optimism Drives Google Shares to New Highs (Reuters) Reuters - Stock of Google Inc. powered\to new highs on Friday, buoyed by the web search leader's new\products and growth prospects, which complement its recent\strong financial results, analysts said.",Sci/Tech,Business
"Tyncastle sale gets official go ahead Of the votes received by proxy and from shareholders in the room at a stormy extraordinary general meeting last night, 62.5 were in favour of the resolution.",Sports,World
"Miss Peru takes Miss World crown Twenty-year-old Miss Peru has been crowned Miss World in a southern Chinese resort town, as China looks to become the regular host of an event that would have once been deemed heretical by its Communist leaders.",Sports,World
"Intel Posts Higher Profit, Sales Computer-chip maker Intel Corp. said yesterday that earnings for its third quarter were \$1.9 billion -- up 15 percent from the same quarter a year ago -- but the company cautioned that computer-processor demand in the United States is likely to remain low.",Sci/Tech,Business
"Intuit Posts Wider Loss After Charge (Reuters) Reuters - Intuit Inc. (INTU.O), maker of\the No. 1 U.S. tax presentation software TurboTax, on Wednesday\posted a wider quarterly loss after taking a goodwill\impairment charge during its seasonally weaker fourth quarter.",Sci/Tech,Business
"IBM, LG Electronics to End Joint Venture International Business Machines Corp. and LG Electronics Inc. will end an eight-year alliance that helped expand the US computer maker #39;s presence in the booming South Korean PC market.",Business,Sci/Tech
"Crude Price Spike May Send Gas Higher (AP) AP - Amid soaring crude oil prices, gasoline costs have been dropping. But don't expect that to last, economists say.",World,Business
"Ask Jeeves retools search engine in bid to catch Google, Yahoo SAN FRANCISCO -- Hoping to emerge from the shadow of its more popular rivals, Ask Jeeves Inc. is adding new tools for visitors to save and organize links to Web pages they find through the company's online search engine.",Business,Sci/Tech
"Pharma Groups Work on EPC Issues Sept. 30, 2004Reacting to calls from pharmaceutical retailers, distributors and manufacturers, EPCglobal has added a new action group to specifically study the pharmaceutical industry",Sci/Tech,Business
"Cable and Wireless to cut 600 jobs, shut London headquarters (AFP) AFP - Cable and Wireless, the struggling British telecoms group, said it would cut 600 jobs across Europe, part company with a top executive and shut its London headquarters.",Sci/Tech,Business
"Report Says N.H.L. Will Reject Proposal The N.H.L. appears poised to reject a proposal made by the players union, which included a 24 percent reduction in pay and other concessions but not a hard salary cap.",Sports,Business
"Study Ranks St. Louis as Fourth Most Dangerous City A new study ranks St. Louis as the fourth most dangerous city. Camden, New Jersey came in first, followed by Detroit and Atlanta. The rankings are in Morgan Quitno #39;s quot;City Crime Rankings, quot; an annual reference",Business,Sports
Warne takes six but India establish handy lead (Reuters) Reuters - World test wicket record holder Shane Warne grabbed six wickets as India established a handy 141-run first innings lead in the second test on Saturday.,World,Sports
Turkey eyes \$15 billion investment years ANKARA: Turkey is hoping to attract \$15 billion of foreign investment between 2005 and 2007 through reforms designed to overhaul its economy and ease the country #39;s entry into,World,Business
Lackluster Jobs Report Pushes Stocks Down NEW YORK - Investors pushed stocks lower Friday as a surprisingly lackluster job creation report deepened Wall Street's pessimism over the health of the economy. A solid earnings report from General Electric Co...,World,Business
"FBI Interviews Halliburton Whistleblower Bunnatine Greenhouse, chief contracting officer of the Army Corps of Engineers, is seen in her official undated government photo. FBI agents recently spent a day interviewing Greenhouse, the Army contracting",Business,World
"PeopleSoft down on testimony, forecast Investors react to a disappointing earnings projection and to testimony that dampens hopes of negotiations with Oracle.",Sci/Tech,Business
The Bahamas - the real medal winner of the Athens Olympics A different way of calculating the medal standings brings some interesting results.,Sci/Tech,Sports
Gregg: I will help to close deal EVERTON chairman Bill Kenwright #39;s plans for a Russian revolution at Goodison Park may have thawed the cold war with director Paul Gregg.,Sports,World
"Labour has failed on pensions, commission will report A report on pensions commissioned by the Government will be highly critical of Labour #39;s record on the issue, saying that people are saving far less for retirement than official figures show",Business,World
"Siemens Says Cellphone Flaw May Hurt Users and Its Profit Siemens, the world #39;s fourth-largest maker of mobile phones, said Friday that a software flaw that can create a piercing ring in its newest phone models might hurt earnings in its handset division.",Business,Sci/Tech
Ban for former Ahold executives Dutch retailer Ahold's former chairman and its ex-finance officer are barred from executive posts as part of a US fraud case settlement.,World,Business
"BlueGene sneaks past Earth Simulator The Earth Simulator, an NEC supercomputer, is surpassed, at last. IBM announced yesterday that its Blue Gene/L supercomputer had achieved a sustained performance of 36.",Business,Sci/Tech
"GM pulls Guy Ritchie car ad after protest Protests from seven safety groups have prompted General Motors to pull a television ad that shows a young boy driving a Corvette sports car so recklessly that it goes airborne, officials of the automaker say.",Business,World
"Report finds handheld device market in continued decline The worldwide market for handheld devices saw its third successive quarter of year-over-year decline in the third quarter of 2004, according to a new report released by IDC.",Business,Sci/Tech
UN 'must ignore cloning ban call' The UK's Royal Society urges the UN to ignore a call by President Bush to ban all forms of human cloning.,Sci/Tech,World
Flower power turns up the volume A Japanese company has come up with a way of turning flowers into loudspeakers.,Sci/Tech,Business
Amazon Snaps Up China's Largest Web Retailer (NewsFactor) NewsFactor - Amazon.com (Nasdaq: AMZN) has said it will buy Joyo.com Limited -- a British Virgin Islands company that operates the largest Internet retail Web site in China -- for US #36;75 million.,Business,Sci/Tech
"BASS moving headquarters to Florida The Bass Anglers Sportsman Society is moving its headquarters to Central Florida. The bass fishing organization, based in Montgomery since its inception in 1967, announced Monday",Business,Sci/Tech
Venezuela Prepares for Chavez Recall Vote Supporters and rivals warn of possible fraud; government says Chavez's defeat could produce turmoil in world oil market.,World,Business
"Australia 362-7 v India, third test - close (Reuters) Reuters - Australia were 362 for seven wickets at the close of play on the first day of their third cricket test against India on Tuesday.",World,Sports
"PM welcomes EU partnership Prime Minister Manmohan Singh arrived in the Hague last night to participate in the India-European summit. quot;In recognition of Indias growing stature and influence, the EU has proposed a strategic partnership with India.",Business,World
"Intel in new chip breakthrough Intel creates a more powerful memory chip without increasing its size, confounding the firm's critics.",Business,Sci/Tech
"Convicted spammer gets nine years in slammer A brother and sister have been convicted of three felony charges of sending thousands of junk e-mails; one of them was sentenced to nine years in prison, the other was fined \$7,500.",Sci/Tech,World
"Where have all the people gone? While media and political attention is on the threat of outsourcing, the reality is that outsourcing is a sideshow in a much larger event.",Business,Sci/Tech
"Health Highlights: Aug. 28, 2004 A new drug that fights a form of age-related macular degeneration (AMD), a leading cause of blindness in the elderly, won applause if not approval from a panel of advisors to the US Food and Drug Administration.",Business,Sci/Tech
"Spread of GM grass raises fears of crossbreeding Pollen from a genetically modified grass was found 21 kilometres from where it was planted, scientists reported in a study published Tuesday, raising fears of transgenic crossbreeding.",Business,Sci/Tech
"IBM Says Swamps Rivals in Key UNIX Computer Test IBM (IBM.N: Quote, Profile, Research) said on Thursday its workhorse commercial computers have smashed the industry #39;s most demanding tests, which analysts said creates",Sci/Tech,Business
"Cisco invests \$12 million in Japan R amp;D center On Thursday, the company announced it will invest \$12 million over the next five years in a new research and development center in Tokyo.",Sci/Tech,Business
"Regulators Let Cingular Buy AT T Wireless The \$41 billion merger between Cingular Wireless LLC and AT T Wireless Services Inc. won approval from the Federal Communications Commission Friday, according to federal sources close to the agency. \-The Washington Post",Sci/Tech,Business
"VeriSign #39;s Antitrust Claim Against ICANN Dismissed quot;VeriSign #39;s contentions are deficient, quot; Judge Howard Matz wrote in the 16-page decision setting aside the antitrust claims against ICANN.",Sci/Tech,Business
"Ontario gets harsh with school dropouts HUNTSVILLE, ONT. - The Ontario government plans to introduce legislation that will require students to stay in school until they reach the age of 18, said the province?",Business,World
"Virgin Mobile growth prospects disappoint Richard Branson #39;s Virgin Mobile has forecast substantially higher earnings and margins, but disappointing predictions for service revenue",Business,Sci/Tech
"Big Television Remember Neo #39;s dilemma in The Matrix? Morpheus offers him two views of reality, extending a blue pill in his left hand and a red one in his right.",Sci/Tech,Sports
Pakistan down India to ensure top six finish (AFP) AFP - Pakistan defeated arch-rivals India 3-0 here to ensure they stand among the top six in the Olympic men's field hockey competition.,World,Sports
Clarke takes charge of Blunkett's Fear Agenda Analysis Horizontal drinkers rejoice,Sci/Tech,World
"Colts Lead Pats Early in Third Quarter FOXBORO, Mass. - Peyton Manning reached the 25,000-yard passing mark faster than anyone but Dan Marino, and the Indianapolis Colts shredded the New England Patriots for a 17-13 halftime lead Thursday night...",World,Sports
"Bedding Blip? Go Back to Sleep This is getting old. Every time Hidden Gems selection Select Comfort (Nasdaq: SCSS) gets settled in and ready for a long night #39;s rest full of dreams of two-times-in-three-years capital gains, along",Business,Sports
"Google targets software giant SEATTLE -- Not too long ago, Google Inc. seemed little more than a pesky insect to Microsoft Corp.'s 800-pound gorilla.",Business,Sci/Tech
"The Discreet Charm of the Very Bourgeois Toy Store? F.A.O. Schwarz may be shuttered and dark, but its catalog is somersaulting back in the direction of well-heeled children and the adults who indulge them.",Business,World
"SBC links e-mail, voice messages, fax SBC on Monday announced a new service that integrates voice messages, faxes and e-mails into a single mailbox that can be accessed from anywhere by phone or the Internet.",Business,Sci/Tech
"Rogers Wireless Whistles and Fido Responds Its official. Microcell Telecommunications Fido wireless service will be the new dog in Rogers Wireless Communications Canadian kennel, and that puppy wasnt cheap.",Business,Sci/Tech
"Dark arts of spin evident in phoney war for Abbey THE phoney war over the fate of Abbey grinds on. Along the way, on all sides, it is producing its predictable crop of knowing winks and destabilising nudges.",Business,World
"Classmates agrees to \$100M buyout United Online Inc., a California-based provider of low-cost Internet subscription services, has agreed to buy Internet networking company Classmates Online Inc.",Business,Sci/Tech
"World's oldest man dies aged 113 The world's oldest man, who gave up driving at 108 because ""slow drivers annoyed him"", dies at 113.",World,Sports
TSA #39;pat-downs #39; cross the line for some fliers Millions of holiday travelers nationwide are experiencing an all-too-intimate form of security screening that some say amounts to sexual groping - a quot;pat-down quot; by government officials.,Business,World
Cricket: NZ suffer Franklin blow New Zealand bowler James Franklin misses the first Test against Australia with injury.,World,Sports
"EU Unveils Plans for New Banana Tariffs (AP) AP - The European Union said Wednesday it will impose a duty of 230 euros ( #36;290) per ton of bananas starting in 2006, in an effort to prevent producers in former African and Caribbean colonies from losing business to larger growers in Latin America.",World,Business
"Russia May Ratify Kyoto Protocol in Oct. -- Minister (Reuters) Reuters - The Russian government expects\parliament to ratify the Kyoto Protocol this month in a move\allowing the long-delayed climate change treaty to come into\force worldwide, a senior minister said Monday.",Sci/Tech,World
Tennis: Night final for Aus Open The centenary Australian Open will be the first Grand Slam event to stage its final at night.,World,Sports
"Toughest athlete is female and unknown You probably haven't heard about one of the toughest endurance sports around: the deca-ironman. That's 38 km swimming, immediately followed by an 1800 km bicycle ride and a 420 km run. Currently, the world record stands at about 187 hours, held by a German housewife. Nobody else has ever finished the course below 192 hours.",Sci/Tech,Sports
"Hurricane Ivan again growing in strength, Caribbean islands ... Islanders scrambled to put up storm shutters and buy water as hurricane Ivan churned toward Barbados just days after hurricane Frances tore across the Caribbean and through Florida.",World,Business
"Cambodia passes succession law Cambodia approves a law to choose a new monarch, after King Sihanouk's abdication announcement.",World,Business
"New Siebel Chief Outlines Chapter 2 For CRM Vendor After 10 years of focusing on product development and delivery, CEO Michael Lawrie says Siebel had to recognize that technology is only one part of the CRM equation.",Business,Sci/Tech
Jury calls WTC attack two events Silverstein had hoped the 11-member jury would determine that the language of the insurance policy treated the attacks as two occurrences.,Business,World
Amazon #39;s UK DVD Rentals Might Presage War with Netflix Analysts said Amazon #39;s launch of the DVD rental service in the UK might be to test its approach and streamline the logistically difficult process of handling DVDs through the mail.,Business,Sci/Tech
"Italian PM #39;s transplant confirmed After days of speculation sparked by the white bandanna worn by Mr Berlusconi on holiday in Sardinia, Piero Rosati said the results of the operation would show in a couple of months.",World,Business
"Producer Price Surge Fuels Inflation Fears Producer prices surged 1.7 percent in October, their sharpest monthly increase in nearly 15 years.",World,Business
"Australia Police to Trap Cyberspace Pedophiles (Reuters) Reuters - Australian police acting as part of an\international ""cyber cop"" network will be able to trap\pedophiles who use the Internet to ""groom"" or lure children for\sex, under new laws passed by parliament on Tuesday.",Sci/Tech,World
"Microsoft open new software development unit in India (AFP) AFP - Microsoft said it will join with India's second-largest software firm, Infosys Technologies, to provide software and consulting to manufacturing, banking and automobile companies.",World,Sci/Tech
"Mobile phone network reaches last of China's ethnic minorities (AFP) AFP - China has brought its mobile phone network to the last of its ethnic minority regions previously cut off from communication with the outside world, state media reported.",Sci/Tech,World
Kerik Pulls Out as Bush Nominee for Homeland Security Job Bernard B. Kerik said in a statement that he had come to learn that a former housekeeper may not have been in the U.S. legally.,World,Sci/Tech
"Veritas Keeps Reaching into Its Wallet By acquiring KVault, which makes e-mail-archiving software, it aims to erode EMC #39;s lead and rebuild investors #39; confidence.",Sci/Tech,Business
Halo 2 scores record sales of \$125 million in first 24 hours Halo 2 broke entertainment retail records in its first 24 hours. Microsoft Game Studios said that the video game sold through 2.4 million stores in the US and Canada raking in \$125 million in sales.,Business,Sci/Tech
"New York Unveils Last, Best Bid to Gain the Olympics in 2012 Leaders of the NYC2012 committee highlighted New York's advantages in multiculturalism, money and media power.",Sports,Business
"China's Lenovo to buy IBM's PC business TOKYO - China's Lenovo Group Ltd. signed a definitive agreement on Wednesday to acquire IBM Corp.'s personal computing division. Lenovo will pay US\$1.25 billion in cash for the business, which is expected to transform it into the world's number three PC maker, the companies announced.",Sci/Tech,Business
"Oracle Fails to Inspire Tech Rally Oracle Corp. handed the software industry some positive earnings news after the bell on Tuesday, but investors pulled cash from the sector on concerns that information technology spending has become anemic.",Business,Sci/Tech
Transport strike hits Netherlands Public transport grinds to a halt in the Netherlands as workers strike against the government's planned welfare cuts.,Business,World
"House passes bill to criminalize spyware fraud The House Thursday passed a bill that would criminalize the use of spyware to commit fraud or other crimes, adding an additional two to five years to federal sentences.",Sci/Tech,Business
Security scare as intruder dives in A CANADIAN husband #39;s love for his wife has led to a tightening of security at all Olympic venues in Athens.,Sports,World
"Hewlett-Packard buys Synstar Palo Alto-based Hewlett-Packard Co. has bought IT services company Synstar plc, of Bracknell, England for about \$293.3 million. Synstar has some 1,500 customers across Europe, selling IT support for various computer platforms.",Business,Sci/Tech
"Regulators Let Cingular Buy AT amp;T Wireless The \$41 billion merger between Cingular Wireless LLC and AT amp;T Wireless Services Inc. won approval from the Federal Communications Commission yesterday, according to federal sources close to",Sci/Tech,Business
"Disgraced Greek Sprinters Drug Tested by WADA ATHENS (Reuters) - Greek sprinters Costas Kenteris and Katerina Thanou have been dope tested by doctors from the World Anti-Doping Agency, an official said Tuesday.",Sports,World
"Amazon to Buy Chinese Retailer Joyo.com Internet retailer Amazon.com Inc. said on Thursday that it will buy Joyo.com Ltd., which runs some of China #39;s biggest retail Web sites, for about \$75 million to gain entry into China #39;s fast-growing market.",Sci/Tech,Business
"Meet UK #39;s #39;Dr Dolittle #39; of animal behaviour London - Lincoln University in the east of England has appointed Britain #39;s first professor of animal psychiatry, a report said on Tuesday.",Sci/Tech,Business
"Mexico's 'Fire Volcano' Erupts, No Evacuations Yet (Reuters) Reuters - Mexico's so-called ""Fire\Volcano"" spewed lava, glowing rocks and flames on Friday in an\eruption that authorities said was not yet serious enough to\evacuate nearby villages.",Sci/Tech,World
"Intel drops prices on computer chips SAN FRANCISCO - Intel Corp. has cut prices on its computer chips by as much as 35 percent, though analysts on Monday said the cuts were probably unrelated to swelling inventories of the world #39;s largest chip maker.",Sci/Tech,Business
"Putin ready to probe other oil companies Russian President Vladimir Putin is ready to go after other oil companies the way he has hammered Yukos, a top Kremlin official has said.",Business,World
Japan Airlines Sees Profit on Int'l Travel (AP) AP - Japan Airlines Corp. said Friday that it returned to profitability in first half of the fiscal year as international travel picked up from a decline a year ago caused by the war in Iraq and the SARS outbreak in Asia.,World,Business
"Russian rocket carrying Russian-U.S. crew blasts off for space station (Canadian Press) Canadian Press - BAIKONUR, Kazakhstan (AP) - A Russian rocket carrying a new Russian-U.S. crew to the international space station lifted off from the Baikonur cosmodrome Thursday.",World,Sci/Tech
"PeopleSoft Plays Defense The business software maker inks a deal with IBM, but it isn't likely to dissuade Oracle.",Business,Sci/Tech
"Calif. OKs World's Toughest Smog Rules LOS ANGELES - California air regulators Friday unanimously approved the world's most stringent rules to reduce auto emissions that contribute to global warming - a move that could affect car and truck buyers from coast to coast. Under the regulations, the auto industry must cut exhaust from cars and light trucks by 25 percent and from larger trucks and sport utility vehicles by 18 percent...",World,Business
"Mars water tops science honours The discovery that salty, acidic water once flowed across the surface of Mars has topped a list of the 10 key scientific advances of 2004.",World,Sci/Tech
"Parties Allowed to Contact Absentee Voters (AP) AP - Like fishing in a stocked pond instead of an ocean, politicians are trying to catch votes by targeting phone calls and fliers at voters who have already applied for absentee ballots.",World,Sci/Tech
"Infiltration: Who knows better, Army or Patil? NEW DELHI: It appears another instance of the left hand not knowing what the right is doing. Barely hours after Shivraj Patil claimed in Srinagar that there was a drop in infiltration from across the border",World,Business
Tennis: Davenport to play on Lindsay Davenport says she plans to play in the Australian Open next January.,World,Sports
"Senate Panel Gives NASA Extra Money (AP) AP - NASA would get #36;16.4 billion next year under a bill a Senate committee approved Tuesday, reversing a decision by House lawmakers to cut the space agency's budget below this year's levels.",World,Sci/Tech
"Cingular to upgrade wireless data network DECEMBER 01, 2004 (REUTERS) - Cingular Wireless LLC, the largest US wireless telephone company, said yesterday that it would upgrade its network next year to handle high-speed data transmissions.",Business,Sci/Tech
Cricket: Pakistan edge ahead Pakistan take a slim lead over Sri Lanka by the end of the day two in the first Test.,World,Sports
Socially Responsible Funds on a Tear Don't be too impressed -- great returns don't always mean much.,Business,Sci/Tech
"Prediction Unit Helps Forecast Wildfires (AP) AP - It's barely dawn when Mike Fitzpatrick starts his shift with a blur of colorful maps, figures and endless charts, but already he knows what the day will bring. Lightning will strike in places he expects. Winds will pick up, moist places will dry and flames will roar.",Sci/Tech,Sports
Update 2: EDS Reports Third-Quarter Loss Electronic Data Systems Corp. finally settled a dispute with outside auditors and reported a third-quarter loss of \$153 million due to the write-down of a huge contract to build a computer network for the Navy.,Business,Sci/Tech
Deal has S2io champing at the gigabit OTTAWA -- A local firm that says it can help shrink backup times at large data centres is growing its business thanks to an alliance with Sun Microsystems Inc.,Business,Sci/Tech
Islands press Govt to reverse phone call decision Diplomats from a number of islands in the South Pacific are reported to be pressing the Government to reverse a decision to block all phone calls made to the islands.,Sci/Tech,World
"Florida weather may help Israeli citrus industry As sunshine state licks its wounds from Hurricane Frances, Gan Shmuel could reap the benefits. The most important news for Florida #39;s 2.8 million residents this week has not been from the Republican",Business,World
"Nextel, Sprint Talk Merger Nextel Communications Inc. and Sprint Corp. are negotiating a possible merger, according to a source familiar with the discussions.",Sci/Tech,Business
US Hostage Apparently Beheaded (CBS/AP) A video posted on an Islamic Web site Monday shows the apparent beheading of a man identified in the tape as American construction contractor Eugene Armstrong.,World,Sci/Tech
"Let a Thousand Ideas Flower: China Is a New Hotbed of Research In recent years, hundreds of multinational companies have set up research laboratories in China.",Business,Sci/Tech
"Toy Safety Glance 398,000 Bumble Bee toys distributed by Graco Children #39;s Products. Graco received 26 reports of antennae breaking off the toys, including five reports of children who started to choke on the broken parts.",Business,World
"Karp team won't buy Fan Pier For the second time in less than two months, a prospective buyer of the prime Fan Pier land in South Boston has pulled out of a deal.",Business,Sports
"Israel to close Erez industrial zone before March Israel would start liquidating the Erez industrial zone in the northern Gaza Strip before launching the first stage of the disengagement plan in March 2005,local newspaper Ha #39;aretz reported on Tuesday.",Business,World
"Show lights up Paralympics The XII Paralympics begins in Athens, after a spectacular opening ceremony.",World,Sports
"FaceTime, IMlogic Back Live Communications Server 2005 Hard on the heels of Microsoft announcing that it #39;s taken Live Communications Server 2005 gold, instant messaging management software vendors IMlogic and FaceTime on Tuesday both touted their support for the communication product.",Business,Sci/Tech
"Vodafone begins 3G service Vodafone launches its third-generation services for mobile phones, offering video calls, music downloads and games.",Business,Sci/Tech
"Aids warning over bushmeat trade Meat from African wild animals being sold illegally in the UK is spreading a virus similar to HIV, a leading scientist warns.",Sci/Tech,World
"Stability Control Systems Can Save Lives (AP) AP - Stability control systems could save up to 7,000 lives each year if they were standard equipment on all vehicles, according to a study by the insurance industry.",World,Sci/Tech
"Supreme Court Asked To Hear File-Sharing Arguments The file-sharing legal battle has moved to the Supreme Court, with a group composed of labor unions, sports leagues and state attorneys general asking for a hearing on a claim brought",Sci/Tech,Business
"Serial HIV Assault Verdict Expected Mon. (AP) AP - A verdict will be announced Monday in the trial of a man charged with intentionally exposing 17 women to HIV, a county judge said.",Sci/Tech,World
"Alltel buys Cingular properties, expands network Little Rock-based Alltel will expand its wireless phone service in Connecticut, Kentucky, Mississippi, Oklahoma and Texas in a \$170 million deal with Cingular Wireless.",Business,Sci/Tech
"PeopleSofts big bash See you next year in Las Vegas , proclaimed a marquee at the PeopleSoft user conference in San Francisco in late September. It was one of many not-so-subtle attempts by the company to reassure its customers",Business,Sci/Tech
Rugby: Kiwis earn draw New Zealand hold Australia 16-16 in the first game of the 2004 Tri-Nations series.,World,Sports
"Mining concern names outside managers SYDNEY Sons of Gwalia, the world #39;s leading supplier of tantalum, appointed outside managers on Monday after failing to reach agreement with creditors.",Business,World
Web-based kidney match raises ethics questions A Colorado man who placed a quot;transplant wanted quot; ad on a Massachusetts-based Internet site is expected today to receive a kidney donated by a total stranger who simply wanted to do quot;something big. quot; The transaction marks the first time an organ transplant has been brokered by a commercial web company.,Business,Sci/Tech
"City Series-ly wounded With the Yanks out of the World Series, the city #39;s economy loses out on at least \$40 million, according to studies by the controller #39;s office and other city agencies.",Sports,Business
"EasyGroup close to launching low-cost mobile phone service (AFP) AFP - EasyGroup, the holding company of no-frills British airline easyJet, is close to striking a deal to launch a low-cost mobile telephone service in Britain, the Financial Times reported.",World,Sci/Tech
"Times to Scrap Broadsheet Edition The Times is to scrap its broadsheet edition and go tabloid from Monday, it was confirmed today. The decision was made after a trial run of the compact edition proved a success, said editor Robert Thomson.",Sports,Business
"Calif. Voters Back #36;3 Billion Stem Cell Measure (Reuters) Reuters - A controversial California ballot\measure that would fund a decade of stem cell research with #36;3\billion in state money was headed for a resounding victory on\Wednesday, initial returns showed.",Sci/Tech,Business
"Florida, Alabama pick up the pieces after Ivan People in Florida and Alabama have started to clean up after hurricane Ivan - the third such pummelling for Florida alone in just five weeks.",Business,World
CAT and AstraZeneca enter \$175m collaboration AstraZeneca intends to invest over 120m in Cambridge Antibody Technology (CAT) through an innovative five-year research collaboration and a 75m equity,Business,Sci/Tech
Hyperion targets broader base New Essbase 7X is intended to draw customers beyond Hyperion's usual corporate-finance crowd.,Sci/Tech,Business
"Calif. Mental Health Services May Expand (AP) AP - As pressures increase on California's mental health system, its workers and advocates say they are forced to do more with a supply of money that seems to shrink each year.",World,Sci/Tech
Retailers Looking to Move Plasma TV's (AP) AP - Hanging stockings by the chimney with care? Retailers hope that St. Nicholas soon will be there #151; to hang a 42-inch plasma-screen TV.,Business,Sports
"Nigerian Senate approves \$1.5 bln claim on Shell LAGOS - Nigeria #39;s Senate has passed a resolution asking Shell #39;s Nigerian unit to pay \$1.5 billion in compensation to oilfield communities for pollution, a Senate spokesman said.",Business,World
Infineon to Pay a Fine in the Fixing Of Chip Prices Federal prosecutors announced on Wednesday that they had cracked a global cartel that had illegally fixed prices of memory chips in personal computers and servers for,Business,Sci/Tech
"Large Gambian Rats Worry Fla. Officials (AP) AP - The Florida Keys, already dealing with invasive exotics from melaleuca to iguanas, have added another to the list of unwanted newcomers: the African Gambian pouch rat.",Sci/Tech,World
"EU increases pressure for rights in Myanmar EU foreign ministers agreed Monday to tighten sanctions against Myanmar if it does not improve its human rights record by Oct. 8, when an EU meeting with Asian countries starts in Vietnam.",Business,World
"Microsoft Readies Next Business IM Server A little over a year after introducing the first version of Office Live Communications Server, Microsoft says it plans to release the next version of its enterprise instant messaging software, in December.",Business,Sci/Tech
"DreamWorks Moves Shrek 3 to 2007 DreamWorks announced today that it has decided to move its release of Shrek 3 from November 2006 to May, 2007. quot;We believe there are more than a half a dozen strong release windows available annually for our",Business,Sci/Tech
"Card fraud unit nets 36,000 cards In its first two years, the UK's dedicated card fraud unit, has recovered 36,000 stolen cards and 171 arrests - and estimates it saved 65m.",Sci/Tech,Business
Two top Nokia executives resign HELSINKI: Nokia said the respected head of its networks unit had resigned and another top networks official left in the second major departure of top management in two weeks at the world #39;s largest mobile phone maker.,Business,Sci/Tech
"Bourses set for losses after Wall St falls (FT.com) FT.com - European equity markets were poised for opening losses on Thursday following a weak session on Wall Street overnight, while caution was likely ahead of results from Nokia, the leading mobile handset maker.",Sci/Tech,Business
"Another homicide in Holland It is a sad day. In what seems to be another politically inspired homicide in Holland, Dutch filmmaker, and controversial columnist Theo van Gogh was brutally murdered in the streets of Amsterdam this morning.",Sci/Tech,World
"Rough ride won #39;t stop next X Prize shot The rolling experienced by SpaceShipOne on its first Ansari X Prize flight on Wednesday will not jeopardise the team #39;s chances of winning the \$10 million purse, team members said in a post-flight briefing.",Sci/Tech,Sports
"Fashionably late What do women want? Luciano Manganella, the owner of the trendy Boston women's boutique JasmineSola, has a pretty good idea. And now after 34 years in business, he's plotting a major expansion.",Business,Sci/Tech
Malaysia expects to resume poultry exports to Singapore soon By Channel NewsAsia #39;s Malaysia Correspondent Melissa Goh. KUALA LUMPUR : Malaysia expects to resume export of poultry and eggs from two states to Singapore by the end of this month but only after meeting conditions set by the island.,World,Business
"It may be end of line for narrow track Hurricane forecasters debate the usefulness of the quot;skinny line quot; in tracking maps, and look at more accurate alternatives.",Business,Sci/Tech
"Strong Server, PC Sales Boost Microsoft Revenue The company's earnings beat Wall Street expectations.",Sci/Tech,Business
It #39;s Time for Tech Firms to Bet on Growth Industry leaders have been offering too few innovations and too many marginal upgradesat not-so-marginal prices. There #39;s a joke going around that our lives have become so boring that we #39;ve taken up watching people play cards on TV.,Sci/Tech,Business
"UN Says More Money Needed for Population Programs The United Nations released its annual population report on Wednesday, and it said it needs more money for population programs. A top United Nations official says if more money isn #39;t found for population programs",World,Business
"Cape Town F1 bid And they plan to build a multi-million-dollar race track here for the event, an official said today. quot;The plans for the bid are far advanced.",Sports,Business
"Cingular to Cut About 7,000 Jobs (Reuters) Reuters - Cingular Wireless will cut about 7,000\jobs, or 10 percent of its work force, to cut costs as it\integrates recently purchased AT T Wireless, the company said\on Tuesday.",Sci/Tech,Business
"EU Clears Flextronics Purchase of Units (AP) AP - European Union regulators Friday cleared Singapore's Flextronics International Ltd., the world's largest contract electronics manufacturer, to acquire factories from Canada's Nortel Networks Corp.",World,Business
"Microsoft settles antitrust cases with Novell, CCIA Microsoft Corp on Monday announced antitrust settlements with Novell Inc. and the Computer and Communications Industry Association (CCIA), ending years of legal wrangling.",Sci/Tech,Business
"China's inflation rate slows sharply but problems remain (AFP) AFP - China's inflation rate eased sharply in October as government efforts to cool the economy began to really bite, with food prices, one of the main culprits, showing some signs of slowing, official data showed.",World,Business
"Cingular to Reduce Work Force by Roughly 10 Percent, CEO Says Cingular Wireless LLC, the nation's largest cell phone company, will cut about 10 percent of its 68,000 jobs over the next 12 to 18 months as it combines operations with the recently acquired AT T Wireless, Cingular's chief executive said Tuesday.",Sci/Tech,Business
"Cisco Systems 1st-Quarter Earnings Rise (Reuters) Reuters - Cisco Systems Inc., the biggest maker\of equipment that directs data over the Internet, on Tuesday\said quarterly earnings rose 29 percent on rising demand for\its networking gear.",Business,Sci/Tech
"Netflix, TiVo sign VoD alliance Netflix, the online DVD rental company, and TiVo yesterday said they will work together to deliver movies digitally down the wires, presumably specifically to the latter #39;s PVR equipment.",Business,Sci/Tech
"Lego, Carrefour in French Price-Fix Probe (AP) AP - French competition authorities are investigating Danish toy maker Lego Systems AS and supermarket retailer Carrefour SA as part of a probe into alleged price fixing in the French toy market in 2002 and early 2003.",Business,Sci/Tech
Stanley set sights on Elland Road for casino Stanley Leisure plc has announced a Stanley Casinos Limited plan to develop a casino complex on land adjacent to Leeds United #39;s Elland Road stadium.,Business,Sports
"Intel planning Centrino-like brand for desktops Intel is preparing a marketing strategy that will brand desktop PCs with a similar label that made its Centrino notebook technology a household name, according to sources familiar with the company's plans.",Business,Sci/Tech
"FDA Orders Strong Antidepressant Warning Labels By DIEDTRA HENDERSON WASHINGTON (AP) -- The Food and Drug Administration on Friday ordered that all antidepressants carry ""black box"" warnings that they ""increase the risk of suicidal thinking and behavior"" in children who take them. Patients and their parents will be given medication guides that include the warning with each new prescription or refill...",Sci/Tech,World
"Official: MLB to Move Expos to Washington WASHINGTON - Major League Baseball will announce Wednesday that Washington will be the new home of the Montreal Expos, bringing the national pastime back to the nation's capital for the first time in 33 years, The Associated Press has learned. A city official, speaking on condition of anonymity, said Washington has been notified by Major League Baseball of the impending announcement...",World,Sports
"Google puts desktop search privacy up front Google has announced a new desktop search application that enables users to search their e-mail, files, web history, and chats. Perhaps learning from previous mistakes, Google says it has designed the product quot;from the ground up to respect user privacy.",Business,Sci/Tech
"Strikes at London airports London - A 48-hour strike by aircraft refuellers at London Heathrow airport got under way on Friday, with baggage handlers at Gatwick airport also preparing to walk out, threatening a weekend of travel disruptions.",Business,World
Football: Azerbaijan 0-1 England Michael Owen heads England's winner in the World Cup qualifier against Azerbaijan.,World,Sports
"Study: Few Americans Buy Drugs Online NEW YORK - Only 4 percent of Americans have ever used the Internet to buy prescription drugs - and even fewer do so through foreign pharmacies - despite Web sites maintained by a handful of states to help citizens import medicines more cheaply from Canada, a new study finds. A majority - 62 percent - believe drugs bought online are less safe than those purchased from a local pharmacy, accepting the federal government's stated concerns in opposing drug imports, the Pew Internet and American Life Project said in a report Sunday...",World,Sci/Tech
FDA OKs Kit Used with Hemophilia Therapy CHICAGO (Reuters) - Wyeth Pharmaceuticals said on Monday it received U.S. regulatory approval for a kit designed to help patients with the blood disorder hemophilia get regular treatments more quickly and safely.,Business,Sci/Tech
Airport Staff Walk-Out Fails to Disrupt Flights A strike by hundreds of baggage handlers and maintenance workers at Gatwick Airport failed to disrupt flights today. The workers mounted picket lines outside,Business,World
"Coke plans new push into energy niche In January, Coke plans to introduce an energy drink called Full Throttle. Coke hopes it will be a better competitor than an earlier entry, the slow-selling KMX.",Business,Sci/Tech
"Fujitsu Siemens profit grows 60 percent Fujitsu Siemens Computers (Holding) BV, Europe #39;s largest remaining computer manufacturer, posted a 60 percent leap in profit for the first half of its fiscal year on higher sales of laptops and servers to business customers, the company said Wednesday.",Sci/Tech,Business
"Alternative Energy: Ready or not? Even with a boost from higher oil prices and growing concern about global warming, the payoff on most alternative energy technologies seems a ways off.",Business,Sci/Tech
"Unisys to lay off 1,400 workers Unisys Corp. plans to cut 1,400 jobs, primarily in general and administrative areas, and consolidate its office space worldwide, it announced Wednesday. The cuts represent 3.8 percent of the company's staff of 37,000.",Sci/Tech,Business
Fan Death Family members of a college student killed by Boston police during a Red Sox celebration will wait for an internal investigation before deciding if they will sue the department.,Sports,World
Rumors Suggest Photo Ability To Be Added to iPod quot;Apple has invested heavily in technology to edit pictures. Not having a portable device to show them seemed an obvious oversight that would be corrected once the price of the displays,Business,Sci/Tech
"DreamWorks Animation IPO Set at 29M Shares Underwriters for DreamWorks Animation SKG Inc., producer of the blockbuster ""Shrek"" movies, Tuesday set the terms of the company's pending initial public offering at 29 million common shares, with an estimated price range of \$23 to \$25 a share.",Sci/Tech,Business
"Still no beef resolution after latest talks NEW YORK, (Aug. 30, 2004) - Cattle farmers and haulers finally looking for a quick end to a 15-month ban on live cattle exports to the US are out of luck after Canadian Agriculture Minister Andy Mitchell",Business,World
"Gas prices up 5 cents after Hurricane Ivan CAMARILLO, Calif. - Gas prices jumped more than 5 cents a gallon in the past two weeks, largely because of supply problems related to Hurricane Ivan, an industry analyst said.",Sci/Tech,Business
"Men, Women More Different Than Thought CHICAGO - Beyond the tired cliches and sperm-and-egg basics taught in grade school science class, researchers are discovering that men and women are even more different than anyone realized. It turns out that major illnesses like heart disease and lung cancer are influenced by gender and that perhaps treatments for women ought to be slightly different from the approach used for men...",World,Sci/Tech
"Redskins Loss - Bad News for Bush, Great for Kerry The Washington Redskins lost their final home football game before the US presidential election on Sunday -- and that #39;s great news for Democratic Sen. John Kerry and bad news for President Bush.",Sports,World
"The Handbag? Total Knockoff. The Price Tag? All Too Real. It is as much a rite of the New York holiday season as sidewalk Santas or crowded Fifth Avenue sidewalks: the proliferation of hawkers selling counterfeit products like the fake Fendi handbag, the replica Rolex watch and the pirated DVD.",Business,Sci/Tech
"Bryant Prosecutors Say Some Data Tainted DENVER - Crucial DNA evidence tested by defense experts in the Kobe Bryant sexual assault case might have been contaminated, prosecutors said in a court filing released Wednesday, just two days before jury selection is to begin. Prosecutors said they had found contamination in DNA ""control"" samples intended to ensure testing was accurate...",World,Sci/Tech
Spawn of X Prize on Horizon Innovators take note: The folks behind the X Prize vow there will soon be more competitions in several disciplines. Also: The da Vinci team presses ahead in Canada.... Rubicon team plans another launch attempt. By Dan Brekke.,Sci/Tech,Sports
"Immunity in Ebbers Case Opposed in U.S. Filing NEW YORK, Sept. 29 -- Federal prosecutors told a judge in a filing late Tuesday night that they have evidence that former WorldCom Inc. chief executive Bernard J. Ebbers knew company officials had improperly tinkered with the telecommunications firm's accounting to boost its publicly reported profits.",Sci/Tech,Business
"Google Lowers Its IPO Price Range SAN JOSE, Calif. - In a sign that Google Inc.'s initial public offering isn't as popular as expected, the company lowered its estimated price range to between \$85 and \$95 per share, down from the earlier prediction of \$108 and \$135 per share...",World,Business
"Renault unveils investment plan for Asian hub in South Korea (AFP) AFP - French auto giant Renault SA said it will invest some 570 million dollars in South Korea over the next three years as part of its global strategy to become a key player in Asia, notably China.",World,Business
"Pricey Drug Trials Turn Up Few New Blockbusters The \$500 billion drug industry is stumbling badly in its core business of finding new medicines, while aggressively marketing existing drugs.",World,Business
"Stocks Close Higher on Brokerage Earnings NEW YORK - Stocks dashed higher Tuesday as investors welcomed strong earnings from financial services companies, upbeat economic data and some reassuring news from the Federal Reserve. The Fed's decision to raise short-term interest rates by another quarter-percentage point to 1.75 percent did not come as a surprise to the market...",World,Business
"Douglas, Fraser, and blue await you Jim McLeod has a great day job, but a seasonal sideline is his #39; #39;tree #39; #39; calling. Throughout the year, he #39;s president and owner of a software company called InfoCode Corp.",Business,Sci/Tech
"Nintendo to Unveil Handheld Upgrade Facing its biggest threat ever from the arrival of Sony Corp. in the portable video-game machine market, Japanese game-maker Nintendo Co.",Business,Sci/Tech
Germans plan mass welfare rallies Nationwide protests are set to take place in Germany as cuts in unemployment benefit take effect.,Business,World
"Storms Seem to Cure Floridians of Hurricane Amnesia The state #39;s East Coast hadn #39;t been hit by a hurricane since 1999. That, and the fact that Florida hasn #39;t had its historic share of such storms in recent decades, has led to some complacency about their effects.",Business,Sports
"Thai minister says zoo #39;s illegal orangutans to be moved JAKARTA/BANGKOK (DPA): Thailand, under growing pressure to repatriate some 100 orangutans allegedly smuggled into the country from Indonesia, plans to shift the apes from a private zoo to a safe centre, probably in Chiang Mai, a minister said on Thursday.",Sci/Tech,World
"Nothing Robotic About Robo-Art The ArtBots show in New York this past weekend proved that robots can wax artistic, too -- or at least carry out the instructions of their artistic creators. Cyrus Farivar reports from New York.",Sci/Tech,World
webcrawler: A9.com is cool NOW heres something else thats off the mind. Theres no more need to make mental or computer notes while searching the Internet.,Business,Sci/Tech
"Number of Kids on Antidepressants Drops Dramatically NEW YORK (AP) -- The number of children taking antidepressants has dropped dramatically since the Food and Drug Administration cautioned that the drugs can provoke suicidal behavior, according to a study. Pharmacy benefit manager Medco Health Solutions found that the number of children taking antidepressants fell 18 percent in the first quarter and an additional 5 percent in the second quarter...",Sci/Tech,Business
"Virgin dips its toe into the Pacific SIR Richard Branson did not disappoint with his stunts yesterday, flying into Sydney to promote his international airline Virgin Atlantic.",Business,Sci/Tech
"Feds kick off digital TV consumer campaign WASHINGTON - It #39;s one of the biggest technical changes in television since color TV: the digital transition. And because many Americans remain in the dark about it, federal regulators began an education campaign Monday to enlighten them.",Business,Sci/Tech
"New drug extends multiple sclerosis options 25/11/2004 - The first in a completely new class of drug for multiple sclerosis has been approved in the US, opening up a new avenue of treatment for sufferers of the debilitating diseases and potential blockbuster revenues for developers Elan and Biogen",Business,Sci/Tech
"Kenyan Laureate Urges Rich Nations to Ratify Kyoto (Reuters) Reuters - Kenya's Nobel Peace Prize winner,\Wangari Maathai, on Monday urged wealthy nations to ratify the\Kyoto protocol on climate change to ease the burden of\pollution on poor countries.",Sci/Tech,World
"Ecuadorean Lawsuit Vs Texaco Boils Down to Science (Reuters) Reuters - After a decade\of court battles, lawyers on Wednesday took a lawsuit by\Ecuadorean Indians accusing U.S. oil firm ChevronTexaco Corp..\of polluting the Amazon jungle into the field.",Sci/Tech,Business
Bangkok animal trade talks open The rules controlling the trade in many at-risk wildlife species may change at a Bangkok meeting starting on Saturday. The 166 member states of the Convention on International Trade in Endangered Species of,World,Sci/Tech
"Audit finds no fraud in Venezuelan recall vote CARACAS : An audit of last Sunday #39;s recall vote in Venezuela, which favored keeping President Hugo Chavez in office, found no evidence of fraud, as the opposition had charged, electoral officials said.",Business,World
"103 arrests for Internet fraud, related crimes since June: US (AFP) AFP - US authorities arrested at least 103 suspects and filed 117 criminal complaints since June 1 in a crackdown on various forms of online fraud, Attorney General John Ashcroft said.",Sci/Tech,World
"Nobel Economics Prize Awarded Norwegian-born Finn Kydland and Edward Prescott of the United States won the 2004 Nobel\economics prize, the Royal Swedish Academy of Sciences said on Monday.",Business,World
Safety Group Closely Echoes Rail Industry Documents show that the nation's most influential rail-safety group is tightly bound to the railroad industry.,World,Business
"Greenspan: Debt, home prices not dangerous The record level of debt carried by American households and soaring home prices do not appear to represent serious threats to the US economy, Federal Reserve Chairman Alan Greenspan said Tuesday.",Sci/Tech,Business
"Oil Surges to New Intraday High in Europe (AP) AP - The price of crude oil surged to a new intraday high of US #36;53.42 in European trade Monday, despite assurances from Middle East oil producers that they were committed to bringing the price down as a strike began in Africa's largest exporter.",World,Business
Drug makers target counterfeits Big pharmaceutical companies are testing new tracking technology they hope will help them spot counterfeit drugs before they reach consumers' medicine cabinets.,Business,Sci/Tech
"USC, Miami Top BCS Standings, Not Okla. Southern California took the top spot Monday in the season's first Bowl Championship Series standings, and surprisingly Miami is ahead of Oklahoma in a close race for the second spot. Oklahoma is No...",World,Sports
"France joins Germany, Japan in economic slide (AFP) AFP - The French economy hit a rough patch in the third quarter, throwing the government's full-year growth target into question amid signs of an economic slowdown in the 12-nation eurozone.",Business,World
"SKorea's Samsung to invest 24 billion dollars in new chip lines (AFP) AFP - South Korea's Samsung Electronics Co., the world's largest memory chipmaker, said it would invest some 24 billion dollars in building new chip production lines over the next six years.",World,Sci/Tech
"You have mail, always, with a BlackBerry Washington lawyer William Wilhelm knows from experience that not everybody loves his BlackBerry as much as he does. The girlfriend was fed up with a relationship",Sci/Tech,Business
"Gordon Cooper, NASA Mercury Pioneer, Dies LOS ANGELES - Gordon Cooper, who was the youngest and perhaps cockiest member of the original Mercury astronauts and set the space endurance record that helped clear the way for the first moon landing, has died. He was 77...",World,Sci/Tech
"Supreme Court Hears Wine Sales Case Winemakers who want to ship directly to consumers across state lines got a sympathetic hearing at the Supreme Court today, as the justices heard oral arguments in a case that could have a dramatic effect on Internet commerce and states' power to regulate the alcohol trade.",Sci/Tech,Business
"It's Inauguration Time Again, and Access Still Has Its Price President Bush's inaugural committee, seeking to raise more than \$40 million, a record, sent out hundreds of solicitations.",World,Business
Update: PeopleSoft board won't negotiate Oracle takeover PeopleSoft executives said over the weekend that they won't discuss a sale to Oracle at a price of \$24 per share but would consider an offer at a higher price.,Sci/Tech,Business
Cellphone Industry Hits Snag as It Woos Untapped Market The mobile phone industry is turning its attention to the last untapped demographic - people over 65.,World,Sci/Tech
We have to learn to be patient on Indian pitches: Smith (AFP) AFP - South African skipper Graeme Smith said his team had to learn to be patient on slow pitches if they hoped to do well in an upcoming two-Test series against India.,World,Sports
VoIP becomes new option Jackson is one of the first to take advantage of Time Warner Cable #39;s new venture into Voice over Internet Provider (VoIP) telephone service here and she says it works great.,Business,Sci/Tech
"Cingular, AT amp;T deal gets an OK from Justice (USATODAY.com) USATODAY.com - Justice Department antitrust regulators cleared the way Monday for Cingular Wireless' #36;41 billion acquisition of AT amp;T Wireless Services (AWE), a crucial step toward creating the nation's largest wireless telephone company.",Sci/Tech,Business
"Embattled Mortgage Giant Agrees to Meet New Standards Fannie Mae agreed to keep more cash on hand while it corrects accounting problems, a U.S. regulator said.",World,Business
"Gold Indian Coin Expected to Fetch #36;27,000 (Reuters) Reuters - An Indian gold coin which is nearly\1,900 years old and shows one of the earliest depictions of\Buddha is to be sold at auction where it is expected to fetch\up to 15,000 pounds ( #36;27,000).",Sci/Tech,World
"Belarus Bank Denies Money Laundering Charge A bank in Belarus has denied US charges that it laundered money for former Iraqi leader Saddam Hussein. Infobank, in a statement, said it has strictly followed international agreements related to the fight against illegal transactions.",Business,World
Airbus drops out of Microsoft appeal Aircraft builder withdraws its request to intervene in Microsoft's antitrust appeal; Boeing also forgoes intervention.,Sci/Tech,Business
"In China's changing society, psychotherapy gains acceptance BEIJING -- Step back, Confucius. Move over, Mao. Dr. Freud is making the rounds. Once vilified by the communists as a remnant of bourgeois imperialism, the practice of psychology -- and especially the Western ritual of going to a therapist -- is gaining popularity in this country of budding capitalists.",World,Sci/Tech
"Delta #39;s Aborted Crash Landing If you #39;ve ever been in an airplane that has to abort a landing, you know that it is a completely hair-raising, disorienting experience.",Business,Sci/Tech
"Ford underlines committed to motorsport. Despite confirming the successful sale of both Jaguar Racing and its Cosworth engine company to new owners, Ford Motor Company has stressed that it remains committed to supporting motorsport at all levels.",Sports,Business
