text,Actual Class,Predicted Class
"Paris Tourists Search for Key to 'Da Vinci Code' (Reuters) Reuters - A funny thing happened on the way to the\Mona Lisa. Visitors to the Louvre museum in Paris, home of the\world's most famous painting, started quizzing tour guides\about Dan Brown's best-selling novel ""The Da Vinci Code.""",World,Sci/Tech
"Net firms: Don't tax VoIP The Spanish-American War is over and a ""temporary"" tax created to pay for it should not be extended to Internet phone calls, industry groups tell the IRS",Sci/Tech,Business
"Dependent species risk extinction The global extinction crisis is worse than thought, because thousands of quot;affiliated quot; species also at risk do not figure in calculations.",Sci/Tech,Business
Chavez rejects CD as opposition Venezuela #39;s President Hugo Chavez has announced that he will no longer recognize the Democratic Coordination or CD as the opposition coalition.,Business,World
"Clouds darken PeopleSoft conference SAN FRANCISCO -- PeopleSoft Inc. is trying to create a party-like atmosphere at its annual customer conference, but this week's gathering may feel more like a wake with rival Oracle Corp.'s \$7.7 billion takeover bid looming larger than ever.",Business,Sci/Tech
"Ramirez should be taking it to heart When it comes down to this, when it's worse than you could have possibly imagined, if you are any kind of ballplayer at all, you look within and ask yourself what you can do to make it better.",Sports,Sci/Tech
"Some People Not Eligible to Get in on Google IPO Google has billed its IPO as a way for everyday people to get in on the process, denying Wall Street the usual stranglehold it's had on IPOs. Public bidding, a minimum of just five shares, an open process with 28 underwriters - all this pointed to a new level of public participation. But this isn't the case.",Sci/Tech,Business
"Crunch Time for Biotech Companies Washington area biotech companies will face pivotal moments this year, finding out whether key products work before money dries up, fending off competition from bigger companies, and, perhaps filing to go public.",Business,Sci/Tech
"Report: Amount of fine-particle pollution drops significantly LOS ANGELES - Concentrations of one of the most dangerous air pollutants have declined in most of the country in the last five years, especially in Southern California and the Southeast, according to a report released by the US Environmental Protection",Sci/Tech,Business
"High court hears dispute over Michigan interstate wine sales The Supreme Court is considering whether Michigan and other states may bar people from buying wine directly from out-of-state suppliers, a big-money question that could lead to sweeping changes in how alcoholic beverages are regulated",Business,Sci/Tech
"US Says No Plans to Sign New Climate Change Pacts (Reuters) Reuters - The United States, considered an\environmental laggard by its critics, is unlikely to sign any\new pacts on climate change at a key environmental meeting this\month, a senior U.S. official said on Thursday.",Sci/Tech,World
The Sims 2; Demon Stone; The Number Devil Getting a life gets a lot more complicated in this sequel to the best-selling computer game in history.,Sci/Tech,Sports
"Nike co-founder stepping down president effective December 28 after more than a year-long search. Knight, 66, who also will give up his title of president,. chairman, quot; Knight said in a statement on Thursday.",Business,World
"Google #39;s New PC Search Tool Poses Risks NEW YORK Oct. 18, 2004 - People who use public or workplace computers for e-mail, instant messaging and Web searching have a new privacy risk to worry about: Google #39;s free new tool that indexes a PC #39;s contents for quickly locating data.",Business,Sci/Tech
"At Last, Success on the Road for Lions The Detroit Lions went three full seasons without winning an away game, setting an NFL record for road futility. They ended that ignominious streak Sunday in their first opportunity of the season, beating the Chicago Bears 20-16 at Soldier Field...",World,Sports
IPod Helps Lift Apple's Fourth-Quarter Profit The iPod helped Apple's profit get up and dance. Apple Computer Inc. reported Wednesday that net income for its fourth fiscal quarter jumped 140 percent from the same period a year ago. -The Washington Post,Sci/Tech,Business
EU set to launch 'transit camps' EU ministers agree to set up five pilot reception centres in Africa to process asylum applications.,World,Sci/Tech
Keep It in the Family The IRS is gunning for your inherited IRA. Follow these steps to avoid costly penalties.,Business,World
"Thailand Shows No Easy War Against Wildlife Crime (Reuters) Reuters - With an AK-47 assault rifle slung over\his shoulder, Sompong Prajobjan roamed one of Thailand's lush\national parks for more than a decade.",Sci/Tech,World
"Obesity Raises Risk for 9 Different Types of Cancer By LAURAN NEERGAARD WASHINGTON (AP) -- Heart disease and diabetes get all the attention, but expanding waistlines increase the risk for at least nine types of cancer, too. And with the obesity epidemic showing no signs of waning, specialists say they need to better understand how fat cells fuels cancer growth so they might fight back...",Sci/Tech,World
"DaimlerChrysler, GM to team up on hybrid engines General Motors and DaimlerChrysler say they #39;re teaming up to develop hybrid technology for use in their vehicles. The two giant automakers say they have signed a memorandum of understanding.",Business,Sci/Tech
"Hundreds mourn loss of student killed by police during Red Sox ... As hundreds of mourners paid their final respects Tuesday to Victoria Snelgrove, her pastor denounced the raucous fans who prompted police to fire the pepper-spray pellet that killed the college student.",Sports,World
"Gap, Wild Planet Get Together on Radio Sweatshirt NEW YORK (Reuters) - Wild Planet, a toy maker known for its spy gear and adventure gadgets, said on Wednesday it was teaming up with clothing retailer Gap Inc GPS.N to sell sweatshirts with FM radios built in at GapKids stores.",Sci/Tech,Business
"Florida Election Supervisors Back Reforms (AP) AP - Florida's 67 county elections supervisors proposed dramatic reforms, including replacing Election Day with 11 days of voting and doing away with voting precincts.",World,Sports
"Rocky Legends; Tony Hawk's Underground 2; Nisus Writer Express 2.0; Surfsaver 6 This is the second Rocky video game in two years -- even though it's been 14 years since the last ""Rocky"" flick.",Sci/Tech,Sports
Megawati kicks off 36th ASEAN economic meeting JAKARTA (Agencies): President Megawati Soekarnoputri opened high-level economic talks between members of the Association of Southeast Asian Nations (ASEAN) on Friday with a warning to ASEAN leaders that they must stay the course on their agreed,Business,World
"Software revenue pushes up Oracle #39;s Q2 earnings Oracle Corp. reported second-quarter 2005 earnings that beat analyst expectations on Monday, thanks to new software revenue and continued gains from license updates and product support.",Business,Sci/Tech
"PC Screen Price-Fall to Slow in Fourth Quarter (Reuters) Reuters - Prices of computer screens are expected\to fall by less than 5 percent in the fourth quarter as the\market stabilizes on hopes of a pick-up in demand during the\Christmas season, a U.S.-based research firm said on Tuesday.",Sci/Tech,Business
US edge out Brazil for gold The United States beat Brazil 2-1 in extra time to win the women's Olympic football tournament.,World,Sports
"Sun and Kodak settle out of court As we reported previously, Kodak filed a lawsuit against Sun Microsystems claiming that the company had infringed on its patents by implementing quot;ask for help quot; functionality in its Java programming language, which gave a huge boost to the company #39;s yearly",Sci/Tech,Business
Microsoft Storms India Microsoft is making big news in India this week by expanding its Hyderabad campus and signing two lucrative deals in Asias fourth largest economy.,Business,Sci/Tech
"Bookies take bets on new Band Aid Bookies take bets on a new Band Aid single being Christmas No 1, expected to be confirmed by Midge Ure.",World,Sci/Tech
"Lawyers In the Limelight By all appearances, Steven Woghin was a lawyer at the top of his game. After years in government service, the former Justice Department attorney had worked his way up to a comfortable six-figure salary and the chief legal job at software maker Computer Associates International Inc.",Business,Sci/Tech
Martian Weather Blamed for Loss of Beagle 2 Description: An investigation into the loss of Britain #39;s Beagle 2 spacecraft last December suggests the cause may have been unusual Martian weather.,Sci/Tech,Business
Summary Box: Breast Cancer Surgery Refined (AP) AP - NEW APPROACH: A study says that removing just one to three key lymph nodes can spare women lifelong arm problems and reliably indicate whether breast cancer has spread.,Sci/Tech,World
"Austrian Panel OKs Siemens Takeover Bid Austrian regulators have approved Siemens AG #39;s bid to takeover engineering competitor VA Technologie AG, Austrian radio said Friday.",Business,Sci/Tech
Panel Urges N.Y. to Pay \$14 Billion More for City Schools Court-appointed referees recommended the state pay an additional \$14 billion over four years to improve New York City schools.,World,Business
APEC Ministers Urge New Effort on Trade Talks Pacific Rim trading nations said on Wednesday they should pool their influence to energize talks to free up world trade. As trade and foreign ministers from the 21-member Asia-Pacific,World,Business
Cricket: Dubai global academy The International Cricket Council are to open a global cricket academy designed to improve standards of lesser nations.,World,Sci/Tech
1994 Law Designed to Preserve Guard Jobs (AP) AP - A 1994 law strengthened job protections for National Guard and Reserve troops called to active duty. Here are major provisions of the Uniformed Services Employment and Reemployment Rights Act (USERRA).,World,Sci/Tech
"NASA Leader Cites Finances and Submits His Resignation Sean O #39;Keefe resigned as NASA administrator on Monday, saying he is leaving the position he has held for three years to pursue better economic opportunity for his family.",Sci/Tech,World
"Oreskes Named Times Deputy Managing Editor The New York Times has appointed Michael Oreskes, who directed much of the newspaper #39;s coverage of the Clinton-Lewinsky scandal, to deputy managing editor.",Business,World
"GAME UNDER FIRE Attacking police officers, racial slurs, bloody beatings of innocent bystanders ... is it really just a game? In four and a half minutes, 14-year-old Ryan Mason ran over a police officer, stole his gun and shot and killed three innocent bystanders.",Sci/Tech,World
"ATI Shares Resources with HyperMemory Graphics chipmaker ATI (Quote, Chart) unveiled a new technology it said lets its visual chips share system memory for graphics processing.",Sci/Tech,Business
Live: Olympics day four Richard Faulds and Stephen Parry are going for gold for Great Britain on day four in Athens.,World,Sports
Microsoft to hire hundreds in India Microsoft on Tuesday announced its decision to localise Windows and Office software in 14 Indian languages over the next 12 months and that the company would hire #39;hundreds #39; in India this year.,Business,Sci/Tech
"General Assembly committee opens two-day debate on anti-cloning ... The UN General Assembly #39;s legal committee begins a two-day debate today that will focus on the contentious issue. There is support among member states for a treaty banning human cloning, but divisions remain",Sci/Tech,Business
14 Nations to Participate in Plan to Reduce Methane Thirteen countries agreed yesterday to join a global plan proposed by the Bush administration to curb methane emissions by capturing the greenhouse gas and using it as an energy source before it is released into the atmosphere.,Sci/Tech,Business
"Hubble Sees Rare Triple Jupiter Eclipse Nov. 4, 2004 - A rare alignment of Jupiter #39;s three largest moons across the planet #39;s face was captured on film by the Hubble Space Telescope.",Sci/Tech,Business
"Eagles Bring Back Levens; Place Andrews on IR (Reuters) Reuters - The Philadelphia Eagles\made several roster moves on Tuesday, including bringing back\Dorsey Levens and placing Shawn Andrews on injured reserve.",Sports,Business
"Mark Cuban prompts dot-com redux reporteri #39;s notebook SAN FRANCISCO--Hope and cynicism sparred to a draw on Tuesday at the glitzy opening banquet of Web 2.0 conference here, as serial entrepreneur and reality TV show host Mark Cuban took the stage to talk about what #39;s next for the 10-year",Sci/Tech,Sports
"American Economist Expected to Win Nobel (AP) AP - Americans have dominated the annual Nobel Memorial Prize in Economic Sciences five years running, and it may not surprise Nobel watchers if the trend continues.",Business,Sports
"Medicare Premiums to Rise Record 17 Pct. WASHINGTON - Medicare premiums for doctor visits are going up a record \$11.60 a month next year. The Bush administration says the increase reflects a strengthened Medicare, while Democrats complain that seniors are being unfairly socked...",World,Business
"The C.E.O. Vanishes, and Other Mysteries Why did PeopleSoft, in the midst of a takeover fight with Oracle, fire its chief executive and president? Who knows? And that's a problem.",Sci/Tech,Business
"Motorola Quarterly Earnings Rise Motorola Inc., the world's No. 2 maker of cell phones, on Tuesday said its quarterly profit\more than tripled, as sales rose 26 percent, driven in part by a host of new handset models and cost controls.",Sci/Tech,Business
Toile Gets A Makeover The traditional pattern shakes its fussy image as designers give it a new look,Business,Sci/Tech
"World briefs LONDON - A man wielding a machete and a knife attacked two security guards at the building housing the headquarters of the British domestic intelligence service MI5 on Friday, police said.",Business,World
"Minaya Shakes Up Mets Coaching Staff NEW YORK Oct. 13, 2004 - Mets general manager Omar Minaya shook up New York #39;s coaching staff Wednesday while continuing to search for a manager to replace Art Howe.",Sports,Business
"Xbox owner sues MS p2pnet.net News:- Microsoft is being sued for damages, restitution and other costs and fees, quot;on behalf of all Xbox owners across the United States, quot; says Reuters.",Sci/Tech,Business
Prying Into FBI Activities The ACLU files Freedom of Information Act requests to find out why antiterrorism task forces have been monitoring activists. By Ryan Singel.,Sci/Tech,World
"Stocks Climb on Strong Economic Data NEW YORK - Newly optimistic investors sent stocks sharply higher Friday, propelling the Dow Jones industrials up more than 100 points, after economic data showed strength in manufacturing and construction. Wall Street greeted the departure of PeopleSoft Inc.'s chief executive by buying up technology shares...",World,Business
EU Pursues Oracle-PeopleSoft Case (AP) AP - European Union regulators suggested Monday they are not bound by a U.S. decision to allow Oracle Corp. to pursue its #36;7.7 billion bid for rival business software maker PeopleSoft Inc. and are continuing to collect data on the deal.,Sci/Tech,Business
"Congress Told FDA Failed Public on Vioxx WASHINGTON (Reuters) - The U.S. Food and Drug Administration failed the public in its oversight of Merck Co Inc.'s painkiller Vioxx, which has been withdrawn, and is ""incapable of protecting America"" from another dangerous drug, an agency researcher told Congress on Thursday.",Business,World
US Bells Do Video on Path Blazed by Small Telcos The three largest US local telephone corporations made a splash this summer with plans to sell video services on their voice and data lines in a few years.,Business,Sci/Tech
Bernhard is off the list for key GM post General Motors Corp. won #39;t offer its top advanced vehicle development job to former Chrysler Group Chief Operating Officer Wolfgang Bernhard but likely will divvy it up instead,Business,Sci/Tech
Cocoa farmers issue strike threat Unions are threatening a general strike in the Ivory Coast in a protest against the prices farmers are paid for their cocoa supplies.,Business,World
"McCain again opposes the president Global warming needs more attention, according to John McCain, and President Bush needs to lead the way. I listened to some of the hearings on this subject this week, and I must say the people testifying are",Sci/Tech,World
Golovin and Dechy lead France into Fed Cup final MOSCOW (AFP) - Tatiana Golovin and Nathalie Dechy led holders France to a 5-0 mauling of Spain to set up a Fed Cup final clash against Russia.,Sports,World
"Retailers Vie for Back-To-School Buyers (Reuters) Reuters - Apparel retailers are hoping their\back-to-school fashions will make the grade among\style-conscious teens and young adults this fall, but it could\be a tough sell, with students and parents keeping a tighter\hold on their wallets.",Business,Sci/Tech
"MEPs threaten to sink commission over Buttiglione MEPs threatened last night to bring down the new European Commission before it even takes office, as a row sparked by controversial comments about homosexuality escalated into an unprecedented crisis.",World,Sci/Tech
"Forecasters: More Hurricanes May Be on Way Ivan, Frances and Charley delivered three staggering blows to the Gulf Coast and Florida, as well as Caribbean island nations, all in just five weeks.",Sci/Tech,World
Will Hutton There were two stories last week that will have world-shaping implications. The first was in a Paris hospital and a compound in Ramallah.,Business,World
"Lazard adversaries edge closer to a deal Bruce Wasserstein, head of Lazard, could reach an agreement as early as this week with Michel David-Weill, the chairman, extending the deadline for",Business,Sports
"Sony, IBM, Toshiba Give Details of 'Cell' Chip (Reuters) Reuters - IBM , Sony Corp. (6758.T) and\Toshiba Corp. (6502.T) on Monday revealed their plans for the\powerful new ""Cell"" processor the three are jointly producing\to run next-generation computers, game consoles and\televisions.",Business,Sci/Tech
"At Tuesday #39;s midnight hour, you #39;ll find a meteor shower While walking the pooch in the crisp early morning air Wednesday, you might hear a few snaps, perhaps a buzz, and maybe even some whistles overhead.",Sci/Tech,Sports
"Sun makes run for supercomputing title With the economy slowly turning up, upgrading hardware has been on businesses radar in the past 12 months as their number two priority.",Sci/Tech,Sports
"Soldiers' War Blogs Detail Life in Iraq Iraq war blogs are as varied as the soldiers who write them. Some sites feature practical news, war pictures and advice. Some are overtly political, with more slanting to the right than to the left. Some question the war, some cheer it.",Sci/Tech,World
India's Tata expands regional footprint via NatSteel buyout (AFP) AFP - India's Tata Iron and Steel Company Ltd. took a strategic step to expand its Asian footprint with the announcement it will buy the Asia-Pacific steel operations of Singapore's NatSteel Ltd.,World,Business
"Flying Cars Reportedly Still Decades Away (AP) AP - It's a frustrated commuter's escapist fantasy: literally lifting your car out of a clogged highway and soaring through the skies, landing just in time to motor into your driveway.",Sci/Tech,Sports
"Syracuse Guard Ruled Ineligible for Fall (AP) AP - Syracuse point guard Billy Edelin has been declared ineligible for the first semester of the academic year because he does not meet NCAA academic requirements, school officials said Tuesday.",Sports,World
"Russian atmosphere hard for Westerners The government has eviscerated Russia #39;s Western-style oil company, Yukos, in what has been widely viewed as political payback.",Business,World
Oracle Profit Rises on Software Demand SAN FRANCISCO (Reuters) - Oracle Corp. on Tuesday reported a higher quarterly profit as the world's second largest software company benefited from steady demand for its flagship database software.,Business,Sci/Tech
"Blockbuster Cuts Online Price, Challenges Netflix (Reuters) Reuters - Video chain Blockbuster Inc on\Friday said it would lower the price of its online DVD rentals\to undercut a similar move by Netflix Inc. that sparked a stock\a sell-off of both companies' shares.",Sci/Tech,Business
"Broadcaster Donates #36;325,000 to GOP (AP) AP - One of the state's biggest broadcasters has given 13 Republican county committees #36;325,000 worth of free air time to promote candidates on its radio and television stations throughout California.",World,Sports
"Storage, servers bruise HP earnings update Earnings per share rise compared with a year ago, but company misses analysts' expectations by a long shot.",Sci/Tech,Business
"A First Look At PalmOne #39;s T5 NEW YORK - If PalmOne #39;s Tungsten T5 handheld was an automobile, it would be described as being a facelift rather than a complete overhaul of the model that preceded it, the Tungsten T3.",Sci/Tech,Business
"Microsoft Launches New Media Center PC Microsoft Corp. MSFT.O on Tuesday unveiled a new version of its Windows XP Media Center, adding features such as instant messaging and high-definition television to a personal computer designed for the living room.",Business,Sci/Tech
"Meditation Practice Helping Arthritis Patients By ALEX DOMINGUEZ BALTIMORE (AP) -- Dalia Isicoff knows pain. A lifelong sufferer of rheumatoid arthritis, she has had seven hip replacement surgeries...",Sci/Tech,Sports
Trump defends Martha Stewart New York real estate mogul Donald Trump defended his friend Martha Stewart as the woman who turned home economics into a media empire began her prison term.,Business,Sports
Time Warner settles AOL investigations for \$510 million Time Warner will pay \$210 million to defer a Justice Department investigation into accounting irregularities at its Dulles-based America Online unit.,Business,Sci/Tech
"U.N. Urges Funds to Curb African Locusts (AP) AP - With swarms of locusts threatening crops in a number of African countries, a U.N. agency appealed for an additional #36;70 million in assistance Thursday to prevent the upsurge from becoming a full-scale plague.",Sci/Tech,World
"Whitman: EBay To Buy Rent.com; Compliments Craigslist Stake Without reserve. EBay (nasdaq: EBAY - news - people ) on Friday said it is buying Rent.com. The latter, which is privately held, provides online listings of apartment and house rentals.",Business,Sci/Tech
"The Bag of Aeolus quot;Aeolus was keeper of the winds. He gave a bag of evil winds to Odysseus, instructing him to keep it closed while a good breeze wafted him home.",World,Sports
"RealNetworks Ends Download 49-Cent Promo SEATTLE (Reuters) - RealNetworks Inc. RNWK.O is ending its 49 cent-per-song music download service but will keep the promotional prices in place for top 10 songs, the Internet media and software company said on Thursday.",Business,Sci/Tech
Collingwood anchors England (AFP) AFP - Paul Collingwood's unbeaten 80 took England to 299 for seven against Zimbabwe in their opening Champions Trophy Pool D match at Edgbaston here.,World,Sports
Regulators Approve Artificial Heart The Food and Drug Administration approved the use of an artificial heart made by SynCardia Systems as a temporary device for people awaiting transplants.,Sci/Tech,Business
"Mexico Migrant Smugglers Turning to Sea (AP) AP - Migrant smugglers are skirting heightened security along the border by using small boats to shuttle people from the under-supervised Baja coast into Southern California marinas and harbors, already jammed with legal commercial ships and pleasure boat traffic.",World,Sci/Tech
"Sun posts narrower quarterly loss OCTOBER 14, 2004 (REUTERS) - SAN FRANCISCO -- Sun Microsystems Inc. today posted a narrower quarterly loss as revenue rose year over year for the second consecutive quarter after three years of declines, sending shares slightly higher.",Sci/Tech,Business
"HK Disneyland Theme Park to Open in September Hong Kong #39;s Disneyland theme park will open on Sept. 12, 2005 and become the driving force for growth in the city #39;s tourism industry, Hong Kong #39;s government and Walt Disney Co.",Business,World
"Lockheed to Launch Rocket; Boeing Gets New Date (Reuters) Reuters - Lockheed Martin Corp. on Monday\announced that it will launch its Atlas V rocket on Dec. 17 as\planned, while Boeing Co. waited to reschedule a launch of its\Delta IV heavy-lift rocket that it was forced to abandon on\Sunday.",Sci/Tech,Business
"TheStreet.com May Be Up for Sale -- Report (Reuters) Reuters - TheStreet.com Inc. , the\financial news and commentary Web site, may be up for sale,\according to a report in Business Week, sparking a 7 percent\rise in its shares.",Sci/Tech,Business
"India test-fires missile NEW DELHI, Nov 26: India on Friday test fired Akash, the indigenously developed surface-to-air missile from the Integrated Test Range at Chandipur-on-sea, about 14km from Balasore (Orissa).",World,Sci/Tech
"Corporate Krueger haunts PeopleSoft A few weeks ago the then-CEO of PeopleSoft, Craig Conway, posed the following question to attendees at a technology conference: quot;Have you ever had a bad dream that never ended?",Business,Sci/Tech
"Semiconductor Manufacturing to Boost Capacity by Half (Update2) Semiconductor Manufacturing International Corp., China #39;s biggest supplier of made-to-order chips, said its factory capacity will rise by more than half in the second half as the company brings more plants on line.",Sci/Tech,Business
"Atlanta police arrest Braves player on DUI charge ATLANTA - Atlanta Braves shortsop Rafael Furcal has been arrested on charges of driving under the influence. Jail officials say Furcal was booked into the Atlanta city jail at 6:25 am on charges of DUI, speeding and reckless driving.",Sports,World
Indonesian diplomats asked to help improve RI #39;s bad image JAKARTA (Antara): President Susilo Yudhoyono asked Indonesian diplomats on Monday to help the government improve Indonesia #39;s bad image.,Business,World
"Plus: Cendant reported to buy Ebookers SAN FRANCISCO (CBS.MW) -- Not only did the word quot;blog quot; enter Merriam-Webster #39;s dictionary this year, but Microsoft is getting on the personalized e-journal bandwagon.",Sci/Tech,Business
Rumours surround Google browser The search giant Google is rumoured to be working on its own web browser.,Business,Sci/Tech
Take Two Torts and Call Me in the Morning The friction that sometimes strains the patient-doctor relationship when lawyers seek medical care is at an all-time high.,Sci/Tech,Sports
"Stocks Climb on Drop in Consumer Prices NEW YORK - Stocks rose for a second straight session Tuesday as a drop in consumer prices allowed investors to put aside worries about inflation, at least for the short term. With gasoline prices falling to eight-month lows, the Consumer Price Index registered a small drop in July, giving consumers a respite from soaring energy prices...",World,Business
"Bush defends tax cuts WASHINGTON, Oct 2 (AFP) - US President George W. Bush said Saturday he would renew some of the huge tax cuts that form a cornerstone of his economic rejuvenation policy and chided Democratic challenger John Kerry for opposing the cuts.",Business,World
"US May Have New Case of Mad Cow Disease WASHINGTON (Reuters) - A final test is likely to confirm a second U.S. case of mad cow disease, experts said on Thursday, though they see a small possibility the animal, which tested ""inconclusive"" in two preliminary tests, could be given a clean bill of health.",Business,World
"Symantec Said to Be in Talks for Veritas Symantec, which produces the Norton line of computer products, is in talks to acquire Veritas Software, a maker of data backup programs.",Business,Sci/Tech
Cricket: Tendulkar to miss test Sachin Tendulkar is almost certain to miss Thursday's second Test against Australia in Madras.,World,Sports
"Child Abuse Leads to Adult Heart Disease By Ed Edelson, HealthDay Reporter HealthDayNews -- Children who are abused or neglected grow up to be adults with a significantly greater risk of heart disease, a new study says. It's the first study to show a direct link between a wide range of childhood problems and ischemic heart disease -- blockage of the arteries that leads to heart attacks and other major problems, said Maxia Dong, a medical epidemiologist at the U.S...",Sci/Tech,World
"Bank on it: Checks won #39;t float, they #39;ll bounce or write a check before the funds are available in their accounts - might soon find themselves at risk for more bounced checks and high overdraft fees.",Business,Sci/Tech
"Sony-Led Group to Acquire MGM for \$3B LOS ANGELES Sept. 13, 2004 - A consortium led by Sony Corp. has agreed in principle to acquire famed Hollywood studio Metro-Goldwyn-Mayer Inc.",Business,Sci/Tech
FCC OK's paging company deal (TheDeal.com) TheDeal.com - Arch Wireless Inc. can complete its #36;367 million acquisition of Metrocall Holdings Inc.,Sci/Tech,Business
"Mich. Elephant Gets Therapy for Arthritis ROYAL OAK, Mich. - Like any patient, Wanda needs positive reinforcement to wrestle through her physical therapy...",World,Sci/Tech
"Hey mate, we're moving offshore too! Australia's IT News reports the findings of a recent survey in which more than 20 percent of company execs said they were considering or recommending offshore outsourcing. Outsourcing Blog",Sci/Tech,Business
"Iraq's Neighbors to Get Little for Environment Loss (Reuters) Reuters - Iraq's neighbors want tens of billions\of dollars for environmental damage done in the 1990-1 Gulf\conflict, but are set to get only paltry funds from the United",Sci/Tech,World
"Appeals court faults Oracle in shareholder suit Judges send case back to lower court to sort out allegations of improper bookkeeping and ""suspicious"" stock sales.",Sci/Tech,Business
"Bea Arthur for President Bea Arthur sparked a security scare at Logan Airport in Boston this week when she tried to board a Cape Air flight with a pocketknife in her handbag. The ""Golden Girls"" star, now 81, was flagged by a Transportation Security Administration agent, who discovered the knife - a strict no-no following 9/11. ""She started yelling that it wasn't hers and said 'The terrorists put it there,' "" a fellow passenger said. ""She kept yelling about the 'terrorists, the terrorists, the terrorists.' "" After the blade was confiscated, Arthur took a keyring from her bag and told the agent it belonged to the ""terrorists,"" before throwing it at them. - via philly.com",Sci/Tech,World
"22 Spend Own Fortunes, One Wins House Seat (AP) AP - Of the 22 candidates who each spent more than #36;1 million of their own money trying to win their first election to Congress, only one made it.",World,Sports
Thousands queue for Halo 2 Hordes of video game fans queued outside more than 6500 stores across the United States overnight on Tuesday to get a copy of the new Halo 2 game whose first day takings are expected to rival a Hollywood blockbuster.,Sci/Tech,Sports
"Worldwide PC Market Seen Doubling by 2010 NEW YORK (Reuters) - The number of personal computers worldwide is expected to double to about 1.3 billion by 2010, driven by explosive growth in emerging markets such as China, Russia and India, according to a report released on Tuesday by Forrester Research Inc.",Sci/Tech,Business
"Locusts Encroach on West African Rice-Growing Area (Reuters) Reuters - West Africa's worst locust plague for 15\years has encroached on one of the region's largest\rice-growing areas, authorities in Mali said on Friday.",Sci/Tech,World
"ASEAN moves closer to single market with #39;road map #39;, global trade ... JAKARTA : ASEAN finance ministers ended a meeting which saw Southeast Asia edge closer to a Europe-style single market, laying out a quot;road map quot; for integration and opening doors to wider global trade.",World,Business
"Sprint Center Of Attention For Nextel And Verizon Wireless Sprint Corp. #39;s enterprise operation, including its nationwide fiber-optic network, suddenly is looking like a swan and not a lame duck, as Verizon Wireless assesses the possibility of making a bid for Sprint in the boiling cell-phone merger scene.",Business,Sci/Tech
Iran shuts reformist websites WEBSITES CLOSE to Iran #39;s leading reformist party have been blocked by religious hardliners in the police bureau of public morals.,Sci/Tech,World
"Pinochet is ordered to stand trial for murder Augusto Pinochet, the former Chilean dictator, was ordered under house arrest yesterday, charged with kidnapping and murder dating back to his 17-year rule.",World,Sports
"Stocks Drop After Greenspan Testimony NEW YORK - Investors were unmoved by Federal Reserve Chairman Alan Greenspan's improved assessment of the economy, with stocks falling narrowly Wednesday in light trading. While Greenspan said the economy has ""regained some traction"" after the summer's slowdown, he echoed Wall Street's concerns over energy prices, which have fallen from record highs in recent weeks but stubbornly remain above \$40 per barrel...",World,Business
"Accused deserter surrenders in Japan An accused US Army deserter has surrendered at a US military base near Tokyo to face charges filed in 1965, the Kyodo news service reported.",World,Business
"FCC exempts fiber-to-curb from sharing requirements The Federal Communications Commission Thursday voted to allow incumbent telephone carriers from sharing fiber-to-the-curb deployments from competitors, prompting one incumbent to announce an accelerated fiber rollout.",Business,Sci/Tech
"EU wants US to clear muddy waters in WTO row Brussles - EU trade chief Peter Mandelson wants clarification of the US stance in threatened WTO action over aid to Airbus, his spokeswoman said Friday after a US official indicated Washington was delaying such action.",Business,World
"Corning begins work on Taiwan LCD facility Encouraged by the demand for LCDs, glass maker Corning on Thursday said it has broken ground for a second manufacturing facility in Taiwan.",Sci/Tech,Business
"News: US cracks down on spam mountain John Ashcroft, the attorney General of the US, is expected to announce on Thursday dozens of lawsuits against alleged spammers following a low key campaign against the practise across the US.\",Sci/Tech,Business
Sainsbury Ultimatum to Leeds Sebastian Sainsbury warned Leeds United chiefs today they face the stark choice of accepting his 25million bid or selling Elland Road.,Sports,Business
Will Tellabs Push Its Luck? Perhaps the optical network supplier should call off its merger with AFC.,Business,Sci/Tech
Tennessee's Johnson Suspended for Gun (AP) AP - Tennessee starting safety Brandon Johnson was suspended indefinitely because he fired a gun into the air near campus.,Sports,Sci/Tech
"Cowboys Defeat Redskins 21-18 LANDOVER, Md. - Bill Parcells celebrated the touchdown with a big smile and his fist thrust high in the air...",World,Sports
"Poor nations seek WTO textile aid With 40 years of textile quotas about to be abolished in a move to help developing nations, a group of the world #39;s poorest countries are asking for a different approach: special trade deals to protect them from a free-for-all.",Business,Sci/Tech
"Icing call Out of money, out of patience, out of time, and for the foreseeable future, out of business.",Sports,Sci/Tech
Signs of a Glut and Lower Prices on Thin TV's Dont buy that high-definition TV yet. Competition may force the prices down further.,Sci/Tech,Business
"For Jobs, Brazilians Desert Their Cities A growing number of Brazilians are finding it increasingly difficult to get good jobs in big metropolitan areas like So Paulo and Rio de Janeiro, and are looking elsewhere.",Business,Sci/Tech
"Scaffold collapse survivors improving One of the men who survived Friday #39;s fatal scaffold collapse is in guarded condition at Detroit Receiving Hospital and the two other survivors were released on Sunday, a hospital spokeswoman said.",Business,World
"EPA: U.S. Waterways Contain Polluted Fish (AP) AP - One of every three lakes in the United States, and nearly one-quarter of the nation's rivers contain enough pollution that people should limit or avoid eating fish caught there.",Sci/Tech,World
Amelie's final footsteps retraced Detectives have staged a reconstruction of the final steps of murdered French student Amelie Delagrange.,World,Sports
Canada defends submarine fleet Canada has defended its decision to buy second-hand submarines after a crewman died from injuries sustained on one of the vessels that had broken down.,World,Business
"For Now, Unwired Means Unlisted. That May Change. In October, most major cellphone carriers plan to start compiling a publicly accessible listing of wireless phone numbers.",Business,Sci/Tech
"GM, Daimler Go Green Team-up will help the companies compete and fill gaps in both firms' portfolios.",Business,Sports
"Yahoo Debuts Mobile Search SAN FRANCISCO -- Yahoo (Quote, Chart) expanded its search empire to the mobile arena with the launch of some additional services. The company was one of the original content providers for mobile devices running",Business,Sci/Tech
"After a decade of silence, Cambodia's cinema enjoys resurgence (AFP) AFP - After a decade of silence, Cambodia's movie industry is enjoying a boom due to a dash of Hollywood attention, burgeoning nationalism and cheaper production costs, industry insiders say.",World,Business
"New pension 'would help millions' Britain's pension system could easily be replaced by a new payment that would make millions better off, a report says.",Business,Sci/Tech
"Health Care Technology Is a Promise Unfinanced While the Bush administration's words of support for a high-technology future for health care have been plentiful, the dollars, it seems, are scarce.",Sci/Tech,World
"Same-sex divorce rules still hazy Now that an Ontario couple has been given Canada #39;s first same-sex divorce, experts are divided over just how easy it will be for gays and lesbians in other provinces to end their marriages.",World,Sports
"Amazon.com net sales jump 29; Google reports \$52M in net income OCTOBER 22, 2004 (IDG NEWS SERVICE) - Amazon.com Inc. fell a penny short of analysts #39; per-share earnings expectations, while reporting net sales of \$1.",Sci/Tech,Business
"Lucent's history a case study in wild rides If you've ever wondered what ignited America's late-1990s obsession with telecom and tech stocks, you could well argue it all started with Lucent Technologies .",Business,Sci/Tech
Key Martha Witness Gets Wrist Slap (CBS/AP) A former brokerage assistant who helped Martha Stewart make her fateful stock trade and later emerged as a key government witness was spared both prison and probation Friday for accepting a payoff during the government #39;s investigation.,Business,World
"German teenager charged with creating Sasser virus German student, Sven Jaschan, has been formally charged with computer sabotage, data manipulation and disruption of public systems by German prosecutors.",Sci/Tech,Business
Amazon sues spammers for misleading consumers SEATTLE -- Amazon.com has filed three lawsuits in King County Superior Court against unidentified defendants who allegedly forged e-mails and Web sites to fool consumers into thinking they are doing business with the Internet retailer.,Business,Sci/Tech
"Dare you fight the possessed tomatoes? Quirky, stick-figure ""Kingdom of Loathing"" shows continued promise of independent game-writing.",Sci/Tech,Sports
"PeopleSoft ousts CEO, still opposes Oracle bid (USATODAY.com) USATODAY.com - PeopleSoft's board might have finally blinked. The business-software maker, facing a 16-month takeover siege from rival Oracle, has canned the CEO who bitterly opposed the deal and lost crucial regulatory support in its bid to stay independent.",Sci/Tech,Business
"Vampire: The Masquerade - Bloodlines Review November 17, 2004 - Most of us who #39;ve been gamers for a while are familiar with the history behind Troika, which was formed from key members of the Black Isle group that made the Fallout, among other talented individuals.",Sci/Tech,Business
"Royal Dutch/Shell merges holding companies with unified board LONDON, October 28 (newratings.com) - Royal Dutch/Shell Group has announced its plans to merge its two holding companies in the Netherlands and the UK, Royal Dutch Petroleum (ROY.",Business,Sci/Tech
"HP Wins Defense Contract HP (Quote, Chart) was awarded a \$290 million, 10-year outsourcing contract with the Defense Logistics Agency #39;s (DLA) Enterprise Data Center (EDC) program, officials announced Wednesday.",Business,Sci/Tech
King Pong Draws Fans Spike TV's Video Game Awards Show attracts big-name celebrities and bands but gives the fans the votes.,Sci/Tech,Sports
Judge asked to penalize Microsoft over e-mails Burst.com asked a US judge to penalize Microsoft for destroying e-mails it says the world #39;s largest software company should have preserved as evidence in antitrust suits.,Business,Sci/Tech
"China succeeds in cooling economy, but 2005 likely to prove just as tough (AFP) AFP - China can claim some success in the battle to cool its roaring economy in 2004 with a series of macro policies helping prevent another boom-bust cycle, but much remains to be done if Beijing is to avoid increasing wrangles with trade partners.",Business,World
Is PeopleSoft waiting for the right price? A company board member testifies in trial that a sale would be possible if Oracle ups its offer.,Sci/Tech,Business
Swedes beam poetry into outer space (Reuters) Reuters - Swedish poets have broadcast their work into outer space by radio to give alien life forms -- if they exist -- a taste\of earthling literature.,World,Sci/Tech
"Report: Consumers tuning in to plasma TVs First-quarter shipments of plasma televisions in the United States more than doubled from the previous year, according to research firm iSuppli. Prices fell by nearly \$1,000 over the same period.",Sci/Tech,Business
"Madrid miffed! The organisers of Madrid #39;s bid complained that Paris had broken the rules by using France #39;s embassies in Oslo and Kuwait to hold events to promote its candidacy, the newspaper said.",Sports,World
Microsoft signs two Indian deals The announcement came as Microsoft chief executive Steve Ballmer opened the group #39;s new Indian headquarters in the city of Hyderabad.,Business,Sci/Tech
"Half of men on Pitcairn Island on trial for alleged sex abuse a small, prefabricated affair, consisting of just six cells. They have an incentive to build it well: seven of them could soon be living there.",World,Sports
"Argentina Beats U.S. Men's Basketball Team Argentina defeated the United States team of National Basketball Association stars 89-81 here Friday in the Olympic semi-finals, dethroning the three-time defending champions.",World,Sports
"U.S. Misses Cut in Olympic 100 Free ATHENS, Greece - Top American sprinters Jason Lezak and Ian Crocker missed the cut in the Olympic 100-meter freestyle preliminaries Tuesday, a stunning blow for a country that had always done well in the event. Pieter van den Hoogenband of the Netherlands and Australian Ian Thorpe advanced to the evening semifinal a day after dueling teenager Michael Phelps in the 200 freestyle, won by Thorpe...",World,Sports
Bon-Ton's Succession Success The transition atop the department store company looks like a pleasant non-story.,Business,Sci/Tech
"Cast-aside candidates grab onto Sox coattails By Raphael Lewis and Benjamin Gedan, Globe Staff and Globe Correspondent October 31, 2004. Republican state Senate candidate Rod Jane of Westborough woke up yesterday with a plan to grab some attention from",Sports,World
"Siemens in 2.69bn deal with BBC German industrial giant Siemens has signed a 2.69bn contract to deliver technology services around the world to the BBC, a deal that will see it acquire the broadcasters technology subsidiary.",Business,Sci/Tech
US sends marines to Philippines The US is sending up to 600 marines and relief supplies to flood-ravaged areas of the Philippines.,World,Business
Subsidy ruling a sweet victory for sugar producers The Federal Government has hailed a World Trade Organisation ruling that European subsidies for sugar producers are in breach of international trade rules.,Business,Sci/Tech
"Scientist Uses Whey to Protect Food (AP) AP - Oxygen, water, seeping oils #151; they're all out to get your food, turning sweet nuts sour and tasty confections rancid. Food scientist John Krochta is fighting back with an unlikely weapon, edible food coatings derived from whey, the dairy byproduct favored by protein-conscious athletes and Miss Muffet.",Sci/Tech,Sports
"AOL Is Said to Plan 700 Layoffs America Online, the country #39;s leading Internet service, is preparing to lay off as many as 700 of its 13,000 employees in the United States, according to an executive knowledgeable about its plans.",Business,Sci/Tech
Land Rover aims new model at US Land Rover will launch a sports tourer next year in a what is likely to be a test of British carmakers #39; ability to compete in the US.,Business,Sports
"GM pulls Corvette ad with underage driver DETROIT -- General Motors Corp. has withdrawn a Corvette commercial that shows a young boy driving wildly through city streets after safety advocates complained, the company said yesterday.",Business,Sci/Tech
"Deal in Congress to Keep Tax Cuts, Widening Deficit Republican and Democratic leaders agreed to extend \$150 billion worth of tax cuts sought by President Bush without trying to pay for them.",World,Business
"Castro Appears on TV Wearing an Arm Sling Five days after falling and fracturing a knee and an arm, Cuban President Fidel Castro appeared on television on Monday with his arm in a sling to announce Cuba will end circulation of the US dollar.",World,Business
"Iraq Oil Exports Still Halved After Basra HQ Attack BAGHDAD (Reuters) - Iraq continued to export oil at one million barrels per day on Friday after an attack on the South Oil Company headquarters took sabotage operations to a new level, an official at the state-owned entity said.",World,Business
"September Retail Sales Up by 1.5 Percent WASHINGTON - Shoppers got their buying groove back last month, propelling sales at the nation's retailers by a strong 1.5 percent. It was the best showing since March...",World,Business
"Software giant Microsoft rings up multibillion dollar profit gain REDMOND, Washington, Oct 21 (AFP) - The world #39;s biggest software company, Microsoft Corp, said Thursday that its first quarter profits swelled to 2.9 billion dollars as consumers and businesses pumped up demand for new computers.",Business,Sci/Tech
"SpaceShipOne,take two The SpaceShipOne team will attempt to win the \$10 million Ansari X Prize on Monday, the 47th anniversary of the start of the first space race when the Soviet Union launched its Sputnik satellite.",Sci/Tech,Sports
Justices hear cases on shipping wine (USATODAY.com) USATODAY.com - States that block direct shipments of wine to consumers from out-of-state wineries faced skeptical comments from Supreme Court justices on Tuesday.,World,Sci/Tech
"Stocks Leap, Dow Up 142 Points at Open US stocks soared at the open on Wednesday as investors bet that George W. Bush would soon be declared the winner in the tight presidential race despite disputed results in the key state of Ohio.",Business,World
"Conn. Man, 70, Oldest to Swim Channel LONDON - A retired Connecticut pilot has become the oldest person to swim the English Channel. George Brunstad, 70, left Dover, England, Saturday morning heading for the French Coast...",World,Sports
"Caterpillar snaps up another remanufacturer of engines PEORIA - Caterpillar Inc. said Wednesday it will acquire a South Carolina remanufacturer of engines and automatic transmissions, increasing its US employment base by 500 people.",Sci/Tech,Sports
"Ravens Star Jamal Lewis Pleads Guilty to Drug Charge (Reuters) Reuters - Baltimore Ravens football star Jamal\Lewis pleaded guilty on Thursday to using a cell phone to try\to broker a cocaine deal, avoiding more serious federal drug\charges that could have sent him to prison for life.",Sports,World
"Gateway Can Party Like It #39;s 1999 Those were heady days, they were, back in 1999. The bull market was still roaring. We hadn #39;t yet heard of hanging or dimpled chads.",Sci/Tech,Sports
"U.S. to Allow Some Telemarketing 'Robo Calls' WASHINGTON (Reuters) - Telemarketers will be able to use prerecorded ""robo calls"" to stay in touch with established customers starting next week -- at least for the short term, U.S. regulators said Friday.",Sci/Tech,Business
"Salesforce.com 2Q Profit Up Sharply Software developer Salesforce.com Inc. posted a sharp rise in second-quarter profit on better-than-expected revenue during its first quarter as a public company, but investors shunned the stock in late trading",Sci/Tech,Business
"Steal SpongeBob, buy a PC museum We've got two more entries this week in the category of ""What weird, useless stuff is for sale on eBay that I just have to have?""",Sci/Tech,Business
"Texas Instruments Plans Buyback (Reuters) Reuters - Texas Instruments Inc., the\largest maker of chips for cellular phones, on Thursday said it\plans to buy back #36;1 billion in stock and boost its quarterly\dividend by more than 17 percent, becoming the latest\technology company to return extra cash to investors.",Sci/Tech,Business
"Foreseeing the Suns fate: Astronomical interferometry reveals ... For the first time, an international team of astronomers led by Guy Perrin from the Paris Observatory/LESIA, (Meudon, France) and Stephen Ridgway from the National Optical Astronomy Observatory (Tucson, Arizona, USA) has observed the close environment of",Sci/Tech,Sports
Fusion reactor decision must wait Six nations planning to build the world's biggest nuclear fusion reactor fail to agree where to site the facility.,Sci/Tech,World
Pulitzer shares surge on possible sale ST. LOUIS Pulitzer Incorporated shares spike more than 17 percent on news that the publisher of the St. Louis Post-Dispatch and two Arizona newspapers is considering a possible sale.,Business,Sports
"Cuts offered, issue remains tax or cap The union #39;s proposal to end the lockout, made Thursday at the league #39;s Canadian headquarters, calls for a tax that would penalize -- and perhaps deter -- high-end payrolls.",Sports,Business
Alert shuts Los Angeles airport Parts of Los Angeles international airport are temporarily closed down amid reports of a security breach.,World,Sports
"INSIDE INFO: Man Utd shares drop MAN UNITED #39;S share price has fallen by just over 2.5, less than expected after the resignation of Malcolm Glazer #39;s bankers JP Morgan.",Sports,Business
"Florida Upsets No. 10 Florida State 20-13 Florida State #39;s Chauncey Stovall, left, comes down with a fourth-quarter-touchdown catch as Florida defender Vernell Brown, right, falls down, Saturday, Nov. 20, 2004, in Tallahassee, Fla.",Sports,Sci/Tech
"Ericsson Selected by MTN South Africa to Supply 3G/WCDMA Network STOCKHOLM, Sweden --(Business Wire)-- Dec. 10, 2004 -- Ericsson (NASDAQ:ERICY) has been selected by MTN South Africa to supply 3G/WCDMA network.",Sci/Tech,Sports
"LeapFrog's Greener Pastures (The Motley Fool) The Motley Fool - If you've ever had the entrepreneurial bug dig its teeth into you, odds are that you might take heart anytime a company's founder steps down and moves on. Granted, sometimes you have instances like Gateway's (NYSE: GTW - News) Ted Waitt and Apple's (Nasdaq: AAPL - News) Steve Jobs in which the originators come back to lead their companies, but that's rarely the case.",Sci/Tech,Business
"Sihamoni ready to take over: PHNOM PENH, Oct. 10. - King Norodom Sihanouk declared on Sunday that his son, Crown Prince Norodom Sihamoni is ready to accept kingship.",World,Sports
"Neck stents boosted in two studies Boston Scientific Corp. and Medtronic Inc. , competing to enter the US market for stents that keep neck arteries open, said separate studies showed their devices prevent complications including stroke after 30 days.",Business,Sci/Tech
"Motorola buys wireless network developer, eyes defense contracts CHICAGO - Motorola Inc. is acquiring MeshNetworks Inc., developer of a Wi-Fi based technology that is expected to help land more contracts for its growing government contracting business.",Business,Sci/Tech
"E-mail scam targets police chief Wiltshire Police warns about ""phishing"" after its fraud squad chief was targeted.",Sci/Tech,World
China miners 'trapped by fire' Rescuers in northern China look for dozens of miners thought to be trapped after a fire broke out.,World,Sci/Tech
"'Miracle baby' a victim - judge A ""miracle baby"" was the victim of child traffickers motivated by financial greed, a judge rules.",World,Business
"Lonely whale #39;s song remains a mystery A lone whale with a voice unlike any other has been wandering the Pacific for the past 12 years. Marine biologist Mary Ann Daher of Woods Hole Oceanographic Institution in Massachusetts, US, and her colleagues",Sci/Tech,Sports
"Mother of Jackson Accuser Testifies SANTA MARIA, Calif. - The mother of the boy accusing Michael Jackson of molestation testified Friday she does not remember a private investigator telling her that he was working for one of the pop star's attorneys, but believed he worked directly for the singer...",World,Sports
Florida deaths blamed on Hurricane Frances State and local officials Tuesday said nine people have died in Florida because of Hurricane Frances. The following describes those deaths: - A 15-year-old grandson and a former son,Sports,World
"Keck telescope confirms important exoplanet discovery Hawaii #39;s Keck Observatory has confirmed the existence of a Jupiter-sized planet orbiting a distant star, the first one spotted by a network of astronomers using telescopes no larger than the ones you can buy in stores.",Sci/Tech,Business
Panasonic Races to Meet Plasma Demand Company is expanding production to deliver more flat-panel TVs.,Sci/Tech,Business
Australia in grip of water crisis There is a warning that some of Australia's major cities could run out of drinking water.,Sci/Tech,Sports
"Stock Prices Climb Ahead of Google IPO NEW YORK - Investors shrugged off rising crude futures Wednesday to capture well-priced shares, sending the Nasdaq composite index up 1.6 percent ahead of Google Inc.'s much-anticipated initial public offering of stock. In afternoon trading, the Dow Jones industrial average gained 67.10, or 0.7 percent, to 10,039.93...",World,Business
"Hamm should support Yang Paul Hamm needs a new marketing strategy. Either that, or he needs a clue. One harmless gesture separates him from lionization in America and canonization in South Korea, and",Sports,Sci/Tech
"Plan B Proposes Its Own Alternatives Donnie Downs, president and chief executive of Plan B Technologies Inc., said the company itself is a ""plan B.""",Sci/Tech,Business
Officials: Boston #39;s Big Dig highway project full of leaks ... But taxpayers won #39;t have to foot the bill -- Massachusetts Turnpike managers say the repairs are the responsibility of the private contractors who built the nearly 15 (b) billion dollar tunnel project.,Business,Sci/Tech
"Quick end to US election crucial US President George W. Bush is on the verge of a re-election victory, but Democratic challenger John Kerry is not conceding defeat, at least not now.",Business,World
"RAP OVER DANGER DRUG BAN A PAINKILLER for arthritis sufferers should have been banned four years ago, experts said yesterday. Vioxx, used by 400,000 Brits, was taken off the market by its US makers last month due to potentially deadly side-effects.",Business,Sci/Tech
"San Diego fiscally sound, mayor says SAN DIEGO - In the wake of another downgrading of San Diego #39;s credit rating, Mayor Dick Murphy today reassured the public that the city is fiscally sound.",Business,World
"Amazon Burning Makes Brazil a Leading Polluter By Axel Bugge BRASILIA, Brazil (Reuters) - Burning of the Amazon andother forests accounts for three quarters of Brazil'sgreenhouse gas emissions and has made the country one of theworld's leading polluters, a long-delayed government reportshowed on Wednesday.",World,Business
"#39;Blog #39; To Be Included in 2005 Dictionary The most requested online definition this year was quot;blog quot; -- a word not even yet officially in the dictionary, Merriam-Webster says.",Sci/Tech,Sports
"UPDATE 2-Cricket-Malik reported for suspect action Cricket-ICC clears Zimbabwe Cricket Union of racism October 17, 2004 14:05:37 LAHORE, Pakistan, Oct 17 (Reuters) - A special report by an International Cricket Council (ICC) inquiry commission has ruled there is no evidence of racism within the",Sports,Business
"Crooks slither into Net's shady nooks and crannies (USATODAY.com) USATODAY.com - Organized crime rings and petty thieves are flocking to the Internet like start-ups in the go-go '90s, establishing a multibillion-dollar underground economy in just a few years. The Internet's growth as an economic engine, particularly for financial transactions, is feeding the felonious frenzy.",Sci/Tech,Business
"British industry at best in 10 years Manufacturing industry is enjoying its strongest performance for almost 10 years, according to a survey by the Engineering Employers Federation.",Business,Sci/Tech
"U.S. Seeks Reconciliation with Oil-Rich Venezuela SAO PAULO, Brazil (Reuters) - The United States said on Monday it will seek better ties with oil-rich Venezuela in the clearest sign since President Hugo Chavez won a recall referendum in August that Washington is looking for reconciliation with the firebrand populist.",World,Business
"Life without numbers in a unique Amazon tribe 11=2. Mathematics doesn #39;t get any more basic than this, but even 11 would stump the brightest minds among the Piraha tribe of the Amazon.",Sci/Tech,World
"Time warner in \$600m setttlement Time Warner is to announce today that it will pay between \$500 and \$600 million to settle federal investigations into irregularities at America Online, according to reports in the American press.",Business,Sci/Tech
"Veterans Committee counts for little The Hall of Fame released the latest Veterans Committee ballot yesterday. As you might (or might not) remember, there #39;s a (nearly) new committee in town.",Sports,World
IBM #39;to sell PC business #39; IBM is reportedly in talks to sell its personal computer business. It would mark the end of an era for the company that brought the computer into the mainstream when it began selling its desktop PC to corporations and consumers in 1981.,Business,Sci/Tech
"One of nation #39;s hottest coaches, Tedford will shock nation and ... The T-shirt was the brainchild of Bob Rose, the University of California #39;s aptly named executive associate athletic director for communications, and it speaks to the school #39;s football revival on numerous levels.",Sports,Business
EU seeks joint asylum policy EU ministers meeting in Luxembourg plan moves to integrate their asylum and immigration procedures.,World,Business
Top Cyber News 12/9 It #39;s a clash between the film industry and a consumer electronics company over a home theater jukebox. The legal battle is over something called the Kaleidescape System.,Sci/Tech,Business
Australia establish 300-run lead in third India Test (AFP) AFP - Australia batted cautiously in their second innings to build a lead of 300 runs over India with nine wickets in hand in the third cricket Test here.,World,Sports
"Large Explosion Shakes Downtown Baghdad (AP) AP - A large explosion shook downtown Baghdad on Sunday night, but its cause could not immediately be determined.",World,Sports
"Murdoch novel reveals Alzheimer's The last novel by the author Iris Murdoch reveals the first signs of Alzheimer's disease, experts say.",World,Sci/Tech
"Mamma Search is Buying Copernic Mamma Search is Buying Copernic\\Mamma.com Inc., the paid search company, and Copernic Technologies Inc. announced that Mamma has signed a letter of intent where they will acquire all of the shares of Copernic Technologies for a combination of cash and shares of Mamma.com Inc. The closing of the acquisition will ...",Sci/Tech,Business
"ConocoPhillips boosts LUKoil stake to 10 percent (AFP) AFP - US oil major ConocoPhillips has boosted its stake in Russia's second-largest oil producer LUKoil to 10 percent, giving Conoco at least one representative on LUkoil's board.",World,Business
"Board with Mukesh: Reliance Mumbai, Nov. 26: Mukesh Ambani apparently commands the full support of the board on all recent decisions, including the controversial one that elevated him to the final authority in the group.",Business,World
"Seattle Times business columnist admits plagiarism, resigns A business columnist has resigned from the Seattle Times after admitting he plagiarized the work of other journalists, said the newspaper.",Business,Sci/Tech
"A Canadian Invasion A few weeks ago, in a story on Nortel (NYSE: NT), I asked people to submit a Canadian joke to me. This is as good a place as any to reveal the winner.",Business,World
"Dream Team Leads Spain 44-42 at Halftime ATHENS, Greece - As expected, the U.S. men's basketball team had its hands full in a quarterfinal game against Spain on Thursday...",World,Sports
Yahoo! Ups Ante for Small Businesses Web giant Yahoo! is gambling that price cuts on its domain name registration and Web hosting products will make it more competitive with discounters in the space -- which means that small businesses looking to move online get a sweeter deal through ...,Business,Sci/Tech
"Ljubicic Downs Hanescu at Open De Moselle Top-seeded Ivan Ljubicic of Croatia beat Victor Hanescu of Romania 6-4, 6-4 Tuesday in the first round of the Open de Moselle.",World,Sports
"Ancient fungus 'revived' in lab Fungus from a deep-sea sediment core that is hundreds of thousands of years old will grow when placed in culture, scientists discover.",World,Sci/Tech
Yahoo and SBC extend partnership and plan new services Yahoo and SBC Communications have agreed to collaborate to extend some of the online services and content they currently provide to PC users to mobile phones and home entertainment devices.,Business,Sci/Tech
"#39;Somebody please save my dad #39; Nick du Toit #39;s wife and stepdaughter are distraught that there is nothing they can do to help him. On Monday his stepdaughter, Marilise Bezuidenhout, was forced to convey the news of his possible death sentence",World,Sports
"India's Tata makes powerful debut Shares in Indian software services giant Tata Consultancy close 16 higher on their market debut, raising \$1.2bn for the company.",World,Business
"Ex-Guard Speaks Out About Di Tapes (CBS) Newly-surfaced videotapes of the late Princess Diana address her sometimes bizarre relationship with Prince Charles. The tapes were recorded by Diana #39;s voice coach, Peter Settelen.",World,Sports
"Faces From The 1929 Crash NEW YORK - The people who will forever be associated with the Great Crash of 1929 were all white, male and wealthy, but their occupations and ethics varied considerably.",Business,Sports
"EU to Pursue Legal Action Against Greece BRUSSELS, Belgium -- The European Union #39;s executive commission said Wednesday it would open legal proceedings against Greece for its sloppy bookkeeping and underreporting its budget deficit by billions of euros between 1997 and 2003.",Business,Sports
IBM reported to be exiting PC business IBM #39;s possible exit from the personal-computer business would be the latest move in what amounts to a long goodbye from a field it pioneered and revolutionized.,Business,Sci/Tech
"Plane repos ready to take flight At the airport, you hear all of the usual explanations: bad weather, mechanical difficulties, no crew available. But now there #39;s another excuse you might hear as times get tougher for cash",Business,Sci/Tech
"Will your phone become your credit card? Motorola is working with MasterCard to introduce a ""lifestyle changing"" credit card phone by year's end.",Sci/Tech,Business
"Swap Your PC, or Your President The producer of ads featuring PC users who switched to Macs is applying the same tactic to political commercials. This time, he'll focus on former backers of President Bush, recruited online, who've changed their political allegiance. By Louise Witt.",Sci/Tech,World
"Airbus denies backing Microsoft in EU case Aircraft maker Airbus insisted on Thursday it had no intention of taking sides in a Microsoft antitrust case, even though it filed a brief in an EU court on the software giant #39;s side.",Business,Sci/Tech
Intel cuts Pentium 4 prices The newest P4 chips drop in price by 18 percent to 35 percent; a host of other chips are cheaper now as well.,Sci/Tech,Business
"Court Hears Interstate Wine Sales Case (AP) AP - The Supreme Court considered Tuesday whether state alcoholic beverage regulations put in place 70 years ago, after Prohibition was lifted, should remain the law of the land in the Internet age.",World,Sci/Tech
"US ponders \$250,000 bounty on spammers Authorities in the US are considering a \$250,000 bounty on spammers in an attempt to close them down. The US Federal Trade Commission (FTC) has suggested rewards of anything from \$100,000 to \$250,000 for information.",Sci/Tech,Business
"Sims 2 plays with life addicts The Sims 2 adds DNA into the mix and much more realistic 3D graphics, which gives the game an eerie feeling of reality.",Sci/Tech,Sports
"Volkswagen May Be Close to Settling Its Wage Talks Volkswagen and its workers entered a critical week in their wage negotiations on Monday, with signs that a compromise was taking shape even as protests flared at factories across Germany.",World,Business
Broadband charges set to tumble The cost of broadband internet access is likely to fall after Ofcom ordered British Telecom to cut the amount it charges internet providers.,Business,Sci/Tech
"German court rules out Barbie monopoly (AFP) AFP - Germany's federal court of justice ruled against giving Barbie a monopoly in the themed doll market, saying that a German rival called Steffi Love had every right to compete with her.",World,Sci/Tech
Why I will clone human cells: Dolly creator THE scientist who made his name by cloning Dolly the sheep said yesterday that he was quot;very optimistic quot; about gaining a licence to clone human embryos to aid understanding of motor neurone disease.,Sci/Tech,World
Del Monte Needs 9Lives The leading private and branded food and pet products marketer is spending to revamp its image.,Business,Sci/Tech
"Cisco #39;s Perfigo Acquisition Delivers Policy Compliance To Channel In a move that targets the increased threats of worms and viruses to networked businesses, Cisco Systems Thursday said it will acquire privately owned endpoint compliance vendor Perfigo in a deal worth approximately \$74 million.",Sci/Tech,Business
"Legendary all-rounder Miller dies Keith Miller, arguably Australia's greatest all-rounder in Test cricket, has died in Melbourne aged 84.",World,Sports
"NetManage Looks to SOAs with Librados Buy NetManage (Quote, Chart) agreed to acquire privately held Librados for an undisclosed sum. The deal would give NetManage application adapters to help its Host Services Platform server applications via service",Sci/Tech,Business
"Stewart #39;s Prison Chosen That prison is located in West Virginia which means that she is not headed to a facility in Connecticut or Florida, as she had hoped.",Business,Sports
IBM as PeopleSoft #39;s Hero? Hardly Big Blue --a white knight? It #39;s easy to see how industry watchers got carried away with speculation that IBM (IBM ) might be riding to rescue of beleaguered PeopleSoft (PSFT ). On Sept.,Business,Sci/Tech
"Global sales of mobile phones hit record levels PARIS Global cellphone sales rose to record levels in the second quarter as Nokia clawed back some of its lost market share, according to figures released Thursday.",Sci/Tech,Business
"South Korea planning huge spending to revive economy: report (AFP) AFP - The South Korean government is preparing a huge quot;New Deal quot; spending package in the next few years to revive the country's sagging economy, Yonhap news agency said.",Business,World
"AOL pushes into Internet shopping Looking for new ways to boost its revenue, America Online is launching an online shopping service that won #39;t require an AOL account to access.",Business,Sci/Tech
Terreblanche challenges SA arrest White supremacist Eugene Terreblanche is detained after allegedly breaking the terms of his parole.,World,Sports
"Microsoft Ends Decade of Antitrust Suits SEATTLE/NEW YORK (Reuters) - Microsoft Corp. MSFT.O said on Monday it had agreed to settle antitrust lawsuits with Novell Inc. NOVL.O and an industry trade group, marking the end of a decade-long antitrust battle.",Business,Sci/Tech
Bush Scraps Most U.S. Sanctions on Libya (Reuters) Reuters - President Bush on Monday formally\ended the U.S. trade embargo on Libya to reward it for giving\up weapons of mass destruction but left in place U.S.\terrorism-related sanctions.,Sci/Tech,World
"Nalbandian Is Stunned at the Chica Open BEIJING (Reuters) - Resurgent Finn Jarkko Nieminen overpowered David Nalbandian 6-2, 2-6, 6-2 at the China Open on Friday as the seeds continued to tumble in Beijing.",Sports,World
SBC calling on cable SBC is teaming up with Microsoft to provide consumers with a new way to view television -- a move that puts it in direct competition with the cable TV industry.,Business,Sci/Tech
"Argentina gets China investment China is to invest nearly \$20bn (11bn) in Argentina over the next 10 years, Argentine officials say.",World,Sci/Tech
"The battle for DR Congo's wildlife As donors pledge \$40m to save DR Congo's wildlife, life in Virunga Park remains a battle ground.",Sci/Tech,Sports
Football: Brazil legend's UK debut Brazil football great Socrates is set to make his debut for non-league Garforth Town on Saturday.,World,Sports
"Intel Taps Otellini As Next CEO Intel #39;s board, as expected, has named Paul Otellini to succeed Craig Barrett as CEO effective next May 18, the company announced Thursday.",Business,Sci/Tech
"HP targets China with low-cost PC SAN FRANCISCO (CBS.MW) - Personal computer stocks were relatively quiet Friday as the sector focused more attention on China where Hewlett-Packard introduced a new, low-priced PC.",Business,Sci/Tech
"Keeping Mad Cow Out of Cosmetics Since mad cow disease turned up in the United States late last year, traced to a cow imported from Canada, federal regulators have issued rules to prevent the spread of the fatal disease, focusing on limiting beef imports, testing and other measures to protect the domestic herd.",Business,Sci/Tech
Russias strange bedfellows Ministers from the Commonwealth of Independent States (CIS) gathered in the Ukrainian capital Kiev on September 29 to formulate a common anti-terrorism strategy.,World,Business
"Porn Processor Settles Deceptive-Billing Charges WASHINGTON (Reuters) - A pornography bill-processing company has agreed to forego \$17 million that it billed computer users in order to settle deceptive-business charges, the U.S. Federal Trade Commission said on Monday.",Sci/Tech,Business
"Discovery Channel Tests Power of Licensing By rushing more than 700 products under the American Chopper brand as part of a new in-house licensing program, the cable channel is relying more heavily on licensing to market shows.",Business,Sci/Tech
"Linux: Paris weighs a shift to open-source camp PARIS The open-source computer system known as Linux won a tough battle over Microsoft earlier this year when the city of Munich decided to change the operating software of 14,000 government computers, despite the personal intervention of Steve Ballmer",Business,Sci/Tech
"Product Previews palmOneUpgrades Treo With Faster Chip, Better Display\With more than 600,000 units shipped, the Treo 600 is one of the big smartphone success stories. Last week, palmOne introduced the follow-on Treo 650 with a higher resolution 320-by-320-pixel TFT screen, which the company claims increases the visible area of the display and makes pictures and documents much clearer. The 650 also carries a removable battery; 32MB of flash memory, and a faster 312MHz, Intel XScale processor. Improved multimedia features include a built-in MP3 player, a digital camera with improved low-light capabilities, as well as video capture and playback functionality. Products are expected to ship by years end from some carriers who will add their own services, and will be priced at about \$499.\ Treo 650, palmOne",Business,Sci/Tech
SC to hear Zee petition tommorrow Five judges of the top court will hear a petition filed by Zee Telefilms on Tuesday. A three-judge panel of the Supreme Court said a five-judge bench would hear the dispute that threatens the rights of India #39;s,Sports,Business
"Man Sought #36;50M From McGreevey, Aides Say (AP) AP - The man who claims Gov. James E. McGreevey sexually harassed him was pushing for a cash settlement of up to #36;50 million before the governor decided to announce that he was gay and had an extramarital affair, sources told The Associated Press.",World,Business
Gamers hit stores for release of quot;PlayStation Portable quot; Computer-game enthusiasts flocked to software retailers across the country to buy quot;PlayStation Portable quot; (PSP) that hit store shelves Sunday.,Sci/Tech,Sports
"Study: CEOs rewarded for outsourcing NEW YORK (CNN/Money) - The CEOs of the top 50 US companies that sent service jobs overseas pulled down far more pay than their counterparts at other large companies last year, a study said Tuesday.",Business,Sci/Tech
"Approval Expected for Big Cellphone Deal Federal regulators will formally approve Cingular Wireless #39;s \$41 billion purchase of AT amp;T Wireless today, company officials briefed on the matter said over the weekend.",Sci/Tech,Business
England humble Sprinboks Charlie Hodgson scores 27 points as England overwhelm the Springboks at Twickenham.,World,Sports
"Olympics: Hansen still strong enough to take bronze Every ounce of his energy was expended, leaving an empty fuel tank. But, even in a depleted state, Brendan Hansen found a way to bolster his ever-growing swimming legacy.",Sports,Business
BSkyB sees profits rise after strong subscriber growth (AFP) AFP - British satellite broadcaster BSkyB said profit rose by 16 percent in the first quarter as the group enjoyed strong subscriber growth in the run-up to the key Christmas trading period.,World,Business
"Peruvian Maoist trial thrown into chaos The first hearing in the re-trial of former leaders of Peru #39;s Shining Path guerrilla group has ended in chaos. The judge suspended the hearing after the group #39;s founder, Abimael Guzman, and his 15 co-defendants",World,Business
"For Many Airline Pilots, the Thrill Is Gone While pilots still feel in command in the air, they increasingly are feeling slighted on the ground, as airlines extract salary and benefits concessions from them.",World,Business
"Google Wins Trademark Victory Over GEICO ALEXANDRIA, Va. (Reuters) - A federal judge on Wednesday handed online search engine Google Inc. GOOG.O a victory in a trademark infringement case on Wednesday, ruling that when users searched for insurer GEICO, Google could display rivals as well.",Business,Sci/Tech
"Tough Talks Ahead After EU Is Criticized Efforts to forge the world's largest free trade zone between the European Union and South America's Mercosur economic bloc are unlikely to be concluded by an Oct. 31 deadline, the EU said Thursday, with both sides declaring each other's trade offers insufficient.",World,Business
"Alamosa Offers to Buy AirGate (Reuters) Reuters - Alamosa Holdings Inc. said\on Monday it made an unsolicited bid for AirGate PCS Inc.\ worth about #36;380 million, which would create one of\the largest sellers of wireless telephone service under the\Sprint brand.",Sci/Tech,Business
"Japan Won't Have U.S. Beef Anytime Soon (Reuters) Reuters - Japan's lucrative market for U.S.\beef, ruptured by mad cow disease worries, is likely to remain\closed for the rest of this year, U.S. meat industry officials\said on Thursday.",World,Business
"Backman out as D-Backs manager The Diamondbacks will replace Wally Backman as manager, The Sporting News has confirmed, and his replacement will be Bob Melvin, according to the East Valley Tribune.",Sports,Business
"Prized Fossil Just a Rock? With positive and negative results, it remains to be seen what type of Fossil this company really is.",Business,Sci/Tech
"The servers cannot take the strain, captain! A San Francisco startup plans to boldly go where no game developer has gone before with an online game based on the cult TV series quot;Star Trek.",Sci/Tech,Sports
Drugstore Offers New Wave of Disposable Cameras NEW YORK (Reuters) - Pharmacy chain CVS Corp. on Thursday said it would offer the world's first disposable digital camera with a bright color viewing screen that allows consumers to instantly preview pictures.,Sci/Tech,Business
"Going ballistic: Agni-II test fired NEW DELHI: Indias quest to develop a solid missile defence took a step forward today when it successfully test-fired the surface-to-surface Agni-II missile, which can cover targets in the 2000-2500 kms-range, from the Integrated Test Range (ITR) at",World,Sports
Florida Linebacker Charles Charged (AP) AP - Florida linebacker Taurean Charles was charged with aggravated battery and culpable negligence-infliction of injury Wednesday from a fight at an off-campus party in June.,Sports,World
"Headshake to the SETI Headfake Did the famous screensaver, SETIhome, uncover the first strong evidence for an extraterrestrial signal? The SETI Institute's Seth Shostak discusses how hyperbole can misrepresent the last addition to a list of stellar candidates.",Sci/Tech,World
Oracle to Acquire PeopleSoft Oracle Corp. announced today it has signed a definitive merger agreement to acquire PeopleSoft Inc. for approximately \$10.3 billion. -AP,Sci/Tech,Business
"WTO Hits EU Again Over Sugar Sales GENEVA (Reuters) - The World Trade Organization (WTO) has again declared some European Union sugar exports illegal, dealing a new blow to the bloc's lavish system of farm subsidies, a trade source close to the case said Wednesday.",Business,World
Baby for ovary transplant woman A Belgian cancer patient made infertile by chemotherapy has given birth following revolutionary treatment.,Sci/Tech,Business
Research Is Definitely in Motion The Blackberry wireless device maker is straining to exceed expectations.,Business,Sci/Tech
Judge Clears Release of Kobe Evidence (AP) AP - A judge cleared the way for the release of documents and other evidence in the Kobe Bryant sexual assault case on Wednesday.,Sports,World
South Korea Seeks to Play Down Nuclear Disclosure SEOUL (Reuters) - South Korea said on Friday it did not expect a shock declaration that government scientists enriched uranium four years ago to upset international efforts to end North Korea's nuclear ambitions.,World,Sci/Tech
World Trade Organization holds off on sanctions over US anti ... The World Trade Organization held off Wednesday on approving stiff sanctions on US exports - ranging from cod to mobile homes - intended to punish Washington until it repeals the so-called Byrd amendment.,Business,Sci/Tech
"Pot charge dropped against Anthony In a case that his lawyer said quot;has received more prosecutorial scrutiny than any petty offense in Denver history, quot; Nuggets forward Carmelo Anthony saw the marijuana charge he faced dropped by the Denver City Attorney #39;s office today.",Sports,World
Chip Giant UMC Reports Higher Profits (AP) AP - United Microelectronics Corp. #151; the world's No. 2 producer of made-to-order chips #151; on Wednesday reported that its third-quarter net profit more than doubled on year as shipments of chips for mobile phones and other gadgets increased.,Sci/Tech,Business
Cambodia Prince Moves Closer to Throne (AP) AP - The son of King Norodom Sihanouk moved closer Monday to becoming Cambodia's new monarch after legal hurdles were cleared in the complicated succession process triggered by the surprise abdication of his father last week.,World,Sports
"China cracks down on quot;phone sex quot; services BEIJING, Aug. 17 (Xinhuanet) -- China is carrying out a nationwide campaign to crack down on quot;phone sex quot; services, paralleling another sweeping operation against Internet pornography, Minister of Information Industry Wang Xudong said here Tuesday.",Sci/Tech,World
India seeks new TV bids The Indian Board re-opens the bidding for TV rights after Australian threaten to cancel their tour.,World,Sports
"Man arrested for fatally stabbing elderly parents SAITAMA -- A middle-aged man who fatally stabbed his parents has been arrested, police said. Hideo Nakajima, an unemployed man from Soka, Saitama Prefecture, apparently called police shortly before 8 pm, Wednesday.",Sci/Tech,World
Sandia Motor Speedway for Sale on eBay (AP) AP - And the race is off! Only 29 days and some odd hours left to place your bid on eBay to buy the Sandia Motor Speedway.,Sci/Tech,Sports
"Study: Athletic success doesn #39;t pay off in donations Success in big-time sports has little, if any, effect on a college #39;s alumni donations or the academic quality of its applicants, according to a study made under the direction of the Knight Commission on Intercollegiate Athletics.",Sports,Sci/Tech
"Oracle v. Peoplesoft: the joke is on... Opinion I thought it was a joke when Oracle first announced that it was going to try to buy PeopleSoft; or, at best, a spoiling tactic over PeopleSoft #39;s acquisition of JD Edwards.",Business,Sci/Tech
"Caribbean Braces for Another Hurricane (AP) AP - Islanders scrambled to put up storm shutters and stock up on supplies as the fourth major hurricane of the season churned closer to the Caribbean, packing sustained winds of 105 mph.",World,Sports
Gujarat riot murder retrial opens The retrial of 16 Hindus charged with the murder of 12 Muslims in the Gujarat riots of 2002 opens in Mumbai.,World,Business
"Adobe updates RAW plug-in with digital negative format Adobe has updated Photoshop #39;s support for digital cameras #39; RAW image formats. The new plug-in adds to the number of camera models supported and includes a utility for converting images into the DNG, digital negative format.",Business,Sci/Tech
"BHP Billiton, Alcoa sell Integris Metals for 359 million pounds (AFP) AFP - Anglo-Australian mining giant BHP Billiton and Alcoa, the world's largest aluminium producer, have agreed to sell their metal services joint venture Integris Metals for 660 million dollars (359 million pounds) including debt, a joint statement said.",World,Business
"Bay Bridge span faces re-bid, possible redesign The eastern span of the Oakland-San Francisco Bay Bridge, currently under construction and over budget, will be re-bid, according to Sunne Wright McPeak, secretary of California #39;s Business, Transportation and Housing Agency, which oversees Caltrans, the",Business,Sci/Tech
"Oil exports flow as strike woes ease A general strike in Nigeria, which has raised fears over oil supply from the world #39;s seventh-largest exporter, will likely end its first phase on Thursday quot;all going well quot;, union leaders said.",World,Business
"SBC and Yahoo! extend pact to offer Internet service SAN ANTONIO SBC Communications and Yahoo are expanding their high-speed Internet service partnership to link video, wireless phone, Internet and other services.",Business,Sci/Tech
"Tacoma weathers ERP and CRM 'perfect storm' Problems with a \$50 million-plus rollout of SAP's ERP, CRM and other business apps in the city of Tacoma, Wash., have generated a storm of end-user complaints, bad press and a call for an independent audit of the situation.",Sci/Tech,Business
"Lockheed Profit Jumps on IT, Jet Demand \ NEW YORK (Reuters) - No. 1 U.S. defense contractor Lockheed\Martin Corp. reported a 41 percent rise in quarterly\profit on Tuesday, beating Wall Street forecasts, as demand\soared for its combat aircraft and information technology\services.",Sci/Tech,Business
"Locusts Devastate Mauritania Crops, Others Escape (Reuters) Reuters - Crop-devouring locusts have caused major\damage to cereals in Mauritania but other West and Central\African states have suffered much less than feared from the\worst infestation in over a decade, the U.N. said on Thursday.",Sci/Tech,World
"Jones Advances in Long Jump; Johnson Out ATHENS, Greece - Marion Jones made her Athens debut in virtual anonymity, quietly advancing to the long jump final. Allen Johnson had the attention of everyone in the stadium, for all the wrong reasons...",World,Sports
"Glory Comes Amid Empty Seats and Closed Shutters HERE in Old Europe, people install shutters outside their windows to keep out the heat, the pollution, the daylight, the noise. They also lock the shutters tight when they go away on holiday.",Sports,Sci/Tech
"AMD's Q3 led by strong Opteron, Athlon 64 sales SAN FRANCISCO - As expected, Advanced Micro Devices Inc.'s (AMD's) third-quarter revenue came in a little under the company's earlier predictions, but strong increases in sales of its 64-bit desktop and server processors led to the company's fourth straight profitable quarter.",Sci/Tech,Business
"Is this the end of IT as we know it? Halsey Minor, CEO of hosted integration provider grand central Communications, has a powerful message for IT: In four years, ... basically the whole notion of enterprise application software is going to be dead. He believes application functionality will instead be available as hosted, pay-per-use services delivered by companies such as Salesforce.com. Putting his money where his mouth is, Minor has recently launched a \$50 million venture capital fund with his own money to fuel on-demand startups. For its part, Grand Central will handle data and process integration between enterprises and multiple on-demand services.",Business,Sci/Tech
Vandeweghe keeps interest in forward White The Nuggets could be re-signing free-agent forward Rodney White in the near future if White is able to resolve his off-court problems.,Sports,Sci/Tech
"Experts Predict Mount St. Helens Eruption (AP) AP - The flurry of earthquakes at Mount St. Helens intensified further Thursday, and one scientist put the chance of a small eruption happening in the next few days at 70 percent.",Sci/Tech,Sports
"Telephone Tag (Forbes.com) Forbes.com - ARRIS GROUP (5, ARRS) saw its market cap unjustifiably halved recently when Comcast, a huge customer (24 of Arris' sales), hinted it might buy next-generation technology from Cisco Systems. Arris supplies the technical guts that cable companies use to provide phone service. (For the reverse phenomenon, see story on p. 162.)",Business,Sci/Tech
"China, ASEAN Agree to End Tariffs (AP) AP - China has reached agreement with the Association of Southeast Asian Nations, or ASEAN, on completely removing tariffs on merchandise goods by 2010 as part of a proposed free trade agreement, the Chinese Ministry of Commerce says.",World,Business
"Analysis: Iran #39;s missile capabilities Iran has announced it has improved its missile capabilities by developing a medium-range ballistic missile, with abilities to work on longer range systems -- a steady progress that",World,Sci/Tech
Fortune's 100 Most Doomed? Your company made it to Fortune's 100 Fastest Growing Companies list. Is that a good thing?,Business,Sci/Tech
"Maddux Wins No. 302, Baker Wins No. 1,000 Greg Maddux pitched the Chicago Cubs into the lead in the NL wild-card race and gave Dusty Baker a win to remember. Maddux threw seven shutout innings for his 302nd career win, Baker got his 1,000th victory as a manager and Chicago beat the Montreal Expos 5-2 on Monday night...",World,Sports
"Alaska Wildfires Grow to Record 5 Million Acres (Reuters) Reuters - Wildfires have scorched over\5 million acres in Alaska as of Tuesday, forestry officials\said, a new record that signals possible changes in climate\conditions and the composition of the vast forests.",Sci/Tech,World
Boxer Begs Bush to Back Bum Bill Members of California's congressional team make one last effort to look good for the tech industry back home.,Business,Sports
"You Say Sell, I Say Potato Disgruntled shareholders file suit to force talks with Oracle while PeopleSoft's two largest shareholders agree to disagree.",Business,Sci/Tech
"World awaits Chinese Grand Prix A quarter of a billion dollars to build the track. Tens of millions in racing fees. More than 150,000 live spectators and a television audience of hundreds of millions.",Sports,Business
"HAYLEY MICK: Hayley Mick is a journalist currently based in Vancouver. She has broadcast experience with CBC Radio #39;s Quirks and Quarks and has reported for the Vancouver Sun, CBC Online, and the Canadian Press #39;s Ontario and Vancouver bureaus.",World,Sci/Tech
New EU Executive Chief Announces Revamped Team The incoming head of the European Union #39;s executive body has announced changes to his group of commissioners and says he is ready to go to the European Parliament to seek its approval of his team.,World,Sci/Tech
Rain threatens triangular final (AFP) AFP - Organisers were left banking on the Dutch weather to spare Saturday's final of the triangular cricket tournament after deciding against altering the fixture schedule in a bid to beat the rain that has marred this warm-up event for next month's ICC Champions Trophy in England.,World,Sports
Brown calls for Labour unity Chancellor Gordon Brown has sought to quell speculation over who should run the Labour Party and turned the attack on the opposition Conservatives.,World,Sports
"Activist's Daughter Speaks Against Castro (AP) AP - Her political activist father is her hero and Sayli Navarro wants to follow in his footsteps #151; at any cost. The soft-spoken, articulate teenager was just 6 when her father went to prison the first time, for posting signs reading ""Down with Fidel.""",World,Sports
"Connect the jovian dots NASA #39;s Hubble Space Telescope (HST) captured an alignment of three of Jupiter #39;s largest moons: Io, Ganymede, and Callisto.",Sci/Tech,Business
"Munro, Morris Face Off in NLCS Game 2 ST. LOUIS - The Houston Astros put their hopes in a pitcher untested in the postseason when they give Pete Munro the ball to start Game 2 of the NL Championship series on Thursday, one night after dropping the opener to the St...",World,Sports
"New Report Links Reputed Kingpin to Murder Fifteen years ago, American journalist Todd Smith was brutally beaten and executed after he ventured into Peru's jungle to investigate links between Shining Path guerrillas and the cocaine trade.",World,Sci/Tech
"Kyocera Battery Recall Kyocera Battery Recall By guest contributor Josh Pereira. Kyocera, a leading manufacturer of CDMA phones, has announced a voluntary and precautionary recall of the batteries found in their KE/KX 400 Series, 3200 Series, and Slider Series phones.",Sci/Tech,Sports
Images: Nintendo grows up--a little The Nintendo DS includes a touch-sensitive screen and is geared for an older crowd.,Sci/Tech,Business
"Chavez victory confirmed Caracas, Venezuela - The results of an audit support the official vote count showing that President Hugo Chavez won this month #39;s recall referendum in Venezuela, the head of the Organization of American States said Saturday.",Business,World
"Colombia Accuses Cos. of Illegal Imports The Colombian government has filed a lawsuit accusing Pernod Ricard SA, Diageo PLC and Seagram Export Sales Co. of illegally importing spirits via Colombian companies that launder drug money.",World,Business
"World Population to Rise to 8.9 Billion Although world families are getting smaller in many regions, the 50 poorest countries are expected to triple in size to 1.7 billion people by 2050, posing many challenges for world countries.",World,Business
EU transport chief hails Alitalia accord (AFP) AFP - EU transport and energy commissioner Loyola de Palacio hailed the accord reached between Alitalia management and staff on a major restructuring plan aimed at keeping the struggling airline in the air.,World,Business
"Israel Unions Start Nationwide Strike JERUSALEM (Reuters) - Israeli unions began a nationwide strike on Tuesday expected to affect about 400,000 public sector workers and severely hamper international travel.",World,Business
"Bangladesh boss slams detractors Bangladesh's coach says they still deserve Test status after their 30th defeat, to India.",World,Sports
Seoul allies calm on nuclear shock South Korea's key allies play down a shock admission its scientists experimented to enrich uranium.,World,Sci/Tech
"Microsoft vs Sendo: It #39;s over The legal battle between UK phone manufacturer Sendo and Microsoft has been settled, the companies announced on Monday morning. Sendo had been suing Microsoft for the alleged theft of trade secrets, fraud",Business,Sci/Tech
"AMD signs up for extra 64-bit production capacity Advanced Micro Devices Inc. will use Chartered Semiconductor Manufacturing Ltd.'s manufacturing services to produce AMD's Opteron and Athlon 64 processors starting in 2006, adding production capacity as the company starts building chips at its second Dresden, Germany, plant, the companies said Monday.",Sci/Tech,Business
"Dell Exits Low-End China Consumer PC Market HONG KONG (Reuters) - Dell Inc. , the world's largest PC maker, said on Monday it has left the low-end consumer PC market in China and cut its overall growth target for the country this year due to stiff competition in the segment.",Sci/Tech,Business
Travelzoo Shares Rise as Offering Rumor Fades (Reuters) Reuters - Shares of Internet travel site\Travelzoo Inc. rose nearly 4 percent on Wednesday as\market rumors of a secondary stock offering faded.,Sci/Tech,Business
"Plan Would Turn Restore Wash. Estuary NISQUALLY NATIONAL WILDLIFE REFUGE, Wash. - A 15-year plan would restore salt marshes and mudflats for migrating salmon at the Nisqually National Wildlife Refuge, more than 100 years after the farmland was drained and diked.",Sci/Tech,Business
"5 EU ministers back digital passports FLORENCE Interior ministers from the five largest West European countries have agreed to adopt digital fingerprinting on passports, officials here said, but a second day of talks on Monday found them still deadlocked on a plan to create migrant holding",World,Business
Mayor sure of ballpark support DC Mayor Anthony A. Williams said yesterday he is quot;very confident quot; that he has the seven necessary votes from the DC Council for his plan to build a ballpark near South Capitol Street Southeast.,Sports,Business
"Bush administration shifts stance on the cause of warming NEW YORK In a striking shift in the way the Bush administration has portrayed the science of climate change, a new report to Congress focuses on federal research indicating that emissions of carbon dioxide and other heat-trapping gases are the only likely",Sci/Tech,World
Woman's death probed Public health officials are investigating why a 38-year-old woman died two weeks after undergoing gastric bypass surgery at Saint Anne's Hospital in Fall River. The hospital has stopped offering the surgery during the state probe and an internal review.,Business,World
Date with destiny for private rocketeers LAS VEGAS - A three-seat rocket plane with stubby wings and a nose studded with round windows will try to blast out of Earth #39;s atmosphere above the Mojave Desert today to qualify for a US\$10 million (\$15.,Sci/Tech,Sports
NASA #39;scramjet #39; makes historic flight off California LOS ANGELES NASA #39;s unmanned quot;scramjet quot; proved it #39;s small but it #39;s fast -- in a record-breaking demonstration above the Pacific Ocean.,Sci/Tech,Sports
"Netopia to Restate Results (Reuters) Reuters - Netopia Inc. a maker of\networking gear, on Thursday said its auditor KPMG LLP\resigned, and said it will restate two years of results and\revise the results in its most recent fiscal quarter.",Sci/Tech,Business
"Wal-Mart Move Ominous Sign for Retailers (AP) AP - Weaker-than-expected holiday shopping forced Wal-Mart Stores Inc. on Saturday to cut its projected sales increase for November by more than half, an ominous announcement for retailers as their busiest time of year begins.",Business,Sports
"UEFA Introduces Anti-Doping Program SOFIA (Reuters) - UEFA will enforce a new anti-doping program at all levels in and out of competition, a meeting of the European soccer body's executive committee decided Thursday.",Sports,World
"True Colors With 48 editions in 19 different languages available in over 60 countries, Reader #146;s Digest is a publishing phenomenon: the world #146;s top-selling magazine. And wherever you buy your copy, at least one thing will remain constant #151; the quality and color balance of the images. See how a Mac-based workflow ensures this color consistency.\ Nov 09",Sci/Tech,Business
Mount St. Helens Sprouts Magma Extension (AP) AP - The new lava lobe inside Mount St. Helens' crater has sprouted a piston-like protrusion the size of a 30-story building #151; glowing red at night.,Sci/Tech,Sports
"Report: Intel Logs Big Gains In Flash Market Intel #39;s share of the booming flash market jumped 40.8 percent in the second quarter, according to market-research firm iSuppli Corp.",Sci/Tech,Business
Newcastle #39;s Boumsong bid rejected by Rangers Newcastle United manager Graeme Souness has made an offer to Rangers for French international centre-back Jean-Alain Boumsong but the Scottish club have rejected his initial offer.,Sports,Business
TGn Sync Proposes New WLAN Standard The battle over home entertainment networking is heating up as a coalition proposes yet another standard for the IEEE #39;s consideration.,Sci/Tech,Business
"Shareholders Approve Aether Changeover Shareholders approved Aether Systems Inc.'s sale of one of its two remaining operating divisions Wednesday, a deal that will take the Owings Mills company out of the wireless business and nearly complete its transformation into a mortgage investment fund.\-The Washington Post",Sci/Tech,Business
An Old Church's New Tilt Inspires Tourists and T-Shirts A humble church has something Germany's glorious Cologne Cathedral cannot match: a leaning tower.,World,Sports
"MicroStrategy Turnover Draws Analyst Scrutiny MicroStrategy Inc. said yesterday that president and chief financial officer Eric F. Brown had resigned and that founder Michael J. Saylor would again hold the company's top three jobs, prompting some analysts to raise concerns about the company's stock.",Sci/Tech,Business
"Ex-teller wins bias case against Citizens A former part-time teller and Mexican immigrant won more than \$100,000 after the Massachusetts Commission Against Discrimination determined Citizens Bank discriminated against her when it bypassed her for a full-time job in favor of a less experienced white co-worker.",Business,Sports
"Wenger vows no repeat of frailties against Bayern ARSNE WENGER was raised in Alsace, near the German border, with an affinity for the Bayern Munich football machines of the Seventies.",Sports,Sci/Tech
"Labor situation deserves honest talk For a moment last week, President Bush escaped the White House spin chamber and was the plainspoken man much of the nation came to like four years ago.",Business,Sci/Tech
"Study: 400K Fewer Tech Jobs Since 2001 The US information tech sector lost 403,300 jobs between March 2001 and this past April, and the market for tech workers remains bleak, according to a new report.",Business,Sci/Tech
Africa takes tough stand on coups The arrest of Margaret Thatcher's son last week is the latest example of a crackdown on overthrows.,World,Sports
Producer sues for Rings profits Hollywood producer Saul Zaentz sues the producers of The Lord of the Rings for \$20m in royalties.,World,Business
ANOTHER VOICE Sugary drinks bad for you Many studies have linked the consumption of nondiet soda and fruit juices with added sugars to obesity and attendant risks of diabetes.,Sci/Tech,World
"R.I.P. Gary Webb -- Unembedded Reporter The finest journalist ever to get fired for telling the truth is dead at age 49. The official cause of death on the death certificate will be suicide. But, as we shall see, he had much help getting to that point. The story of the life and death of Gary Webb says much about the state of American politics and what passes as ""journalism"" in today's America.",Sci/Tech,World
"America's Best Airline? Hawaiian Airlines is putting up impressive numbers, including some that really matter to travelers.",Business,Sci/Tech
Next Big Hit at the Modern: Its Reopening The buzz over the greatly enlarged museum is expected to turn into a cacophony on Saturday.,World,Sci/Tech
Dell recalls 4.4m notebook power adaptors Dell today asked 4.4m notebook users to return their power adaptors after it admitted these peripherals pose both a fire and electric shock hazard.,Sci/Tech,Sports
"Cali Cartel Boss Sent to U.S. on Drug Charges BOGOTA, Colombia (Reuters) - The former boss of the Cali drug cartel, who once controlled most of the world's cocaine trade, was sent to the United States on Friday to face trafficking and money laundering charges.",World,Business
"PeopleSoft gets closer to IBM As the threat of a hostile takeover by Oracle rumbles on, PeopleSoft has announced a \$1bn partnership with IBM. Speaking at PeopleSoft #39;s user conference in San Francisco yesterday, the company #39;s chief executive",Business,Sci/Tech
Spanish flyer: Markko Martin steers his Ford Focus during the ... MARKKO MARTIN won his second event in succession as he held off a late charge from Marcus Gronholm to come out on top in the Rally of Catalunya.,Sports,Business
"Poes condition worsens--doctors (2nd UPDATE) MOVIE actor Fernando Poe Jr. #39;s condition has deteriorated, according to a bulletin his doctors issued on Monday. He is still in a coma and has multiple organ system involvement.",World,Sci/Tech
Slovaks and Czechs reject French minister #39;s suggestion over EU ... The Slovak and Czech governments Monday rejected a proposal by French Finance Minister Nicolas Sarkozy to axe structural funds for new EU members whose taxes were lower than the European average.,Business,World
Arctic team finds ship remains A team retracing the route of a group of Victorian Arctic explorers have found parts of their 172-year-old ship.,Sci/Tech,Sports
Sex Toy Shuts Down Australian Airport A scare triggered by a vibrating sex toy shut down a major Australian regional airport for almost an hour on Monday. The vibrating object was discovered on Monday morning inside a garbage can at the terminal,World,Sports
"PeopleSoft CEO Ousted for #39;Situational Ethics #39; AccountingWEB.com - October 06, 2004 - The opening of a trial related to Oracle #39;s takeover bid of PeopleSoft featured the revelation that CEO Craig Conway was fired last week for making misleading statements about PeopleSoft #39;s sales.",Business,Sci/Tech
"Big Tax Plans, Big Tax Risks Reforming the tax system is more politically risky and economically complex than the president let on during the campaign.",Business,Sci/Tech
"Daily Mail hits back at Blunkett The Daily Mail today dismissed David Blunkett #39;s claim that the media played a role in his downfall, saying he only had himself to blame.",World,Sci/Tech
"Indonesia Furious Over Australia #39;s New Maritime Surveillance Zone Australia #39;s plan to establish a maritime surveillance zone that would cover much of Indonesia has provoked a furious response from Jakarta, which says the policy contravenes both national sovereignty and international law.",World,Business
"Bullies move online Singapore - More complaints of cyberbullying are emerging from youngsters in Singapore than any other country except the United States, an international safety group said in a report on Monday.",Sci/Tech,Business
"Jays power up to take finale Contrary to popular belief, the power never really snapped back at SkyDome on Sunday. The lights came on after an hour delay, but it took some extra time for the batting orders to provide some extra wattage.",Sports,Sci/Tech
"MOM 2005 Released to Manufacturing Microsoft on Wednesday announced the release to manufacturing of Microsoft Operations Manager (MOM) 2005 and MOM 2005 Workgroup Edition, a new edition that the company previously called MOM 2005 Express.",Business,Sci/Tech
"Fable; Nascar 2005: Chase For The Cup Fable comes with a big reputation behind it -- it was developed by Peter Molyneux, creator of such involved, engrossing games as Populous and Black and White.",Sci/Tech,Sports
"Indonesia at a crossroad At midnight on Saturday, the dance floor in the Hard Rock Cafe (HRC) in Bali was heaving. Apart from a careful pat down at the door for guests, the scene was no different from two years ago, before Islamist",World,Sci/Tech
FDA stifled dangerous Vioxx results - expert Washington - An expert with the United States Food and Drug Administration (FDA) has said on Thursday he was pressured by his agency to stifle study results showing the potential dangers of the anti-inflammatory drug Vioxx.,Business,World
"Dream TV Screen, Now in Size Large The most desired electronic gift item for this holiday season is a plasma TV. You might, however, want to consider something that wasn't even in the running: L.C.D.",Sci/Tech,Sports
Do-not-call bill could be introduced today The federal government hopes to introduce legislation today to establish a do-not-call registry for consumers who want to stop endless telemarketing pitches.,Business,Sci/Tech
"A Fair Tax Some say a ""fair tax"" that removes the need to file tax returns from the vast majority of the citizenry is a national sales tax. This doesn't seem to be very fair to people trying to feed, house and clothe themselves and seems to subsidize large land holders (Bush's favorite constituency). There is a tax that lives up to the promises broken by Bush's proposal for a national sales tax.",Sci/Tech,World
German leader to arrive in China German Chancellor Gerhard Schroeder was preparing Sunday to arrive in China for the start of a five day Asian tour Monday to discuss trade and bilateral ties.,World,Sports
The king who courted the Khmer Rouge (and survived) The career of King Norodom Sihanouk of Cambodia has been a bewildering trail of political twists and expedient turns. Now the man they call the #39;mercurial monarch #39; has announced his abdication.,World,Sports
Mexico Struggles to Preserve Ancient Ruins (Reuters) Reuters - The majestic pyramids and\temples of the ancient Zapotec kingdom of Monte Alban sit\spectacularly atop a hill in Mexico's southern state of Oaxaca.,Sci/Tech,Business
"Lawmakers Try to OK Hurricane-Drought Aid (AP) AP - Lawmakers scrambled to approve a #36;14 billion package to aid hurricane and drought victims Thursday, driven by warnings that relief money was running out and a need to pass legislation before the planned departure of Congress at the end of this week for the election.",World,Business
Oracle in Merger Talks with Other Firms SAN FRANCISCO (Reuters) - Oracle Corp. ORCL.O is in merger talks with other technology companies as it awaits the outcome of its \$9.2 billion hostile takeover bid for rival software maker PeopleSoft Inc. PSFT.O.,Business,Sci/Tech
Update 1: Passengers Stranded by Canceled Flights Thousands of disgruntled vacationers were stranded at Heathrow Airport Tuesday after British Airways canceled scores of flights because of staff shortages and technical hitches.,World,Business
"Oracle vs. PeopleSoft: Lies and Lying CEOs Who Tell Them PeopleSoft #39;s board knew that CEO Craig Conway had erred in his comments, so it filed a corrected version of the meeting transcript with the Securities and Exchange Commission.",Sci/Tech,Business
"USA : Textile industry to renew request to place embargo on ... The US textile industry officials would plead for blocking Chinese imports to the Bush administration this month. Earlier this year, the White House had rejected a similar request made by 130 Republican and Democratic members of Congress.",Business,World
"Cingular Planning Major 3G Wireless Rollout Just as the AT amp;T buy helped Cingular move ahead of Verizon Wireless to the top of the industry in terms of size, the new network would likely give it an overall faster network, a distinction most say Verizon can now boast.",Business,Sci/Tech
"SUSAN TOMPOR: Stores turn paper into e-checks I picked up my 6-year-old son from school last week, and we drove to Wal-Mart to see the future for paper checks. We grabbed a few of life #39;s staples: some Legos, a pack of 3x5 cards to create",Business,Sci/Tech
"Family takes helm at Bombardier Canada #39;s Bombardier family has taken back management control of the troubled transport equipment maker that bears its name following the sudden departure of Paul Tellier, chief executive.",Business,Sci/Tech
"Sixers-Wizards matinee doesn #39;t disappoint Still home in Philly for the Thanksgiving holiday, we decided to hit the Sixers/Wizards matinee yesterday. One of the best decisions we #39;ve made in a long time.",Sports,Business
"Up, down and away: NASA #39;s #39;Weightless Wonder #39; makes final flight HOUSTON -- The NASA turbojet notoriously known as the quot;vomit comet quot; for its use in training astronauts for weightlessness made its final flight Friday.",Sci/Tech,Sports
I.B.M. Agrees to Settle Part of Giant Pension Case I.B.M. said that it had agreed to pay \$320 million to its employees to settle in part a class-action lawsuit over its pension plan.,Sci/Tech,Business
"11th-hour highlights too late NBC's prime-time Olympic coverage is taped and shaped, the television version of a Reader's Digest condensed book. We get all the US highlights, the big news stories, and a well-edited drama building to the 11 p.m. hour. It's a formula that's been proven to hold an audience and pull ratings. The big downside: You have to stay up until midnight ...",Sports,Sci/Tech
"Vt. sues over importing drugs Vermont's Republican governor challenged the Bush administration's prescription drug policy in federal court yesterday, marking the first time a state has chosen a legal avenue in the expanding battle over Canadian imports.",Business,World
"Spyware opponents win another battle The Federal Trade Commission won an important victory last week in its fight to protect consumers from spyware, the software that tracks unsuspecting Web surfers, bombards them with advertisements and sometimes even steal login information and passwords.",Business,Sci/Tech
"IBM posts broad Q3 revenue growth NEW YORK - IBM Corp. posted quarterly results on Monday showing 9 percent revenue growth from last year and slight earnings growth, despite a \$320 million charge it took during the quarter to settle some claims in a lawsuit over its pension plan.",Sci/Tech,Business
"Without Batting An Eyelash : A very French welcome for a new ... THAT night, it seemed as if three or four parties were going on at once in Cosmo Manille. Wrong, palanggas. Actually, there were five in Makati alone, and one of them had a stream of traffic",Business,Sports
"U.S. Wildlife Refuges Facing Grave Threats A sweeping wildlife preserve in southwestern Arizona is among the nation's 10 most endangered refuges, due in large part to illegal drug and immigrant traffic and Border Patrol operations, a conservation group said Friday.",Sci/Tech,World
"America #39;s curse There is an all but unanswerable case for asserting that the biggest story out of the United States this week has nothing to do with the presidential election, has no connection with the flu vaccine shortage and that it does not involve a gay bishop either",Sports,World
"BBC 'must keep up' BBC boss Mark Thompson says the corporation must keep up with change, after announcing nearly 3,000 job cuts.",World,Business
The Great Vegetarian Scam Ive written before about my struggle to remain a vegetarian on Tuesday - when I abjure meat for religious reasons -hile travelling.,Sci/Tech,Business
"Iceland Offers Shelter to Fugitive Chess Player Fugitive chess master Bobby Fischer has been offered a new home in Iceland, where he won a classic victory in 1972, but it is unclear whether he will be able to make the move from his detention in Japan.",World,Sports
Brewers buyer expected to step out of the shadows Monday MILWAUKEE - Paul Attanasio says the story of his brother buying a baseball team is like a script straight out of Hollywood. He should know.,Business,Sports
"Help wanted by IT services firms The growing services industry is hiring, but tech workers looking for a job may need to do more than brush up on their coding.",Sci/Tech,Business
Record Breaking Supercomputer Performance US Secretary of Energy Spencer Abraham announced that a supercomputer developed for the nation #39;s Stockpile Stewardship Program has attained a record breaking performance of 70.,Sci/Tech,Business
Tax-Free Bonuses Tagged Out Some taxpayers have been dusting off an old Internal Revenue Service ruling about signing bonuses in baseball contracts and using it to justify skipping payroll taxes and income-tax withholding on signing bonuses generally.,Business,Sci/Tech
"New federal law ends check floating A new federal law that went into effect yesterday will eventually eliminate the days of check floating.. However, some Sumner County bankers say it depends on where you bank and",Business,Sci/Tech
"Hurricane Watch Issued for Gaston Off S.C. COLUMBIA, S.C. - A hurricane watch was issued for the South Carolina coast Saturday as forecasters predicted Tropical Storm Gaston would make landfall near Charleston on Sunday night...",World,Sports
"T-Online returns to Deutsche Telekom mothership German incumbent telco Deutsche Telekom announced over the weekend it is to begin taking its internet division, T-Online, back entirely within the mother corporation.",Business,Sci/Tech
"Oil prices bubble to record high The price of oil has continued its sharp rise overnight, closing at a record high. The main contract in New York, light sweet crude for delivery next month, has closed at a record \$US46.75 a barrel - up 70 cents on yesterday #39;s close.",World,Business
"Bush Signs Into Law Debt Ceiling Increase WASHINGTON (Reuters) - President Bush on Friday signed intolaw a measure authorizing an \$800 billion increase in thecredit limit of the United States, the White House said.",World,Business
"The power of radio helps to end Uganda #39;s long war When Kenneth Banya heard the voices of his former rebel colleagues on the radio calling for an end to Uganda #39;s 18-year civil war, he knew it was time to surrender.",World,Business
"US consumers unaware of spyware The findings come in a report from the newly formed Consumer Spyware Initiative, a joint effort by Dell and the non-profit Internet Education Foundation that aims to increase awareness of spyware.",Business,Sci/Tech
"China sets terms for Taiwan talks China is ready to resume negotiations after nearly five years with Taiwan if the island nation accepts the quot;one China quot; principle, the state media reported Monday.",World,Business
"Microsoft Lawyer Says Company Able To Comply with EU Antitrust ... Microsoft attorney Brad Smith, said: quot;We will certainly be prepared to comply with the court #39;s order whatever it may be. We have invested a tremendous amount of time and energy and spent millions",Business,Sci/Tech
Qatar Defense Show Focuses on Videogame Technology DOHA (Reuters) - Rick Bracewell is driving through Baghdad when gunmen open fire. Then a nearby dead dog strapped with explosives blows up and his vehicle goes up in flames.,Sci/Tech,World
"Global server sales on the rise Sales of server systems rose 7.7 percent globally in the second quarter to \$11.55 billion as demand for Information Technology remained strong after a three year downturn, market research firm Gartner said in a statement.",Sci/Tech,Business
"Social Security Reform a Boon for Funds? (Reuters) Reuters - The bonanza many believe President\Bush has handed the mutual fund industry with his plans to\reform Social Security may be a mirage, industry leaders said\on Friday.",Business,World
"Movies in a snap: Netflix and TiVo discuss downloads Bee Staff Writer. The high-tech ground is shifting underfoot again, amid rumblings of a new Silicon Valley alliance that would let owners of TiVo Inc.",Business,Sci/Tech
"On an old road to Damascus: An ancient city finds new life DAMASCUS -- The crowd begins filling the courtyard of Opaline, a trendy restaurant, as late evening teeters toward early morning. Many arrive by golf cart, whisked through alleys to the wooden doors of a centuries-old Arab home within Old City walls.",World,Sports
"FCC Mulls Airborne Mobile Phone Use Although there may have been technical limitations at the time the cell phone ban was established, according to IDC #39;s Shiv Bakhshi, it is unclear why the ban has remained in place, given that",Business,Sci/Tech
"Sources: Sprint, Nextel closing in on \$36B deal Sprint Corp. is in advanced talks to buy Nextel Communications Inc. for more than \$36 billion in a mostly stock deal, sources familiar with the situation said today.",Sci/Tech,Business
"Howard Stern Says He Plans to Jump to Satellite Radio After heavy F.C.C. fines, Howard Stern expects to deliver ""my show my way"" in the mostly unregulated medium.",World,Sci/Tech
Court considers textbook stickers downplaying evolution A Georgia school board is in court this week over quot;disclaimer quot; stickers it placed on biology textbooks stating that the theory of evolution has not been proven as fact.,Sci/Tech,Sports
"Stern to Join Sirius Satellite Radio NEW YORK - Howard Stern has long had two words for the Federal Communications Commission - and in 15 months, he can finally utter them on the air. The self-proclaimed ""King of All Media,"" perhaps the most influential radio voice of the last 20 years, is shifting his salacious act to satellite radio and freeing himself from the increasingly harsh glare of federal regulators...",World,Business
"Consumer Confidence Hits 7-Month Low NEW YORK (Reuters) - U.S. consumers turned more gloomy in October, beset by soaring energy prices, relentless violence in Iraq and the increasingly bitter end of the presidential election campaign.",Business,World
"Stocks Sink on Coke's Gloomy Forecast NEW YORK - Stocks headed lower Wednesday after beverage giant Coca-Cola Co. issued a gloomy forecast, and a lower-than-expected reading on industrial production for August threw the nation's broader economic outlook into question...",World,Business
"Eisner blocked big ideas, Ovitz tells court Former Walt Disney Co. president Michael Ovitz insisted Tuesday that he worked tirelessly to better the company but frequently ran into resistance from CEO Michael Eisner and a handful of senior executives who refused to report to him.",Business,Sci/Tech
"Strong Earthquake Strikes Central Calif. PARKFIELD, Calif. - A strong earthquake struck Central California on Tuesday that was felt from San Francisco to the Los Angeles area...",World,Sci/Tech
"Apology, refund from cruise line In a move almost unheard of in its industry, Norwegian Cruise Line has apologized for service problems during the Pride of Aloha #39;s first two months of sailing around Hawaii, and is refunding a portion of the service charge to everyone who has cruised on",Business,Sci/Tech
Ryder Cup: Europe close on victory Another good day at Oakland Hills sees Europe move 11-5 clear of the USA going into Sunday's Ryder Cup singles.,World,Sports
"Flat-screen TV emits international distress signal Could your TV call the Air Force? Apparently, Toshiba flat-screens can! Tv doesn #39;t get much better than this... quot;An Oregon man discovered earlier this month that his year-old Toshiba Corporation flat-screen",Sci/Tech,Business
Excess chips a drag on 3rd-quarter Intel results Intel on Tuesday released third-quarter financial results showing that it continues to struggle to sell a substantial stockpile of computer chips as demand for personal computers remains slow.,Business,Sci/Tech
"HP to tempt holiday shoppers with sights and sounds The computer-hardware giant, best known for products such as PCs and printers, on Friday laid out its plan to become a brand-name in consumer electronics products such as flat-screen TVs, music players and the devices that move content between them.",Business,Sci/Tech
Baxter Ends Flu Vaccine Trial; Cites Side Effects Baxter International Inc. on Thursday said it halted a late-stage European trial of a flu vaccine because of higher-than-expected rates of fever and other symptoms.,Business,World
"FasTrak Toll Bridge Discounts End Monday About 70,000 motorists signed up for FasTrak, the electronic toll collection system, since July 1, when tolls went up from \$2 to \$3.",Business,World
"Dinosaurs May Have Been Doting Parents -Report (Reuters) Reuters - Dinosaurs may not all have been the\terrifying creatures portrayed in blockbuster films but could\have had a more caring, loving nature.",Sci/Tech,Business
"U.N. Agency Sees No Rapid Development of El Nino (Reuters) Reuters - Fears of a new El Nino, a phenomenon\that brings extreme weather patterns, are unfounded despite\unusual ocean temperatures which often herald the devastating\weather anomaly, the World Meteorological Organization said\Thursday.",Sci/Tech,World
"Lloyds TSB cashes in on VoIP Lloyds TSB is gearing up to roll out one of the largest converged networks in Europe, a 500m 70,000 phone VoIP infrastructure linking all the bank #39;s branches and cash points.",Sci/Tech,Business
"HGS Picks Watkins as New Chief Executive Human Genome Sciences Inc. plans to announce today that it has hired a 20-year product development veteran from Abbott Laboratories Inc. as chief executive. H. Thomas Watkins, 51, will face the challenge of completing the Rockville company's makeover from gene hunter to drug marketer.",Business,Sci/Tech
Senate weighs H-1B visa changes U.S. senators are debating a controversial measure to exempt foreign student graduates from the cap on H-1B visas.,Sci/Tech,World
PeopleSoft Chief Threatens to Sue Over Oracle Statements PeopleSoft's chief executive accused Oracle of spreading misleading information about his stock sales and threatened to sue for defamation.,Sci/Tech,Business
"Astronomers Spot Monster Collision of Galaxies (Reuters) Reuters - If you think Earth is a mess,\consider the turmoil in the constellation Hydra, where\astronomers have spotted two monster galactic clusters slamming\together in one of the biggest collisions ever recorded.",Sci/Tech,Business
"New Brussels blow for Turkey #39;s EU hopes EU farm commissioner Franz Fischler on Friday became the latest Brussels critic to raise doubts over Turkey #39;s hopes of joining the bloc, as wrangling over Ankara #39;s EU bid heats up.",World,Business
"Consumer spending jumped in September WASHINGTON - Consumers, who substantially slowed down their spending in late summer, roared back to life in September, boosting their purchases by 0.6 percent.",Business,Sci/Tech
"On TV -- from the Internet SAN MATEO, Calif. -- The promise of Internet-based video has long been hamstrung by copyright and piracy worries, slow dial-up connections, technical challenges, and consumer disdain for watching blotchy videos on their home computers.",Business,Sci/Tech
Update 2: US Cybersecurity Chief Abruptly Resigns The government #39;s cybersecurity chief has abruptly resigned from the Homeland Security Department amid a concerted campaign by the technology industry and some lawmakers to persuade the Bush administration to give him more authority and money for,Sci/Tech,World
"New Star-Type Resembles Stillborn Star When a binary star system starts to transfer mass, one of the twins may well win out, leaving its companion to occupy a strange region half way between a star and a planet. A new star-type of this sort has been found, which resembles the infrared ash of a stillborn star.",Sci/Tech,Sports
Disappearance of baby Azaria to remain Australia's greatest mystery (AFP) AFP - The disappearance of baby Azaria Chamberlain 24 years ago is expected to remain one of Australia's most celebrated mysteries after the coroner's office ruled here that there was no new evidence to justify reopening the case.,World,Sci/Tech
"U.S. Men's Hoops Team Finally Gets a Rout ATHENS, Greece - The Americans got a taste of what it was like in the good ol' days. They finally played an opponent they were able to beat easily, routing Angola 89-53 Monday in their final preliminary game of the Olympic men's basketball tournament...",World,Sports
"Westwood up for challenge The course is a back-breaking 7,800 yards long off the tips, the rough is up, it #39;s 100F out there, the greens are fast and firm and refusing to hold, and yesterday there was a tricky wind to contend with.",Sports,Business
"Echoes Repeats Success Don't junk that GameCube: Metroid Prime 2 provides gorgeous atmosphere, a sweet score and fun gameplay to create a winner. By Chris Kohler.",Sci/Tech,World
"DreamWorks, Pixar rule digital animation DreamWorks and Pixar both make cutting-edge digital animated films. But behind the scenes, the two studios are about as different as Shrek and Mr.",Business,Sci/Tech
"Australian guilty of backpacker murder Australian Ian Previte has been found guilty by a Queensland jury of murdering 19-year-old British backpacker Caroline Stuttle in 2002, when he threw her from a bridge in a botched attempt to steal her handbag.",World,Sports
"An Unknown Giant Flexes Its Muscles Although virtually unknown in the U.S., Lenovo - in talks to buy I.B.M.'s personal computer business - is China's largest PC maker and the world's fastest growing one.",Sci/Tech,Business
Third Month of Slow Sales for Retailers The August start of the back-to-school shopping season was a disappointment for major retailers.,Business,Sports
Skyboxes May Reach A Limit Verizon Communications Inc. would seem to be a prime candidate to snap up a luxury suite at the \$440 million ballpark being planned for Washington's Major League Baseball team.,Business,Sports
"Attacks disrupt some credit card transactions Flood of data interrupts Authorize.net's credit card processing for Internet merchants, leaving the company scrambling.",Sci/Tech,Business
Woman drops sexual assault suit vs. Colorado One of the three women suing the University of Colorado for what they said was the school #39;s failure to protect them against sexual assault by football players has dropped her federal lawsuit.,Sports,World
This week in game news They risked hypothermia and fought off the effects of sleep deprivation so they could be among the first to achieve their quest in the wee hours of the morning.,Sci/Tech,Sports
"Boeing casts eyes on live TV over Connexion service The Boeing Co. is planning to add live television to its Connexion by Boeing service during 2005, a company executive said in a recent interview.",Sci/Tech,Business
Monsanto Says Justice Dept Closes Inquiry NEW YORK (Reuters) - Monsanto Co. MON.N on Wednesday said the U.S. Justice Department has closed an inquiry into potential antitrust issues regarding a key ingredient used in its Roundup herbicide.,Business,Sci/Tech
Surviving Biotech's Downturns Charly Travers offers advice on withstanding the volatility of the biotech sector.,Business,Sci/Tech
How to take the perfect penalty A sports psychologist says how footballers should prepare themselves for the high-pressure penalties.,Sci/Tech,Sports
Erdogan Believes European Council #39;s Decision Will Be A Milestone PARIS - Turkish PM Recep Tayyip Erdogan expressed belief on Thursday that the decision that the European Council would make on December 17th (on whether and when to open negotiations with Turkey) would be a milestone for not only Turkey-(EU) relations,Business,World
This week in merger news This week saw three merger deals worth about \$60 billion--including one that ranks as the largest software merger in history.,Sci/Tech,Business
Finnish Watchdog Raps TV Game Operators (Reuters) Reuters - Finland's consumer watchdog said on\Monday it had reprimanded broadcasters for causing children to\run up huge mobile phone bills with interactive television game\and chat programs.,World,Business
"When outsourcing, don't forget security, experts say When outsourcing IT operations offshore, companies often focus on lower costs and more productivity -- and fail to keep in mind the cultural differences that could affect their security, said experts at the Gartner IT Security Summit.",Sci/Tech,World
"China at G-7 Meeting for First Time China made its debut last night in the club of the world's leading economic powers, asinternational pressure mounts to change a decade-old currency peg that critics accuse of giving Chinese products an unfair competitive edge.",Business,Sports
"Don #39;t expect Tiger to relinquish his top ranking without a fight They #39;re calling Ohio a quot;battleground state, quot; one of the two or three places likely to decide November #39;s presidential election. On local TV, the Bush and Kerry ads air so frequently that it #39;s easy to forget it #39;s Bob Costas who actually runs the country.",Sports,World
"Coping With the Common Cold By Karen Pallarito, HealthDay Reporter HealthDayNews -- Determined this cold season to nip your sneezing, runny nose and scratchy throat in the bud before those nasty respiratory symptoms sideline you? There's a broad array of cold remedies you might want to try, ranging from over-the-counter preparations to basic ingredients tucked away in your kitchen pantry. So what'll it be? A combination pain reliever and nasal decongestant? Vitamin C and echinacea? Tea with honey? A brimming bowl of chicken soup? It turns out the best advice for dealing with the misery of a cold is the same principle mothers often apply when trying to coax their unruly toddlers to take a nap: Whatever works...",Sci/Tech,Sports
"What they said about ... ... Cherie Blair Cherie Blair cast aside her treasured privacy this week, touring newspapers offices and television studios to promote The Goldfish Bowl, her new book, which focuses on Downing Street spouses.",World,Sci/Tech
"Toshiba claims Hollywood backing in war for next DVD standard (AFP) AFP - Toshiba said four major Hollywood studios had thrown their crucial weight behind High Definition DVD (HD-DVD), one of two disc formats contending to be the standard in next-generation DVDs.",World,Sci/Tech
Google creators in share sell-off Google founders Larry Page and Sergey Brin have announced plans to sell millions of shares in the web search company they launched in 1998.,Business,Sci/Tech
"Mom Hugs 'Miracle' Baby After Ovarian Transplant (Reuters) Reuters - Ouarda Touirat, her day-old baby\daughter nestling in her arms, said Friday she had never lost\hope that she could conceive after cancer treatment left her\infertile.",Sci/Tech,World
SEC's Gaston Admits Official Missed Call (AP) AP - The Southeastern Conference's supervisor of officials said an LSU player should have been called for pass interference on a pivotal interception against Alabama.,Sports,Sci/Tech
"Mass. franchisees hit Shell in lawsuit Four years after filing suit against the Royal Dutch/Shell Group of Cos., Shell service station owners in Massachusetts went before a US District Court judge in Boston yesterday, charging that Shell took several measures in the late 1990s to drive them out of business.",Business,Sci/Tech
Govt. to Test New Air Passenger Screening Program The US government unveiled plans on Thursday for a revised computer-based program using personal information to identify airline passengers who may pose a threat to air travel.,Sci/Tech,Business
Soweto township marks centenary South Africa's historic Soweto township marks its 100th birthday on Tuesday in a mood of optimism.,World,Sports
"COLUMN: Many Struggle to Comply with Sarbanes Rules A flurry of companies may miss the deadline to comply with new regulations brought in after the corporate scandals of 2002, but the key for investors will be to judge how serious the underlying problems really are.",Business,Sci/Tech
"Walking link to low dementia risk Walking may protect the elderly from developing dementia, research suggests.",World,Sci/Tech
Officials to be quizzed in Aragones row Spanish Football Federation president Angel Maria Villar will appear before the National Anti-Violence Commission tomorrow to explain why he has defended Spain coach Luis Aragones.,Sports,World
Football: Spanish FA apologises The Spanish FA apologises to its English counterparts following racist chanting.,World,Sports
"Today's schedule College hockey: MEN -- Stonehill at UMass-Dartmouth, 7:30 p.m.; Franklin Pierce at Assumption, 7:30 p.m.; WOMEN -- Sacred Heart at Holy Cross, 7 p.m.",Sports,World
"Witnesses to Confront Cali Cartel Kingpin Thirteen years into their probe, U.S. investigators have assembled a team of smugglers, accountants and associates to testify against Colombian cartel kingpin Gilberto Rodriguez Orejuela.",World,Sports
"Intel to delay product aimed for high-definition TVs SAN FRANCISCO -- In the latest of a series of product delays, Intel Corp. has postponed the launch of a video display chip it had previously planned to introduce by year end, putting off a showdown with Texas Instruments Inc. in the fast-growing market for high-definition television displays.",Business,Sci/Tech
"Local group joins suit to de-list endangered species Bob Briggs wifes family has owned about 1,000 acres of redwood forest off Waddell Creek since 1913. He doesnt clearcut, and logs about once a decade.",Business,World
"Spears' Fiance to Star in Her New Video NEW YORK - Britney Spears' former backup dancer and current fiance Kevin Federline can add another title to his resume: co-star. On Wednesday, a Jive Records publicist confirmed Federline is featured in Spears' upcoming ""My Prerogative"" video, set to debut in mid-September...",World,Business
"Sun Reports Smaller Loss and Calls It a Turnaround As it struggled to increase sales and cut costs, Sun Microsystems managed to reduce its net loss in the first quarter to \$174 million.",Sci/Tech,Business
US football: Patriots' historic win New England win a record-tying 18th straight game - plus an NFL round-up.,World,Sports
"Teenager Charged With Creating Sasser Informants, seeking a reward from Microsoft, led police to the German student.",Sci/Tech,World
"Peoplesoft Revenues To Beat Expectations (NewsFactor) NewsFactor - PeopleSoft (Nasdaq: PSFT) said on Monday that quarterly revenues would beat Wall Street's expectations, due to an increase in the number of customers making large orders for its enterprise-application software.",Sci/Tech,Business
"SKorea's Hyundai Motor to join strike against labor reform bill (AFP) AFP - Workers at South Korea's largest automaker Hyundai Motor will go on strike Friday to oppose proposed government labor reform legislaton, union leaders said.",World,Business
JFK killing fades in intensity WASHINGTON: The 41st anniversary of President John F Kennedy #39;s assassination passed on November 22 - a lot more quietly than earlier ones.,Sci/Tech,World
Republican Convention Light on Stars (AP) AP - The Republicans will have one sure Hollywood star for their convention #151; California Gov. Arnold Schwarzenegger #151; along with performers to keep the country music fans happy. But they'll be hard-pressed to match the Democratic convention's appeal to young voters led by Ben Affleck.,World,Sci/Tech
"Telekom Austria taps the Bulgarian market Telekom Austria, Austrias largest telecoms operator, obtained access to the relatively underdeveloped East European mobile services market by winning the right to purchase the Bulgarian mobile operator MobilTel for 1.6billion (\$2.12billion).",Business,Sci/Tech
"SpaceShipOne Rolls Toward Victory MOJAVE, California -- A Southern California aerospace team took a big step toward capturing the \$10 million Ansari X Prize Wednesday, but not without surviving a scary moment when the pilot found himself in a rapid spin as he roared across the threshold",Sci/Tech,Sports
"Unknown Nesterenko Makes World Headlines (Reuters) Reuters - Belarus' Yuliya Nesterenko won the top\women's athletics gold medal at the Olympics on Saturday,\triumphing over a field stripped of many big names because of\doping woes to win the 100 meters.",World,Sports
"FCC Proposes \$1.2M Indecency Fine for Fox WASHINGTON - Federal regulators proposed a record indecency fine of nearly \$1.2 million Tuesday against Fox Broadcasting Co. for an episode of its reality series ""Married by America"" that included graphic scenes from bachelor and bachelorette parties...",World,Sci/Tech
"Beijing gears up for 2008 Although the Beijing Olympics is still four years away, the Chinese capital is already gearing up to host the event. The city of over 12 million is refurbishing ancient landmarks in",Sports,Business
"On Google's Horizon ... Microsoft (washingtonpost.com) washingtonpost.com - Careful followers of search-engine giant Google surely took note this morning of reports that the company is reiterating an earlier warning that its future growth could fall below expectations. As the BBC News reported, the company ""has warned that fiercer competition is set to hit sales growth. The firm, which had a successful share flotation earlier this year, said its rate of growth from the second quarter to the third may not be sustainable.""",Sci/Tech,Business
"IMF to Close Harare Office THE International Monetary Fund (IMF) is closing down its Harare representative office at the end of this month, virtually terminating threadbare relations with the crisis-racked southern African nation.",Business,World
SAY NEIGHBORS #39; WEAPONS LEAVE THEM VULNERABLE Electrical engineering student Roozbeh Rahimi reflects a common sentiment among Iranians when he expresses hope that this famous tourist city will gain fame soon for its nuclear technology.,World,Sci/Tech
"No Chance of Chiron Vaccine, U.S. Says WASHINGTON (Reuters) - None of Chiron Corp.'s flu vaccine made at a British plant is safe, which means the U.S. flu vaccine supply will be half of what was expected, U.S. health officials said on Friday.",Business,World
Lazarus-like virus hits computers A new computer virus is catching people out by coming back from the dead.,Business,Sci/Tech
Time to look overseas for a healthier 401(k) I change the mutual funds in my 401(k) plan about as often as the Red Sox win the World Series.,Business,Sports
"Metropolitan Life Mandates Banks For Sterling Bond LONDON (Dow Jones)--Metropolitan Life Global Funding has mandated HSBC, Deutsche Bank and Royal Bank of Scotland to lead-manage its forthcoming sterling-denominated bond issue, one of the lead managers said Thursday.",Business,Sci/Tech
"Travelocity Says Speed Is the Ticket For Growth Sam Gilliand, the chief executive of Travelocity, talks about the online travel industry, the Cendant-Orbitz merger and the woes of the airline industry.",Sci/Tech,Business
"Dow Jones Agrees to Buy MarketWatch in \$519 Million Deal Dow Jones Company, the publisher of The Wall Street Journal, has agreed to buy MarketWatch, the parent company of the financial news Web site CBS MarketWatch, for approximately \$519 million, the companies said today.",World,Business
"Holiday Stamps to Be Issued in Oct. (AP) AP - Holiday postage stamps celebrating Christmas, Hanukkah and Kwanzaa will be issued next month, the U.S. Postal Service announced Monday.",World,Sci/Tech
"German investor confidence slumped in September BERLIN - German investor confidence dropped sharply in September, a key economic indicator released Tuesday showed amid concerns about the impact of high oil prices on consumer demand and the outlook for the global economy.",World,Business
Tough to predict a hurricane landfall this season #39;s busy season of landfalling Atlantic hurricanes has seen a few less-than-perfect calls by tropical,Sci/Tech,Sports
'Money woes' foiled Beagle 2 shot A report into the loss of British Mars probe Beagle 2 blames the UK government's failure to commit funds early.,Sci/Tech,Business
"United without key pair Keane was not with the squad flying out to the Czech capital after contracting a virus and Ferdinand, who would almost certainly have skippered United in the Irishmans absence, was due to attend his grandmothers funeral.",Sports,World
"Robson is back with a swipe at his critics Bryan Robson ended a three and a half year exile from Premiership management by returning to the Hawthorns, where he first excelled as a player more than 20 years ago.",Sports,Sci/Tech
IP Proposal Ameren is offering some union workers at Illinois Power the chance to walk away from new management. The Saint Louis based utility company announced a voluntary separation opportunity for certain Ameren IP employees.,Business,Sci/Tech
"Avis blames IT for multimillion-dollar loss The car rental company takes a major hit because of problems with IT, including high costs associated with an ERP project.",Sci/Tech,Business
"CA to buy Netegrity for \$430 million com October 6, 2004, 7:36 AM PT. This fourth priority #39;s main focus has been improving or obtaining CRM and ERP software for the past year and a half.",Business,Sci/Tech
"Ken Caminiti, 1996 NL MVP, Dies at Age 41 NEW YORK - Ken Caminiti, the 1996 National League MVP who later admitted using steroids during his major league career, died Sunday. He was 41...",World,Sports
OPM Delving Deeper Into Employees #39; Backgrounds which sets hiring and employment standards for the government -- is reviewing its employees to ensure that they are suitable for jobs involving the quot;public trust.,Sci/Tech,Business
"PeopleSoft CEO Conway maintains defiant tone SEPTEMBER 21, 2004 (IDG NEWS SERVICE) - With 15,000 attendees at PeopleSoft Inc. #39;s Connect 2004 user show waiting to hear how the company would handle Oracle Corp.",Business,Sci/Tech
"Residents Protest Nation #39;s First Hydrogen Refueling Station Two dozen protesters greeted Mayor Tony Williams and top executives of Shell, who came to open North America #39;s first hydrogen refueling station.",Business,World
"Nigerian oil flows despite rebel threat-companies Oil should continue to flow from Nigeria, the world #39;s seventh largest exporter, despite a rebel threat to attack foreign oil workers in an quot;all-out war quot; due to start on Friday, multinational energy companies said.",World,Business
"'Sherlock' Is Bicycling Across Australia PERTH, Australia - A former British soccer player raising money for a leukemia charity set off Wednesday on a coast-to-coast ride across Australia on a Victorian-era bicycle that is older than the country. Leukemia survivor Lloyd Scott dressed up as fictional British supersleuth Sherlock Holmes, complete with tweed coat, deerstalker hat and a fake mustache for the 2,700-mile trip from Perth to Sydney...",World,Sports
"US economic growth slips to 2.8 Annual US economic growth fell to 2.8 in the second quarter of 2004, marking a slowdown from the 3 estimated a month ago.",World,Business
TiVo loss widens SAN FRANCISCO (CBS.MW) - TiVo said its second-quarter loss widened from a year earlier on higher customer acquisition costs. Free!,Sci/Tech,Business
"Australia, US seal free trade agreement (AFP) AFP - Australia and the United States sealed a free trade agreement to start January 1, 2005 after clearing last-minute obstacles.",World,Business
Federal CISOs Rank Patch Management As Biggest Obstacle Survey by Intelligent Decisions indicates that patch management leaves less time for chief information security officers to work on improving overall security.,Business,Sci/Tech
"Black Market in British Treasure Sold on EBay (Reuters) Reuters - Pieces of Britain's past, including a\second-century silver ring and a 500-year-old Tudor trade\weight, are among artifacts being peddled daily on the Internet\to the alarm of experts at the British Museum.",World,Sci/Tech
"\$210M Fine In AOL Probe WASHINGTON (CBS) America Online has agreed to pay a \$210 million fine to settle a Justice Department investigation of securities fraud, a department official tells CBS News.",Business,Sci/Tech
"Avaya to buy German IP telephony vendor U.S. telecommunications equipment maker Avaya Inc. increased its presence in Europe to the tune of about \$635 million on Tuesday, agreeing to acquire German enterprise communications vendor Tenovis GmbH Co. KG.",Sci/Tech,Business
"Wiretapping on the Net: Who pays? NEW YORK At first glance, it might seem like the simple extension of a standard tool in the fight against the bad guys. But in fact, wiretapping Internet phones to monitor criminals and terrorists is costly",Sci/Tech,Business
"Genome mapped of CO2-absorbing algae US scientists have charted the genetic map of a microscopic algae that absorbs huge amounts of greenhouse gases. quot;These organisms are incredibly important in the global carbon cycle, quot; said Virginia Armbrust",Sci/Tech,World
F1 BOSS LOSES COURT CASE Formula One boss Bernie Ecclestones control over the sport may be on the decline after a court ruled against him in a dispute with three banks.,Sports,Business
"Young People Practicing Unhealthy Habits They show greatest increase in smoking, obesity and poor eating, study says HealthDayNews -- Smoking, obesity and poor eating habits increased among young people in the United States in the 1990s, a trend that may lead to higher future rates of cancer, heart disease, diabetes and lung disease as that generation ages. That warning comes from a study in the September/October issue of the American Journal of Health Promotion...",Sci/Tech,World
"EU Head Office Trims 2005 Growth Forecast (AP) AP - The European Union's head office issued a bleak economic report Tuesday, warning that the sharp rise in oil prices will ""take its toll"" on economic growth next year while the euro's renewed climb could threaten crucial exports.",World,Business
"'Cure' a 4-Letter Word for Cancer Doctors At a time when more people are cured of cancer than ever before, fewer doctors seem willing to say so. They call the cancer undetectable, or in remission. They tell patients they can quit seeing cancer specialists. They quote statistics and say chances are slim that the disease will come back.",Sci/Tech,World
"Chicago to Hold EBay Auction to Raise Money for Cultural Programs City officials hope there are people willing to pay plenty of money to own a vintage Playboy Bunny costume, toss green dye into the Chicago River or throw a dinner party prepared by Oprah Winfrey's chef.",Sci/Tech,World
"Stocks to Open Up As Election Day Starts Dow Jones futures rose 37 points recently, while Nasdaq futures climbed 6 points and Standard amp; Poor #39;s futures edged up 3.60 points.",Business,Sports
"Why 2004 was the year of the blog A US dictionary publisher declares ""blog"" as one of the words of the year.",World,Sports
"E.U. Regulators Approve Oracle's PeopleSoft Bid European Union antitrust regulators on Tuesday cleared Oracle Corp.'s hostile \$7.7 billion bid for rival business software maker PeopleSoft Inc., removing one of the last major hurdles to the contested takeover proposal.",Sci/Tech,Business
Greek weightlifter awaits verdict Greek weightlifter Leonidas Sampanis will find out on Sunday if he is to be stripped of his medal.,World,Sports
Chip and PC Stocks Mixed on Warnings Semiconductor stocks were mixed Tuesday after Advanced Micro Devices Inc. warned quarterly revenue would be lower than expected due to sluggish sales of flash memory chips used in mobile phones and other devices.,Business,Sci/Tech
Software Service Aims to Outfox Caller ID A new computerized service enables customers to create phony outbound phone numbers in order to mask their telephone identities.,Business,Sci/Tech
"34 tech firms sued for alleged LCD patent theft Honeywell has issued lawsuits against 34 companies, including Dell, Apple, Sony and Toshiba alleging LCD panels used in their products infringe a 1992 patent the company holds.",Business,Sci/Tech
Judge declines to dismiss BALCO case A federal judge said Wednesday that she would not immediately dismiss charges against four men accused of distributing steroids to top athletes.,Sports,Business
"Stocks Edge Higher As Oil Prices Retreat NEW YORK - A sharp drop in oil prices gave Wall Street a modest relief rally Monday, with stocks edging higher on news that oil production had soared during the month of September. Investors who have sold stocks for months as oil prices climbed reversed course Monday and started buying as the price of crude declined...",World,Business
"Science ; As ice thaws, arctic peoples at loss for words Science News, Iceland, What are the words used by indigenous peoples in the Arctic for quot;hornet, quot; quot;robin, quot; quot;elk, quot; quot;barn owl quot; or quot;salmon?",Sci/Tech,Sports
Bryant Makes First Appearance at Trial (AP) AP - NBA star Kobe Bryant arrived at his sexual assault trial Monday as attorneys in the case who spent the weekend poring over questionnaires prepared to question potential jurors individually.,Sci/Tech,Sports
"Hasbro's No Conehead Its Saturday Night Live version of ""Trivial Pursuit"" is good strategy for staying ahead of age compression.",Business,Sports
"Verizon Wireless Buys NextWave Licenses (NewsFactor) NewsFactor - Verizon Wireless is adding to its considerable spectrum holdings with the proposed acquisition of airwaves owned by NextWave Telecom. Under terms of the agreement, Verizon will pay US #36;3 billion for NextWave's PCS spectrum licenses in 23 U.S. markets.",Sci/Tech,Business
"Ivan Roars Into Gulf of Mexico Hurricane Ivan skirted the western tip of Cuba on Monday and arced into the Gulf of Mexico with sustained winds of 160 mph, bearing down toward landfall on the U.S. Gulf Coast later this week.",World,Business
"Terms of Endearment Seems that the Bush administration, unlike previous White Houses, is not necessarily averse to allowing its ambassadors to have second tours. For example, word is that John Thomas ""Tom "" Schieffer , the Texas oilman who brought President Bush into the Texas Rangers baseball club partnership and who is now ambassador to Australia, is to hang out in the Pacific a while longer, this time as ambassador to Japan.",World,Sports
"MetroPCS obtains Cingular air com November 29, 2004, 8:33 AM PT. Wired amp; Wireless continues its reign as the top IT priority among IT managers due to widespread IP telephony deployment and other network infrastructure upgrades.",Business,Sci/Tech
"Justices to debate mail-order wine Being freelance wine critics may sound like a sweet gig, but Ray and Eleanor Heald have soured on it. Because their home state, Michigan, blocks direct shipments from out-of-state",Business,Sci/Tech
"Diesels, Hybrids Fated to Wed Two leading technologies used in fuel-efficient vehicles seem destined to unite. Industry experts say joining hybrid motors with diesel engines would result in the greenest mainstream vehicles ever, and the initial tests are promising.",Business,Sci/Tech
"Racing in an Evening Gown (Forbes.com) Forbes.com - Not every driver was dressed formally for the start of this year's Bullrun, a road rally that begins in London, at the Marble Arch, and ends three days later in Ibiza, Spain. Yet as drivers thrummed their engines nervously on the afternoon of Sept. 23, waiting for the checkered flag, a quick inspection of the field revealed one entrant clad in an Oxford shirt and gray pinstripe blazer, another sporting a tuxedo, and a third--me--wearing a red couture Matthew Earnest gown.",Business,Sports
"Lexmark Loss Good for Consumers Lexmark's loss in court on Tuesday may mean that consumer electronics companies won't try to use the Digital Millenium Copyright Act as an all-purpose competition shield anymore, consumer advocates say. By Katie Dean.",Business,Sci/Tech
"Martha Stewart reports to jail to begin sentence the time she had to report to the country #39;s oldest federal prison for women. service of her sentence, quot; a Federal Bureau of Prisons statement said.",Business,World
"UK Bankers Begin Extradition Hearing on Enron-Related Charges Three British bankers will today begin fighting extradition to the US on fraud charges related to Enron Corp., the first test of new British extradition laws.",Business,Sci/Tech
Md. Board Meeting Worries Democrats Republican-dominated election board met behind closed doors in deliberations that Democrats feared were aimed at ousting Elections Administrator Linda H. Lamone.\-The Washington Post,Sci/Tech,World
"Schrder adopts Russian orphan Three-year-old Victoria, from St Petersburg, has been living at the Schrders #39; family home in Hanover in northern Germany for several weeks.",World,Sports
"Court Declines to Hear Gay Marriage Case (AP) AP - The Supreme Court on Monday sidestepped a dispute over gay marriages, rejecting a challenge to the nation's only law sanctioning such unions.",World,Business
AOL Files Lawsuit Against IM #39;Spim #39; America Online Inc. said Thursday it had filed a federal lawsuit accusing numerous unnamed defendants of violating federal and state laws by sending bulk messages known as quot;spim quot; to instant message accounts and Internet chat rooms.,Business,Sci/Tech
"Update 1: Negotiators Meet at WTO for Farm Talks Negotiators met Friday at the World Trade Organization for formal farm talks, capping a weeklong series of informal discussions on ways to reach a wider-ranging liberalization accord by the end of 2005.",Business,Sports
"Oil Prices, Earnings Send Stocks Lower NEW YORK - Investors sent stocks lower Tuesday as oil prices crossed another milestone, \$54 per barrel. Earnings reports from heavyweights Johnson Johnson and Merrill Lynch Co...",World,Business
"The radical Islamic cleric was deported from Germany late Tuesday ... Turkish officials were doing what was necessary in regard to the return of Metin Kaplan, who was deported by Germany on Tuesday after a Cologne court ruled he could be extradited, Erdogan told reporters.",World,Sports
"Stern Blasts FCC at Satellite Promotion #39;Down With the FCC! #39; Howard Stern Says at New York Rally to Promote Switch to Satellite Radio. Radio host Howard Stern, below center, waits as thousands of his fans line up to receive a free Sirius radio from him in Union Square in New York Thursday, Nov.",Business,Sports
"Taking Advantage of the Terminally Stupid Would you pay \$4 for something that, at best, is worth a dime? Concord Communications shareholders would.",Business,Sci/Tech
"Creators of private spaceship announce plans for second launch ... The creators of a private rocket plane will go ahead with plans for another launch next week in a quest to claim a multimillion-dollar prize, despite a harrowing flight in which the spacecraft rolled dramatically while hurtling toward",Sci/Tech,Business
"Eleusis wins Long Island #39;cap; Personal Legend wins Turnback the ... Eleusis made a successful US debut by beating Literacy by 2\\ lengths in Aqueduct #39;s Saturday feature, the Grade II, \$150,000 Long Island Handicap for fillies and mares 3 and older.",Sports,Sci/Tech
"Florida #39;s prepaid tuition program thriving Already the biggest of its kind in the country, Florida #39;s popular prepaid-tuition program expects to count its millionth customer during a sign-up period that runs Monday through Jan. 31.",Business,World
"Changes to Nigeria union bill The Nigerian senate passes a bill to curb the power of the trade unions, but amends the no-strike clause.",World,Business
"Senate Resolves Corporate Tax Bill Delay WASHINGTON - The Senate late Sunday resolved a dispute delaying passage of a sweeping corporate tax bill and two spending bills for disaster relief and homeland security, clearing the way for senators to adjourn Monday to hit the campaign trail. The agreement removed parliamentary roadblocks thrown up by Sen...",World,Business
"Video Shows March Madrid Bombing A ball of fire erupts from a train car, smothering commuters with smoke and littering the platform with bodies and staining it with blood in a chilling security-camera videotape of the March 11 train bombings broadcast Tuesday by a Spanish station.",World,Sci/Tech
"Five Times for the Fed Plus, Intel's still straining, revenge of the nerds, and a \$13 billion Christmas present?",Business,Sci/Tech
"IBM Claims Its BlueGene Supercomputer Is the Fastest IBM Corp. on Wednesday said it has developed the world #39;s fastest computer - a 16,000-processor version of its BlueGene/L supercomputer.",Business,Sci/Tech
"Japan to Protest to China Over Intruder Submarine TOKYO (Reuters) - Japan will protest to China after concluding that a nuclear-powered submarine that intruded into its waters this week belonged to the Chinese navy, top government spokesman Hiroyuki Hosoda said on Friday.",World,Business
Hurricane Frances Nears NE Caribbean (AP) AP - Hurricane Frances strengthened as it churned near islands of the northeastern Caribbean with ferocious winds expected to graze Puerto Rico on Tuesday before the storm plows on toward the Bahamas and the southeastern United States.,World,Sci/Tech
"South Korea to Pick Country's First 2 Astronauts (Reuters) Reuters - South Korea will pick its first two\astronauts next year for a space trip by 2007, the science\ministry said Sunday, after Russia agreed to help the country's\space program.",Sci/Tech,World
Google Stock Slips as New Shares Hit Market Google Inc. stock dropped more than 6 percent Tuesday as tens of millions of new shares held by early investors and employees of the search engine giant became available for sale for the first time..-The Washington Post,Sci/Tech,Business
Judge Declines to Dismiss Steroid Case (AP) AP - A judge declined to dismiss charges against four men accused of distributing steroids to top athletes amid accusations that prosecutors illegally searched a nutritional supplement lab and the house and car of Barry Bonds' trainer.,Sports,World
Prosecutors Say Ebbers Lied to Obtain Loans Court documents show federal prosecutors have told lawyers for former WorldCom Inc. chief executive Bernard J. Ebbers that they plan to argue he lied about the telecommunications giant's financial condition in order to get personal loans. -The Washington Post,Sci/Tech,Business
Sun settles Kodak patent suit Sun Microsystems says it will pay Kodak \$92 million to settle a high-profile patent suit involving Sun #39;s Java programming technology.,Business,Sci/Tech
"Ellison: Data Hubs Could #39;ve Prevented 9/11 SAN FRANCISCO -- Oracle CEO Larry Ellison is convinced that had the intelligence community used a unified database from Oracle, the terrorist attacks on 9/11 would never have happened.",Business,Sci/Tech
"New \$50 bill designed to counter counterfeits WASHINGTON - The green is still there, but with touches of blue, red and yellow. A stylized image of the Stars and Stripes now waves in the background.",Business,Sci/Tech
"Travel Column: Australia Through Aboriginal Eyes This week's TravelWatch column profiles Anangu Tours, an Aborigine-owned tour company in Australia's Red Center.",Sci/Tech,Sports
"Rivals Try to Turn Tables on Charles Schwab By MICHAEL LIEDTKE SAN FRANCISCO (AP) -- With its low prices and iconoclastic attitude, discount stock broker Charles Schwab Corp. (SCH) represented an annoying stone in Wall Street's wing-tipped shoes for decades...",Sci/Tech,Business
"O's Still Fishing With big fish like Richie Sexson still looking for work and prizes like Tim Hudson being dangled in the market, the Orioles remain hopeful that they can bag a big catch.",Sports,Sci/Tech
"Chinese skaters crowned at Smart Ones Skate America Chinese duo Zhang Dan and Zhang Hao have clinched the first spot in pairs free skating at Smart Ones Skate America, the first station of the 04-05 ISU Grand Prix.",Sports,Sci/Tech
"Gateway Reports Smaller Quarterly Loss Gateway Inc. reported a narrowed net loss in the first quarter as it continues to restructure its operations and integrate its acquisition of eMachines. Still, the personal computer and electronics company posted a tiny operating profit -- its first in nearly three years.",Sci/Tech,Business
"Japan should outsource more The Japanese information services industry clocked up sales of 13,703.9 billion yen in fiscal 2001, according to a report on selected service industries for 2001 released by the Ministry of Economy, Trade and Industry (METI).",World,Business
"Two Michigan State receivers arrested on bomb-making charges Two Michigan State football players have been charged with planting homemade bombs outside apartments. Terry Love and Irving Campbell, both 19-year-old redshirt freshmen wide receivers",Sports,World
"\$78,000 for a Cane That Helped a Legend Walk the Line Many of Johnny Cash's possessions were sold at Sotheby's, collecting \$3,984,260 for the Cash family, more than double the pre-auction estimate.",World,Sci/Tech
Welcome to Alderson Homemaking guru Martha Stewart slipped into the federal prison camp here in the dark morning hours to start her five-month sentence.,Business,World
"China, Argentina sign 5 cooperation documents China and Argentina signed five agreements in Buenos Aires Tuesday that will allow them to expand cooperation in the areas of trade, space, education, tourism and railways.",Business,Sci/Tech
IDC: Software sales to hit \$189 billion The market researcher has predicted a 6.2 percent increase in software revenues during 2004.,Sci/Tech,Business
"Return of Relics to Rekindle Catholic-Orthodox Dialogue VATICAN CITY, NOV. 25, 2004 (Zenit.org).- Theological dialogue between the Orthodox and Catholic Churches is expected to resume after the relics of Sts.",World,Sports
"Drivers set for mad dash at Richmond The grip on the steering wheel will be a little tighter, aggressions will run a little higher and emotions will be flowing stronger than ever.",Sports,Business
"More Evidence for Past Water on Mars Summary - (Aug 22, 2004) NASA #39;s Spirit rover has dug up plenty of evidence on slopes of quot;Columbia Hills quot; that water once covered the area.",Sci/Tech,Sports
"Woods, Mickelson form dynamic US duo For three days, it had been about dinners, galas, black-tie affairs, and enough social engagements to please Paris Hilton.",Sports,World
"Sales of industrial robots surging: UN report Geneva - Worldwide sales of industrial robots surged to record levels in the first half of 2004 after equipment prices fell while labour costs grew, the United Nations Economic Commission for Europe said in a report to be released today.",Sci/Tech,Business
The Hunt for a Hybrid The Aug. 23 front-page article on the Toyota Prius vs. the Honda Civic implied that the main reason people prefer the Prius was its quot;geek-chic look quot; and the image buyers want.,Business,World
"(B)old new frontiers Northrop Grumman Corp. and Boeing Co. yesterday announced plans to team up to design a vehicle to take astronauts back to the moon and even beyond, but they #39;ve got to make one stop first",Business,Sci/Tech
"Latham stands by Bali claims candidate Federal Labor leader Mark Latham has ruled out disendorsing Queensland Labor candidate Ivan Molloy, over comments about the Bali bombings.",World,Business
"Sony looks under the Christmas tree Americans will go gadget shopping this holiday season even if oil prices go up, Sony execs say.",Sci/Tech,Business
BOND REPORT CHICAGO (CBS.MW) - Treasurys remained solidly lower Wednesday in the wake of election results that had President Bush ahead of Democratic challenger John Kerry.,Business,World
"Atomic Power Station Halted in Russia, No Radiation MOSCOW (Reuters) - One reactor at a Russian nuclear power station was closed down after a malfunction, but there was no leak of radiation at the site near the city of Saratov on the Volga river, Russian news agencies reported on Friday.",World,Sci/Tech
AOL's Viral Marketing America Online will now provide gratis antivirus protection to its subscribers.,Business,Sci/Tech
"Nortel to file restated results next year Nortel Networks said today that after months of trying to untangle faulty financial results, it won't file its 2003 and first-half 2004 results until early next year.",Sci/Tech,Sports
"India desperate for jobs, infrastructure despite economic boom (AFP) AFP - Despite India's economic boom in software and outsourcing services, economists have warned the government needs more reforms to create jobs in manufacturing to cut poverty.",World,Business
"Nokia wins 115-million-dollar network deal from Brazil's Oi Celular (AFP) AFP - Nokia, the world's largest mobile phone maker, said it had received a 115-million-dollar (90-million-euro) order to expand Oi Celular's second-generation GSM network in Brazil.",Sci/Tech,Business
"Holidays disrupts launch plans for da Vinci rocket team KINDERSLEY, SASK. - A team from Ontario has delayed the launch of its private rocket until at least January. The da Vinci Project had planned to use a gigantic balloon to lift a rocket to 24 kilometres.",Sci/Tech,Sports
Redknapp and Mandaric clear the air Harry Redknapp maintained on Tuesday that he had nothing to hide from the transfer deals conducted at Portsmouth during his time as manager.,Sports,Business
Schooling 'mix up' hits Portugal Schools across Portugal turn away pupils because of a teachers' assignment mix up on the first day of classes.,World,Sci/Tech
"Senate panel opposes overtime rules A Senate committee voted yesterday to scuttle new rules that critics say would deny overtime pay to millions of workers, as Democrats won the latest round in their election-year bout with President Bush over the issue.",Business,World
"BearingPoint CFO Out; Error Found McLean technology consulting company BearingPoint Inc. said yesterday that its chief financial officer, Robert S. Falcone, would retire on Nov. 30.",Sci/Tech,Business
"Consumer Confidence Dips in September NEW YORK - Job worries helped push consumer confidence down in September for the second consecutive month, a New York-based private research group said Tuesday. The Consumer Confidence Index fell 1.9 points to 96.8 from a revised reading of 98.7 in August, according to The Conference Board...",World,Business
PeopleSoft revises third-quarter profit Oracle target adds \$2.6 million to bottom line after tax adjustment related to ex-CEO's severance package.,Sci/Tech,Business
"Business: Bush Administration Washington Post business columnist Steven Pearlstein will be online to discuss his latest column, which looks at the Bush administration's plans for Social Security and health care.",Business,World
"Henman Sails at the Swiss Indoors By Mark Ledsom BASEL (Reuters) - Britain's world number four Tim Henmanwon his opening match at the Swiss Indoors tennis tournamentwith little difficulty on Wednesday, beating Frenchman AntonyDupuis 6-3, 6-4.",World,Sports
EasyMobile launch set for March Denmark #39;s leading telecoms operator TDC says it will launch a low-budget mobile telephone operator dubbed quot;easyMobile quot; with mobile network operator T-Mobile in Britain in March 2005.,Business,Sci/Tech
Tokyo Stocks Higher at Late Morning (AP) AP - Tokyo stocks rose moderately Monday morning on bargain hunting following Friday's losses. The U.S. dollar was up against the Japanese yen.,World,Business
"Microsoft, EU Officials in Procedure Meeting Microsoft (Quote, Chart) and representatives of the European Union #39;s Competition Commission will sit down at the table together on Thursday, but it won #39;t be to eat.",Business,Sci/Tech
Earthquake 'redraws the map' The devastating earthquake that struck the Indian Ocean probably caused some islands to move by several metres.,Sci/Tech,World
"82 still missing in Chinese mine blast XINMI, China -- Desperate to know their loved ones' fates, grieving relatives scuffled with guards yesterday at the scene of China's worst mining accident this year as rescue workers pulled more bodies out of a mine shaft choked with poison gas.",World,Business
Nike teams with Sony on special GT4 offer A limited edition Gran Turismo bundle in Japan will come with a pair of Nike sneakers and T-shirt. TOKYO--Major running shoe and apparel manufacturer Nike is collaborating with Sony Computer Entertainment,Sci/Tech,Business
EU foreign ministers hope to break deadlock over ASEM summit The European Union said Friday it quot;hoped to reach a conclusion quot; at a meeting of foreign ministers on the participation of military-ruled Myanmar in an upcoming summit of Asian and European nations.,Business,World
Vonage Awash in Venture Capital VoIP (define) upstart Vonage has quickly amassed another \$105 million from venture capitalists and is looking to Latin America and Asia to accelerate an already torrid growth rate.,Sci/Tech,Business
"EU, US Talks on Aircraft Aid Grounded US and EU negotiators disagreed on Thursday about state aid for aircraft rivals Airbus and Boeing, winding up no closer on a sensitive issue that has gathered steam before the US presidential election.",Business,World
Florida Starts To Recover in the Wake of Hurricane Frances President Bush will travel to Florida Wednesday to survey damage from Hurricane Frances. He sent a letter to Congress asking for \$2 billion to help with recovery efforts.,Sci/Tech,Business
"Japanese Utility Plans IPO in October (AP) AP - Electric Power Development Co., a former state-run utility, said Friday it is planning an initial public offering on the Tokyo Stock Exchange in October, a deal that could be the country's biggest new stock listing in six years.",World,Business
"Japanese electronics giants in LCD joint venture Hitachi, Toshiba and Matsushita Electric have formed a joint venture to manufacture large liquid-crystal displays for flat-screen televisions, escalating competition for a piece of the digital living room.",Sci/Tech,Business
"London Times goes strictly tabloid After more than two centuries as a broadsheet newspaper, The Times of London has gone strictly tabloid. On Monday, The Times moved to a totally compact format after almost a year of dual publication.",Sci/Tech,Sports
"Virgin wishing for Melbourne Sir Richard said yesterday Melbourne was on his wish list, with flights to London possibly through Hong Kong or Bangkok. The British billionaire landed in Sydney yesterday aboard Virgin Atlantic #39;s inaugural Australian flight.",Business,World
"America West Backs Away From ATA Bid America West Airlines backed away Thursday from a potential bidding war for bankrupt ATA Airlines, paving the way for AirTran to take over ATA operations.",Business,World
"Jackson Squares Off With Prosecutor SANTA MARIA, Calif. - Fans of Michael Jackson erupted in cheers Monday as the pop star emerged from a double-decker tour bus and went into court for a showdown with the prosecutor who has pursued him for years on child molestation charges...",World,Sports
"Trustees worry on oversight A month after federal regulators adopted sweeping new rules for mutual fund oversight, fund trustees remain concerned about their ability to serve as watchdogs over fund managers and others who handle investor money, a new survey shows.",Business,Sci/Tech
"Glazer stake in Man Utd nears 30 US tycoon Malcolm Glazer lifts his stake in Manchester Utd to 28.11, one day after spending 17m on further share buys.",World,Sports
Our mobile margins will fall: Telstra TELSTRA chief financial officer John Stanhope has admitted Telstra #39;s margins in its \$4.5 billion a year mobile phone business will shrink this year in the face of increased price competition and the growing cost of acquiring new customers.,Sci/Tech,Business
"Groups Offers Beer for Blood Donations (AP) AP - Some in Michigan who roll up their sleeves to donate blood will get a racetrack T-shirt, hat and pin. Sponsors in San Diego have given away whale-watching trips. On Wednesday, the Cleveland Regional Transit Authority handed out vouchers for a pint of any beverage, including beer, in exchange for a pint of blood.",Sci/Tech,Sports
Amazon Leaves Jungle Business The company has no further expansion plans after buying a Chinese website. Also: Virgin joins quest for a better iPod hellip;. PeopleSoft makes promise that Oracle will live up to hellip;. and more.,Business,Sci/Tech
"Time Warner settles with DOJ, SEC for \$510 mil Time Warner Inc. on Wednesday settled criminal securities fraud charges the government leveled on its America Online unit, agreeing to pay \$210 million to end the Justice Department #39;s probe.",Business,Sci/Tech
MCNAMARA RECEIVES GOOD NEWS Celtic have been boosted by the news that Jackie McNamara should be back in action within six weeks. The Hoops skipper was clearly in agony when he was stretchered off during Tuesday nights 3-1 defeat at the hands of Barcelona.,Sports,Business
Philippine President Says Country Faces Fiscal Crisis Philippine president Gloria Arroyo warned that her country is in the midst of a fiscal crisis. A report by economists at the University of the Philippines said the country faces economic collapse,Business,World
"Setback for asbestos settlement at ABB ABB said it was aware of the ruling, but remained confident that a settlement would be reached. ABB is naturally surprised and disappointed at todays decision, but remains confident that it can resolve.",Business,World
"Future Doctors, Crossing Borders Students at the Mount Sinai School of Medicine learn that diet and culture shape health in East Harlem.",World,Sci/Tech
Level 3 Acquires Sprint #39;s Wholesale Dial-Up Internet Business Level 3 today announced that it has purchased Sprint #39;s wholesale dial-up Internet access business for \$34 million in cash. Sprint is one of the largest providers of wholesale dial-up service to ISPs in North America.,Business,Sci/Tech
"More buyers choose artificial Renee McDonald remembers the Christmas trees of her youth: spindly, fake and out of a box. They were hard to put up, and they just didn #39;t smell right.",Business,Sci/Tech
"Argentina Basketball Coach Magnano Quits Ruben Magnano, who coached Argentina to the Olympic basketball gold medal in Athens, resigned Thursday to accept a coaching job in Italy.",World,Sports
"US raids Net song swappers US agents have raided the homes of five people who allegedly traded hundreds of thousands of songs, movies and other copyrighted material over the Internet, Attorney General John Ashcroft says.",Sci/Tech,World
"Pixar Delays Its Next Film #39;Cars #39; to 2006 Pixar Animation Studios will delay the release of its next film, quot;Cars, quot; until June 2006 as it switches from a holiday release schedule to releasing films during the summer when more children are at home.",Business,Sports
"Family of JFK attacks Dallas death game A VIDEO games company from Scotland is causing outrage in America with a title called JFK Reloaded, which allows players to look through the crosshairs of Lee Harvey Oswalds rifle and assassinate the late US President.",Sci/Tech,Sports
"Dogs said to smell cancer signs LONDON -- It has long been suspected that man's best friend has a special ability to sense when something is wrong with us. Now, the first experiment to verify that scientifically has demonstrated that dogs are able to smell cancer.",World,Sci/Tech
"Opel to cut payroll by 9,500 Opel gets by without layoffs. Readers taking in these and similar headlines earlier this week were well advised to read the fine print.",Business,Sci/Tech
"Flying taxis - quot;within five years quot; British company Avcen, designers of quot;Jetpod quot; taxi, believe they can offer a flying taxi service within 5 years. The taxi, due to undergo quot;proof of concept quot; test flights over the next 18 months, cruises to 228m with speeds of up to 350 mph (563 kph).",Sci/Tech,Business
"Sports Court Hears Hamm Gold Medal Appeal LAUSANNE, Switzerland - Paul Hamm appeared before the sports world's highest court Monday to argue why he should he keep his Olympic gymnastics gold medal. The Court of Arbitration for Sport convened to hear the appeal from a South Korean gymnast who believes he was unfairly deprived of the gold in the men's all-around event in Athens last month because of a scoring error...",World,Sports
'Cities in crisis' leaders warn World leaders warn that rapid urbanisation will become one of the biggest challenges of the 21st Century.,Sci/Tech,World
"Union leaders held under ESMA on Day 6 of strike New Delhi, August 26: The sixth day of the truckers strike on Thursday saw 12 more truckers being arrested under the Essential Services Maintenance Act (ESMA)in the Capital.",Business,World
"Ciena Posts a Loss, Forecasts Flat Sales By Deborah Cohen CHICAGO (Reuters) - Telecommunications equipment makerCiena Corp. on Thursday reported a wider loss for thefiscal third quarter due to slack demand and forecast sales inthe current quarter would be little changed from the thirdquarter.",Sci/Tech,Business
"Poor? Who #39;s poor? Poverty is down The proportion of people living on less than \$1 a day decreased from 40 to 21 per cent of the global population between 1981 and 2001, says the World Bank #39;s latest annual report.",World,Business
"MedImmune CEO Talks Finance and Science David Mott, a Dartmouth-educated Wall Street investment banker, is increasingly leveraging his reputation in the local and national biotech communities.-The Washington Post",Sci/Tech,Business
"Her aim: Give Tufts-NEMC intensive care For 10 years, Ellen Zane oversaw community doctors for Partners HealthCare, the parent organization of Massachusetts General and Brigham and Women's hospitals and the biggest and most profitable hospital and physician network in Massachusetts. Then in December, she became chief executive of a very different institution: Tufts-New England Medical Center in Boston's Chinatown neighborhood. Tufts-NEMC is not only smaller, it's ...",Business,World
"Wi-Fi successor is called high-speed hype -- for now SAN FRANCISCO -- At virtually every turn, Intel Corp. executives are heaping praise on an emerging long-range wireless technology known as WiMAX, which can blanket entire cities with high-speed Internet access.",Business,Sci/Tech
"Study: Posture found able to communicate fear A fight breaks out, and even though people at the far side of the crowd can #39;t see what #39;s going on, they are immediately on edge.",Sci/Tech,World
"Bush Pledges Strong-Dollar Policy President Bush meets with Italian Prime Minister Silvio Berlusconi in the Oval Office of the White House, Wednesday, Dec. 15, 2004, in Washington.",Business,World
Disney Rules Out New Deal with Pixar Studios In January Disney and Pixar terminated their talks to extend a distribution partnership that has created such cartoon hits as quot;Finding Nemo quot; and the quot;Toy Story quot; series.,Business,Sports
Earnings for The New York Times Slip The newspaper publisher today said that while the ad market remains uneven it has seen improved trends so far in October.,Business,World
Ryanair agrees to repay 4M in an escrow account for the Walloon ... vueling writes quot;Ryanair confirmed it had written to the Walloon authorities and agreed to repay 4M in an escrow account until Ryanairs appeal is heard and the European Courts make a definitive decision on this matter.,Business,Sci/Tech
E. Guinea coup suspects say they were tortured Equatorial Guinea has told a court he and his comrades had been chained like animals and tortured into confessing. and hand-cuffs to plead their innocence on Thursday.,World,Sci/Tech
Australia #39;living beyond its means #39; Environmental organisation WWF International has warned that the global population is consuming about 20 per cent more natural resources than the planet can produce.,Sci/Tech,Sports
"Group Cites Video Games for Violence, Sex (AP) AP - Video games that have players shoot rival gang members, watch bare-breasted women and recreate the assassination of President Kennedy were criticized Tuesday by advocacy groups that said, at the least, they should be kept away from children.",Sci/Tech,World
"Nikkei Opens Higher (Reuters) Reuters - The Nikkei average rose 1.37 percent at\the opening on Monday as a recovery in U.S. stocks encouraged\investors to seek bargains among lagging issues, including\Canon Inc. and other high-tech issues.",World,Business
"RTX Provides Cordless Phones for Net-Based Calls COPENHAGEN (Reuters) - Danish electronics equipment maker RTX Telecom RTX.CO said on Monday it had signed an agreement with Skype, a provider of Internet-based voice telephony, to develop and market cordless handsets.",Sci/Tech,Business
"Planned Grand Canyon Flood Seeks to Reverse Erosion Description: Researchers flooded the Colorado River last week, in an attempt to reverse erosion in the Grand Canyon. NPR #39;s Liane Hansen speaks to Denny Fenn, director of the Southwest Biological Science Center, about the experiment #39;s preliminary findings.",Sci/Tech,Sports
"Med school move delayed to 2007 The MSU College of Human Medicine won #39;t be relocated to Grand Rapids until at least 2007, and could cost only half as much as university officials originally estimated.",Business,Sports
"Vodafone keen on future expansion Vodafone said today it remained keen on purchases in France, eastern Europe and Asia and Africa as it detailed annual cost cuts expected to reach 2.",Business,World
"Anxious wait for whale rescuers RESCUE workers will know this morning if their attempts to save whales beached yesterday on Maria Island, off Tasmania #39;s east coast, were successful.",World,Sports
"Cocoa Price Off, Ivory Coast Shot to Bits (Reuters) Reuters - World cocoa prices rose from intraday\lows, but exports from the Ivory Coast, the key global\supplier, remain on hold after mob violence and military\clashes paralyze business in the West African country, traders\said on Tuesday.",Business,World
Pen can pick some bike U-locks That U-shaped bike lock that you thought was so secure may be easy pickings for thieves who have nothing more sophisticated than a Bic pen.,Business,Sports
"Report: E-voting problems cause loss of votes E-voting machine problems caused more than 4,500 votes to be lost in one North Carolina county during Tuesday's general election, and gave U.S. President George Bush more than 3,800 extra votes in Ohio, according to The Associated Press.",Sci/Tech,World
"Attack prompts Bush website block The re-election website of President Bush is blocking overseas visitors because of ""security reasons"".",Sci/Tech,World
"Sign off, then sign in G. Michael Caggiano Jr. lies awake at night thinking about bank signs. He ponders them during breakfast, while brushing his teeth, and quot;constantly quot; during the day, he says.",Business,Sports
"August Chip Sales Growth Slows on High Inventory SAN FRANCISCO (Reuters) - Global semiconductor sales growth slowed to 1 percent in August as electronics makers reacted to growing inventories in Asia by limiting orders of chips, an industry trade group said on Thursday.",Sci/Tech,Business
"Employment Picture Expected to Improve NEW YORK - A rash of job cuts - more than 10,000 layoffs just this week from a handful of companies - has created some gloom on the jobs front. But Friday's release of jobs data for September was expected to show a steady unemployment rate and creation between about 50,000 to 250,000 new jobs, though uncertainties such as the effects of last month's hurricanes kept the estimates all over the map, said Wachovia Corp...",World,Business
Will This Idea Fly? Charge Some Travelers \$10 for Showing Up Northwest Airlines said it would begin charging a \$10 fee for issuing a ticket at its airport check-in desks.,Business,Sci/Tech
"Dell, AOL team up in schools initiative ROUND ROCK, Texas -- Dell Inc. and America Online Inc. announced a partnership Monday to provide 5,000 low-income students with free refurbished personal computers and a year #39;s worth of Internet access.",Business,Sci/Tech
"Philippine Rail Cars Crash Into Ravine, 100 Trapped MANILA (Reuters) - Rescuers in the Philippines smashed train windows with axes and hammers Friday to reach 100 passengers trapped when a carriage derailed and dragged other cars into a ravine, killing at least four people.",World,Sci/Tech
Bond game fails to shake or stir GoldenEye: Rogue Action fails to deliver on the promise of its name and struggles to generate the original's massive sense of fun.,Sci/Tech,Sports
"Study raises stent doubts Heart patients aren #39;t more likely to live long term after getting the artery-opening tubes called stents, according to a study released yesterday by researchers at Duke University.",Business,Sci/Tech
"Boys 'cured' with gene therapy Gene therapy can cure children born with a condition that knocks out their natural defences against infection, mounting evidence shows.",World,Sci/Tech
"Davenport Advances at U.S. Open NEW YORK - Lindsay Davenport's summer of success stayed on course Thursday when the fifth-seeded former U.S. Open champion defeated Arantxa Parra Santonja 6-4, 6-2 and advanced to the third round of the season's final Grand Slam event...",World,Sports
"Pirates named PROSECUTORS HAVE named those charged in one of the biggest pirate software seizures in US history. The two-year investigation, dubbed Operation Digital Marauder, resulted in quot;one of the largest seizures of",Sci/Tech,Business
"Death bell tolls for Russia's Yukos oil giant (AFP) AFP - Russia's Yukos does not begin the week teetering on the edge of ruin where it has been for months now. The oil giant is flat on its back, gasping for its last breaths of air.",World,Business
"Gates, Ballmer pay holds at about \$900,000 Paychecks stay the same for the top two, but compensation changes for other Microsoft workers as stock grants replace options.",Sci/Tech,Business
"Judge: Geico can sue Google, Overture over ads A federal judge in Virginia has ruled that a trademark infringement suit filed by the Government Employees Insurance Co. (GEICO) against Internet search giants Google Inc. and Overture Services Inc. can proceed.",Business,Sci/Tech
"Hurricane Ivan Roars Toward Gulf Coast NEW ORLEANS - Stragglers streamed toward higher ground Wednesday on highways turned into one-way evacuation routes and surf started eroding beaches as Hurricane Ivan roared toward the Gulf Coast with 140 mph wind. Nearly 200 miles wide, Ivan could cause significant damage no matter where it strikes, as hurricane-force wind extended up to 105 miles out from the center...",World,Business
"Antidepressants to Reflect Suicide Risk WASHINGTON (Reuters) - The U.S. Food and Drug Administration plans to update antidepressant labels to reflect studies that suggest a link between the drugs and suicide in youths, but remains cautious about the strength of such ties, according to documents released on Friday.",Business,World
"Saudi Arabia, Qatar, Kuwait still risky investments: study (AFP) AFP - Investing remains risky in Saudi Arabia, Qatar and Kuwait, notably because the presence of US forces in the region makes these countries vulnerable to terrorist attacks, a security consulting firm said.",Business,World
"Cambodia #39;s New King Ascends the Throne Description: In Cambodia, Norodom Sihamoni who accedes to the throne with an elaborate coronation, following the abdication of his father King Norodom Sihanouk.",World,Sports
Carter could prove real plus for Nets The Nets reported deal for Vince Carter very much surprises me given New Jersey #39;s cost-slashing moves in the offseason that saw the exits of Kenyon Martin and Kerry Kittles.,Sports,Business
"The Week: No. 1 at Last water running over a rock, wind ripping across a sand dune, the ocean washing up against the shore. Whatever the image, for the last three years Vijay Singh has been the",Sports,Sci/Tech
"Dodgers Nip Giants 3-2 in Crucial Series SAN FRANCISCO - Shawn Green can sit out Saturday knowing he was a huge help to the Dodgers during their crucial series against San Francisco. Green hit a two-run homer in Los Angeles' 3-2 victory over the Giants on Friday night, a day before the first baseman will miss a game to observe the Jewish holiday Yom Kippur...",World,Sports
"Shock Jock Group Boosts Satellite Radio Profile When radio shock jocks Opie and Anthony considered their next career move after two firings in four years, the twisted twosome was ready to feign rehabilitation. Or at least that was the plan when they sat down with satellite radio executives.",Sci/Tech,Business
"FM, Reddy to attend IMF-WB meet Finance Minister P Chidambaram will lead a high-level delegation for the annual IMF-World Bank meeting in Washington from October 1, where New Delhi would press for higher aid flows for infrastructure and social development.",Business,World
"Wisdom was main course WALTHAM -- He is an 87-year-old man with a cane and a cigar, and the clout of a king.",Sports,World
"U.S. Rules Out Dam Removal for Salmon Recovery (Reuters) Reuters - A Bush administration decision to\eliminate the possibility of removing dams to save endangered\U.S. Pacific Northwest salmon species is a huge blow to\protection efforts, an environmental group said on Wednesday.",Sci/Tech,Business
"Intel dauphin Otellini becomes king Intel #39;s board has given the go ahead for the long anticipated shift in power from current CEO Craig Barrett to current President Paul Otellini Come May 18, Otellini will take over the chipmaker and become its fifth ever CEO.",Business,Sci/Tech
PeopleSoft customers reassured Oracle Corp. President Charles Phillips on Monday said PeopleSoft Inc. customers have become more comfortable with the prospect of a merger between the two software firms even as the proposed transaction awaits a critical ruling from a Delaware court.,Business,Sci/Tech
"Robinho #39;s mother releaased by kidnappers The mother of Santos striker Robinho was released unharmed on Friday, 40 days after she was kidnapped at a family gathering. Marina da Silva de Souza, 44, appeared healthy but thinner than when she was abducted",Sports,World
Week's delay for Delta launcher Boeing's new heavy-lift Delta 4 rocket must wait a further week before making its maiden flight.,World,Business
"U.S. Softball Team Wins, Closes in on Gold ATHENS, Greece - Right now, the Americans aren't just a Dream Team - they're more like the Perfect Team. Lisa Fernandez pitched a three-hitter Sunday and Crystl Bustos drove in two runs as the Americans rolled to their eighth shutout in eight days, 5-0 over Australia, putting them into the gold medal game...",World,Sports
"For Craigslist, city was just the ticket Hadley Weinzierl used Craigslist to furnish her Jamaica Plain apartment, and when she bought a Maltese puppy, she sought advice from fellow Craigslisters on a good vet, a cheap dog-walker, and a park where she could let the dog run without a leash.",Business,Sports
"PRESS START FOR NOSTALGIA Like Led Zeppelin #39;s #39; #39;Stairway to Heaven #39; #39; and Lynyrd Skynyrd #39;s #39; #39;Freebird, #39; #39; classic video games like Frogger and Pong can bring back an entire era.",Sci/Tech,Sports
Relaxed pot possession bill returns OTTAWA -- The long push to reform marijuana laws took a big step forward yesterday as the federal government re-introduced legislation decriminalizing possession for personal use.,World,Sci/Tech
"EPA May Conduct Human Tests for Chemicals (AP) AP - In setting limits on chemicals in food and water, the Environmental Protection Agency may rely on industry tests that expose people to poisons and raise ethical questions.",World,Sci/Tech
"Intel defeats AMD in court AMD #39;s attempt to persuade the US court to sanction the release of over 60,000 pages of Intel documentation to a European Commission anti-trust enquiry has failed.",Business,Sci/Tech
"Aether Declines Higher Bid for Unit (washingtonpost.com) washingtonpost.com - Aether Systems Inc., a Maryland wireless data company that is selling off its operating units, said yesterday it received a #36;30 million offer for a division it had already agreed to sell to another buyer for #36;25 million.",Sci/Tech,Business
"A #39;new Greece #39; beams after success of Games As Greeks get a boost, it remains unclear if success will mean higher stature in Europe. By Peter Ford Staff writer of The Christian Science Monitor.",Sports,Sci/Tech
"Asia to outperform this year, lower growth seen in 2005: ADB (AFP) AFP - Developing Asia is set to outperform this year with higher-than-expected growth of 7.0 percent despite high oil prices but it will slow in 2005 in tandem with the developed world, the Asian Development Bank (ADB) said.",World,Business
Final Round in Cable-ISP Fight The U.S. Supreme Court has agreed to hear whether cable operators must give access to their lines to third-party ISPs. Michael Grebb reports from Washington.,Sci/Tech,Business
Indian PM pledges to protect poor from oil-driven inflation NEW DELHI : Indian Prime Minister Manmohan Singh pledged to try to shield the poor by keeping down prices of essential goods amid rising inflation.,Business,World
"Hawks Evicted From New York City Perch (AP) AP - Pale Male the city hawk was evicted from his nest, and the flap has already begun.",Sci/Tech,Sports
"Alstom to sign 1 billion Euro in contracts with China (AFP) AFP - The French Group Alstom Saturday will sign contracts worth up to 1 billion Euros (1.23 billion dollars) in China for the delivery of trains and locomotives, French sources with knowledge of the deal revealed to AFP.",World,Business
"Dinosaur May Have Been Stealth Hunter (AP) AP - The strike would have come out of nowhere: One second the fish was swimming placidly, no danger in sight, a moment later it was lunch.",Sci/Tech,Sports
"Calvin Murphy removed as Rockets broadcaster Murphy will go to trial Nov. 4 on charges he molested his daughters, a state district judge said Tuesday. Murphy is charged with three counts of indecency with a child and three counts of aggravated sexual assault, punishable by up to life in prison.",Sports,World
"Howard: Telstra Board Will Choose Its CEO Australian Prime Minister John Howard said Thursday that Telstra Corp. #39;s board would choose its next chief executive, not the federal government, which has a majority stake in the telecommunications giant.",Business,World
"Schwarzenegger Vows to Defend Emissions Law Toyota, General Motors and seven other automakers filed suit to block California's new greenhouse gas regulation, which was approved by the state in September.",World,Business
Hynix's 3Q Profit More Than Triples (AP) AP - South Korea's Hynix Semiconductor Inc. said Monday its third-quarter net profit more than tripled from same period last year thanks to steady global prices for memory chips.,World,Business
"Halo 2; Donkey Konga The first Halo game sold quite a few Xboxes (we know a few Xbox owners who don't appear to play any other titles on their consoles), and Halo 2 has already clocked \$125 million in sales -- on its first day in stores.",Sci/Tech,Sports
"No Sign of El Nino in Pacific for Now - Scientists (Reuters) Reuters - Sea temperatures in the southeastern\Pacific show no sign of bringing extreme ""El Nino"" weather\conditions in the next two months, Peru's Maritime Institute\(IMARPE) said on Tuesday.",Sci/Tech,World
"Nortel Downsizes Again Aug. 23, 2004 (TheDeal.com) Problem-plagued Nortel Networks Corp. announced plans Thursday, Aug. 19, to eliminate an additional 3,500 jobs and fire seven more senior executives as the company labors to reinvent",Business,Sci/Tech
Donors seek clarity on PA finances Donors to the Palestinians are asking whether the change of leadership can let more light into Palestinian finances.,Business,Sci/Tech
Observers insist: no proof of fraud in Venezuelan referendum. Independent observers confirmed that the random auditing of results from the recall referendum (Sunday August 15) against Venezuelan president Hugo Chavez show there are no indications of fraud as claimed by the opposition.,Business,World
"Cendant Near Deal to Buy Orbitz for #36;1.2 Bln-Source (Reuters) Reuters - Travel and real estate company\Cendant Corp. is close to an agreement to buy online\travel site Orbitz Inc. for about #36;1.2 billion in\cash, a source close to the talks said on Tuesday.",Sci/Tech,Business
Nortel lowers expectations Nortel said it expects revenue for the third quarter to fall short of expectations.,Sci/Tech,Business
"Nujoma's Man Set to Sweep Namibia Elections OSHAKATI, Namibia (Reuters) - Hifikepunye Pohamba, who has spearheaded moves to expropriate white-owned land for redistribution to black peasants, is virtually guaranteed victory in Namibia's presidential polls next week.",World,Sports
"GoldenEye: Rogue Agent golden EA #39;s James Bond-baddie shooter has left its secret headquarters and taken over the factory. Like an evil genius announcing his demands, Electronic Arts has let the world know that GoldenEye: Rogue Agent has gone gold.",Sci/Tech,Sports
"Important Rules for Phone Market Face F.C.C. Vote Next week, the FCC will likely change the rules on unbundled networks largely in ways favorable to the Regional bells.",Business,Sci/Tech
F1: British Grand Prix ruled out Jackie Stewart rejects Bernie Ecclestone's claims that the British Grand Prix is dead.,World,Sports
"#39;Halo 2 #39; has game fans ATLANTA - For many video game addicts, the buzz on the sequel to quot;Halo quot; is louder than a machine gun rat-a-tatting in their ears.",Sci/Tech,Sports
"Sun trims fourth-quarter earnings by \$12 million Sun Microsystems Inc. trimmed its fourth quarter and full-year 2004 results this week, to account for final accounting of asset retirement obligations and its settlement with Microsoft Corp.",Sci/Tech,Business
Oracle 1Q Earnings Rise 16 Percent (AP) AP - Business software giant Oracle Corp. said Tuesday that first-quarter earnings rose 16 percent driven by new database license sales that rose 19 percent.,Sci/Tech,Business
"Robby Gordon Planning to Proceed With Caution Robby Gordon plans to join the oil spills, the tire chunks, the sharp pieces of debris and the other typical racetrack hazards on Sunday.",Sports,Business
"Milosevic #39;s Lawyers to Appeal Own Appointment THE HAGUE, Netherlands -- The two lawyers representing Slobodan Milosevic filed papers Thursday (9 September), asking for permission to appeal their appointment by the UN tribunal.",World,Business
Cardinal Picks a Lilly Cardinal Health's deal with Lilly suggests the new fee-for-service model is gaining traction.,Business,Sci/Tech
"A Founding Father? Give the guy some credit. Tung Chee-hwa, Hong Kong #39;s embattled Chief Executive, gets precious little of it from his people these daysand heaps of",World,Business
"Amputation rate for US troops twice that of past wars US troops injured in Iraq have required limb amputations at twice the rate of past wars, and as many as 20 percent have suffered head and neck injuries that may require a lifetime of care, according to new data giving the clearest picture yet of the severity of battlefield wounds.",World,Sci/Tech
"Sudan to attract most ICRC funds in 2005, 30-percent drop in cash for Iraq (AFP) AFP - Strife-torn Sudan will become the largest focus of aid work for the International Committee of the Red Cross in 2005, while money earmarked for Iraq will fall by almost one third, the agency said.",World,Business
"Mbeki #39;s deputy in fraud scandal It has been dubbed Hamlet without the prince, a trial where the accused is absent but which could determine if he is to rule South Africa.",World,Sports
Telescope snaps distant 'planet' The first direct image of a planet circling another star may have been obtained by a US-European team of astronomers.,World,Sports
"The Shockwaves of Sumatra The Indian Ocean earthquake of December 2004 produced a shockwave that created tsunamis all across the Indian Ocean. The tsunamis hammered nearby Indonesia and struck as far as the coast of East Africa. The death toll has climbed over 100,000 and continues to grow. It also created social shockwaves.",Sci/Tech,World
"Dominicans' Swift Step Into Crisis SANTO DOMINGO, Dominican Republic -- When Sandro Batista smashed his banana truck into a tree in April, leaving him with two hideously shattered legs and a broken arm, his orthopedic surgeon sent his sister shopping.",Business,World
"Nokia sees strong demand for smartphones and camera phones in 2005 Nokia has forecast that smartphone shipments worldwide are expected to increase to 238 million units by 2008, up from 23 million this year, according to Anssi Vanjoki, executive vice president and general manager of multimedia at Nokia.",Sci/Tech,Business
"Hurricanes Bring Environmental Renewal (AP) AP - Along with their destructive force, hurricanes can have beneficial effects as part of the rhythm of nature. Storms that erode beaches, uproot trees and flatten wildlife habitats may also refresh waterways, revive dry areas and bulk up barrier islands with redistributed sand.",Sci/Tech,Sports
"Cybertrust CEO Says Merger Driven by Users SEPTEMBER 27, 2004 (COMPUTERWORLD) - Betrusted Holdings Inc. in New York and TruSecure Corp. in Herndon, Va., last week said they #39;re merging to form a single IT security services vendor.",Sci/Tech,Business
"I quit because of recruitment problems: Santini Tottenham manager Jacques Santini said he left the north London club because he was not in control of recruitment, he said on French television on Saturday.",Sports,World
Statement by Airbus on the US Government for formal consultations ... Airbus has fully supported all recent actions by the European Commission to engage with the US government in serious discussions on comprehensive new disciplines on government support.,Business,World
"Matsushita Unveils DVD Recorders, Eyes Higher Share TOKYO (Reuters) - Panasonic brand products maker Matsushita Electric Industrial unveiled five new DVD recorders on Wednesday and said it was aiming to boost its share of the domestic market to over 40 percent from around 35 percent.",Sci/Tech,Business
Airbus chief wins fight to take controls at Eads The head of plane maker Airbus yesterday won a bitter battle to oust his boss from the helm of parent aerospace group Eads after winning the support of a key shareholder.,Business,Sports
South Koreans Say Secret Work Refined Uranium South Korea admitted that a group of its nuclear scientists secretly produced a small amount of near-weapons grade uranium.,World,Sci/Tech
"India's low-cost airline eyes business travel (AFP) AFP - India's pioneer low-cost carrier Air Deccan plans to raise 50 million dollars in private equity by shedding a 26 percent stake and also aims to enter the corporate business jet segment, its chairman said.",World,Business
"Controversial US Overtime Rules Take Effect New overtime rules have taken effect in the United States that the government says will strengthen workers #39; rights, but opponents say will significantly reduce workers #39; pay.",Business,Sci/Tech
"Blame player, not game It was like nothing youd ever exercised your thumbs to before. You could do whatever you wanted, whenever you wanted. The game seemed endless.",Sci/Tech,Sports
"Microsoft Opens Software Development Center in India (Update3) Microsoft Corp., the world #39;s largest software maker, will hire several hundred #39; #39; people in the next year at its development center in India, expanding its workforce of 800, Chief Executive Steve Ballmer said.",Business,Sci/Tech
"Metcalfe, Allen back ZigBee start-up Ember, a start-up that is developing chips for ZigBee--a low-cost, low-power wireless networking standard--received \$25 million in venture capital funding this week.",Sci/Tech,Business
"Eureka! Has Australia found its 'defining moment'? Friday is the 150th anniversary of Eureka Day. For some Australians, it's their Boston Tea Party.",World,Sports
"Man Sets Himself on Fire Near White House (AP) AP - A man set himself afire Monday just outside a White House gate and repeatedly yelled ""Allah Allah"" as a Secret Service officer held him facedown on the sidewalk.",World,Sci/Tech
"In Chile, pace of justice quickens A judge has ruled that Gen. Augusto Pinochet stand trial for his alleged involvement in state-sponsored torture.",World,Business
"Men Set for Sizzling Duel in 100 Meters ATHENS, Greece - The preliminaries in the 100 meters were perhaps just a sample of what's to come Sunday, when a talented group of qualifiers - including Americans Shawn Crawford, Justin Gatlin and defending champion Maurice Greene - will try to turn their competition into the fastest show at the Athens Games. Five men broke 10 seconds in qualifying Saturday, led by Crawford's time of 9.89...",World,Sports
Big Dig no roadblock Huge cost overruns. Tunnel leaks. Multimillion-dollar lawsuits. Big trouble for the companies managing Boston's Big Dig? Not really.,Business,Sci/Tech
Before-the-Bell: GenCorp Falls 5.6 Pct. (Reuters) Reuters - Shares of GenCorp Inc. fell 5.6\percent before the opening bell on Monday after investment fund\Steel Partners withdrew its proposal to acquire the aerospace\and real estate company.,Sci/Tech,Business
Old Rumors of Gay Sex Prove Powerful on Web Va. GOP members chose Del. Thelma Drake (Norfolk) to replace Rep. Edward L. Schrock after he resigned amidst allegations Schrock indulged in or solicited gay sex.,Sci/Tech,Business
"Bill Gates is the richest for 11 years successively Bill Gates, the founder of Microsoft, still remains the richest person in the USA, according to Forbes Magazine. Gates has been keeping the first place for already 11 year in a raw among the richest Americans.",Business,Sci/Tech
"Checking changes Toward the end of the month if resources are a little tight, there are times when Krista Bergstrom admits she writes a check or two for more than is left in her account.",Business,World
"Taiwan #39;s Acer picks a European as president TAIPEI Acer, the Taiwan computer company, named Gianfranco Lanci of Italy as its president on Wednesday, an appointment that signals the company #39;s ambitions to expand its global market share.",Sci/Tech,Business
"Star Wars Battlefront; Sly 2: Band of Thieves; MacFamily Tree 4.0.6 Hearing a Jar Jar Binks-lookalike Gungan yell ""Meesa gonna die!"" as my droid tank shot him point-blank may have been the best part of this game.",Sci/Tech,Sports
"Elderly 'need digital TV funds' Vulnerable groups such as the elderly should be helped to buy digital TV equipment, a report says.",Sci/Tech,Business
"Smoking ban would target pubs ritain #39;s government proposed banning smoking in most public places yesterday, setting off debate over what one smoker decried as the brainchild of a busybody quot;nanny state.",World,Business
TV's Passport Stamp of Approval The sixth season of a popular reality television show is ready to rock the world.,Business,Sports
"Chirac: Europe Can Do More in Science Race (AP) AP - A European laboratory that was the birthplace of the World Wide Web and home of Nobel prize-winning developments in understanding the origins of the universe celebrated its 50th birthday Tuesday. But French President Jacques Chirac warned that despite those illustrious achievements, European scientists are falling behind.",Sci/Tech,World
"Dive recovers Cromwell's sailor A sailor from a sunken ship belonging to Oliver Cromwell's navy had the upper body of a trapeze artist but bowed legs, his recovered skeleton shows.",World,Sci/Tech
Casino owners team up in Macao MACAO Publishing amp; Broadcasting said Tuesday that it had bought a stake in Stanley Ho #39;s latest gambling project in Macao as Asia #39;s two leading casino operators team up to expand in the region.,Business,Sports
"AOL, E-Mail Companies Sue Spammers The nation #39;s largest e-mail providers today filed a new round of lawsuits against Internet spammers allegedly responsible for shoveling millions of junk e-mail messages into computer users #39; in-boxes and their instant messaging screens.",Business,Sci/Tech
"Explosions rock Argentine banks A blast rocks a branch of Citibank in the Argentine capital, Buenos Aires, killing a security guard, reports say.",World,Sci/Tech
Study Says Drug #39;s Dangers Were Apparent Years Ago Merck and federal officials should have withdrawn the painkiller Vioxx from the market as early as 2000 because studies of the drug had clearly shown that it doubled the risk of heart attacks,Business,Sci/Tech
"A Bit of Wall St. on the Tigris The 150 brokers and traders on the Iraq Stock Exchange are not waiting for the war to end, buying and selling orders a few hundred yards away from the fighting.",World,Business
"Ontario won #39;t help other provinces squeeze Ottawa for more ... Premier Dalton McGuinty sent a shot across the bow of have-not provinces Sunday, warning that Ontario will not support efforts to wring billions more in equalization payments out",Business,Sports
"Hyundai signs deal for China truck plant Hyundai Motor Co. said yesterday that it has signed an agreement with a Chinese company, Jianghuai Automobile Corp., to build a commercial vehicle and engine plant in China #39;s Anhui province.",Sci/Tech,Business
"Oil Company on Trial in Madagascar Over Pollution (Reuters) Reuters - The operator of Madagascar's\privatized oil refinery went on trial on Tuesday, accused of\polluting the environment around the Indian Ocean island's main\international port, officials said.",Sci/Tech,Business
"Europeans Eat Less of Dangerous Fatty Foods By PAUL GEITNER BRUSSELS, Belgium (AP) -- Europeans eat less of the most dangerous, cholesterol-raising fats than Americans do and the amount is decreasing, according to a report released Wednesday by the European Food Safety Authority. Scientists at the European Food Safety authority declined to say whether the EU should follow the United States' lead and require special labels on margarine, chips, cookies, fries and other potential sources of trans fatty acids...",Sci/Tech,World
Toyota to open south China plant Japan carmaker Toyota enters a joint venture to produce saloon cars in southern China.,Business,Sports
"Three jockeys, one trainer arrested LONDON -- British police arrested 16 people, including three jockeys and a trainer, Wednesday as part of a major crackdown on corruption in horse racing.",Sports,World
Strong Hurricane Roars Over Bahamas Toward Florida (Reuters) Reuters - Hurricane Frances battered the\southeastern Bahamas islands with 140 mph winds on Wednesday as\it roared toward the United States and put millions of people\on alert along Florida's heavily populated east coast.,Sci/Tech,World
Nike founder steps down Nike boss Phil Knight last night announced his decision to step down as chief executive of the footwear company he helped found 42 years ago.,Business,Sci/Tech
"LETTER FROM EUROPE The All-Too-Human Hitler, on Your Big Screen The release of a major movie about Hitler is, by definition, a remarkable event in Germany, especially if it portrays one of history #39;s great monsters as a human being, given",World,Sci/Tech
"Dell cuts prices on many corporate products Dell on Monday said it had cut prices by as much as fifth for a range of products aimed at US corporate customers, as the computer maker passed along savings from cheaper components.",Sci/Tech,Business
Special to ESPN.com It #39;s the age old question: quot;What do you give to the man who #39;s been everything? quot;. Only time will tell whether Phil Knight #39;s retirement will be as long-lived as so many players he paid to endorse Nike.,Business,Sports
"Consumers #39; view of economy unchanged NEW YORK - Consumers #39; assessment of the economy held largely steady this month, according to a university research report released Friday.",Business,World
"Tokyo Stocks Finish 2.6 Percent Higher (AP) AP - Tokyo stocks finished sharply higher Monday, fueled by Wall Street's gains last week. The U.S. dollar was higher against the Japanese yen.",World,Business
"Flu Shot Shortage Highlights U.S. Crisis WASHINGTON (Reuters) - Concerned health officials began investigating on Friday what went wrong at a British vaccine plant where half the U.S. flu shots were made, and called on more companies to get into the vaccine business.",Business,World
"Revolving Door IN Aylwin B. Lewis, president of Yum Brands, as chief executive of Kmart.",World,Business
"Malls setting curfews for unchaperoned teens COLUMBUS, Ohio -- It's 10 on a Friday night, and all 15-year-old Sylvia Fallon wants is to hang out with her friends at the mall.",Business,Sports
"Japan's comics retool the art Animation in America once meant Mickey Mouse and Winnie the Pooh. These days, it's just as likely to mean Japanese fighting cyborgs, doe-eyed schoolgirls, and sinister monsters -- thanks in large part to people like John Ledford.",Business,World
Singapore Telecom ties up with Malaysia's TIME dotcom (AFP) AFP - Singapore Telecommunications (SingTel) said it has entered into an agreement with Malaysia's TIME dotCom to link their corporate customers through private leased line circuits.,Sci/Tech,World
Hit TV series 24 goes from small screen to smaller screen (AFP) AFP - The hit US television show quot;24 quot; is going from the small screen to the smaller after 20th Century Fox and Vodaphone struck a groundbreaking deal to distribute the drama on mobile telephones.,Sci/Tech,Business
Bears Set to Sign QB Jeff George (Reuters) Reuters - The Chicago Bears are expected\to sign quarterback Jeff George on Monday.,Sports,Business
"26/10/04 Savabeel Compared To Dubai Millennium The man who says he didn #39;t have a pair of shoes until he was 12 is now fielding offers in the millions for a horse he compares to the late Dubai Millennium, the best in the world a few years ago.",Sports,Sci/Tech
"Russia #39;s Putin Defends Reforms, Worries About Clans Russian President Vladimir Putin said on Thursday he had no plans to grab more power or change the constitution when reforming Russia #39;s government structure.",Business,World
Nintendo Returns to Profit (AP) AP - Nintendo Co. returned to profit in the first half of the fiscal year from a loss a year ago as the Japanese video-game maker erased foreign exchange losses and turned more profit with game-software sales.,Sci/Tech,Business
"TSMC, Freescale expect initial production of 65nm SOI in 4Q 2005 Taiwan Semiconductor Manufacturing Company (TSMC) and Freescale Semiconductor expect to begin initial production of a high-speed 65nm silicon-on-insulator (SOI) process in the fourth quarter of 2005, with volume production pending on market demand",Sci/Tech,Business
"Philippines mourns dead in Russian school siege The Philippines Saturday expressed quot;deepest sympathy quot; to the families of the dead in the Russian school siege on Friday, in which 322 people were killed when Russian troops stormed",Sci/Tech,World
"Optimism Drives Google Shares to New Highs (Reuters) Reuters - Stock of Google Inc. powered\to new highs on Friday, buoyed by the web search leader's new\products and growth prospects, which complement its recent\strong financial results, analysts said.",Sci/Tech,Business
News: Governments slow off the mark to combat growing threats of cybercrime The Associated Press By Robert Wielaard,Sci/Tech,Business
"Tyncastle sale gets official go ahead Of the votes received by proxy and from shareholders in the room at a stormy extraordinary general meeting last night, 62.5 were in favour of the resolution.",Sports,World
Great White Shark Loses Monitor Tag (AP) AP - A great white shark that was tagged with a data-gathering device in shallow waters off Cape Cod has apparently reclaimed its privacy.,Sci/Tech,Sports
"Intel Posts Higher Profit, Sales Computer-chip maker Intel Corp. said yesterday that earnings for its third quarter were \$1.9 billion -- up 15 percent from the same quarter a year ago -- but the company cautioned that computer-processor demand in the United States is likely to remain low.",Sci/Tech,Business
California slashes legal fees in settlement of Microsoft case California lawyers who reached a \$1.1 billion class-action settlement with Microsoft will get less than half the legal fees they requested.,Business,Sci/Tech
Highlights of What Congress Has Done (AP) AP - Highlights of what Congress has done #151; and has not done #151; this year.,World,Sci/Tech
"A Senator #39;s Outrage Delays Passage of Corporate Tax Bill The Senate cleared a path on Sunday for a bill to hand out about \$140 billion in corporate tax breaks, but it was blocked from a final vote by a fight over a provision aimed at helping reservists on duty in Iraq.",Business,World
"Intuit Posts Wider Loss After Charge (Reuters) Reuters - Intuit Inc. (INTU.O), maker of\the No. 1 U.S. tax presentation software TurboTax, on Wednesday\posted a wider quarterly loss after taking a goodwill\impairment charge during its seasonally weaker fourth quarter.",Sci/Tech,Business
Comcast part of group wanting to buy MGM A consortium led by Sony Corp. of America that includes Comcast Corp. has entered into a definitive agreement to acquire Metro-Goldwyn Mayer Inc.,Business,Sci/Tech
"IBM, LG Electronics to End Joint Venture International Business Machines Corp. and LG Electronics Inc. will end an eight-year alliance that helped expand the US computer maker #39;s presence in the booming South Korean PC market.",Business,Sci/Tech
Supreme Court turns down #39;Do Not Call #39; case SUPREME COURT - The Supreme Court is refusing to hear a challenge to the federal do-not-call telephone registry. Telemarketers have been trying to invoke free-speech rights to do away with the ban on unwanted phone solicitations.,Business,Sci/Tech
"Crude Price Spike May Send Gas Higher (AP) AP - Amid soaring crude oil prices, gasoline costs have been dropping. But don't expect that to last, economists say.",World,Business
Cricket-Sri Lanka #39;s wicketkeeper calls it quits COLOMBO (AFP) - Sri Lanka #39;s wicketkeeper Romesh Kaluwitharana has announced his retirement from international cricket after being left out of the squad for next month #39;s tour to New Zealand.,Sports,World
"Ask Jeeves retools search engine in bid to catch Google, Yahoo SAN FRANCISCO -- Hoping to emerge from the shadow of its more popular rivals, Ask Jeeves Inc. is adding new tools for visitors to save and organize links to Web pages they find through the company's online search engine.",Business,Sci/Tech
Northwest sues Sabre over ticket fees Northwest Airlines Corp. filed suit against Sabre Travel Network in the US District Court for the District of Minnesota alleging that Sabre instituted measures that will make it more difficult for the carrier to sell tickets.,Business,Sci/Tech
Hearing Set After Microsoft Rivals Quit The judge considering Microsoft Corp. #39;s appeal against European Union sanctions has called a closed meeting for Thursday to decide what action to take after two more major,Business,Sci/Tech
"Cable and Wireless to cut 600 jobs, shut London headquarters (AFP) AFP - Cable and Wireless, the struggling British telecoms group, said it would cut 600 jobs across Europe, part company with a top executive and shut its London headquarters.",Sci/Tech,Business
"Report Says N.H.L. Will Reject Proposal The N.H.L. appears poised to reject a proposal made by the players union, which included a 24 percent reduction in pay and other concessions but not a hard salary cap.",Sports,Business
"Study Ranks St. Louis as Fourth Most Dangerous City A new study ranks St. Louis as the fourth most dangerous city. Camden, New Jersey came in first, followed by Detroit and Atlanta. The rankings are in Morgan Quitno #39;s quot;City Crime Rankings, quot; an annual reference",Business,Sports
Vodafone targets Japan with 3G offensive Vodafone has unveiled plans for 10 new third-generation handsets for Christmas to help shore up its struggling Japanese unit. Vodafone VOD.,Business,Sci/Tech
"Cisco Reaches High And Low NEW YORK - Cisco Systems is aggressively trying to build its presence in key growth markets, and it #39;s using both new products and new acquisitions to do it.",Sci/Tech,Business
Warne takes six but India establish handy lead (Reuters) Reuters - World test wicket record holder Shane Warne grabbed six wickets as India established a handy 141-run first innings lead in the second test on Saturday.,World,Sports
"Dell recalls four million power adaptors About 4.4 million AC adapters sold worldwide with Dell notebooks between September 1998 and February 2002 were recalled on Friday because of a risk of overheating, which could lead to a fire or electrical shock, according to Dell.",Sci/Tech,Business
"King abdicates after 6 decades King Norodom Sihanouk, known as much for his colorful personality as his controversial statesmanship, has been synonymous with Cambodia #39;s modern history for six decades.",World,Sports
Turkey eyes \$15 billion investment years ANKARA: Turkey is hoping to attract \$15 billion of foreign investment between 2005 and 2007 through reforms designed to overhaul its economy and ease the country #39;s entry into,World,Business
Lackluster Jobs Report Pushes Stocks Down NEW YORK - Investors pushed stocks lower Friday as a surprisingly lackluster job creation report deepened Wall Street's pessimism over the health of the economy. A solid earnings report from General Electric Co...,World,Business
"Pakistan Tests Medium-Range Nuclear-Capable Missile (Reuters) Reuters - Pakistan test-fired on Wednesday a\nuclear-capable, surface-to-surface ballistic missile, capable\of hitting targets deep inside arch-rival India.",World,Sci/Tech
"FBI Interviews Halliburton Whistleblower Bunnatine Greenhouse, chief contracting officer of the Army Corps of Engineers, is seen in her official undated government photo. FBI agents recently spent a day interviewing Greenhouse, the Army contracting",Business,World
"PeopleSoft down on testimony, forecast Investors react to a disappointing earnings projection and to testimony that dampens hopes of negotiations with Oracle.",Sci/Tech,Business
"No tax on Internet access until at least 2007 Consumers won #39;t have to pay a tax to log on to the Internet until at least 2007, after Congress voted Friday to renew a recently lapsed ban on Internet taxation.",Business,Sci/Tech
The Bahamas - the real medal winner of the Athens Olympics A different way of calculating the medal standings brings some interesting results.,Sci/Tech,Sports
Eisner Says Ovitz Required Oversight Daily Michael D. Eisner appeared for a second day of testimony in the shareholder lawsuit over the lucrative severance package granted to Michael S. Ovitz.,Business,Sci/Tech
Business News for Technology Leaders Microsoft Makes Deal with ... A quot;landmark agreement quot; between Microsoft and England #39;s Department of Health to renew the agency #39;s license for desktop products could save it an estimated \$608 million.,Sci/Tech,Business
"Siemens Says Cellphone Flaw May Hurt Users and Its Profit Siemens, the world #39;s fourth-largest maker of mobile phones, said Friday that a software flaw that can create a piercing ring in its newest phone models might hurt earnings in its handset division.",Business,Sci/Tech
Ban for former Ahold executives Dutch retailer Ahold's former chairman and its ex-finance officer are barred from executive posts as part of a US fraud case settlement.,World,Business
Take-Two Sees Higher Sports Prices for New Consoles NEW YORK (Reuters) - Take-Two Interactive Software Inc. TTWO.O on Monday said that prices for its sports video games will likely return to higher levels once new game consoles arrive in late 2005 or 2006.,Sci/Tech,Business
"BlueGene sneaks past Earth Simulator The Earth Simulator, an NEC supercomputer, is surpassed, at last. IBM announced yesterday that its Blue Gene/L supercomputer had achieved a sustained performance of 36.",Business,Sci/Tech
"Premier swallows Bird #39;s custard Bird #39;s custard and Angel Delight are back in British hands after a 70m deal announced yesterday. The famous brands have been bought by Premier Foods, owner of Ambrosia custard and Rowntrees jelly, from the US food group Kraft.",Business,Sports
"GM pulls Guy Ritchie car ad after protest Protests from seven safety groups have prompted General Motors to pull a television ad that shows a young boy driving a Corvette sports car so recklessly that it goes airborne, officials of the automaker say.",Business,World
"Mountain climbers The Big East is under siege again. Oh, it's not as overt as the move by the Atlantic Coast Conference two years ago, which went on a membership drive, targeting Miami, Syracuse, Boston College, and eventually Virginia Tech.",Sports,Sci/Tech
UN 'must ignore cloning ban call' The UK's Royal Society urges the UN to ignore a call by President Bush to ban all forms of human cloning.,Sci/Tech,World
"Finance: Losing the Right to Sue WASHINGTON (Reuters) - More and more businesses are sticking mandatory arbitration clauses into their contracts, forcing consumers to give up their right to sue if they want to conduct business, and consumer groups have made the elimination of these clauses a top priority.",Business,Sci/Tech
Site security gets a recount at Rock the Vote Grassroots movement to register younger voters leaves publishing tools accessible to outsiders.,Sci/Tech,World
"Bishop Indicted on Child Rape Charges SPRINGFIELD, Mass. - Bishop Thomas Dupre, the former head of the Springfield Diocese, was indicted Monday on child rape charges, accused of molesting two boys in the 1970s, the county prosecutor said...",World,Business
Flower power turns up the volume A Japanese company has come up with a way of turning flowers into loudspeakers.,Sci/Tech,Business
Amazon Snaps Up China's Largest Web Retailer (NewsFactor) NewsFactor - Amazon.com (Nasdaq: AMZN) has said it will buy Joyo.com Limited -- a British Virgin Islands company that operates the largest Internet retail Web site in China -- for US #36;75 million.,Business,Sci/Tech
Venezuela Prepares for Chavez Recall Vote Supporters and rivals warn of possible fraud; government says Chavez's defeat could produce turmoil in world oil market.,World,Business
"Australia 362-7 v India, third test - close (Reuters) Reuters - Australia were 362 for seven wickets at the close of play on the first day of their third cricket test against India on Tuesday.",World,Sports
"PM welcomes EU partnership Prime Minister Manmohan Singh arrived in the Hague last night to participate in the India-European summit. quot;In recognition of Indias growing stature and influence, the EU has proposed a strategic partnership with India.",Business,World
Backstage Pass; Mosley-Wright 2 By Sammy Rozenberg (AP Staff Writer/BoxingScene Staff Writer). BoxingScene was ready and willing to engage in conversation during the post-fight press conference following the Shane Mosley-Winky Wright rematch.,Sports,World
"NASA Chief Applies for Job at LSU (AP) AP - NASA Administrator Sean O'Keefe will resign this week, a government official said Sunday, and a spokesman for Louisiana State University said O'Keefe is a leading candidate to become a chancellor there.",Sci/Tech,World
Storms batter Cornish coastline \Flooding causes chaos for homeowners all along Cornwall's south coast as 80mph winds hit land.,World,Sports
"Intel in new chip breakthrough Intel creates a more powerful memory chip without increasing its size, confounding the firm's critics.",Business,Sci/Tech
"ADV: Try Currency Trading Risk-Free 30 Days 24-hour commission-free trading, 100-to-1 leverage of your capital, and Dealbook Fx 2 - our free advanced trading software. Sign up for our free 30-day trial and receive one-on-one training.",Business,Sci/Tech
"Where have all the people gone? While media and political attention is on the threat of outsourcing, the reality is that outsourcing is a sideshow in a much larger event.",Business,World
"Ivan devastates Grenada ST. GEORGE #39;S, Grenada - Hurricane Ivan took aim yesterday at Jamaica after killing 23 people in five countries and devastating Grenada.",World,Sports
"Health Highlights: Aug. 28, 2004 A new drug that fights a form of age-related macular degeneration (AMD), a leading cause of blindness in the elderly, won applause if not approval from a panel of advisors to the US Food and Drug Administration.",Business,Sports
"Spread of GM grass raises fears of crossbreeding Pollen from a genetically modified grass was found 21 kilometres from where it was planted, scientists reported in a study published Tuesday, raising fears of transgenic crossbreeding.",Business,Sci/Tech
"5 dead in Dubai airport accident DUBAI - A steel mesh wall collapsed on workers building a multi-billion-dollar extension to Dubai #39;s international airport yesterday, leaving five dead and 12 injured, authorities said.",World,Business
"BAD BLOOD, GOOD RIVALRY: Vols prep for raging Tide The now former starting Tennessee safety was arrested early Monday morning for firing the handgun of teammate Chris Heath. Afterwards, Johnson was slapped with indefinite suspension.",Sports,World
"Cisco invests \$12 million in Japan R amp;D center On Thursday, the company announced it will invest \$12 million over the next five years in a new research and development center in Tokyo.",Sci/Tech,Business
"Stewart Asks to Serve Sentence Soon NEW YORK Sept. 15, 2004 - Millionaire executive Martha Stewart announced Wednesday that she had decided to begin her prison sentence for lying about a stock trade as soon as possible.",Business,Sci/Tech
"Barents Sea Under Threat from Fishing, Oil (Reuters) Reuters - The Arctic Barents Sea is\under threat from overfishing, oil and gas exploration and\Soviet-era radioactive waste, the U.N. Environment Program said\on Tuesday.",Sci/Tech,Business
"VeriSign #39;s Antitrust Claim Against ICANN Dismissed quot;VeriSign #39;s contentions are deficient, quot; Judge Howard Matz wrote in the 16-page decision setting aside the antitrust claims against ICANN.",Sci/Tech,Business
ACLU Seeks to Challenge Gay Adoption Ban (AP) AP - The American Civil Liberties Union asked the Supreme Court on Friday to hear its challenge to Florida's ban on adoptions by gays.,World,Sports
"Ontario gets harsh with school dropouts HUNTSVILLE, ONT. - The Ontario government plans to introduce legislation that will require students to stay in school until they reach the age of 18, said the province?",Business,Sci/Tech
"Virgin Mobile growth prospects disappoint Richard Branson #39;s Virgin Mobile has forecast substantially higher earnings and margins, but disappointing predictions for service revenue",Business,Sci/Tech
"Big Television Remember Neo #39;s dilemma in The Matrix? Morpheus offers him two views of reality, extending a blue pill in his left hand and a red one in his right.",Sci/Tech,Sports
Pakistan down India to ensure top six finish (AFP) AFP - Pakistan defeated arch-rivals India 3-0 here to ensure they stand among the top six in the Olympic men's field hockey competition.,World,Sports
"Colts Lead Pats Early in Third Quarter FOXBORO, Mass. - Peyton Manning reached the 25,000-yard passing mark faster than anyone but Dan Marino, and the Indianapolis Colts shredded the New England Patriots for a 17-13 halftime lead Thursday night...",World,Sports
"Bedding Blip? Go Back to Sleep This is getting old. Every time Hidden Gems selection Select Comfort (Nasdaq: SCSS) gets settled in and ready for a long night #39;s rest full of dreams of two-times-in-three-years capital gains, along",Business,Sports
Senate Republican Unveils Plan for Intelligence The plan would give the proposed national director responsibility for intelligence-gathering of the C.I.A. and the Pentagon.,World,Business
FDA Bans Vioxx And Bextra Critic From Advisory Panel Meeting A drug safety expert says his invitation to participate in a meeting on the risks of arthritis drugs like Vioxx and Bextra has been rescinded by government officials because he publicly expressed concerns about the medications.,Business,World
"Heathrow refuellers to push ahead with strike plans Aircraft refuellers at Heathrow Airport have vowed to push ahead with strike plans this weekend, potentially disrupting flights, after last-ditch pay talks collapsed, their union says.",Business,World
"Briefly: Israel, Egypt and US trade pact Egypt, Israel and the United States have reached an agreement that allows Egyptian industry to sell products using Israeli parts duty free in America.",World,Sci/Tech
"Google targets software giant SEATTLE -- Not too long ago, Google Inc. seemed little more than a pesky insect to Microsoft Corp.'s 800-pound gorilla.",Business,Sci/Tech
"The Discreet Charm of the Very Bourgeois Toy Store? F.A.O. Schwarz may be shuttered and dark, but its catalog is somersaulting back in the direction of well-heeled children and the adults who indulge them.",Business,World
"SBC links e-mail, voice messages, fax SBC on Monday announced a new service that integrates voice messages, faxes and e-mails into a single mailbox that can be accessed from anywhere by phone or the Internet.",Business,Sci/Tech
"Hockey Labor Talks Broken Off TORONTO -- National Hockey League labor talks came to a halt Tuesday after each side rejected the other #39;s proposal. The talks lasted more than three hours, with the league making a one-hour presentation on",Sports,Business
Cops Test Handheld Fingerprint Reader Several Minnesota police departments are field testing a handheld device that scans a suspect's fingerprint and digitally checks it against Minnesota's criminal history and fingerprint database.,Sci/Tech,Sports
"Anil Ambani authorises mother to take decisions on his behalf MUMBAI/NEW DELHI: The stage is set for a family meeting of the Ambanis here on Monday on the ownership issue in the Rs 80,000 crore-Reliance group of industries as Mukesh Ambani returned from the US even as his brother Anil is understood to have",Business,World
"Rogers Wireless Whistles and Fido Responds Its official. Microcell Telecommunications Fido wireless service will be the new dog in Rogers Wireless Communications Canadian kennel, and that puppy wasnt cheap.",Business,Sci/Tech
"Dark arts of spin evident in phoney war for Abbey THE phoney war over the fate of Abbey grinds on. Along the way, on all sides, it is producing its predictable crop of knowing winks and destabilising nudges.",Business,World
"Citrix buying VPN company Net6 for \$50 million BOSTON - Citrix Systems is buying Net6, a privately-held maker of SSL (Secure Socket Layer) VPN (Virtual Private Network) technology, for \$50 million cash, Citrix said Tuesday.",Sci/Tech,Business
"Classmates agrees to \$100M buyout United Online Inc., a California-based provider of low-cost Internet subscription services, has agreed to buy Internet networking company Classmates Online Inc.",Business,Sci/Tech
TSA #39;pat-downs #39; cross the line for some fliers Millions of holiday travelers nationwide are experiencing an all-too-intimate form of security screening that some say amounts to sexual groping - a quot;pat-down quot; by government officials.,Business,World
Cricket: NZ suffer Franklin blow New Zealand bowler James Franklin misses the first Test against Australia with injury.,World,Sports
"Sony Leads MGM Acquisition Entertainment companies had been vying for MGM to get their hands on its library of more than 4,000 titles. Time Warner initially was seen as the front-runner in the race.",Business,Sci/Tech
"Intel doubles cash dividend MANHASSET, NY - Intel Corp. (Santa Clara, Calif.) has taken some lumps this year due to weakening market conditions and several strategic errors, but the semiconductor supplier remains loyal to its shareholders.",Business,Sci/Tech
"First Howard, Now Mel: Karmazin Joins Sirius As CEO Hours after his close associate Howard Stern addressed a teeming crowd about the benefits of Sirius Satellite Radio, former Viacom Chief Operating Officer and President Mel Karmazin announced that he has signed onto the fledgling company as CEO.",Business,Sci/Tech
"Russia May Ratify Kyoto Protocol in Oct. -- Minister (Reuters) Reuters - The Russian government expects\parliament to ratify the Kyoto Protocol this month in a move\allowing the long-delayed climate change treaty to come into\force worldwide, a senior minister said Monday.",Sci/Tech,World
"Genesis Set for Return to Earth Meteors are unpredictable. You never know, not exactly, when one will streak across the sky. Not so on Wednesday, September 8th. At precisely 8:52:46 a.m. Pacific Daylight Time (PDT), northwest of Bend, Oregon, a fireball will appear: a white-hot dot of light, brighter than the planet Venus, gliding across the blue morning sky.",Sci/Tech,Sports
Tennis: Night final for Aus Open The centenary Australian Open will be the first Grand Slam event to stage its final at night.,World,Sports
"Toughest athlete is female and unknown You probably haven't heard about one of the toughest endurance sports around: the deca-ironman. That's 38 km swimming, immediately followed by an 1800 km bicycle ride and a 420 km run. Currently, the world record stands at about 187 hours, held by a German housewife. Nobody else has ever finished the course below 192 hours.",Sci/Tech,Sports
"Dems, GOP: Who's Got the Brains? Well, both do, actually. But there are some discernible differences in brain activity which may just explain why a Democrat sees the world one way, and a Republican sees it another.",Sci/Tech,Business
"Hurricane Ivan again growing in strength, Caribbean islands ... Islanders scrambled to put up storm shutters and buy water as hurricane Ivan churned toward Barbados just days after hurricane Frances tore across the Caribbean and through Florida.",World,Business
"Cambodia passes succession law Cambodia approves a law to choose a new monarch, after King Sihanouk's abdication announcement.",World,Business
"New Siebel Chief Outlines Chapter 2 For CRM Vendor After 10 years of focusing on product development and delivery, CEO Michael Lawrie says Siebel had to recognize that technology is only one part of the CRM equation.",Business,Sci/Tech
Jury calls WTC attack two events Silverstein had hoped the 11-member jury would determine that the language of the insurance policy treated the attacks as two occurrences.,Business,World
"Legendary double for El Guerrouj In a historic 5,000-meter race, Hicham El Guerrouj of Morocco, who won gold at 1,500 meters last week, outkicked Kenenisa Bekele of Ethiopia in",Sports,World
Partner: Free Verisign SSL Certificate Don't miss the opportunity! Obtain a FREE SSL Trial ID today.,Sci/Tech,Sports
Amazon #39;s UK DVD Rentals Might Presage War with Netflix Analysts said Amazon #39;s launch of the DVD rental service in the UK might be to test its approach and streamline the logistically difficult process of handling DVDs through the mail.,Business,Sci/Tech
"Italian PM #39;s transplant confirmed After days of speculation sparked by the white bandanna worn by Mr Berlusconi on holiday in Sardinia, Piero Rosati said the results of the operation would show in a couple of months.",World,Business
"Producer Price Surge Fuels Inflation Fears Producer prices surged 1.7 percent in October, their sharpest monthly increase in nearly 15 years.",World,Business
"Boro left feeling Blue Accepting mediocrity has been part and parcel of following Middlesbrough over the years, yet this campaign was supposed to bring something new.",Sports,Sci/Tech
Analysts See Post-Stern Ripple Effect Howard Stern will leave a very different company than the Infinity Broadcasting he first joined in 1985. The Viacom-owned radio giant started out a,Business,Sci/Tech
"Microsoft open new software development unit in India (AFP) AFP - Microsoft said it will join with India's second-largest software firm, Infosys Technologies, to provide software and consulting to manufacturing, banking and automobile companies.",World,Sci/Tech
"Samsung looks to top 100m unit sales next year (FT.com) FT.com - Samsung Electronics, the world's second-largest mobile phone maker, expects its handset sales to rise 16 per cent next year to more than 100m units.",Sci/Tech,Business
"Trading blows When a can of worms is opened, all manner of slimy things crawl out. So it was when the US government fired the first shots in a fusillade against the European Union - by complaining to the World Trade Organisation",Business,World
GOP to Sue Over 573 Found Wash. Ballots (AP) AP - Republicans prepared a lawsuit Thursday to try to prevent King County from including 573 newly discovered ballots in a hand recount that could erase their gubernatorial candidate's razor-thin margin of victory.,World,Sports
"Women, and the future of IT Interview Professor Wendy Hall talks to The Reg",Sci/Tech,World
"DreamWorks Officer Quits DreamWorks SKG, the studio that created the quot;Shrek #39; #39; films, said yesterday that Helene Hahn would step down as chief operating officer.",Business,Sports
"Venus and Jupiter witnessed in dawn rendezvous WITH no planets on view, and with large areas of the southern sky devoid of bright stars, the evening sky at our star map times may not be the most exciting of the year.",Sci/Tech,Sports
"New York Unveils Last, Best Bid to Gain the Olympics in 2012 Leaders of the NYC2012 committee highlighted New York's advantages in multiculturalism, money and media power.",Sports,Business
"Chicoutimi #39;was seaworthy #39; A submarine left stranded in the Atlantic after a fire was seaworthy when it left the UK, the Canadian navy has said. The second-hand vessel was sold to Canada by the Royal Navy who earlier denied a refit was botched.",World,Business
"China's Lenovo to buy IBM's PC business TOKYO - China's Lenovo Group Ltd. signed a definitive agreement on Wednesday to acquire IBM Corp.'s personal computing division. Lenovo will pay US\$1.25 billion in cash for the business, which is expected to transform it into the world's number three PC maker, the companies announced.",Sci/Tech,Business
"Google Shows It #39;s Only Human Shares of Google slipped after the search engine warned, for the second time in a week, that its fourth-quarter revenue growth rate is likely to slow from previous quarters.",Sci/Tech,Business
"WTO backs Korea in shipbuilding dispute with EU The World Trade Organization has ruled against European Union claims that the Korean government provided illegal subsidies to its shipbuilding industry, the Ministry of Foreign Affairs and Trade said today.",Business,World
"Oracle Fails to Inspire Tech Rally Oracle Corp. handed the software industry some positive earnings news after the bell on Tuesday, but investors pulled cash from the sector on concerns that information technology spending has become anemic.",Business,Sci/Tech
Transport strike hits Netherlands Public transport grinds to a halt in the Netherlands as workers strike against the government's planned welfare cuts.,Business,World
"Hewlett-Packard buys Synstar Palo Alto-based Hewlett-Packard Co. has bought IT services company Synstar plc, of Bracknell, England for about \$293.3 million. Synstar has some 1,500 customers across Europe, selling IT support for various computer platforms.",Business,Sci/Tech
"Regulators Let Cingular Buy AT amp;T Wireless The \$41 billion merger between Cingular Wireless LLC and AT amp;T Wireless Services Inc. won approval from the Federal Communications Commission yesterday, according to federal sources close to",Sci/Tech,Business
"Cambodia #39;s king wants to abdicate Cambodian King Norodom Sihanouk has announced he is too ill to continue and has confirmed he plans to abdicate. Prince Ranariddh, the king #39;s son has traveled to Beijing, where",World,Sports
"Japan Gadget Turns Plants Into Speakers (AP) AP - The therapeutic power of flowers takes on new meaning with a Japanese gadget that turns plants into audio speakers, making the petals and leaves tremble with good vibrations.",Sci/Tech,Sports
"Disgraced Greek Sprinters Drug Tested by WADA ATHENS (Reuters) - Greek sprinters Costas Kenteris and Katerina Thanou have been dope tested by doctors from the World Anti-Doping Agency, an official said Tuesday.",Sports,World
Terror scares hit Australia Australia #39;s frayed nerves were given another jolt yesterday by the discovery of a home-made firebomb on a Virgin Blue airliner and the unrelated arrest of a man accused of threatening terror attacks in Southeast Asia.,World,Sports
"Amazon to Buy Chinese Retailer Joyo.com Internet retailer Amazon.com Inc. said on Thursday that it will buy Joyo.com Ltd., which runs some of China #39;s biggest retail Web sites, for about \$75 million to gain entry into China #39;s fast-growing market.",Sci/Tech,Business
"China move on textile exports gets cautious response The US and the European Union responded cautiously yesterday to China #39;s surprise undertaking to impose duties on some textile exports, a step it said was designed to ensure a quot;smooth",Business,World
"Meet UK #39;s #39;Dr Dolittle #39; of animal behaviour London - Lincoln University in the east of England has appointed Britain #39;s first professor of animal psychiatry, a report said on Tuesday.",Sci/Tech,World
"When Robots Rule the World Well, not the world maybe, but possibly your lawns and kitchens. The use of robots -- especially as domestic help -- is expected to increase sevenfold by 2007, according to the United Nations.",Sci/Tech,World
"Suspect Animal Tested for Mad Cow Disease WASHINGTON (Reuters) - Government scientists are chasing a possible new case of mad cow disease in the United States, with final results on a suspicious slaughtered animal expected in coming days, officials said on Thursday.",Business,World
"FireFox Roars from the Gates Tuesday, November 9, 2004 will likely go down in the history books as the day the browser wars officially started. Obviously things happened before today to get us to the point where there was a real, legitimate",Sci/Tech,Sports
"Americans Have Dirty Paws New report gives them a 'C' for hand hygiene HealthDayNews -- Americans are doing a crummy job of keeping their hands clean. They got a ""C"" in hand hygiene in the 2004 Clean Hands Report Card produced by the Soap and Detergent Association...",Sci/Tech,Sports
"Mexico's 'Fire Volcano' Erupts, No Evacuations Yet (Reuters) Reuters - Mexico's so-called ""Fire\Volcano"" spewed lava, glowing rocks and flames on Friday in an\eruption that authorities said was not yet serious enough to\evacuate nearby villages.",Sci/Tech,World
"Intel drops prices on computer chips SAN FRANCISCO - Intel Corp. has cut prices on its computer chips by as much as 35 percent, though analysts on Monday said the cuts were probably unrelated to swelling inventories of the world #39;s largest chip maker.",Sci/Tech,Business
"SAN FRANCISCO Mission District cyclist blew whistle on flawed lock The triumph last week of the Bic pen over expensive, state-of-the-art steel locks has panicked the bicycling community, and churned Internet rumor mills about how much the lock manufacturer knew and when the company knew it.",Business,Sci/Tech
"Georgia Evolution Dispute Embarrasses Some Atlanta, Nov. 11 - First, Georgia #39;s education chief tried to take the word quot;evolution quot; out of the state #39;s science curriculum.",Sci/Tech,Business
UPDATE 1-Nalbandian suffers Beijing shock Finn Jarkko Nieminen overpowered David Nalbandian 6-2 2-6 6-2 at the China Open on Friday as the seeds continued to tumble in Beijing.,Sports,World
Japan Airlines Sees Profit on Int'l Travel (AP) AP - Japan Airlines Corp. said Friday that it returned to profitability in first half of the fiscal year as international travel picked up from a decline a year ago caused by the war in Iraq and the SARS outbreak in Asia.,World,Business
"Russian rocket carrying Russian-U.S. crew blasts off for space station (Canadian Press) Canadian Press - BAIKONUR, Kazakhstan (AP) - A Russian rocket carrying a new Russian-U.S. crew to the international space station lifted off from the Baikonur cosmodrome Thursday.",World,Sci/Tech
"PeopleSoft Plays Defense The business software maker inks a deal with IBM, but it isn't likely to dissuade Oracle.",Business,Sci/Tech
"Calif. OKs World's Toughest Smog Rules LOS ANGELES - California air regulators Friday unanimously approved the world's most stringent rules to reduce auto emissions that contribute to global warming - a move that could affect car and truck buyers from coast to coast. Under the regulations, the auto industry must cut exhaust from cars and light trucks by 25 percent and from larger trucks and sport utility vehicles by 18 percent...",World,Business
"Mars water tops science honours The discovery that salty, acidic water once flowed across the surface of Mars has topped a list of the 10 key scientific advances of 2004.",World,Sci/Tech
"Parties Allowed to Contact Absentee Voters (AP) AP - Like fishing in a stocked pond instead of an ocean, politicians are trying to catch votes by targeting phone calls and fliers at voters who have already applied for absentee ballots.",World,Sci/Tech
"Nation's cybersecurity chief abruptly quits DHS post Amit Yoran, the government's cybersecurity chief, abruptly resigned yesterday after a year at the Department of Homeland Security, a move that raised questions about the Bush administration's ability to quickly improve cybersecurity.",Sci/Tech,World
Tennis: Davenport to play on Lindsay Davenport says she plans to play in the Australian Open next January.,World,Sports
Large number of station owners can now be paid The US Supreme Court agreed Tuesday to decide which gas station owners can claim refunds from Exxon Mobil Corp. in a \$1.1 billion class-action lawsuit involving alleged fuel overcharges.,Business,Sci/Tech
"Senate Panel Gives NASA Extra Money (AP) AP - NASA would get #36;16.4 billion next year under a bill a Senate committee approved Tuesday, reversing a decision by House lawmakers to cut the space agency's budget below this year's levels.",World,Sci/Tech
"Dropping Hyphen, Some Great Old Stores Become Just Macy #39;s n the not-so-distant past, the names Burdines, Rich #39;s, Goldsmith #39;s, Bon March and Lazarus had a local glory as the emporiums where customers bought their back-to-school clothes and discovered their Mother #39;s Day presents.",Business,Sports
"Cingular to upgrade wireless data network DECEMBER 01, 2004 (REUTERS) - Cingular Wireless LLC, the largest US wireless telephone company, said yesterday that it would upgrade its network next year to handle high-speed data transmissions.",Business,Sci/Tech
"Big Dig Tunnel Is Riddled With Leaks In a burgeoning political and engineering scandal, Boston #39;s gleaming new underground Interstate 93 highway is riddled with hundreds of leaks.",Business,Sci/Tech
"Prediction Unit Helps Forecast Wildfires (AP) AP - It's barely dawn when Mike Fitzpatrick starts his shift with a blur of colorful maps, figures and endless charts, but already he knows what the day will bring. Lightning will strike in places he expects. Winds will pick up, moist places will dry and flames will roar.",Sci/Tech,Sports
Deal has S2io champing at the gigabit OTTAWA -- A local firm that says it can help shrink backup times at large data centres is growing its business thanks to an alliance with Sun Microsystems Inc.,Business,Sci/Tech
Wal-Mart Anchors Windows Media Mall The world #39;s largest software company has teamed with the world #39;s largest retailer to help kick off the latest version of Windows Media Player.,Business,Sci/Tech
Pakistan on back foot in four dayer (AFP) AFP - Pakistan was still struggling at lunch on the second day of their four-day tour match against Western Australia here despite claiming two wickets in the morning session.,World,Sports
"At least five dead in Russia mine blast quot;At 9:45 am (2:45 am British time) we received the signal for a methane blast. At the time, a 45-strong repair team was working in that.",World,Sports
Atlanta police arrest Braves player on DUI charge ATLANTA - An Atlanta Braves player is in the Atlanta Jail today after being arrested on a charge of driving under the influence. Members of the DUI Task Force arrested shortstop Rafael Furcal about 4:20 am,Sports,World
Report Card In The Black Coaches Association gave most of the 28 schools that filled head-coaching jobs in I-A and I-AA football last year above-average marks in its first Hiring Report Card.,Sports,Business
"Sid Meier #39;s Pirates! sets sail The fourth-quarter deluge of top-quality games continued today, with Atari announcing that Sid Meier #39;s Pirates! had shipped to stores.",Sci/Tech,Business
US Hostage Apparently Beheaded (CBS/AP) A video posted on an Islamic Web site Monday shows the apparent beheading of a man identified in the tape as American construction contractor Eugene Armstrong.,World,Sci/Tech
"Let a Thousand Ideas Flower: China Is a New Hotbed of Research In recent years, hundreds of multinational companies have set up research laboratories in China.",Business,Sci/Tech
"Titantic is a treasure to be protected, explorer says Legendary explorer Robert Ballard was nervous this summer as he prepared to return to the Titanic for the first time since he discovered the famous shipwreck nearly two decades ago.",Sci/Tech,Sports
SUVs: Live And Let Die NEW YORK - The newly released traffic crash fatality data have something for everyone in the debate about the safety of sport utility vehicles.,Business,Sci/Tech
"Toy Safety Glance 398,000 Bumble Bee toys distributed by Graco Children #39;s Products. Graco received 26 reports of antennae breaking off the toys, including five reports of children who started to choke on the broken parts.",Business,World
"Karp team won't buy Fan Pier For the second time in less than two months, a prospective buyer of the prime Fan Pier land in South Boston has pulled out of a deal.",Business,Sports
"Israel to close Erez industrial zone before March Israel would start liquidating the Erez industrial zone in the northern Gaza Strip before launching the first stage of the disengagement plan in March 2005,local newspaper Ha #39;aretz reported on Tuesday.",Business,World
"Show lights up Paralympics The XII Paralympics begins in Athens, after a spectacular opening ceremony.",World,Sports
"FaceTime, IMlogic Back Live Communications Server 2005 Hard on the heels of Microsoft announcing that it #39;s taken Live Communications Server 2005 gold, instant messaging management software vendors IMlogic and FaceTime on Tuesday both touted their support for the communication product.",Business,Sci/Tech
"Jordan prince loses succession Jordan #39;s Prince Hamzah says he is conceding to the wish of King Abdullah II to strip him of his crown as heir to the throne. quot;I obey the command of my elder brother out of my loyalty, love",World,Sports
Sole Survivor Making sneakers in America is so yesterday. How can New Balance do it -- and still thrive?,Business,Sci/Tech
"Vodafone begins 3G service Vodafone launches its third-generation services for mobile phones, offering video calls, music downloads and games.",Business,Sci/Tech
"Aids warning over bushmeat trade Meat from African wild animals being sold illegally in the UK is spreading a virus similar to HIV, a leading scientist warns.",Sci/Tech,Business
"Stability Control Systems Can Save Lives (AP) AP - Stability control systems could save up to 7,000 lives each year if they were standard equipment on all vehicles, according to a study by the insurance industry.",World,Sci/Tech
"Supreme Court Asked To Hear File-Sharing Arguments The file-sharing legal battle has moved to the Supreme Court, with a group composed of labor unions, sports leagues and state attorneys general asking for a hearing on a claim brought",Sci/Tech,Business
"Serial HIV Assault Verdict Expected Mon. (AP) AP - A verdict will be announced Monday in the trial of a man charged with intentionally exposing 17 women to HIV, a county judge said.",Sci/Tech,World
"Alltel buys Cingular properties, expands network Little Rock-based Alltel will expand its wireless phone service in Connecticut, Kentucky, Mississippi, Oklahoma and Texas in a \$170 million deal with Cingular Wireless.",Business,Sci/Tech
"PeopleSofts big bash See you next year in Las Vegas , proclaimed a marquee at the PeopleSoft user conference in San Francisco in late September. It was one of many not-so-subtle attempts by the company to reassure its customers",Business,Sci/Tech
Rugby: Kiwis earn draw New Zealand hold Australia 16-16 in the first game of the 2004 Tri-Nations series.,World,Sports
"After the X Prize Just weeks before the historic second flight of SpaceShipOne -- a trip that won him the \$10 million X Prize -- Burt Rutan, the ship's designer and builder, sat down for a chat with Wired magazine. Here's what he said.",Sci/Tech,Business
"US Files WTO Case Against Europe Over Airbus Aid (Update3) The US filed a complaint at the World Trade Organization, arguing that European Union loans to aircraft maker Airbus SAS are an illegal subsidy.",Business,World
Web-based kidney match raises ethics questions A Colorado man who placed a quot;transplant wanted quot; ad on a Massachusetts-based Internet site is expected today to receive a kidney donated by a total stranger who simply wanted to do quot;something big. quot; The transaction marks the first time an organ transplant has been brokered by a commercial web company.,Business,Sci/Tech
Pioneer replaces plasma TV power supplies Certain Pioneer TVs have a faulty power supply. An upgrade is available.,Sci/Tech,Business
"Rats in Mouse #39;s house? Remember John Edwards Two Americas campaign theme? It occurred to me how well that theme fits the corporate world. For proof, look no further than the stockholder lawsuit against Walt Disney Co.",Business,World
"EasyGroup close to launching low-cost mobile phone service (AFP) AFP - EasyGroup, the holding company of no-frills British airline easyJet, is close to striking a deal to launch a low-cost mobile telephone service in Britain, the Financial Times reported.",World,Sci/Tech
"Small changes, big profits Staples Inc. hosted a daylong event last week for analysts who follow the company's stock, laying out plans to keep growing in the immediate future and beyond. Everyone went home smiling.",Business,Sci/Tech
"Times to Scrap Broadsheet Edition The Times is to scrap its broadsheet edition and go tabloid from Monday, it was confirmed today. The decision was made after a trial run of the compact edition proved a success, said editor Robert Thomson.",Sports,Business
"Calif. Voters Back #36;3 Billion Stem Cell Measure (Reuters) Reuters - A controversial California ballot\measure that would fund a decade of stem cell research with #36;3\billion in state money was headed for a resounding victory on\Wednesday, initial returns showed.",Sci/Tech,Business
"Florida, Alabama pick up the pieces after Ivan People in Florida and Alabama have started to clean up after hurricane Ivan - the third such pummelling for Florida alone in just five weeks.",Business,World
CAT and AstraZeneca enter \$175m collaboration AstraZeneca intends to invest over 120m in Cambridge Antibody Technology (CAT) through an innovative five-year research collaboration and a 75m equity,Business,Sci/Tech
"Ispat, LNM, ISG merge to form world's largest steelmaker (AFP) AFP - Dutch steel groups Ispat International and LNM Holdings, both run by Indian businessman Lakshmi Mittal, said they had agreed to merge with US International Steel Group to form the world's largest steelmaker.",World,Business
Hyperion targets broader base New Essbase 7X is intended to draw customers beyond Hyperion's usual corporate-finance crowd.,Sci/Tech,Business
Retailers Looking to Move Plasma TV's (AP) AP - Hanging stockings by the chimney with care? Retailers hope that St. Nicholas soon will be there #151; to hang a 42-inch plasma-screen TV.,Business,Sports
Cambodia plays active role in ASEAN Cambodia has been active and playing an increasingly important role in the Association of Southeast Asian Nations (ASEAN) and regional affairs politically and economically,World,Business
Aisin finishes deal for Michigan land HANDY TOWNSHIP -- A Japanese auto supplier said Thursday it completed the purchase of about 750 acres of Michigan land for a proving ground.,Business,Sci/Tech
Infineon to Pay a Fine in the Fixing Of Chip Prices Federal prosecutors announced on Wednesday that they had cracked a global cartel that had illegally fixed prices of memory chips in personal computers and servers for,Business,Sci/Tech
"Large Gambian Rats Worry Fla. Officials (AP) AP - The Florida Keys, already dealing with invasive exotics from melaleuca to iguanas, have added another to the list of unwanted newcomers: the African Gambian pouch rat.",Sci/Tech,World
"EU increases pressure for rights in Myanmar EU foreign ministers agreed Monday to tighten sanctions against Myanmar if it does not improve its human rights record by Oct. 8, when an EU meeting with Asian countries starts in Vietnam.",Business,World
"Microsoft Readies Next Business IM Server A little over a year after introducing the first version of Office Live Communications Server, Microsoft says it plans to release the next version of its enterprise instant messaging software, in December.",Business,Sci/Tech
"Revenge of the Sith turning DS, PSP, GBA to the dark side Ubisoft and LucasArts are teaming up to bring the adaptation of the third Star Wars prequel to all portables; will be released alongside the game in Spring 2005.",Sci/Tech,Sports
"DreamWorks Moves Shrek 3 to 2007 DreamWorks announced today that it has decided to move its release of Shrek 3 from November 2006 to May, 2007. quot;We believe there are more than a half a dozen strong release windows available annually for our",Business,Sci/Tech
"Card fraud unit nets 36,000 cards In its first two years, the UK's dedicated card fraud unit, has recovered 36,000 stolen cards and 171 arrests - and estimates it saved 65m.",Sci/Tech,Business
Two top Nokia executives resign HELSINKI: Nokia said the respected head of its networks unit had resigned and another top networks official left in the second major departure of top management in two weeks at the world #39;s largest mobile phone maker.,Business,Sci/Tech
FleetCenter to be reunion arena It has all the gossipy intrigue and social awkwardness of seating the still-respected ex-wife and the sexy new girlfriend at the same table for a family wedding.,Sports,World
"Bourses set for losses after Wall St falls (FT.com) FT.com - European equity markets were poised for opening losses on Thursday following a weak session on Wall Street overnight, while caution was likely ahead of results from Nokia, the leading mobile handset maker.",Sci/Tech,Business
"Loss-making Smart 'is not doomed' The head of Smart cars denies rumours that the loss-making firm may be sold, or even closed down, by parent group DaimlerChrysler.",Business,Sci/Tech
"Another homicide in Holland It is a sad day. In what seems to be another politically inspired homicide in Holland, Dutch filmmaker, and controversial columnist Theo van Gogh was brutally murdered in the streets of Amsterdam this morning.",Sci/Tech,Sports
"Rough ride won #39;t stop next X Prize shot The rolling experienced by SpaceShipOne on its first Ansari X Prize flight on Wednesday will not jeopardise the team #39;s chances of winning the \$10 million purse, team members said in a post-flight briefing.",Sci/Tech,Sports
"Japan loses whale trade bid A UN meeting has harpooned a Japanese bid to ease curbs on trade in whale products, but a defiant Tokyo accused the West of quot;cultural imperialism quot; and vowed to press efforts to expand whaling.",World,Business
"Fashionably late What do women want? Luciano Manganella, the owner of the trendy Boston women's boutique JasmineSola, has a pretty good idea. And now after 34 years in business, he's plotting a major expansion.",Business,Sports
"Oracle chairman says can close gap with SAP - report Oracle Corp can close the gap with SAP, the world #39;s biggest software company, after buying US rival PeopleSoft, Oracle #39;s Chairman Jeff Henley said in an interview published on Wednesday.",Business,Sci/Tech
Malaysia expects to resume poultry exports to Singapore soon By Channel NewsAsia #39;s Malaysia Correspondent Melissa Goh. KUALA LUMPUR : Malaysia expects to resume export of poultry and eggs from two states to Singapore by the end of this month but only after meeting conditions set by the island.,World,Business
Wonkette: Blogs force quick action from major media Plus: Row brewing over peer-to-peer ads. News.com Extra,Sci/Tech,Sports
"Strong Server, PC Sales Boost Microsoft Revenue The company's earnings beat Wall Street expectations.",Sci/Tech,Business
"Michigan regulators allow SBC to charge more for use of its ... State regulators unanimously voted Tuesday to allow SBC Communications Inc. to charge competitors more to use its network, but it was unclear when, or if, that increase would be felt",Business,Sci/Tech
"Astronaut #39;s kudos to Rutan I applaud Burt Rutan and the SpaceShipOne team for their miraculous achievement of winning the Ansari X Prize. As an astronaut, I understand well the challenges they faced in reaching suborbital space.",Sci/Tech,Sports
It #39;s Time for Tech Firms to Bet on Growth Industry leaders have been offering too few innovations and too many marginal upgradesat not-so-marginal prices. There #39;s a joke going around that our lives have become so boring that we #39;ve taken up watching people play cards on TV.,Sci/Tech,Business
WTO rules against US gambling laws The World Trade Organization says the US ban on cross-border gambling violates international trade laws; the United States said it would appeal.,Business,Sci/Tech
"Cape Town F1 bid And they plan to build a multi-million-dollar race track here for the event, an official said today. quot;The plans for the bid are far advanced.",Sports,Business
"Cingular to Cut About 7,000 Jobs (Reuters) Reuters - Cingular Wireless will cut about 7,000\jobs, or 10 percent of its work force, to cut costs as it\integrates recently purchased AT T Wireless, the company said\on Tuesday.",Sci/Tech,Business
"Flat-screen TV But the booming demand isn #39;t proving profitable for the companies that make the high-resolution video panels. For electronics retailers, it will be the holiday season of the flat-screen TV.",Sci/Tech,Business
"EU Clears Flextronics Purchase of Units (AP) AP - European Union regulators Friday cleared Singapore's Flextronics International Ltd., the world's largest contract electronics manufacturer, to acquire factories from Canada's Nortel Networks Corp.",World,Business
"The Newest Hope ; Marriage of Necessity Just Might Work Out NEW YORK - The TV lights were on, the cameras rolled and the symphony of cameras flashing in his face blinded Pedro Martinez - but not for long.",Sports,Business
"Red Hat replaces CFO Red Hat on Thursday named Charles Peters Jr. as executive vice president and chief financial officer. Peters replaces Kevin Thompson, who unexpectedly announced his resignation in June, a few days before the",Business,Sci/Tech
"China's inflation rate slows sharply but problems remain (AFP) AFP - China's inflation rate eased sharply in October as government efforts to cool the economy began to really bite, with food prices, one of the main culprits, showing some signs of slowing, official data showed.",World,Business
Employees from 10 hotels locked out The San Francisco Multi-Employer Group announced this morning that it has locked out UNITE HERE Local 2 employees from 10 hotels and staffed the vacated positions with replacement workers.,Business,Sci/Tech
"Cricket swings to Calypso once again From the time you touch down in the British Isles, you get an overwhelming sense of grey. The skies are almost always leaden, the clothes people wear are generally either black or neutral shades guaranteed",Sports,World
ROCASTLE OFFERS SUPPORT TO NOVO Hibernian midfielder Craig Rocastle has promised to back Rangers striker Nacho Novo if he decides to appeal against the red card he picked up at Easter Road.,Sports,Sci/Tech
"Cingular to Reduce Work Force by Roughly 10 Percent, CEO Says Cingular Wireless LLC, the nation's largest cell phone company, will cut about 10 percent of its 68,000 jobs over the next 12 to 18 months as it combines operations with the recently acquired AT T Wireless, Cingular's chief executive said Tuesday.",Sci/Tech,Business
"Netflix, TiVo sign VoD alliance Netflix, the online DVD rental company, and TiVo yesterday said they will work together to deliver movies digitally down the wires, presumably specifically to the latter #39;s PVR equipment.",Business,Sci/Tech
"UPDATE 1-BMW, Honda drop challenge to F1 rules Carmakers BMW and Honda have dropped plans to challenge Formula One #39;s governing body over engine rules for 2006 after deciding that legal action would be bad for motor racing.",Sports,Sci/Tech
"Colombia back in business, needs reforms-Uribe Colombia is back in business and the Andean country has ample room for growth backed by aggressive and transparent government policies but with some challenges",Business,World
"Lego, Carrefour in French Price-Fix Probe (AP) AP - French competition authorities are investigating Danish toy maker Lego Systems AS and supermarket retailer Carrefour SA as part of a probe into alleged price fixing in the French toy market in 2002 and early 2003.",Business,Sci/Tech
UPDATE 3-Clarke cracks debut 151 as India collapse Michael Clarke hit a sparkling 151 on his debut and a revitalised Glenn McGrath then ripped the heart out of India #39;s batting as Australia took command of the first test on Thursday.,Sports,Business
Stanley set sights on Elland Road for casino Stanley Leisure plc has announced a Stanley Casinos Limited plan to develop a casino complex on land adjacent to Leeds United #39;s Elland Road stadium.,Business,Sports
White House Shifts Its Focus on Climate The administration issued a report indicating that emissions of carbon dioxide and other heat-trapping gases were the only likely explanation for global warming.,Sci/Tech,Business
"The Rippling Pain from Vioxx Prescription-drug recalls aren #39;t common, and they #39;re almost always controversial. Now that Merck (MRK ) is voluntarily withdrawing its Vioxx pain medication around the world, due to a heightened risk of cardiovascular",Business,Sports
"Intel planning Centrino-like brand for desktops Intel is preparing a marketing strategy that will brand desktop PCs with a similar label that made its Centrino notebook technology a household name, according to sources familiar with the company's plans.",Business,Sci/Tech
No ticket matched all four numbers and the MegaBall in Friday #39;s ... No ticket matched all four numbers and the MegaBall in Friday #39;s Mega Money drawing of the Florida Lottery. The numbers drawn were 10-18-19-22; the Megaball was 6. Twelve tickets matched four of the numbers,Business,Sports
"Mobile phone sales hit second-quarter record: Gartner (AFP) AFP - Global sales of mobile telephones hit a record 156 million in the second quarter, a study published by the US research group Gartner showed.",Sci/Tech,Business
"FDA Orders Strong Antidepressant Warning Labels By DIEDTRA HENDERSON WASHINGTON (AP) -- The Food and Drug Administration on Friday ordered that all antidepressants carry ""black box"" warnings that they ""increase the risk of suicidal thinking and behavior"" in children who take them. Patients and their parents will be given medication guides that include the warning with each new prescription or refill...",Sci/Tech,World
India launches rural aid project India launches a \$445m food-for-work programme aimed at tackling hunger in poor rural areas.,World,Sci/Tech
"Official: MLB to Move Expos to Washington WASHINGTON - Major League Baseball will announce Wednesday that Washington will be the new home of the Montreal Expos, bringing the national pastime back to the nation's capital for the first time in 33 years, The Associated Press has learned. A city official, speaking on condition of anonymity, said Washington has been notified by Major League Baseball of the impending announcement...",World,Sports
"Google puts desktop search privacy up front Google has announced a new desktop search application that enables users to search their e-mail, files, web history, and chats. Perhaps learning from previous mistakes, Google says it has designed the product quot;from the ground up to respect user privacy.",Business,Sci/Tech
"Strikes at London airports London - A 48-hour strike by aircraft refuellers at London Heathrow airport got under way on Friday, with baggage handlers at Gatwick airport also preparing to walk out, threatening a weekend of travel disruptions.",Business,World
Football: Azerbaijan 0-1 England Michael Owen heads England's winner in the World Cup qualifier against Azerbaijan.,World,Sports
"Study: Few Americans Buy Drugs Online NEW YORK - Only 4 percent of Americans have ever used the Internet to buy prescription drugs - and even fewer do so through foreign pharmacies - despite Web sites maintained by a handful of states to help citizens import medicines more cheaply from Canada, a new study finds. A majority - 62 percent - believe drugs bought online are less safe than those purchased from a local pharmacy, accepting the federal government's stated concerns in opposing drug imports, the Pew Internet and American Life Project said in a report Sunday...",World,Sci/Tech
"Grand Jury Adds to HealthSouth Charges Federal prosecutors yesterday announced new perjury and obstruction-of-justice charges against HealthSouth Corp. founder Richard M. Scrushy, accusing the former chief executive of the rehabilitation",Business,Sci/Tech
"Mobile phone sales to beat fixed lines in 2004: report (AFP) AFP - Mobile phones are expected to generate more money this year than traditional fixed-line services for the first time due to surging demand in developing countries such as China, India and Russia, an annual industry report said.",Sci/Tech,Business
"Coke plans new push into energy niche In January, Coke plans to introduce an energy drink called Full Throttle. Coke hopes it will be a better competitor than an earlier entry, the slow-selling KMX.",Business,Sci/Tech
"Fujitsu Siemens profit grows 60 percent Fujitsu Siemens Computers (Holding) BV, Europe #39;s largest remaining computer manufacturer, posted a 60 percent leap in profit for the first half of its fiscal year on higher sales of laptops and servers to business customers, the company said Wednesday.",Sci/Tech,Business
"Unisys to lay off 1,400 workers Unisys Corp. plans to cut 1,400 jobs, primarily in general and administrative areas, and consolidate its office space worldwide, it announced Wednesday. The cuts represent 3.8 percent of the company's staff of 37,000.",Sci/Tech,Business
Fan Death Family members of a college student killed by Boston police during a Red Sox celebration will wait for an internal investigation before deciding if they will sue the department.,Sports,World
Rumors Suggest Photo Ability To Be Added to iPod quot;Apple has invested heavily in technology to edit pictures. Not having a portable device to show them seemed an obvious oversight that would be corrected once the price of the displays,Business,Sci/Tech
"DreamWorks Animation IPO Set at 29M Shares Underwriters for DreamWorks Animation SKG Inc., producer of the blockbuster ""Shrek"" movies, Tuesday set the terms of the company's pending initial public offering at 29 million common shares, with an estimated price range of \$23 to \$25 a share.",Sci/Tech,Business
"Franklin claims a test hat-trick DHAKA, Bangladesh -- James Franklin became the second New Zealander to take a test hat-trick, on the second day of the first test against Bangladesh in Dhaka.",Sports,Business
"Still no beef resolution after latest talks NEW YORK, (Aug. 30, 2004) - Cattle farmers and haulers finally looking for a quick end to a 15-month ban on live cattle exports to the US are out of luck after Canadian Agriculture Minister Andy Mitchell",Business,World
"Bridges Loom as Cash Cow That Nobody Dares to Milk There they stand, glinting in the sun, hanging off the shore of Manhattan like fruit-laden branches of a money tree: The free bridges over the East River to Brooklyn and Queens.",Business,Sci/Tech
"Gas prices up 5 cents after Hurricane Ivan CAMARILLO, Calif. - Gas prices jumped more than 5 cents a gallon in the past two weeks, largely because of supply problems related to Hurricane Ivan, an industry analyst said.",Sci/Tech,Business
"Redskins Loss - Bad News for Bush, Great for Kerry The Washington Redskins lost their final home football game before the US presidential election on Sunday -- and that #39;s great news for Democratic Sen. John Kerry and bad news for President Bush.",Sports,World
"Toy Safety Report Released checking for them by hand before buying -- because children could choke on them, consumer advocates said in an annual warning on toy safety.",Business,World
"Bryant Prosecutors Say Some Data Tainted DENVER - Crucial DNA evidence tested by defense experts in the Kobe Bryant sexual assault case might have been contaminated, prosecutors said in a court filing released Wednesday, just two days before jury selection is to begin. Prosecutors said they had found contamination in DNA ""control"" samples intended to ensure testing was accurate...",World,Sci/Tech
Spawn of X Prize on Horizon Innovators take note: The folks behind the X Prize vow there will soon be more competitions in several disciplines. Also: The da Vinci team presses ahead in Canada.... Rubicon team plans another launch attempt. By Dan Brekke.,Sci/Tech,Sports
Coalition asks US Congress to kill copyright bill WASHINGTON - A coalition of technology and advocacy groups on Friday asked the U.S. Senate to kill copyright legislation that might result in jail time for people who trade copyrighted files online.,Sci/Tech,World
"Immunity in Ebbers Case Opposed in U.S. Filing NEW YORK, Sept. 29 -- Federal prosecutors told a judge in a filing late Tuesday night that they have evidence that former WorldCom Inc. chief executive Bernard J. Ebbers knew company officials had improperly tinkered with the telecommunications firm's accounting to boost its publicly reported profits.",Sci/Tech,Business
"Google Lowers Its IPO Price Range SAN JOSE, Calif. - In a sign that Google Inc.'s initial public offering isn't as popular as expected, the company lowered its estimated price range to between \$85 and \$95 per share, down from the earlier prediction of \$108 and \$135 per share...",World,Business
"Prosecutor Explains Why Spammer Sent to Slammer During my opening statement, I explained to the jury that sending spam by itself is not a crime, but when you masquerade your identity, you violate Virginia #39;s law that took effect in July 2003.",Sci/Tech,Sports
"Bidding is hot for hotel eyed for condos The Doubletree Guest Suites Hotel in Allston is for sale, and its great views of the Charles River may soon be owned instead of rented nightly.",Business,Sports
Job-Loss Panic Rises in Western Europe (AP) AP - Stephane Zervos first suspected his job was threatened when his bosses removed most of the heavy equipment from the car wheel factory where he'd worked for 24 years.,World,Sports
"Renault unveils investment plan for Asian hub in South Korea (AFP) AFP - French auto giant Renault SA said it will invest some 570 million dollars in South Korea over the next three years as part of its global strategy to become a key player in Asia, notably China.",World,Business
"Pricey Drug Trials Turn Up Few New Blockbusters The \$500 billion drug industry is stumbling badly in its core business of finding new medicines, while aggressively marketing existing drugs.",World,Sci/Tech
"Stocks Close Higher on Brokerage Earnings NEW YORK - Stocks dashed higher Tuesday as investors welcomed strong earnings from financial services companies, upbeat economic data and some reassuring news from the Federal Reserve. The Fed's decision to raise short-term interest rates by another quarter-percentage point to 1.75 percent did not come as a surprise to the market...",World,Business
"SpaceShipOne Wins X Prize Scaled Composites #39; SpaceShipOne broke the 100-km barrier for the second time, satisfying the conditions to win the \$10 million X Prize.",Sci/Tech,Sports
"Douglas, Fraser, and blue await you Jim McLeod has a great day job, but a seasonal sideline is his #39; #39;tree #39; #39; calling. Throughout the year, he #39;s president and owner of a software company called InfoCode Corp.",Business,Sci/Tech
"Nintendo to Unveil Handheld Upgrade Facing its biggest threat ever from the arrival of Sony Corp. in the portable video-game machine market, Japanese game-maker Nintendo Co.",Business,Sci/Tech
Bush vows to cut deficit President Bush pledged yesterday to work with Congress to reduce the government #39;s huge budget deficit as a key step in assuring the world that his administration supports a strong dollar.,Business,World
"Toys Will Be Toys Trust me, you don #39;t want to see desperate parents shopping over the holidays. I was at Circuit City (NYSE: CC) last week and saw a mother pleading with a sales clerk for a Nintendo DS portable video game system.",Sci/Tech,Business
"Cloud rat arrives at London Zoo London zoo celebrates the birth of a Panay cloud rat, a very rare tree-living rodent from the Philippines.",Sci/Tech,Sports
"Thai minister says zoo #39;s illegal orangutans to be moved JAKARTA/BANGKOK (DPA): Thailand, under growing pressure to repatriate some 100 orangutans allegedly smuggled into the country from Indonesia, plans to shift the apes from a private zoo to a safe centre, probably in Chiang Mai, a minister said on Thursday.",Sci/Tech,World
"Nothing Robotic About Robo-Art The ArtBots show in New York this past weekend proved that robots can wax artistic, too -- or at least carry out the instructions of their artistic creators. Cyrus Farivar reports from New York.",Sci/Tech,World
webcrawler: A9.com is cool NOW heres something else thats off the mind. Theres no more need to make mental or computer notes while searching the Internet.,Business,Sci/Tech
"Number of Kids on Antidepressants Drops Dramatically NEW YORK (AP) -- The number of children taking antidepressants has dropped dramatically since the Food and Drug Administration cautioned that the drugs can provoke suicidal behavior, according to a study. Pharmacy benefit manager Medco Health Solutions found that the number of children taking antidepressants fell 18 percent in the first quarter and an additional 5 percent in the second quarter...",Sci/Tech,World
"Virgin dips its toe into the Pacific SIR Richard Branson did not disappoint with his stunts yesterday, flying into Sydney to promote his international airline Virgin Atlantic.",Business,Sci/Tech
"Feds kick off digital TV consumer campaign WASHINGTON - It #39;s one of the biggest technical changes in television since color TV: the digital transition. And because many Americans remain in the dark about it, federal regulators began an education campaign Monday to enlighten them.",Business,Sci/Tech
"Kenyan Laureate Urges Rich Nations to Ratify Kyoto (Reuters) Reuters - Kenya's Nobel Peace Prize winner,\Wangari Maathai, on Monday urged wealthy nations to ratify the\Kyoto protocol on climate change to ease the burden of\pollution on poor countries.",Sci/Tech,World
"Ecuadorean Lawsuit Vs Texaco Boils Down to Science (Reuters) Reuters - After a decade\of court battles, lawyers on Wednesday took a lawsuit by\Ecuadorean Indians accusing U.S. oil firm ChevronTexaco Corp..\of polluting the Amazon jungle into the field.",Sci/Tech,Business
Bangkok animal trade talks open The rules controlling the trade in many at-risk wildlife species may change at a Bangkok meeting starting on Saturday. The 166 member states of the Convention on International Trade in Endangered Species of,World,Sci/Tech
"Zimbabwe do England a favour Zimbabwe have been English cricket #39;s bte noir over the past year but here yesterday, they did them a huge favour in the Champions Trophy, despite losing to Sri Lanka by four",Sports,World
Is Mad Cow Disease Back? Reuters is reporting that the US Department of Agriculture (USDA) has a possible second case of mad cow disease in the United States.,Business,World
"103 arrests for Internet fraud, related crimes since June: US (AFP) AFP - US authorities arrested at least 103 suspects and filed 117 criminal complaints since June 1 in a crackdown on various forms of online fraud, Attorney General John Ashcroft said.",Sci/Tech,World
"SpaceShipOne's 2nd Shot at X Prize Slated for Monday (SPACE.com) SPACE.com - The second attempt by the rocketplane SpaceShipOne to soar into space and snag \ the #36;10 million Ansari X Prize is planned for Monday, officials announced last \ night.",Sci/Tech,Business
"Saturday Essay When in his mid-50s, immigrant Andrew Carnegie sold his steel holdings into a trust headed by JP Morgan in 1901, the Scottish immigrant and former cotton factory bobbin boy left a life of astounding, ground-up capitalism for retirement into philanthropy.",Business,Sports
"Nortel financial filings could be delayed into 2005 Less than a week after it launched a media blitz to boost its image, Nortel Networks Ltd. postponed yet again the release of its financial statements, underlining the company #39;s challenges to steer out of the",Business,Sci/Tech
"California Official Rules on Gay Marriage SAN FRANCISCO - California's constitution permits laws against gay marriage, the state's attorney general declared Friday in a long-awaited legal opinion that sought to avoid offending either side of the debate. While acknowledging that ""committed and loving relationships between two individuals deserve recognition under California law,"" Attorney General Bill Lockyer said it was up to the voters or the Legislature to decide questions about whether gay couples should be allowed to marry...",World,Business
Safety Group Closely Echoes Rail Industry Documents show that the nation's most influential rail-safety group is tightly bound to the railroad industry.,World,Business
"Greenspan: Debt, home prices not dangerous The record level of debt carried by American households and soaring home prices do not appear to represent serious threats to the US economy, Federal Reserve Chairman Alan Greenspan said Tuesday.",Sci/Tech,Business
"Supreme Court to Review Inmate Freedom Law (AP) AP - The Supreme Court agreed Tuesday to consider the constitutionality of a federal law that requires state prisons to accommodate inmate religions, from Christianity to Satanism.",World,Sci/Tech
"Oil Surges to New Intraday High in Europe (AP) AP - The price of crude oil surged to a new intraday high of US #36;53.42 in European trade Monday, despite assurances from Middle East oil producers that they were committed to bringing the price down as a strike began in Africa's largest exporter.",World,Business
Drug makers target counterfeits Big pharmaceutical companies are testing new tracking technology they hope will help them spot counterfeit drugs before they reach consumers' medicine cabinets.,Business,Sci/Tech
"USC, Miami Top BCS Standings, Not Okla. Southern California took the top spot Monday in the season's first Bowl Championship Series standings, and surprisingly Miami is ahead of Oklahoma in a close race for the second spot. Oklahoma is No...",World,Sports
"A Check on Bad Banking Habits Are you used to getting a fat envelope from your bank with all your canceled checks? Well, soon those checks may not be in the mail.",Business,Sci/Tech
"SKorea's Samsung to invest 24 billion dollars in new chip lines (AFP) AFP - South Korea's Samsung Electronics Co., the world's largest memory chipmaker, said it would invest some 24 billion dollars in building new chip production lines over the next six years.",World,Business
"Nations Use Net to Spy, Plot Attacks Ex-Bush Aide (Reuters) Reuters - The world's most advanced\military powers are using the Internet to spy on their enemies\and prepare digital attacks against rogue targets, a leading\cyber security expert said on Friday.",Sci/Tech,World
"Freescale Unveils Dual-Core PowerPC Freescale Semiconductor Inc. took some of the wraps off of its dual-core microprocessor design, which the company said would be tailored to embedded applications.",Sci/Tech,Business
"Cray promotes two execs Ly-Huong Pham becomes the supercomputer maker's senior vice president of operations, and Peter Ungaro is made senior vice president for sales, marketing and services.",Sci/Tech,World
"Gordon Cooper, NASA Mercury Pioneer, Dies LOS ANGELES - Gordon Cooper, who was the youngest and perhaps cockiest member of the original Mercury astronauts and set the space endurance record that helped clear the way for the first moon landing, has died. He was 77...",World,Sci/Tech
"Indonesia May Prosecute Newmont Mining (AP) AP - Indonesia is proceeding with plans to prosecute U.S.-based Newmont Mining for allegedly polluting a bay in central Indonesia, accusing the company Wednesday of giving investigators incomplete information about its waste disposal method.",World,Sci/Tech
10 O'Clock News goes interactive BBC One's 10 O'Clock News is launching the first interactive news television bulletin on Tuesday.,Sci/Tech,Business
"Automakers sue California over emissions FRESNO, Calif. -- Automobile manufacturers sued on Tuesday to block the world #39;s toughest vehicle emissions standards, adopted by California regulators in September to cut greenhouse gases.",Business,Sci/Tech
"Milosevic Startled: No Applause It was to have been Slobodan Milosevic #39;s day of dignity, the day on which the former Serbian leader would, with certain drama, lay out his defense strategy in his trial",World,Sports
"Game Daze: #39;Grand Theft Auto: San Andreas, #39; #39;Midway Arcade ... It #39;s violent. It #39;s profane and politically incorrect. It #39;s packed wall to wall with tough thugs doing terrible things.",Sci/Tech,Sports
"Internet pioneer closes Manitoba pharmacy; blames dollar, uncertain climate (Canadian Press) Canadian Press - WINNIPEG (CP) - Just one year ago, Mark Rzepka was opening a #36;1-million Internet pharmacy in the small Manitoba town of Niverville believing he would be able to quadruple his staff within 12 months.",World,Business
"The Kid Stays in His Home, Dressed in PJ's, With a Live Mike Robert Evans, the fabled Hollywood producer and man about town, will be enjoying his latest gig, as a satellite radio talk-show host, from the comfort of his home.",Sci/Tech,Business
"It's Inauguration Time Again, and Access Still Has Its Price President Bush's inaugural committee, seeking to raise more than \$40 million, a record, sent out hundreds of solicitations.",World,Business
Update: PeopleSoft board won't negotiate Oracle takeover PeopleSoft executives said over the weekend that they won't discuss a sale to Oracle at a price of \$24 per share but would consider an offer at a higher price.,Sci/Tech,Business
Cellphone Industry Hits Snag as It Woos Untapped Market The mobile phone industry is turning its attention to the last untapped demographic - people over 65.,World,Sci/Tech
We have to learn to be patient on Indian pitches: Smith (AFP) AFP - South African skipper Graeme Smith said his team had to learn to be patient on slow pitches if they hoped to do well in an upcoming two-Test series against India.,World,Sports
VoIP becomes new option Jackson is one of the first to take advantage of Time Warner Cable #39;s new venture into Voice over Internet Provider (VoIP) telephone service here and she says it works great.,Business,Sci/Tech
"Labor: Anti-Peres meetings scheduled for Sunday Labor members have scheduled two #39;rebel #39; anti-Peres conferences for Sunday, one to be headed by MK Matan Vilnai and the second by MK Binyamin Ben-Eliezer.",World,Sports
"Cingular, AT amp;T deal gets an OK from Justice (USATODAY.com) USATODAY.com - Justice Department antitrust regulators cleared the way Monday for Cingular Wireless' #36;41 billion acquisition of AT amp;T Wireless Services (AWE), a crucial step toward creating the nation's largest wireless telephone company.",Sci/Tech,Business
Tremor shook Japan At least 14 people sustained injuries when a strong earthquake with a preliminary magnitude of 7.1 hit a sparsely populated area of Japan #39;s northernmost main island of Hokkaido.,World,Business
"Social Security Reform a Boon for Funds? NEW YORK (Reuters) - The bonanza many believe President Bush has handed the mutual fund industry with his plans to reform Social Security may be a mirage, industry leaders said on Friday.",Business,World
"Embattled Mortgage Giant Agrees to Meet New Standards Fannie Mae agreed to keep more cash on hand while it corrects accounting problems, a U.S. regulator said.",World,Business
"Court Weighs Legal Rights of Mich. Poor (AP) AP - With backing from two-fifths of all states, Michigan asked the Supreme Court on Monday to whether a state can refuse to pay for appeals by indigent defendants who plead guilty to crimes.",World,Sports
"Gold Indian Coin Expected to Fetch #36;27,000 (Reuters) Reuters - An Indian gold coin which is nearly\1,900 years old and shows one of the earliest depictions of\Buddha is to be sold at auction where it is expected to fetch\up to 15,000 pounds ( #36;27,000).",Sci/Tech,World
"Belarus Bank Denies Money Laundering Charge A bank in Belarus has denied US charges that it laundered money for former Iraqi leader Saddam Hussein. Infobank, in a statement, said it has strictly followed international agreements related to the fight against illegal transactions.",Business,World
Harry Flies Home after #39;Kidnap Plot #39; Claims Prince Harry flew back to the UK from Argentina today amid reports of a plot to kidnap him. Local media said that gunshots had been heard at a polo ranch where he was working.,World,Business
"Delta #39;s Aborted Crash Landing If you #39;ve ever been in an airplane that has to abort a landing, you know that it is a completely hair-raising, disorienting experience.",Business,Sports
"Georgian president calls for international conference on South Ossetia TBILISI, Georgia Georgian President Mikhail Saakashvili appealed to world leaders Tuesday to convene an international conference on the conflict in breakaway South Ossetia, where daily exchanges of gunfire threaten to spark ...",World,Sci/Tech
"Ford underlines committed to motorsport. Despite confirming the successful sale of both Jaguar Racing and its Cosworth engine company to new owners, Ford Motor Company has stressed that it remains committed to supporting motorsport at all levels.",Sports,Business
