text,Actual Class,Predicted Class
"Paris Tourists Search for Key to 'Da Vinci Code' (Reuters) Reuters - A funny thing happened on the way to the\Mona Lisa. Visitors to the Louvre museum in Paris, home of the\world's most famous painting, started quizzing tour guides\about Dan Brown's best-selling novel ""The Da Vinci Code.""",World,Sci/Tech
"Profit Plunges at International Game Tech International Game Technology, the world #39;s biggest maker of slot machines, Tuesday said said profit for its latest quarter fell 50 percent from a year ago due to a charge for early redemption of debt and a tax adjustment.",Business,Sci/Tech
Chavez rejects CD as opposition Venezuela #39;s President Hugo Chavez has announced that he will no longer recognize the Democratic Coordination or CD as the opposition coalition.,Business,World
"General Mills goes whole grains NEW YORK (CNN/Money) - General Mills announced plans Thursday to start using healthier whole grains in all of its ready-to-eat cereals, including children #39;s cereals such as Trix, Cocoa Puffs and Lucky Charms.",Business,Sci/Tech
"Big merger could box Qwest in Qwest Communications may not be immediately affected by a Sprint-Nextel merger, but its options could become more limited. At one time, Qwest and Sprint were viewed as possible merger partners.",Business,Sci/Tech
United Apology over Website Abuse Manchester United have been forced to issue an embarrassing apology to Liverpool for an ill-advised attack on the Anfield outfit on its own website.,Sports,World
"Clouds darken PeopleSoft conference SAN FRANCISCO -- PeopleSoft Inc. is trying to create a party-like atmosphere at its annual customer conference, but this week's gathering may feel more like a wake with rival Oracle Corp.'s \$7.7 billion takeover bid looming larger than ever.",Business,Sci/Tech
"Oracle Quarterly Net Income Rises 16 Pct Oracle Corp. (ORCL.O: Quote, Profile, Research) on Tuesday reported a 16 percent rise in quarterly net income as the world #39;s second largest software company benefited",Business,Sci/Tech
"Selling Houston Warts and All, Especially Warts Descriptions of urban afflictions and images of giant mosquitoes and cockroaches to convey a sense of how Houston is nevertheless beloved by many residents.",Business,World
"Deacons Defeat Friars Justin Gray leads Wake Forest with 21 points despite suffering a gashed face as the top-ranked Demon Deacons beat Providence, 79-67.",Sports,Sci/Tech
"Ramirez should be taking it to heart When it comes down to this, when it's worse than you could have possibly imagined, if you are any kind of ballplayer at all, you look within and ask yourself what you can do to make it better.",Sports,Sci/Tech
"Court Won't Halt Arch Coal's Triton Bid (Reuters) Reuters - A U.S. appeals court ruled on Friday\that Arch Coal Inc. (ACI.N) may proceed with its bid to buy the\assets of rival Triton Coal Co. LLC, denying an emergency\request by the Federal Trade Commission to block the deal, a\spokesman for the agency said.",Business,Sci/Tech
"US Says No Plans to Sign New Climate Change Pacts (Reuters) Reuters - The United States, considered an\environmental laggard by its critics, is unlikely to sign any\new pacts on climate change at a key environmental meeting this\month, a senior U.S. official said on Thursday.",Sci/Tech,Business
"Nike co-founder stepping down president effective December 28 after more than a year-long search. Knight, 66, who also will give up his title of president,. chairman, quot; Knight said in a statement on Thursday.",Business,World
"Google #39;s New PC Search Tool Poses Risks NEW YORK Oct. 18, 2004 - People who use public or workplace computers for e-mail, instant messaging and Web searching have a new privacy risk to worry about: Google #39;s free new tool that indexes a PC #39;s contents for quickly locating data.",Business,Sci/Tech
"At Last, Success on the Road for Lions The Detroit Lions went three full seasons without winning an away game, setting an NFL record for road futility. They ended that ignominious streak Sunday in their first opportunity of the season, beating the Chicago Bears 20-16 at Soldier Field...",World,Sports
"California employee pension fund tenders PeopleSoft shares to ... NOVEMBER 19, 2004 (IDG NEWS SERVICE) - The California Employees #39; Retirement System (Calpers) is tendering its 1.5 million PeopleSoft Inc.",Business,Sci/Tech
"Cablevision Narrows Loss on Revenue Surge Cablevision Systems Corp. on Tuesday said it narrowed its third-quarter loss as revenue jumped 20 percent, buoyed by subscriber growth.",Business,Sci/Tech
"Signing of Teenage Racer Raises Questions (AP) AP - Next October, Chase Austin will finally be old enough to drive to the grocery store by himself. By then, though, he'll also have a full season of stock car racing under his belt.",Sports,World
Keep It in the Family The IRS is gunning for your inherited IRA. Follow these steps to avoid costly penalties.,Business,Sci/Tech
The Next Giant Leap Rendezvous quot; for the docking techniques he developed while at MIT earning his PhD in astronautics. Lessig: Technology over ideology!,Sci/Tech,Sports
"Thailand Shows No Easy War Against Wildlife Crime (Reuters) Reuters - With an AK-47 assault rifle slung over\his shoulder, Sompong Prajobjan roamed one of Thailand's lush\national parks for more than a decade.",Sci/Tech,World
"DaimlerChrysler, GM to team up on hybrid engines General Motors and DaimlerChrysler say they #39;re teaming up to develop hybrid technology for use in their vehicles. The two giant automakers say they have signed a memorandum of understanding.",Business,Sports
FA Plan New United-Arsenal Talks The Football Association are set to wait until after the conclusion of any disciplinary action against Arsene Wenger before trying to broker a peace summit between Arsenal and Manchester United.,Sports,World
"Hundreds mourn loss of student killed by police during Red Sox ... As hundreds of mourners paid their final respects Tuesday to Victoria Snelgrove, her pastor denounced the raucous fans who prompted police to fire the pepper-spray pellet that killed the college student.",Sports,World
Communist Party seeks to win back people #39;s support THE Chinese Communist Party (CCP) has read the writing on the wall and is out to shore up its moral right to keep ruling the country.,World,Business
"Gap, Wild Planet Get Together on Radio Sweatshirt NEW YORK (Reuters) - Wild Planet, a toy maker known for its spy gear and adventure gadgets, said on Wednesday it was teaming up with clothing retailer Gap Inc GPS.N to sell sweatshirts with FM radios built in at GapKids stores.",Sci/Tech,Business
"Florida Election Supervisors Back Reforms (AP) AP - Florida's 67 county elections supervisors proposed dramatic reforms, including replacing Election Day with 11 days of voting and doing away with voting precincts.",World,Sci/Tech
Megawati kicks off 36th ASEAN economic meeting JAKARTA (Agencies): President Megawati Soekarnoputri opened high-level economic talks between members of the Association of Southeast Asian Nations (ASEAN) on Friday with a warning to ASEAN leaders that they must stay the course on their agreed,Business,World
"PM Hails Successful Launch Of Agni II NEW DELHI, AUG 29: Prime Minister Manmohan Singh on Sunday congratulated the scientists and engineers for the successful launch of the Agni II missile.",World,Sci/Tech
US edge out Brazil for gold The United States beat Brazil 2-1 in extra time to win the women's Olympic football tournament.,World,Sports
Beer and drugs hit manufacturing output Factory output fell unexpectedly in July for the second month in a row -- the first back-to-back decline in nearly two years -- as the production of beer and pharmaceuticals plummeted.,Business,World
Haas and Cink Selected for Ryder Cup Team Jay Haas joined Stewart Cink as the two captain's picks for a U.S. team that will try to regain the cup from Europe next month.,Sports,Business
"Osaka school killer of 8, yakuza boss executed TOKYO - Mamoru Takuma, convicted for murdering eight children at an Osaka elementary school in 2001, has been executed, informed sources said Tuesday.",World,Sports
Microsoft Storms India Microsoft is making big news in India this week by expanding its Hyderabad campus and signing two lucrative deals in Asias fourth largest economy.,Business,Sci/Tech
"Wiretaps may mute Nextel rivals Fed up with technical excuses, FBI wants carriers to support eavesdropping capabilities for push-to-talk technology now.",Sci/Tech,Business
European probe arrives to orbit moon PARIS - Europe #39;s dishwasher-sized spacecraft has entered a lunar orbit. The unmanned mission is the continent #39;s first voyage to the moon.,Sci/Tech,World
"Bookies take bets on new Band Aid Bookies take bets on a new Band Aid single being Christmas No 1, expected to be confirmed by Midge Ure.",World,Business
"Lawyers In the Limelight By all appearances, Steven Woghin was a lawyer at the top of his game. After years in government service, the former Justice Department attorney had worked his way up to a comfortable six-figure salary and the chief legal job at software maker Computer Associates International Inc.",Business,Sports
"Sparkle starts shipping GeForce 6600 GT AGP GeForce 6600GT AGP, as good as it gets? Hardware Analysis",Sci/Tech,Sports
Summary Box: Breast Cancer Surgery Refined (AP) AP - NEW APPROACH: A study says that removing just one to three key lymph nodes can spare women lifelong arm problems and reliably indicate whether breast cancer has spread.,Sci/Tech,World
"Fire Pit Dated to Be Over 50,000 Years Old (AP) AP - In the growing debate about when people first appeared on this continent, a leading archaeologist said Wednesday he has discovered what could be sooty evidence of human occupation in North America tens of thousands of years earlier than is commonly believed.",Sci/Tech,World
"Austrian Panel OKs Siemens Takeover Bid Austrian regulators have approved Siemens AG #39;s bid to takeover engineering competitor VA Technologie AG, Austrian radio said Friday.",Business,Sports
Panel Urges N.Y. to Pay \$14 Billion More for City Schools Court-appointed referees recommended the state pay an additional \$14 billion over four years to improve New York City schools.,World,Business
APEC Ministers Urge New Effort on Trade Talks Pacific Rim trading nations said on Wednesday they should pool their influence to energize talks to free up world trade. As trade and foreign ministers from the 21-member Asia-Pacific,World,Business
"First Look: Creative Zen Portable Media Center New device plays back audio and video on the go, but it sports a hefty price tag.",Sci/Tech,Sports
Cricket: Dubai global academy The International Cricket Council are to open a global cricket academy designed to improve standards of lesser nations.,World,Sci/Tech
"Jug half full: Gophers hope to hit ground running at Michigan If Minnesota wants to walk out of Michigan Stadium with the Little Brown Jug for the first time since 1986, it had better hope its offense is its old self and its defense isnt.",Sports,World
"NASA Leader Cites Finances and Submits His Resignation Sean O #39;Keefe resigned as NASA administrator on Monday, saying he is leaving the position he has held for three years to pursue better economic opportunity for his family.",Sci/Tech,Sports
"Oreskes Named Times Deputy Managing Editor The New York Times has appointed Michael Oreskes, who directed much of the newspaper #39;s coverage of the Clinton-Lewinsky scandal, to deputy managing editor.",Business,Sports
"GAME UNDER FIRE Attacking police officers, racial slurs, bloody beatings of innocent bystanders ... is it really just a game? In four and a half minutes, 14-year-old Ryan Mason ran over a police officer, stole his gun and shot and killed three innocent bystanders.",Sci/Tech,Sports
Wind-Aided Delay May Be Plus for Pitt (AP) AP - The rainy remnants of Hurricane Frances forced Pittsburgh to practice inside in advance of its delayed season opener.,Sports,Sci/Tech
"N. Korea Economic Sanctions 'One Option'--Japan TOKYO (Reuters) - Economic sanctions against North Korea are ""one option,"" but care is needed in deciding whether to take that step, Japanese Foreign Minister Nobutaka Machimura said on Thursday, a day after Pyongyang warned Japan that imposing sanctions would be tantamount to war.",World,Business
Oil Companies In Nigeria Say They Won #39;t Give In To Threats Major oil companies operating in Nigeria #39;s oil-rich southern region say they will not give in to threats of attacks on their facilities and employees by militias.,World,Business
Live: Olympics day four Richard Faulds and Stephen Parry are going for gold for Great Britain on day four in Athens.,World,Sports
"Study: Wrecks Jump 3 Days After Terrorism Fatal traffic accidents increase sharply in Israel on the third day after a terrorist attack, and researchers are searching for an explanation why.",Sci/Tech,World
Microsoft to hire hundreds in India Microsoft on Tuesday announced its decision to localise Windows and Office software in 14 Indian languages over the next 12 months and that the company would hire #39;hundreds #39; in India this year.,Business,Sci/Tech
Plutonium: rising terror threat The radioactive element could be used to make weapons just as dangerous as enriched uranium bombs.,World,Sci/Tech
"UEFA bans Lazio stadium for fan misbehavior UEFA on Friday ordered Italian side Lazio to play its next European match behind closed doors as punishment for unruly fan behavior during a game last month against Partizan Belgrade, including racial taunts directed at Partizan #39;s",Sports,Business
14 Nations to Participate in Plan to Reduce Methane Thirteen countries agreed yesterday to join a global plan proposed by the Bush administration to curb methane emissions by capturing the greenhouse gas and using it as an energy source before it is released into the atmosphere.,Sci/Tech,Business
"Venezuela Seeking Arms, Perhaps MiG-29s CARACAS, Venezuela (Reuters) - Venezuela is looking to buyarms to strengthen its military capability and Russian MiG-29fighters are among the options being evaluated, a seniorofficer said on Monday.",World,Business
"American Economist Expected to Win Nobel (AP) AP - Americans have dominated the annual Nobel Memorial Prize in Economic Sciences five years running, and it may not surprise Nobel watchers if the trend continues.",Business,Sports
"Medicare Premiums to Rise Record 17 Pct. WASHINGTON - Medicare premiums for doctor visits are going up a record \$11.60 a month next year. The Bush administration says the increase reflects a strengthened Medicare, while Democrats complain that seniors are being unfairly socked...",World,Business
"Motorola Quarterly Earnings Rise Motorola Inc., the world's No. 2 maker of cell phones, on Tuesday said its quarterly profit\more than tripled, as sales rose 26 percent, driven in part by a host of new handset models and cost controls.",Sci/Tech,Business
"Viacom, Disney pay \$1.5M FCC fine Disney and Viacom agreed to a fine of \$1.5 million from the Federal Communications Commission over claims their children #39;s cable television networks violated advertising restrictions, the FCC said Thursday.",Business,Sci/Tech
Toile Gets A Makeover The traditional pattern shakes its fussy image as designers give it a new look,Business,Sports
"World briefs LONDON - A man wielding a machete and a knife attacked two security guards at the building housing the headquarters of the British domestic intelligence service MI5 on Friday, police said.",Business,World
Shaukat Aziz gets vote of confidence ISLAMABAD: Newly-elected known as finance wizard Prime Minister Shaukat Aziz has secured vote of confidence form the national assembly.,World,Sci/Tech
"China vows currency shift but mum on date Washington, Oct. 2: In the face of growing international pressure, Chinese officials told top US officials on Friday that they would continue to push ahead with plans to float or revalue their currency, but",Business,World
"DHS faces IT management challenge, GAO says A quot;formidable information and technology management challenge quot; faces the Homeland Security Department, according a report released today by the Government Accountability Office.",Sci/Tech,Business
Bollywood actress Nirupa Roy dies Bollywood actress Nirupa Roy dies after a heart attack at her home in Mumbai (Bombay) aged 73.,World,Business
"Alaska #39;s summer tourism pegged at 1.4 million visitors The number of summer visitors to Alaska rose from the year before, prompting the president of the Alaska Travel Industry Association to say tourism appeared to be back on track since leveling off after the 2001 terrorist attacks.",Business,World
"Stocks Climb on Strong Economic Data NEW YORK - Newly optimistic investors sent stocks sharply higher Friday, propelling the Dow Jones industrials up more than 100 points, after economic data showed strength in manufacturing and construction. Wall Street greeted the departure of PeopleSoft Inc.'s chief executive by buying up technology shares...",World,Business
US Bells Do Video on Path Blazed by Small Telcos The three largest US local telephone corporations made a splash this summer with plans to sell video services on their voice and data lines in a few years.,Business,Sci/Tech
Cocoa farmers issue strike threat Unions are threatening a general strike in the Ivory Coast in a protest against the prices farmers are paid for their cocoa supplies.,Business,World
"Liberty Alliance names first director, new members The Liberty Alliance Project signalled that it expects to have longevity when it comes to developing and promoting federated identity standards by naming its first executive director on Monday.",Sci/Tech,Business
"McCain again opposes the president Global warming needs more attention, according to John McCain, and President Bush needs to lead the way. I listened to some of the hearings on this subject this week, and I must say the people testifying are",Sci/Tech,World
"Judge Orders Halt to YUKOS Unit Auction (Reuters) Reuters - A U.S. bankruptcy court on Thursday\stepped into the battle between YUKOS and the Russian\government, issuing an order to block Sunday's auction of the\company's main oil-producing arm for 10 days.",Business,Sci/Tech
"Retailers Vie for Back-To-School Buyers (Reuters) Reuters - Apparel retailers are hoping their\back-to-school fashions will make the grade among\style-conscious teens and young adults this fall, but it could\be a tough sell, with students and parents keeping a tighter\hold on their wallets.",Business,Sci/Tech
"Chirac #39;s tour of China magnifies partnership Dialogue between China and France, two countries which highly value cultural diversity and pluralism in international politics, is no doubt conducive to world peace.",World,Business
"MEPs threaten to sink commission over Buttiglione MEPs threatened last night to bring down the new European Commission before it even takes office, as a row sparked by controversial comments about homosexuality escalated into an unprecedented crisis.",World,Business
"Fischer's Fiancee: Marriage Plans Genuine (AP) AP - Former chess champion Bobby Fischer's announcement thathe is engaged to a Japanese woman could win him sympathy among Japanese officials and help him avoid deportation to the United States, his fiancee and one of his supporters said Tuesday.",World,Sports
Will Hutton There were two stories last week that will have world-shaping implications. The first was in a Paris hospital and a compound in Ramallah.,Business,Sports
Court bars MCI from making payments A federal court Wednesday barred No. 2 US long-distance carrier MCI Inc. from making further payments to cover more than \$25 million in unauthorized expenses related to bankruptcy of predecessor WorldCom.,Business,Sci/Tech
"Lazard adversaries edge closer to a deal Bruce Wasserstein, head of Lazard, could reach an agreement as early as this week with Michel David-Weill, the chairman, extending the deadline for",Business,World
"Miracle in mud! REAL: Philippine rescuers were yesterday frantically digging for more survivors after four people, including a toddler, were pulled alive from a building crushed by a landslide 11 days ago.",World,Sports
"TiVo Net Loss Widens; Subscribers Grow TiVo Inc.(TIVO.O: Quote, Profile, Research) , maker of digital television recorders, on Monday said its quarterly net loss widened as it boosted spending to acquire customers, but subscribers to its fee-based TV service rose",Business,Sci/Tech
"Sony, IBM, Toshiba Give Details of 'Cell' Chip (Reuters) Reuters - IBM , Sony Corp. (6758.T) and\Toshiba Corp. (6502.T) on Monday revealed their plans for the\powerful new ""Cell"" processor the three are jointly producing\to run next-generation computers, game consoles and\televisions.",Business,Sci/Tech
"Soldiers' War Blogs Detail Life in Iraq Iraq war blogs are as varied as the soldiers who write them. Some sites feature practical news, war pictures and advice. Some are overtly political, with more slanting to the right than to the left. Some question the war, some cheer it.",Sci/Tech,World
India's Tata expands regional footprint via NatSteel buyout (AFP) AFP - India's Tata Iron and Steel Company Ltd. took a strategic step to expand its Asian footprint with the announcement it will buy the Asia-Pacific steel operations of Singapore's NatSteel Ltd.,World,Sci/Tech
Oracle Profit Rises on Software Demand SAN FRANCISCO (Reuters) - Oracle Corp. on Tuesday reported a higher quarterly profit as the world's second largest software company benefited from steady demand for its flagship database software.,Business,Sci/Tech
"Broadcaster Donates #36;325,000 to GOP (AP) AP - One of the state's biggest broadcasters has given 13 Republican county committees #36;325,000 worth of free air time to promote candidates on its radio and television stations throughout California.",World,Sci/Tech
"Unctad optimistic on global FDI inflows The United Nations Conference on Trade and Development (Unctad) on Wednesday said that though global inflows of FDI fell in 2003 for the third year in a row to \$560 billion, prospects for the current year are promising.",Business,World
"Microsoft Launches New Media Center PC Microsoft Corp. MSFT.O on Tuesday unveiled a new version of its Windows XP Media Center, adding features such as instant messaging and high-definition television to a personal computer designed for the living room.",Business,Sci/Tech
"Meditation Practice Helping Arthritis Patients By ALEX DOMINGUEZ BALTIMORE (AP) -- Dalia Isicoff knows pain. A lifelong sufferer of rheumatoid arthritis, she has had seven hip replacement surgeries...",Sci/Tech,Sports
Trump defends Martha Stewart New York real estate mogul Donald Trump defended his friend Martha Stewart as the woman who turned home economics into a media empire began her prison term.,Business,World
"MANY NEWSPAPERS SEE CIRCULATION DECLINES Some of the nation #39;s largest daily newspapers reported steep circulation declines yesterday, with overall circulation down across the industry, a new report revealed.",Business,Sci/Tech
"Gazprom Plans LNG Terminal in US Gazprom came a step closer to the liquefied natural gas market on Friday, saying Petro-Canada would help in its goal to build plants in Russia and the United States.",Business,Sci/Tech
Wharf marks debut with wickets In-form Alex Wharf made an impressive start to his international career this morning with wickets in his first two overs against India at Trent Bridge.,Sports,World
"Mars Express Instrument Finds Possible New Evidence When Vittorio Formisano, the principal investigator for the Planetary Fourier Spectrometer (PFS) aboard the European Space Agency #39;s Mars Express, announced Monday that his team found that concentrations",Sci/Tech,Sports
"CBS Realigns Entertainment Divisions eslie Moonves, the co-president of Viacom, yesterday realigned the management of the company #39;s CBS entertainment division and Paramount television production studio, promising smoother and greater interaction between the two.",Business,Sci/Tech
"Turkish Parliament Fails to Pass Reforms (AP) AP - Turkey's parliament adjourned Saturday without passing a key reform package because of divisions over the government's proposal to make adultery a crime, bringing warnings from the European Union that delays could hurt Turkey's chances of membership.",World,Sci/Tech
"The Bag of Aeolus quot;Aeolus was keeper of the winds. He gave a bag of evil winds to Odysseus, instructing him to keep it closed while a good breeze wafted him home.",World,Sports
"RealNetworks Ends Download 49-Cent Promo SEATTLE (Reuters) - RealNetworks Inc. RNWK.O is ending its 49 cent-per-song music download service but will keep the promotional prices in place for top 10 songs, the Internet media and software company said on Thursday.",Business,Sci/Tech
Collingwood anchors England (AFP) AFP - Paul Collingwood's unbeaten 80 took England to 299 for seven against Zimbabwe in their opening Champions Trophy Pool D match at Edgbaston here.,World,Sports
"Mexico Migrant Smugglers Turning to Sea (AP) AP - Migrant smugglers are skirting heightened security along the border by using small boats to shuttle people from the under-supervised Baja coast into Southern California marinas and harbors, already jammed with legal commercial ships and pleasure boat traffic.",World,Sci/Tech
"Microsoft Settles Novell Antitrust Suit (Reuters) Reuters - Microsoft Corp. said\on Monday it agreed to settle antitrust lawsuits with Novell\Inc. and an industry trade group, marking the end of a\decade-long antitrust battle.",Business,Sci/Tech
"General Mills converting all US cereals to whole grain GOLDEN VALLEY, Minn. -- Breakfast cereal maker General Mills is converting all of its cereals to whole grain. The company says it becomes the first leading food company to make the move involving cereals.",Business,Sci/Tech
"Connors rallying cry for British tennis quot;Do you have it in your heart? How much guts do you have? How much do you hate to lose? quot;. These are the questions Jimmy Connors will be asking of Britain #39;s brightest tennis hopes in the months, and possibly years, to come.",Sports,Sci/Tech
"\$904,800 in refund checks go undelivered in Southeastern ... PHILADELPHIA - The Internal Revenue Service is looking for 1,088 Southeastern Pennsylvanians whose income tax refund checks could not be delivered.",Business,Sports
EBay #39;s Buy Of Rent.com May Lack Strategic Sense Standard amp; Poor #39;s Equity Research said the purchase of Rent.com by eBay (nasdaq: EBAY - news - people ) could be a bit of a miscalculation.,Business,Sci/Tech
"DaimlerChrysler, Mitsubishi in venture Automaker DaimlerChrysler AG said Wednesday it has signed a contract with Japan #39;s Mitsubishi Motors Corp. in which the two companies renewed their commitment to joint production and development projects.",Business,Sci/Tech
"TheStreet.com May Be Up for Sale -- Report (Reuters) Reuters - TheStreet.com Inc. , the\financial news and commentary Web site, may be up for sale,\according to a report in Business Week, sparking a 7 percent\rise in its shares.",Sci/Tech,Business
"India test-fires missile NEW DELHI, Nov 26: India on Friday test fired Akash, the indigenously developed surface-to-air missile from the Integrated Test Range at Chandipur-on-sea, about 14km from Balasore (Orissa).",World,Sci/Tech
"Corporate Krueger haunts PeopleSoft A few weeks ago the then-CEO of PeopleSoft, Craig Conway, posed the following question to attendees at a technology conference: quot;Have you ever had a bad dream that never ended?",Business,Sci/Tech
Closing Arguments In Enron Barge Trial Houston -- Prosecutors claim six executives conspired to push through a 1999 sham sale of barges because they didn #39;t think they #39;d get caught.,Business,Sci/Tech
"Semiconductor Manufacturing to Boost Capacity by Half (Update2) Semiconductor Manufacturing International Corp., China #39;s biggest supplier of made-to-order chips, said its factory capacity will rise by more than half in the second half as the company brings more plants on line.",Sci/Tech,Business
"Atlanta police arrest Braves player on DUI charge ATLANTA - Atlanta Braves shortsop Rafael Furcal has been arrested on charges of driving under the influence. Jail officials say Furcal was booked into the Atlanta city jail at 6:25 am on charges of DUI, speeding and reckless driving.",Sports,World
Mass. court denies new trial for convict BOSTON -- The state appeals court on Thursday declined to allow a new trial for a father convicted of beating a man to death at their sons #39; hockey practice.,Sports,World
Indonesian diplomats asked to help improve RI #39;s bad image JAKARTA (Antara): President Susilo Yudhoyono asked Indonesian diplomats on Monday to help the government improve Indonesia #39;s bad image.,Business,World
Manpower survey forecasts slow hiring in early 2005 Those planning to look for a job in the Kalamazoo area during the first quarter of 2005 might find the going slow. The pace of hiring among area employers is expected to be slow during the first quarter of,Business,Sci/Tech
Rumours surround Google browser The search giant Google is rumoured to be working on its own web browser.,Business,Sci/Tech
Take Two Torts and Call Me in the Morning The friction that sometimes strains the patient-doctor relationship when lawyers seek medical care is at an all-time high.,Sci/Tech,Sports
Sneaky Credit Card Tactics Keep an eye on your credit card issuers -- they may be about to raise your rates.,Business,Sci/Tech
"Guinn #39;s lack of fire does him in Amazing what a change of scenery will do. After moving training camps from Houston to San Antonio after a couple of lackluster performances, featherweight contender Rocky",Sports,World
"Singer: Minaya returns home NEW YORK -- Omar Minaya stood behind a small lectern in a danky room in the bowels of Shea Stadium, and allowed his life to flash before his eyes.",Sports,World
Fresh bid to dismiss Jackson case Lawyers for Michael Jackson say the singer's child molestation case should be dropped.,World,Sports
"Stocks Climb on Drop in Consumer Prices NEW YORK - Stocks rose for a second straight session Tuesday as a drop in consumer prices allowed investors to put aside worries about inflation, at least for the short term. With gasoline prices falling to eight-month lows, the Consumer Price Index registered a small drop in July, giving consumers a respite from soaring energy prices...",World,Business
"Bush defends tax cuts WASHINGTON, Oct 2 (AFP) - US President George W. Bush said Saturday he would renew some of the huge tax cuts that form a cornerstone of his economic rejuvenation policy and chided Democratic challenger John Kerry for opposing the cuts.",Business,World
"New Englanders greet the day with wings on their heels In a Framingham coffee shop yesterday morning, an elderly man softly asked a customer if he could see her newspaper. When the woman held up the front page, emblazoned with news of the Red Sox victory, the man stared in silence, touched his eyes, and began to cry.",Sports,World
"Symantec Said to Be in Talks for Veritas Symantec, which produces the Norton line of computer products, is in talks to acquire Veritas Software, a maker of data backup programs.",Business,Sci/Tech
Richardson Keeps Faith in Himself Kieran Richardson has banished any thought of leaving Manchester United - either permanently or on loan. The 20-year-old Londoner is expected to make his 20th senior appearance tonight as Sir Alex Ferguson,Sports,World
Monti gives Abbey takeover green light European Competition Commissioner Mario Monti has given the green light to the UK8.75bn takeover bid by Spain #39;s Santander for the UK #39;s Abbey National.,Business,Sports
Cricket: Tendulkar to miss test Sachin Tendulkar is almost certain to miss Thursday's second Test against Australia in Madras.,World,Sports
"New air routes to more profits Major airlines can #39;t make their low-cost competitors disappear into thin air, but they can fly away from them, which they are planning to do, to overseas routes where bargain-basement carriers don #39;t go.",Business,Sci/Tech
"Rison Free After Making Support Payment (AP) AP - Former Pro Bowl receiver Andre Rison was released from jail Monday after paying #36;10,000 in child support.",Sports,World
"Army restricted ethnic recruits The British Army secretly restricted numbers of ethnic recruits, according to official files just released.",World,Business
"Mich. Elephant Gets Therapy for Arthritis ROYAL OAK, Mich. - Like any patient, Wanda needs positive reinforcement to wrestle through her physical therapy...",World,Sci/Tech
"Survey: IT spending to grow modestly next year CIO confidence is up in third quarter, according to Forrester poll.",Sci/Tech,Business
Turkey Faces Long Road to EU Membership The European Commission #39;s cautious recommendation that Turkey begin membership negotiations puts the country a step closer to realizing its dream of joining Europe -- but,World,Sci/Tech
"DEBKAfile Special Analysis Before deporting him to Lebanon in 1991, the late Yitzhak Rabin called Ezz-Eldin Sheikh al-Khalil the snakes head, singling him out as the terror master who raised and handled Hamas most accomplished terror operatives, Adnan al Hool and",World,Sports
"HP Shifting Last of Itanium Engineers Hewlett-Packard Co. (HPQ.N: Quote, Profile, Research) and Intel Corp. (INTC.O: Quote, Profile, Research) on Wednesday ended their 10-year partnership to co-develop the Itanium chip",Sci/Tech,Business
"Iraq's Neighbors to Get Little for Environment Loss (Reuters) Reuters - Iraq's neighbors want tens of billions\of dollars for environmental damage done in the 1990-1 Gulf\conflict, but are set to get only paltry funds from the United",Sci/Tech,World
"Appeals court faults Oracle in shareholder suit Judges send case back to lower court to sort out allegations of improper bookkeeping and ""suspicious"" stock sales.",Sci/Tech,Business
"Arrowhead: It still is pointing the way In comparison to its contemporaries it could be termed a modern marvel, an example of how to do things right when everyone else was doing things wrong.",Sports,Sci/Tech
"Bea Arthur for President Bea Arthur sparked a security scare at Logan Airport in Boston this week when she tried to board a Cape Air flight with a pocketknife in her handbag. The ""Golden Girls"" star, now 81, was flagged by a Transportation Security Administration agent, who discovered the knife - a strict no-no following 9/11. ""She started yelling that it wasn't hers and said 'The terrorists put it there,' "" a fellow passenger said. ""She kept yelling about the 'terrorists, the terrorists, the terrorists.' "" After the blade was confiscated, Arthur took a keyring from her bag and told the agent it belonged to the ""terrorists,"" before throwing it at them. - via philly.com",Sci/Tech,World
"Brown Bears Came to N. America Earlier Than Thought, Fossil ... The discovery also sheds light on the ancestry of modern brown bears, which has long puzzled researchers. A genetic analysis of the skull fragment indicates its owner was closely related to the brown bears",Sci/Tech,World
Virus writers look for work THE WRITERS of the MyDoom viruses are encoding job applications into the latest variants of the bug. According to Sophos the plea for work was found when its boffins were stripping the code of the MyDoom-U and MyDoom-V variants.,Sci/Tech,World
"22 Spend Own Fortunes, One Wins House Seat (AP) AP - Of the 22 candidates who each spent more than #36;1 million of their own money trying to win their first election to Congress, only one made it.",World,Sports
"Worldwide PC Market Seen Doubling by 2010 NEW YORK (Reuters) - The number of personal computers worldwide is expected to double to about 1.3 billion by 2010, driven by explosive growth in emerging markets such as China, Russia and India, according to a report released on Tuesday by Forrester Research Inc.",Sci/Tech,Business
"Ford to Recall 474,000 SUVs Worldwide (Reuters) Reuters - Ford Motor Co said on Friday it\was recalling about 474,000 Escape and Mazda Tribute sport\utility vehicles globally because the accelerator cable may\prevent the engine from returning to the idle position, which\could increase stopping distance and result in a crash.",Business,Sci/Tech
"ASEAN moves closer to single market with #39;road map #39;, global trade ... JAKARTA : ASEAN finance ministers ended a meeting which saw Southeast Asia edge closer to a Europe-style single market, laying out a quot;road map quot; for integration and opening doors to wider global trade.",World,Sci/Tech
Wilson well placed in Mexico City Britain #39;s Justin Wilson was fourth in first qualifying for the final Champ Car race of the season in Mexico City. Wilson is looking to end his season on a high note after missing out on the rookie #39;s title to AJ Allmendinger.,Sports,World
Iran shuts reformist websites WEBSITES CLOSE to Iran #39;s leading reformist party have been blocked by religious hardliners in the police bureau of public morals.,Sci/Tech,World
"Leeds students figure high on working curve Undergraduates in the city earn more than 90 a week on average, just behind Glasgow, Cambridge and Cardiff. Their hard-earned cash is likely to be spent on looking good and socialising, the",Business,World
"Campaign Spending on Rise in House Races (AP) AP - Ground zero for the country's costliest House race is Dallas, where two congressmen shoehorned into the same new district have each raised #36;4.1 million #151; and counting #151; to bash each other with television ads and sophisticated mailings.",World,Sci/Tech
"Coast Guard Shuts Gulf of Mexico Ports HOUSTON (Reuters) - The U.S. Coast Guard shut five ports on Wednesday in the Gulf of Mexico coast states of Alabama, Florida and Mississippi as Hurricane Ivan churned nearer.",Business,World
"Sabre, NWA Trade Barbs Over Ticketing Fee AUGUST 25, 2004 -- The Sabre Travel Network yesterday responded quickly to Northwest Airlines #39; decision to impose a fee on all domestic tickets issued through global distribution systems, firing back with its own policy changes and concluding the",Business,Sci/Tech
"Stocks Drop After Greenspan Testimony NEW YORK - Investors were unmoved by Federal Reserve Chairman Alan Greenspan's improved assessment of the economy, with stocks falling narrowly Wednesday in light trading. While Greenspan said the economy has ""regained some traction"" after the summer's slowdown, he echoed Wall Street's concerns over energy prices, which have fallen from record highs in recent weeks but stubbornly remain above \$40 per barrel...",World,Business
"EU will go it alone on nuclear project if French site bid fails BRUSSELS, Nov 9 (AFP) - The European Union said Tuesday it was prepared to forge ahead with a revolutionary nuclear energy project if negotiations with Japan and other backers on where to locate it break down.",World,Business
"Accused deserter surrenders in Japan An accused US Army deserter has surrendered at a US military base near Tokyo to face charges filed in 1965, the Kyodo news service reported.",World,Business
"FCC exempts fiber-to-curb from sharing requirements The Federal Communications Commission Thursday voted to allow incumbent telephone carriers from sharing fiber-to-the-curb deployments from competitors, prompting one incumbent to announce an accelerated fiber rollout.",Business,Sci/Tech
Paisley talks to weapons chief DUP leader Ian Paisley has had further discussions with the head of the independent decommissioning body (IICD) on the issue of putting IRA weapons beyond use.,World,Business
"Rapidly expanding Vietnam Airlines ready to take on America HANOI : Yesterday Vietnam, today Asia, tomorrow the United States: Vietnam Airlines has expanded to the point where it is even eyeing the huge American market, a move which would have been unthinkable not long ago.",Business,World
"Corning begins work on Taiwan LCD facility Encouraged by the demand for LCDs, glass maker Corning on Thursday said it has broken ground for a second manufacturing facility in Taiwan.",Sci/Tech,World
"Canada slips again in competitiveness rankings Canada slipped from 12th to 15th position in the survey conducted by the World Economic Forum. Canada #39;s position has declined in five of the last six years, despite efforts by federal and provincial governments",Business,Sports
"Cink Justifies Sutton #39;s Faith Three weeks away from the Ryder Cup, American Stewart Cink hopes he has silenced at least some of his critics - if indeed they exist.",Sports,Business
"Two Manny dads DAVE Norman, the Sydney police constable who rushed to Jakarta to be with his critically injured daughter Manny Musu, underwent a DNA test to prove he is her biological father.",World,Sports
"Warriors lock up young veterans Staring at the possibility of watching two of his young standouts stage a walkout on opening night, Chris Mullin made one of the most important decisions in recent Golden State Warriors history Monday.",Sports,World
"TUC urges 6 minimum wage rate The UK's minimum wage should rise to rise to 6 an hour in the next two years, the TUC says, but business calls the proposal ""totally irresponsible"".",Business,Sci/Tech
Honda aiming for BAR buyout? Motorsport.com. Reports this week suggest that Honda is aiming to either buy BAR or become co-owner of the team by purchasing a shareholding.,Sports,Business
Will Tellabs Push Its Luck? Perhaps the optical network supplier should call off its merger with AFC.,Business,Sci/Tech
"Cowboys Defeat Redskins 21-18 LANDOVER, Md. - Bill Parcells celebrated the touchdown with a big smile and his fist thrust high in the air...",World,Sports
"Poor nations seek WTO textile aid With 40 years of textile quotas about to be abolished in a move to help developing nations, a group of the world #39;s poorest countries are asking for a different approach: special trade deals to protect them from a free-for-all.",Business,Sci/Tech
"Pitchers finally getting job done? At least it #39;s a start This is a mirage or a sight to behold. This is something you can #39;t trust with your own eyes, or maybe what you #39;re watching is real.",Sports,Sci/Tech
Ganguly suspension appealed London - The International Cricket Council (ICC) on Monday confirmed that it had received notice from the Board of Control for Cricket in India (BCCI) that it was intending to appeal against captain Sourav Ganguly #39;s two Test match suspension.,Sports,World
"Broadcom taps ex-Philips executive as CEO Scott McGregor, former head of Royal Philips Electronics' semiconductor division, will replace Alan Ross, who plans to retire.",Sci/Tech,Business
US Airways' Holding Pattern A decision on labor relief may be the difference between survival and liquidation.,Business,World
"Icing call Out of money, out of patience, out of time, and for the foreseeable future, out of business.",Sports,Business
EU to talk through asylum plans Key EU interior ministers are to meet in Florence to discuss plans for migrant holding centres outside Europe.,World,Business
"Scaffold collapse survivors improving One of the men who survived Friday #39;s fatal scaffold collapse is in guarded condition at Detroit Receiving Hospital and the two other survivors were released on Sunday, a hospital spokeswoman said.",Business,Sports
"Halliburton Set for Spotlight in VP Debates (Reuters) Reuters - A name likely to come up in\Tuesday's vice presidential debate is Halliburton, the Texas\company once run by Dick Cheney that Democrats say is an\example of cronyism because of its lucrative Iraq deals.",World,Business
Canada defends submarine fleet Canada has defended its decision to buy second-hand submarines after a crewman died from injuries sustained on one of the vessels that had broken down.,World,Sci/Tech
"Athletics: Eight-year ban given to Collins for #39;pattern of doping #39; Michelle Collins, who won the world athletics indoor 200 metres for the United States last year, was yesterday suspended for eight years despite the fact that she has never tested positive or admitted doping violations.",Sports,World
Anti-Doping Agency Is Boosted By Ban of Sprinter in Balco Case The United States Anti-Doping Agency received an important validation yesterday in its attempt to punish athletes who were suspected of doping in the Balco steroids scandal but who had not failed a drug test.,Sports,Sci/Tech
"For Now, Unwired Means Unlisted. That May Change. In October, most major cellphone carriers plan to start compiling a publicly accessible listing of wireless phone numbers.",Business,Sci/Tech
"GM, Daimler Go Green Team-up will help the companies compete and fill gaps in both firms' portfolios.",Business,Sci/Tech
"Spitzer launches music industry probe Eliot Spitzer, fresh from rocking the insurance industry, has now asked the music business to uncover the secrets behind how radio stations decide what records they play.",Business,Sci/Tech
"Yahoo Debuts Mobile Search SAN FRANCISCO -- Yahoo (Quote, Chart) expanded its search empire to the mobile arena with the launch of some additional services. The company was one of the original content providers for mobile devices running",Business,Sci/Tech
"After a decade of silence, Cambodia's cinema enjoys resurgence (AFP) AFP - After a decade of silence, Cambodia's movie industry is enjoying a boom due to a dash of Hollywood attention, burgeoning nationalism and cheaper production costs, industry insiders say.",World,Business
"New pension 'would help millions' Britain's pension system could easily be replaced by a new payment that would make millions better off, a report says.",Business,Sci/Tech
"Same-sex divorce rules still hazy Now that an Ontario couple has been given Canada #39;s first same-sex divorce, experts are divided over just how easy it will be for gays and lesbians in other provinces to end their marriages.",World,Sci/Tech
"I.B.M. Sought a China Partnership, Not Just a Sale Inside I.B.M., the issue of whether to stay in the personal computer business has been debated for a decade. The issue was put to rest last week.",Business,Sports
"World #39;s smallest digital camera with zoom lens Come September, Japanese electronics giant Casio Computer will launch the world #39;s smallest digital camera with a zoom lens. Casio #39;s palm-sized Exilim camera is much smaller than others as, for the first time, it uses a ceramic lens.",Sci/Tech,Business
"Two hurricanes = two deductibles Many homeowners in the Orlando area suffered a double blow when hurricanes Charley and Frances struck in quick succession. Now, they #39;re smarting from a financial one-two punch - two insurance deductibles.",Business,Sci/Tech
"Lucent's history a case study in wild rides If you've ever wondered what ignited America's late-1990s obsession with telecom and tech stocks, you could well argue it all started with Lucent Technologies .",Business,Sci/Tech
Key Martha Witness Gets Wrist Slap (CBS/AP) A former brokerage assistant who helped Martha Stewart make her fateful stock trade and later emerged as a key government witness was spared both prison and probation Friday for accepting a payoff during the government #39;s investigation.,Business,World
Amazon sues spammers for misleading consumers SEATTLE -- Amazon.com has filed three lawsuits in King County Superior Court against unidentified defendants who allegedly forged e-mails and Web sites to fool consumers into thinking they are doing business with the Internet retailer.,Business,Sci/Tech
"Garcia's Girlfriend Charged With Assault (AP) AP - Jeff Garcia's girlfriend, Playboy magazine's Playmate of the Year, was charged with assault in a bar fight last month with a woman the Cleveland Browns quarterback once dated.",Sports,World
"Royal Dutch/Shell merges holding companies with unified board LONDON, October 28 (newratings.com) - Royal Dutch/Shell Group has announced its plans to merge its two holding companies in the Netherlands and the UK, Royal Dutch Petroleum (ROY.",Business,Sci/Tech
"HP Wins Defense Contract HP (Quote, Chart) was awarded a \$290 million, 10-year outsourcing contract with the Defense Logistics Agency #39;s (DLA) Enterprise Data Center (EDC) program, officials announced Wednesday.",Business,Sci/Tech
"In Mexico visit, enmity greets Harvard scholar MEXICO CITY -- Ever since the release earlier this year of his book quot;Who are We?: The Challenges to America's National Identity, quot; which argues that Mexican immigrants pose a threat to American culture, Samuel P. Huntington has been the US academic Mexicans love to hate.",World,Sci/Tech
"Groups Petition U.S. on China Policies (AP) AP - A group of industry, farm and labor groups, seeking to put pressure on the Bush administration before the presidential election, petitioned the government on Thursday to file an unfair trade practices case against China.",World,Sci/Tech
"Mortgage Rates Across the US Climb Mortgage rates around the country went up this week, although 30-year mortgages still were below 6 percent for a sixth straight week.",Business,Sci/Tech
"Britain's Not-So-Civil War: Hunters Outfoxed? If hunting is banned in Britain, the pro-hunt lobby says its supporters will continue to hunt illegally.",World,Sci/Tech
Judge asked to penalize Microsoft over e-mails Burst.com asked a US judge to penalize Microsoft for destroying e-mails it says the world #39;s largest software company should have preserved as evidence in antitrust suits.,Business,Sci/Tech
Swedes beam poetry into outer space (Reuters) Reuters - Swedish poets have broadcast their work into outer space by radio to give alien life forms -- if they exist -- a taste\of earthling literature.,World,Sci/Tech
"Montie Brewer appointed CEO of Air Canada MONTREAL - Montie Brewer has been appointed president and CEO of Air Canada, the airline announced Wednesday. Robert Milton remains CEO of Air Canada #39;s parent company, ACE Aviation Holdings.",Business,Sci/Tech
VeriSign sues ICANN in state court VeriSign is asking a California court to order the Internet Corporation for Assigned Names and Numbers to butt out of its business.,Sci/Tech,Business
"Ford to Return Electric Cars to Norway (AP) AP - Ford Motor Co. agreed to return about 300 Norwegian-built electric cars to the Nordic country after protests about plans to scrap them, the country's transport minister said Thursday.",World,Business
"Madrid miffed! The organisers of Madrid #39;s bid complained that Paris had broken the rules by using France #39;s embassies in Oslo and Kuwait to hold events to promote its candidacy, the newspaper said.",Sports,World
"RSS Feeds Hunger for More Ads There's no such thing as a free lunch. And soon, there may be no such thing as an ad-free RSS feed, either, as publishers add advertisements to their feeds in hopes of making money through the popular content-aggregating technology. By Cyrus Farivar.",Sci/Tech,Sports
"Einstein Is Proved Right Again An experiment using two orbiting satellites has proved that as the Earth turns it drags space and time around itself, like a spinning top in treacle.",Sci/Tech,Sports
Microsoft signs two Indian deals The announcement came as Microsoft chief executive Steve Ballmer opened the group #39;s new Indian headquarters in the city of Hyderabad.,Business,Sci/Tech
"He's His Own Adu Georgetown Prep defender Fro Adu is proud of brother Freddy, a forward for D.C. United, but wants to step out on his own.",Sports,World
"Argentina Beats U.S. Men's Basketball Team Argentina defeated the United States team of National Basketball Association stars 89-81 here Friday in the Olympic semi-finals, dethroning the three-time defending champions.",World,Sports
"Britain Edges U.S. for 400M Relay Gold (AP) AP - Stymied by a sloppy handoff in the middle of the race, the United States lost to Great Britain by a hundredth of a second Saturday night in the 400-meter relay #151; a race the American men usually dominate.",Sports,World
"U.S. Misses Cut in Olympic 100 Free ATHENS, Greece - Top American sprinters Jason Lezak and Ian Crocker missed the cut in the Olympic 100-meter freestyle preliminaries Tuesday, a stunning blow for a country that had always done well in the event. Pieter van den Hoogenband of the Netherlands and Australian Ian Thorpe advanced to the evening semifinal a day after dueling teenager Michael Phelps in the 200 freestyle, won by Thorpe...",World,Sports
Bon-Ton's Succession Success The transition atop the department store company looks like a pleasant non-story.,Business,Sci/Tech
"ASCAP Shakes Down Burning Man for Music Royalties LOS ANGELES, CA -- Officials from ASCAP today indicated they intend to pursue music royalties from the organizers of Burning Man, an artist's gathering and celebration held over the Labor Day holiday near Reno, NV. The unconventional event, held annually since 1986, has never paid fees for any of the music played at the event, says ASCAP. ""We intend to pursue all available avenues to get this issue resolved,"" said Tony Wilcox, ASCAP spokesperson.",Sci/Tech,Business
"Siemens in 2.69bn deal with BBC German industrial giant Siemens has signed a 2.69bn contract to deliver technology services around the world to the BBC, a deal that will see it acquire the broadcasters technology subsidiary.",Business,Sci/Tech
US sends marines to Philippines The US is sending up to 600 marines and relief supplies to flood-ravaged areas of the Philippines.,World,Business
Japan narrowly escapes recession New figures show Japan's economy is barely staying out of recession with annual growth of just 0.2 in the third quarter.,Business,Sci/Tech
"Mesic Set to Recapture Croat Presidency (Reuters) Reuters - Croatia's liberal President Stjepan\Mesic looked set to win a second term in elections on Sunday,\exit polls released by state television showed.",World,Sports
"GM pulls Corvette ad with underage driver DETROIT -- General Motors Corp. has withdrawn a Corvette commercial that shows a young boy driving wildly through city streets after safety advocates complained, the company said yesterday.",Business,Sci/Tech
Dissecting the NHLPA #39;s proposal for a new CBA A closer look at the new offer from the NHL Players #39; Association: Rollback: The whopping 24 pay cut on all existing player contracts is a monstrous concession.,Sports,Sci/Tech
"Pay Adviser Talks of Role in Ovitz Deal The outside adviser who helped draft the 1995 employment agreement for the president of Walt Disney, Michael S. Ovitz, testified on Tuesday that he had reservations",Business,World
"Deal in Congress to Keep Tax Cuts, Widening Deficit Republican and Democratic leaders agreed to extend \$150 billion worth of tax cuts sought by President Bush without trying to pay for them.",World,Business
"VZ Wireless Slams National 411 Directory WASHINGTON -- Verizon Wireless, the nation #39;s largest wireless carrier, clashed with other cellular carriers on Tuesday, telling a US Senate committee that a proposal for a national wireless telephone directory is a quot;terrible idea quot; and that the proposal",Business,Sci/Tech
"September Retail Sales Up by 1.5 Percent WASHINGTON - Shoppers got their buying groove back last month, propelling sales at the nation's retailers by a strong 1.5 percent. It was the best showing since March...",World,Business
"Biggest threat to Britain #39;s grand prix heritage Henry Ford once said that his factories didn #39;t make cars, quot;they make money. quot; It is a philosophy Bernie Ecclestone would surely understand more than most after his surgically dispassionate decision yesterday not to include the British grand prix on the",Sports,Sci/Tech
"SpaceShipOne,take two The SpaceShipOne team will attempt to win the \$10 million Ansari X Prize on Monday, the 47th anniversary of the start of the first space race when the Soviet Union launched its Sputnik satellite.",Sci/Tech,Sports
"Strangers in Life Join Hands in Death as the Web Becomes a Tool for Suicide in Japan About once a month since January 2002, Japan has recorded a group suicide, successful or attempted, where participants met on the Internet.",Sci/Tech,Business
"Tests Show James Died of Heart Attack LOS ANGELES - Toxicology and other tests determined that funk singer Rick James died last month from a heart attack due to an enlarged heart, with numerous drugs including methamphetamine and cocaine contributing factors, the county coroner announced Thursday. The death was declared an accident, said coroner's spokesman David Campbell, who emphasized that none of the drugs were found to be at life-threatening levels...",World,Business
Justices hear cases on shipping wine (USATODAY.com) USATODAY.com - States that block direct shipments of wine to consumers from out-of-state wineries faced skeptical comments from Supreme Court justices on Tuesday.,World,Business
"Wreckage of Navy helicopter found The wreckage of a Royal Navy helicopter, which disappeared with four crew members on board, has been found off the coast of Cornwall, the Ministry of Defence says.",World,Sci/Tech
"UPDATE 1-Bayern rein in Wolfsburg with Pizarro double Bayern Munich reined in Bundesliga leaders Wolfsburg on Tuesday with a 2-0 victory, courtesy of a double strike from Peruvian striker Claudio Pizarro in his first match in a month.",Sports,World
"Conn. Man, 70, Oldest to Swim Channel LONDON - A retired Connecticut pilot has become the oldest person to swim the English Channel. George Brunstad, 70, left Dover, England, Saturday morning heading for the French Coast...",World,Sports
Branson: Virgin Billionaire Eyes China Telecom Deal Can you hear him now: Virgin Group Chairman Richard Branson said in Hong Kong that his company has earmarked \$300 million for a cell phone joint venture in China.,Business,Sci/Tech
"Caterpillar snaps up another remanufacturer of engines PEORIA - Caterpillar Inc. said Wednesday it will acquire a South Carolina remanufacturer of engines and automatic transmissions, increasing its US employment base by 500 people.",Sci/Tech,Business
"Ravens Star Jamal Lewis Pleads Guilty to Drug Charge (Reuters) Reuters - Baltimore Ravens football star Jamal\Lewis pleaded guilty on Thursday to using a cell phone to try\to broker a cocaine deal, avoiding more serious federal drug\charges that could have sent him to prison for life.",Sports,Sci/Tech
"Petronas pursues China LNG supply opportunities Petroliam Nasional Bhd., or Petronas, Malaysias national oil and gas firm, is in discussions with Chinas State-owned oil and gas firms for potential liquefied natural",Business,Sci/Tech
"Gateway Can Party Like It #39;s 1999 Those were heady days, they were, back in 1999. The bull market was still roaring. We hadn #39;t yet heard of hanging or dimpled chads.",Sci/Tech,Sports
"Salesforce.com 2Q Profit Up Sharply Software developer Salesforce.com Inc. posted a sharp rise in second-quarter profit on better-than-expected revenue during its first quarter as a public company, but investors shunned the stock in late trading",Sci/Tech,Business
"Texas Instruments Plans Buyback (Reuters) Reuters - Texas Instruments Inc., the\largest maker of chips for cellular phones, on Thursday said it\plans to buy back #36;1 billion in stock and boost its quarterly\dividend by more than 17 percent, becoming the latest\technology company to return extra cash to investors.",Sci/Tech,Business
My 50 random musings on the final major championship of the year So the last major of 2004 is in the books. Herewith 50 random ruminations on the US Open that was. ... 1. Imagine how good Roger Federer will be once he learns to move around the court a little.,Sports,Sci/Tech
Powell for Arab democracy but Middle East no ready convert IT WAS first unveiled to the world as the American dream for spreading democracy right across the Middle East. But by the time US secretary of state Colin Powell came to launch the administrations quot;big,World,Sports
"Some Democrats Believe the Party Should Get Religion Bested by a Republican campaign emphasizing Christian faith, some Democrats are stepping up efforts to organize the ""religious left.""",World,Sci/Tech
"Foreseeing the Suns fate: Astronomical interferometry reveals ... For the first time, an international team of astronomers led by Guy Perrin from the Paris Observatory/LESIA, (Meudon, France) and Stephen Ridgway from the National Optical Astronomy Observatory (Tucson, Arizona, USA) has observed the close environment of",Sci/Tech,Sports
Fusion reactor decision must wait Six nations planning to build the world's biggest nuclear fusion reactor fail to agree where to site the facility.,Sci/Tech,World
"Patron Saint of the Nerds St. Expedite might not even be a true saint, but that doesn't stop programmers and job seekers from asking for his help. Michelle Delio reports from New Orleans.",Sci/Tech,World
Georgia Tech Looks to Virginia Tech (AP) AP - Georgia Tech wants to avoid being embarrassed by another ACC rookie.,Sports,Sci/Tech
"South Korea, Singapore seal free-trade pact Korea and Singapore sealed a free-trade agreement yesterday that covers nine broad areas, including electronics, finance and intellectual property rights.",Business,World
Alert shuts Los Angeles airport Parts of Los Angeles international airport are temporarily closed down amid reports of a security breach.,World,Sci/Tech
"Self-sustaining killer robot creates a stink It may eat flies and stink to high heaven, but if this robot works, it will be an important step towards making robots fully autonomous.",Sci/Tech,Sports
"INSIDE INFO: Man Utd shares drop MAN UNITED #39;S share price has fallen by just over 2.5, less than expected after the resignation of Malcolm Glazer #39;s bankers JP Morgan.",Sports,Business
Brown seeks to retain EU rebate Chancellor Gordon Brown has expressed his determination to retain the British rebate on its contributions to the European Union #39;s annual budget.,Business,World
"Liverpool completes signings of Alonso, Garcia LIVERPOOL, England (AP) -- Spanish pair Xabi Alonso from Real Sociedad and Luis Garcia from Barcelona signed five-year contracts with Liverpool on Friday.",Sports,Sci/Tech
"SEC Delays Reviews for Some Firms Securities regulators gave more than 2,000 public companies a brief reprieve from new rules requiring them to assess the strength of their financial safeguards.",Business,Sci/Tech
"Ericsson Selected by MTN South Africa to Supply 3G/WCDMA Network STOCKHOLM, Sweden --(Business Wire)-- Dec. 10, 2004 -- Ericsson (NASDAQ:ERICY) has been selected by MTN South Africa to supply 3G/WCDMA network.",Sci/Tech,World
"Kenyan activist plants tree to mark Nobel prize Crying with delight, Kenyan environmentalist Wangari Maathai planted a tree to celebrate winning the Nobel Peace Prize on Friday and vowed to use the money",World,Sci/Tech
"Judge Indicts 2 Former Parmalat Auditors MILAN, Italy Oct. 5, 2004 - Two former auditors at Parmalat were ordered to stand trial for market rigging under a fast-track procedure, the first indictments since the massive fraud scandal at the Italian-based dairy giant.",Business,World
"Microsoft plays up growth, dividend They were preaching to the choir, but Bill Gates and Steve Ballmer still did their best to sell the virtues of Microsoft stock at the company #39;s annual shareholder meeting yesterday in Bellevue.",Business,Sci/Tech
"Sihamoni ready to take over: PHNOM PENH, Oct. 10. - King Norodom Sihanouk declared on Sunday that his son, Crown Prince Norodom Sihamoni is ready to accept kingship.",World,Sports
Schering-Plough and Bayer form strategic alliance Schering-Plough Corporation has announced that it has entered into a strategic agreement with Bayer designed to maximize the companies #39; pharmaceutical resources while maintaining each company #39;s own strategic interests.,Business,Sci/Tech
"China 'owns up' over mystery sub \China has expressed regret for the intrusion of one of its subs into Japanese waters last week, Tokyo says.",World,Sci/Tech
"Groups Eager to Meet With Bush, Kerry (AP) AP - Organizations representing the nation's 3 million scientists, engineers and doctors have invited both presidential candidates to have a word with them #151; online.",Sci/Tech,World
"Tropical Storm Slams Into Coastal S.C. CHARLESTON, S.C. - Tropical Storm Gaston blasted the South Carolina coast with rain and near-hurricane strength wind early Sunday, flooding roads and knocking out power to at least 75,000 homes...",World,Sports
"Motorola buys wireless network developer, eyes defense contracts CHICAGO - Motorola Inc. is acquiring MeshNetworks Inc., developer of a Wi-Fi based technology that is expected to help land more contracts for its growing government contracting business.",Business,Sci/Tech
"Asia-Europe Forum Grows, Myanmar Irritates HANOI (Reuters) - An Asia-Europe forum accepted Myanmar and 12 other new members on Thursday ahead of a summit strained by Yangon's human rights record and detention of democracy icon Aung San Suu Kyi.",World,Business
"Lonely whale #39;s song remains a mystery A lone whale with a voice unlike any other has been wandering the Pacific for the past 12 years. Marine biologist Mary Ann Daher of Woods Hole Oceanographic Institution in Massachusetts, US, and her colleagues",Sci/Tech,World
"Mother of Jackson Accuser Testifies SANTA MARIA, Calif. - The mother of the boy accusing Michael Jackson of molestation testified Friday she does not remember a private investigator telling her that he was working for one of the pop star's attorneys, but believed he worked directly for the singer...",World,Sports
Florida deaths blamed on Hurricane Frances State and local officials Tuesday said nine people have died in Florida because of Hurricane Frances. The following describes those deaths: - A 15-year-old grandson and a former son,Sports,World
"Keck telescope confirms important exoplanet discovery Hawaii #39;s Keck Observatory has confirmed the existence of a Jupiter-sized planet orbiting a distant star, the first one spotted by a network of astronomers using telescopes no larger than the ones you can buy in stores.",Sci/Tech,Business
"Challenger disappoints with writedown The Kerry Packer-backed Challenger Financial Services Group has reported its first net loss since incorporating, impacted by a massive writedown of goodwill.",Business,Sci/Tech
"Stock Prices Climb Ahead of Google IPO NEW YORK - Investors shrugged off rising crude futures Wednesday to capture well-priced shares, sending the Nasdaq composite index up 1.6 percent ahead of Google Inc.'s much-anticipated initial public offering of stock. In afternoon trading, the Dow Jones industrial average gained 67.10, or 0.7 percent, to 10,039.93...",World,Business
EU launches graphic tobacco ads The European Commission launches graphic images showing the damage smoking can do to people's health.,World,Sci/Tech
"Hamm should support Yang Paul Hamm needs a new marketing strategy. Either that, or he needs a clue. One harmless gesture separates him from lionization in America and canonization in South Korea, and",Sports,World
"Plan B Proposes Its Own Alternatives Donnie Downs, president and chief executive of Plan B Technologies Inc., said the company itself is a ""plan B.""",Sci/Tech,Business
Officials: Boston #39;s Big Dig highway project full of leaks ... But taxpayers won #39;t have to foot the bill -- Massachusetts Turnpike managers say the repairs are the responsibility of the private contractors who built the nearly 15 (b) billion dollar tunnel project.,Business,Sci/Tech
"Auto suppliers feel squeeze DETROIT -- New car and truck sales rose more than two per cent during the first 10 months of 2004, but many of the companies that supply parts to the big automakers have little to celebrate -- their profits are shrinking as raw materials costs rise and",Business,Sci/Tech
"Quick end to US election crucial US President George W. Bush is on the verge of a re-election victory, but Democratic challenger John Kerry is not conceding defeat, at least not now.",Business,World
"Colombia Says Irish Fugitives Have Fled Country BOGOTA, Colombia (Reuters) - Three Irish fugitives convicted of teaching leftist Colombian guerrillas how to make bombs have escaped the Andean country and are at large outside its borders, Colombia's attorney general said late on Thursday.",World,Sci/Tech
"San Diego fiscally sound, mayor says SAN DIEGO - In the wake of another downgrading of San Diego #39;s credit rating, Mayor Dick Murphy today reassured the public that the city is fiscally sound.",Business,Sci/Tech
"Cisco #39;s Q1 Profit Leaps 29 Percent Cisco Systems has reported first-quarter profits of \$1.4 on sales of \$6 billion. Despite cautious spending by its corporate customers, softness in the global economy and a lingering uncertainty over whether",Business,Sci/Tech
"Amazon Burning Makes Brazil a Leading Polluter By Axel Bugge BRASILIA, Brazil (Reuters) - Burning of the Amazon andother forests accounts for three quarters of Brazil'sgreenhouse gas emissions and has made the country one of theworld's leading polluters, a long-delayed government reportshowed on Wednesday.",World,Sci/Tech
"Study: Wild Monkeys Resort to Use of Tools (AP) AP - Wild South American monkeys routinely use fist-sized rocks to crack open seeds and to dig in dry Brazilian soil for grubs and edible tubers, researchers report in the journal Science.",Sci/Tech,Sports
"Needham nips Framingh As Carey Division rivals in the Bay State Conference, the Needham and Framingham field hockey teams met twice already this fall, with the clubs splitting a pair of 1-0 decisions.",Sports,World
"Chirac, in Beijing, Signs Accords to Increase French Investment President Jacques Chirac of France declared Saturday that France was a natural trade partner for China and, during a flurry of air, rail and energy deals, he played down",World,Business
"Iliadis, Tanimoto win judo golds Ilias Iliadis of Greece thrilled the home crowd Tuesday, beating Roman Gontyuk of Ukraine to win the gold medal in the 81-kilogram class.",Sports,World
"British Re-Enact Charge of Light Brigade (AP) AP - Britain's Prince Philip and saber-waving cavalry re-enactors commemorated the charge of the Light Brigade on Monday, 150 years after the doomed British assault against Russian cannons in a Crimean War battle immortalized by the poet Alfred Lord Tennyson.",World,Sports
"UPDATE 2-Cricket-Malik reported for suspect action Cricket-ICC clears Zimbabwe Cricket Union of racism October 17, 2004 14:05:37 LAHORE, Pakistan, Oct 17 (Reuters) - A special report by an International Cricket Council (ICC) inquiry commission has ruled there is no evidence of racism within the",Sports,World
"British industry at best in 10 years Manufacturing industry is enjoying its strongest performance for almost 10 years, according to a survey by the Engineering Employers Federation.",Business,Sci/Tech
"U.S. Seeks Reconciliation with Oil-Rich Venezuela SAO PAULO, Brazil (Reuters) - The United States said on Monday it will seek better ties with oil-rich Venezuela in the clearest sign since President Hugo Chavez won a recall referendum in August that Washington is looking for reconciliation with the firebrand populist.",World,Business
"Veterans Committee counts for little The Hall of Fame released the latest Veterans Committee ballot yesterday. As you might (or might not) remember, there #39;s a (nearly) new committee in town.",Sports,Sci/Tech
IBM #39;to sell PC business #39; IBM is reportedly in talks to sell its personal computer business. It would mark the end of an era for the company that brought the computer into the mainstream when it began selling its desktop PC to corporations and consumers in 1981.,Business,Sci/Tech
"One of nation #39;s hottest coaches, Tedford will shock nation and ... The T-shirt was the brainchild of Bob Rose, the University of California #39;s aptly named executive associate athletic director for communications, and it speaks to the school #39;s football revival on numerous levels.",Sports,World
EU seeks joint asylum policy EU ministers meeting in Luxembourg plan moves to integrate their asylum and immigration procedures.,World,Business
"Spimming for Dollars Today #39;s new word, for all you dictionary freaks, is quot;spim quot;. Spam IM (Instant Messaging) = Spim. IM Spam. And for many IM companies it is the bane of their existence requiring increasingly aggressive filtering and block list capabilities.",Sci/Tech,Business
Australia establish 300-run lead in third India Test (AFP) AFP - Australia batted cautiously in their second innings to build a lead of 300 runs over India with nine wickets in hand in the third cricket Test here.,World,Sports
Hughes allowed to speak to Rovers The Football Association of Wales have given national boss Mark Hughes permission to speak to Blackburn over their vacant managerial post.,Sports,World
Terror Suspect Escapes From Bahrain Court A terror suspect escaped from court in Bahrain Monday after a judge renewed the detention order and three fellow detainees for 30 days.,World,Sports
"Update 2: Oracle Poised to Pounce on PeopleSoft Bolstered by investors, Oracle Corp. appears destined to complete its long-sought takeover of PeopleSoft Inc. unless its rival becomes more profitable and proves it #39;s worth more than the \$9.2 billion bid currently on the table.",Business,Sci/Tech
"Murdoch novel reveals Alzheimer's The last novel by the author Iris Murdoch reveals the first signs of Alzheimer's disease, experts say.",World,Sci/Tech
9:22 am: Missing explosives have experts wondering what else is ... Revelations that nearly 400 tons of conventional explosives have gone missing in Iraq have experts wondering what other weapons might be in jeopardy of falling into insurgent or terrorist hands.,World,Sci/Tech
"ConocoPhillips boosts LUKoil stake to 10 percent (AFP) AFP - US oil major ConocoPhillips has boosted its stake in Russia's second-largest oil producer LUKoil to 10 percent, giving Conoco at least one representative on LUkoil's board.",World,Business
"Disney takes sides in battle for next generation DVD (AFP) AFP - Hollywood movie powerhouse Walt Disney has taken sides with Japan's Sony Corp. in a bitter battle between studios to define a technical standard for next generation DVDs, it said.",Sci/Tech,World
Glazer buys more Man United shares American business tycoon Malcolm Glazer has increased his stake in Manchester United by buying another 17million worth of shares in the club.,Sports,Business
"Pfizer buys 5 percent stake in Medarex BOSTON (CBS.MW) - Pharmaceutical powerhouse Pfizer is buying a 5 percent stake in biotechnology researcher Medarex under their newly signed collaboration deal, according to Medarex Chief Executive Donald Drakeman.",Business,Sci/Tech
"Board with Mukesh: Reliance Mumbai, Nov. 26: Mukesh Ambani apparently commands the full support of the board on all recent decisions, including the controversial one that elevated him to the final authority in the group.",Business,Sports
"Election chaos? (U.S. News World Report) U.S. News World Report - Michael Cadigan's day job is practicing commercial law in Albuquerque. But over eggs at the trendy Gold Street Caffe in the heart of downtown, he and a dozen other lawyers are immersing themselves in the intricacies of election law. On Election Day, they plan to be out in force for Democrat John Kerry at polling places across New Mexico, where Al Gore won in 2000 by just 366 votes. quot;We know there was a lot of monkey business with counting ballots before, quot; says Cadigan. quot;We want to make sure that doesn't happen again. ...",World,Sci/Tech
Hurricane Ivan blows Courts #39; profits away MILLIONS of pounds are likely to be wiped off profits at the Caribbean arm of furniture retailer Courts following the devastating impact of Hurricane Ivan.,Business,World
"GlobeTrotter: Mandrake-based 40GB Linux Mobile Desktop joestar writes quot;Mandrakesoft amp; LaCie have just launched quot;GlobeTrotter quot;, a ultra-compact 40 GB bootable USB hard-drive pre-loaded with Mandrakelinux 10.",Sci/Tech,Sports
"Productivity Growth Slowest in 2 Years (AP) AP - The productivity of America's workers grew at a 1.8 percent annual rate in the third quarter, the slowest pace in nearly two years, the government reported Tuesday.",Business,Sci/Tech
"Mortgage Rates Rise Around the Country Mortgage rates around the country rose this week but are still at levels that should continue to provide support to the vibrant housing market, analysts say.",Business,Sci/Tech
"Dream Team Leads Spain 44-42 at Halftime ATHENS, Greece - As expected, the U.S. men's basketball team had its hands full in a quarterfinal game against Spain on Thursday...",World,Sports
Yahoo! Ups Ante for Small Businesses Web giant Yahoo! is gambling that price cuts on its domain name registration and Web hosting products will make it more competitive with discounters in the space -- which means that small businesses looking to move online get a sweeter deal through ...,Business,Sci/Tech
"Ljubicic Downs Hanescu at Open De Moselle Top-seeded Ivan Ljubicic of Croatia beat Victor Hanescu of Romania 6-4, 6-4 Tuesday in the first round of the Open de Moselle.",World,Sci/Tech
"Ancient fungus 'revived' in lab Fungus from a deep-sea sediment core that is hundreds of thousands of years old will grow when placed in culture, scientists discover.",World,Sci/Tech
"Cause of Indonesian Plane Crash Probed (AP) AP - Investigators picked through the wreckage of an Indonesian passenger plane that crashed in stormy weather, killing at least 32 people in the county's worst air accident in six years.",World,Sci/Tech
Chercher dans toute l #39;actualit Italy ground to a halt as millions of workers observed a general strike in protest against the economic policies of Prime Minister Silvio Berlusconi #39;s centre-right government.,World,Business
"A great catch? Lobsters How does he like lobster? Boiled, steamed, broiled, baked, grilled? Newburg? Bahar Uttam prefers his with a capital L -- Lobsters -- and sees them frolicking on a tennis court rather than laid out on a plate. In Uttam's mind lurks a tasty dish for the town's sporting crowd, one that could satisfy the five-year hunger of tennis junkies, a ...",Sports,Sci/Tech
Yahoo and SBC extend partnership and plan new services Yahoo and SBC Communications have agreed to collaborate to extend some of the online services and content they currently provide to PC users to mobile phones and home entertainment devices.,Business,Sci/Tech
"#39;Somebody please save my dad #39; Nick du Toit #39;s wife and stepdaughter are distraught that there is nothing they can do to help him. On Monday his stepdaughter, Marilise Bezuidenhout, was forced to convey the news of his possible death sentence",World,Sports
"India's Tata makes powerful debut Shares in Indian software services giant Tata Consultancy close 16 higher on their market debut, raising \$1.2bn for the company.",World,Business
"Ex-Guard Speaks Out About Di Tapes (CBS) Newly-surfaced videotapes of the late Princess Diana address her sometimes bizarre relationship with Prince Charles. The tapes were recorded by Diana #39;s voice coach, Peter Settelen.",World,Sports
"Faces From The 1929 Crash NEW YORK - The people who will forever be associated with the Great Crash of 1929 were all white, male and wealthy, but their occupations and ethics varied considerably.",Business,Sports
"Nursery rhymes more violent than TV (Reuters) Reuters - Children's nursery rhymes contain 10 times more violence than television shows broadcast before the\9 p.m. ""watershed"" after which more adult content can be shown, research has said.",World,Sci/Tech
"US Says Ukraine Can Still Salvage a Free and Fair Election The United States says Friday Ukraine still has an opportunity to conduct a free and fair presidential election Sunday, despite a campaign marred by charges of pro-government bias.",World,Business
Climax to show off Avalon to US publishers #39;Project Avalon #39; becomes just plain Avalon; developer will show playable prototype of next-generation shooter to American execs.,Sci/Tech,Business
"Four Hurricanes Hurting Florida Economy (AP) AP - Normally at this time of the year, labor contractor Jose Luis Avalos would be assembling a crew of workers who could each earn #36;1,500 to #36;2,000 a week in the area's abundant citrus groves.",Business,Sports
Mass. auto rates to stay fairly steady next year The state insurance commissioner yesterday held auto insurance premiums fairly steady for next year while approving measures that could sharply increase the rates paid by inexperienced teenage drivers.,Business,Sci/Tech
Japan govt body to call for 5.7 billion dollar aid to Daiei (AFP) AFP - A Japanese government-backed organization will ask financial institutions to provide troubled retailer Daiei with 600 billion yen (5.7 billion dollars) in financial assistance.,Business,World
IBM reported to be exiting PC business IBM #39;s possible exit from the personal-computer business would be the latest move in what amounts to a long goodbye from a field it pioneered and revolutionized.,Business,Sci/Tech
"Plane repos ready to take flight At the airport, you hear all of the usual explanations: bad weather, mechanical difficulties, no crew available. But now there #39;s another excuse you might hear as times get tougher for cash",Business,Sports
"US doctor says evacuations, body armor has helped save lives in ... The commander of the biggest US military hospital abroad said Tuesday that American troops body armor and speedy evacuations appear to be helping save lives in the",World,Business
"China Lays Into #39;Bush Doctrine #39; Ahead of US Poll On the eve of the US election, China laid into what it called the quot;Bush doctrine, quot; said the Iraq war has destroyed the global anti-terror coalition and blamed arrogance for the problems dogging the United States worldwide.",World,Business
"Grenada In Crisis - Friday 10, September-2004 DESPAIR is setting in among the 80 000 homeless Grenadians who, ravaged and traumatised by the damage done to them by Hurricane Ivan, exist each day with no food, no water and no hope.",World,Sports
"Court Hears Interstate Wine Sales Case (AP) AP - The Supreme Court considered Tuesday whether state alcoholic beverage regulations put in place 70 years ago, after Prohibition was lifted, should remain the law of the land in the Internet age.",World,Business
"Volkswagen May Be Close to Settling Its Wage Talks Volkswagen and its workers entered a critical week in their wage negotiations on Monday, with signs that a compromise was taking shape even as protests flared at factories across Germany.",World,Business
Broadband charges set to tumble The cost of broadband internet access is likely to fall after Ofcom ordered British Telecom to cut the amount it charges internet providers.,Business,Sci/Tech
"German court rules out Barbie monopoly (AFP) AFP - Germany's federal court of justice ruled against giving Barbie a monopoly in the themed doll market, saying that a German rival called Steffi Love had every right to compete with her.",World,Business
"Oracle considers lower PeopleSoft offer Oracle Corp could reduce its offer for PeopleSoft Inc by as much as a third, to \$2.5 billion or \$14 a share, to reflect declining performance at the rival company, an Oracle executive reportedly testified yesterday.",Business,Sci/Tech
Why I will clone human cells: Dolly creator THE scientist who made his name by cloning Dolly the sheep said yesterday that he was quot;very optimistic quot; about gaining a licence to clone human embryos to aid understanding of motor neurone disease.,Sci/Tech,World
Del Monte Needs 9Lives The leading private and branded food and pet products marketer is spending to revamp its image.,Business,Sci/Tech
"Q amp;A : Merger changes little for now Here are answers to some questions arising from the closing of Cingular Wireless #39; acquisition of AT amp;T Wireless. Q: With the merger, how will the combined company rank in the industry?",Business,Sci/Tech
"Legendary all-rounder Miller dies Keith Miller, arguably Australia's greatest all-rounder in Test cricket, has died in Melbourne aged 84.",World,Sports
IBM as PeopleSoft #39;s Hero? Hardly Big Blue --a white knight? It #39;s easy to see how industry watchers got carried away with speculation that IBM (IBM ) might be riding to rescue of beleaguered PeopleSoft (PSFT ). On Sept.,Business,Sci/Tech
"Jewish state fears world isolation An internal report prepared by Israel #39;s foreign ministry paints a gloomy picture for the future of the country #39;s global standing, giving warning that in the coming decade it could",World,Business
"Police, Peddlers Clash in Venezuelan City (AP) AP - Police and National Guard troops fired tear gas and plastic bullets at crowds of angry street vendors in Venezuela's capital Wednesday as officers tried to remove merchants from zones where they are barred from selling their wares.",World,Sports
"South Korea planning huge spending to revive economy: report (AFP) AFP - The South Korean government is preparing a huge quot;New Deal quot; spending package in the next few years to revive the country's sagging economy, Yonhap news agency said.",Business,World
"ASEAN to push Australia, New Zealand to sign non-aggression pact (AFP) AFP - Southeast Asian foreign ministers said they would encourage Australia and New Zealand to accede to a non-aggression pact with their 10-nation ASEAN group that South Korea signed.",World,Business
"AOL pushes into Internet shopping Looking for new ways to boost its revenue, America Online is launching an online shopping service that won #39;t require an AOL account to access.",Business,Sci/Tech
"Bonds's Excuse Has the Scent of Snake Oil, Not Arthritis Balm Barry Bonds's ignorance of the substances obtained by his trainer from Balco is more childish than a youngster's excuse that ""the dog ate my homework.""",Sports,World
Bush Scraps Most U.S. Sanctions on Libya (Reuters) Reuters - President Bush on Monday formally\ended the U.S. trade embargo on Libya to reward it for giving\up weapons of mass destruction but left in place U.S.\terrorism-related sanctions.,Sci/Tech,World
Oil price down as Iraq fears ease The price of oil has fallen as fears about interruptions to supplies being pumped out of Iraq eased slightly.,Business,World
J.E. Robert Assembles New Investment Fund J.E. Robert Cos. completed raising \$823 million from about 40 institutional and private equity investors this week.,Business,Sci/Tech
SBC calling on cable SBC is teaming up with Microsoft to provide consumers with a new way to view television -- a move that puts it in direct competition with the cable TV industry.,Business,Sci/Tech
"Knicks: Crawford hits the one that counts The old axiom is that it doesn #39;t matter how many shots you miss; if you #39;re a shooter, you have to keep shooting. Jamal Crawford missed 21 shots against the Atlanta Hawks last",Sports,Sci/Tech
"Something Positive in Zanu Pf BELIEVE it or not, I still have personal friends who are ardent Zanu PF supporters with whom I socialize now and then. With one of them however, our political differences were beginning to affect our personal relationship.",World,Sports
"Deutsche Bank Defends Role in Collapse of Company in Singapore Deutsche Bank defended today its role in the collapse of a Chinese government-controlled company in Singapore early last week, as investigators continued to study what went wrong.",Business,Sci/Tech
"Bullying ZCU is cleared of racism WHILE Zimbabwe #39;s international playing future hangs in the balance, the Zimbabwe Cricket Union has been cleared of racism by the International Cricket Council.",Sports,Sci/Tech
MOTOR RACING: FERRARI IN TALK FURY FERRARI are to snub crucial talks at Heathrow today aimed at revolutionising Grand Prix racing. The Italian giants are the only team blocking radical changes that could save the leading outfits,Sports,Sci/Tech
"Argentina gets China investment China is to invest nearly \$20bn (11bn) in Argentina over the next 10 years, Argentine officials say.",World,Business
"The battle for DR Congo's wildlife As donors pledge \$40m to save DR Congo's wildlife, life in Virunga Park remains a battle ground.",Sci/Tech,Business
Football: Brazil legend's UK debut Brazil football great Socrates is set to make his debut for non-league Garforth Town on Saturday.,World,Sports
"Intel Taps Otellini As Next CEO Intel #39;s board, as expected, has named Paul Otellini to succeed Craig Barrett as CEO effective next May 18, the company announced Thursday.",Business,Sci/Tech
"HP targets China with low-cost PC SAN FRANCISCO (CBS.MW) - Personal computer stocks were relatively quiet Friday as the sector focused more attention on China where Hewlett-Packard introduced a new, low-priced PC.",Business,Sci/Tech
"Keeping Mad Cow Out of Cosmetics Since mad cow disease turned up in the United States late last year, traced to a cow imported from Canada, federal regulators have issued rules to prevent the spread of the fatal disease, focusing on limiting beef imports, testing and other measures to protect the domestic herd.",Business,Sci/Tech
Teenage T. rex's monster growth Tyrannosaurus rex achieved its massive size due to an enormous growth spurt during its adolescent years.,Sci/Tech,Business
"FDA OKs Scientist Publishing Vioxx Data (AP) AP - The Food and Drug Administration has given a whistle-blower scientist permission to publish data indicating that as many as 139,000 people had heart attacks that may be linked to Vioxx, the scientist's lawyer said Monday.",World,Sci/Tech
"Clarett accuses Ohio State of improprieties; school denies claims Former Ohio State star Maurice Clarett accused coach Jim Tressel, his staff and school boosters of arranging for him to get passing grades, cars, and thousands of dollars, including for bogus summer jobs.",Sports,Business
"Industry Report: Dec. 6, 2004 With a raft of new products ready to roll out over the next few years, Ford Motor Co. is setting big growth goals for its long-troubled Lincoln Mercury division.",Business,Sci/Tech
Russias strange bedfellows Ministers from the Commonwealth of Independent States (CIS) gathered in the Ukrainian capital Kiev on September 29 to formulate a common anti-terrorism strategy.,World,Sci/Tech
"TV war puts tour of India in doubt Australian cricket chiefs fear a battle over television rights could cause next month #39;s Test series in India to be cancelled, and last night were seeking clarification from Indian board president",Sports,World
CRICKET: Kaspa has selectors in a bind MICHAEL Kasprowicz has put national selectors into a difficult situation with a five-wicket burst that has enhanced Australia #39;s hopes of snatching a maiden Champions Trophy in London this month.,Sports,Sci/Tech
Press review 0850CET--The seizure of fake Nike sportswear by the Customs Department was one of the main stories on Wednesday #39;s newspapers. L-Orizzont published,Sci/Tech,Sports
"Nokia stamps out bad batteries Helsinki - Nokia, the world #39;s largest handset maker plans to mark its original batteries with a hologram as part of the fight against unsafe, counterfeit mobile phone batteries - some of which have exploded in users #39; hands.",Sci/Tech,Business
"Discovery Channel Tests Power of Licensing By rushing more than 700 products under the American Chopper brand as part of a new in-house licensing program, the cable channel is relying more heavily on licensing to market shows.",Business,Sci/Tech
"Linux: Paris weighs a shift to open-source camp PARIS The open-source computer system known as Linux won a tough battle over Microsoft earlier this year when the city of Munich decided to change the operating software of 14,000 government computers, despite the personal intervention of Steve Ballmer",Business,Sci/Tech
Frisday #39;s Sports Transactions BOSTON CELTICS_Activated G Delonte West from the injured list. Placed F Justin Reed on the injured list. PHILADELPHIA 76ERS_Activated G Aaron McKie from the inujred list.,Sports,World
Veterans Pronger and McKenzie don #39;t think hockey will return until ... NHL veterans Chris Pronger and Jim McKenzie think this lockout is far worse than the one that wiped out half a season 10 years ago.,Sports,Sci/Tech
"Product Previews palmOneUpgrades Treo With Faster Chip, Better Display\With more than 600,000 units shipped, the Treo 600 is one of the big smartphone success stories. Last week, palmOne introduced the follow-on Treo 650 with a higher resolution 320-by-320-pixel TFT screen, which the company claims increases the visible area of the display and makes pictures and documents much clearer. The 650 also carries a removable battery; 32MB of flash memory, and a faster 312MHz, Intel XScale processor. Improved multimedia features include a built-in MP3 player, a digital camera with improved low-light capabilities, as well as video capture and playback functionality. Products are expected to ship by years end from some carriers who will add their own services, and will be priced at about \$499.\ Treo 650, palmOne",Business,Sci/Tech
"Minot officials give preliminary approval to Wal-Mart Supercenter MINOT, ND - City Council members have given Wal-Mart preliminary approval to build a Supercenter, though not without some soul-searching.",Business,Sports
SC to hear Zee petition tommorrow Five judges of the top court will hear a petition filed by Zee Telefilms on Tuesday. A three-judge panel of the Supreme Court said a five-judge bench would hear the dispute that threatens the rights of India #39;s,Sports,World
"Man Sought #36;50M From McGreevey, Aides Say (AP) AP - The man who claims Gov. James E. McGreevey sexually harassed him was pushing for a cash settlement of up to #36;50 million before the governor decided to announce that he was gay and had an extramarital affair, sources told The Associated Press.",World,Sports
EU Wants U.S. Aid to Boeing Clarified (AP) AP - The European Union on Thursday demanded Washington explain more clearly how it subsidizes Boeing Co. and warned it would counter any U.S. challenge targeting EU rival Airbus SAS before the World Trade Organization.,World,Sci/Tech
"Approval Expected for Big Cellphone Deal Federal regulators will formally approve Cingular Wireless #39;s \$41 billion purchase of AT amp;T Wireless today, company officials briefed on the matter said over the weekend.",Sci/Tech,Business
"U.S. Seeking NATO Help in Afghanistan Washington will ask NATO\to devise a blueprint by February to have the alliance take\over operations in Afghanistan, now split between an American\force and NATO contingent, officials said on Tuesday.",World,Sci/Tech
England humble Sprinboks Charlie Hodgson scores 27 points as England overwhelm the Springboks at Twickenham.,World,Sports
"Racing: Jockey Club abandons inquiry into Fallon Kieren Fallon can now look forward to a Christmas of giggling children, mince pies and roaring log fires following the announcement that the Jockey Club have abandoned their inquiry into",Sports,Sci/Tech
"Olympics: Hansen still strong enough to take bronze Every ounce of his energy was expended, leaving an empty fuel tank. But, even in a depleted state, Brendan Hansen found a way to bolster his ever-growing swimming legacy.",Sports,World
"Exit Polls: Hong Kong Democrats Win Limited Gains HONG KONG (Reuters) - Pro-democracy candidates won limited gains in Hong Kong's Legislative Council election on Sunday and the pro-Beijing camp achieved a better-than-expected showing, exit polls showed.",World,Sports
"Cingular Closes #36;41 Bln ATT Wireless Deal (Reuters) Reuters - Cingular Wireless on Tuesday closed\its #36;41 billion cash purchase of AT T Wireless Services Inc.\, creating the biggest U.S. mobile service with more\than 46 million customers.",Business,Sci/Tech
BSkyB sees profits rise after strong subscriber growth (AFP) AFP - British satellite broadcaster BSkyB said profit rose by 16 percent in the first quarter as the group enjoyed strong subscriber growth in the run-up to the key Christmas trading period.,World,Business
FCC says allowing cable TV subscribers to choose their channels ... Federal regulators rejected on Friday the idea that allowing cable TV subscribers to pay only for channels they want would lower high cable bills.,Business,World
"Casio Shows Off Slim, Trim Digicams New Exilim models include the thinnest version yet, featuring a new ceramic lens.",Sci/Tech,Business
"For Many Airline Pilots, the Thrill Is Gone While pilots still feel in command in the air, they increasingly are feeling slighted on the ground, as airlines extract salary and benefits concessions from them.",World,Business
"Google Wins Trademark Victory Over GEICO ALEXANDRIA, Va. (Reuters) - A federal judge on Wednesday handed online search engine Google Inc. GOOG.O a victory in a trademark infringement case on Wednesday, ruling that when users searched for insurer GEICO, Google could display rivals as well.",Business,Sci/Tech
"Tough Talks Ahead After EU Is Criticized Efforts to forge the world's largest free trade zone between the European Union and South America's Mercosur economic bloc are unlikely to be concluded by an Oct. 31 deadline, the EU said Thursday, with both sides declaring each other's trade offers insufficient.",World,Business
Stern: #39;I #39;m tired of censorship #39;; switches channels The local radio galaxy tilted on its axis Wednesday when New York shock jock Howard Stern announced he would abandon the radio dial in 2006 for satellite subscriber radio.,Business,Sports
"Japan Won't Have U.S. Beef Anytime Soon (Reuters) Reuters - Japan's lucrative market for U.S.\beef, ruptured by mad cow disease worries, is likely to remain\closed for the rest of this year, U.S. meat industry officials\said on Thursday.",World,Sci/Tech
"Prized Fossil Just a Rock? With positive and negative results, it remains to be seen what type of Fossil this company really is.",Business,Sci/Tech
"Swing and a Miss for Asteroid An asteroid the size of a large storage shed came within 4,100 miles of Earth this spring, making it the closest near miss ever recorded, US astronomers said this week.",Sci/Tech,Business
"The servers cannot take the strain, captain! A San Francisco startup plans to boldly go where no game developer has gone before with an online game based on the cult TV series quot;Star Trek.",Sci/Tech,Sports
Drugstore Offers New Wave of Disposable Cameras NEW YORK (Reuters) - Pharmacy chain CVS Corp. on Thursday said it would offer the world's first disposable digital camera with a bright color viewing screen that allows consumers to instantly preview pictures.,Sci/Tech,Business
"Going ballistic: Agni-II test fired NEW DELHI: Indias quest to develop a solid missile defence took a step forward today when it successfully test-fired the surface-to-surface Agni-II missile, which can cover targets in the 2000-2500 kms-range, from the Integrated Test Range (ITR) at",World,Sci/Tech
Florida Linebacker Charles Charged (AP) AP - Florida linebacker Taurean Charles was charged with aggravated battery and culpable negligence-infliction of injury Wednesday from a fight at an off-campus party in June.,Sports,World
"South African Miner in Hostile Bid for Gold Fields Harmony Gold Mining, the largest miner of South African gold, made a hostile bid yesterday to acquire Gold Fields Ltd., another South African miner, for 52.",Business,World
Baby for ovary transplant woman A Belgian cancer patient made infertile by chemotherapy has given birth following revolutionary treatment.,Sci/Tech,Business
Research Is Definitely in Motion The Blackberry wireless device maker is straining to exceed expectations.,Business,Sci/Tech
"F1 power struggle now in session. The legal battle for control of Formula One gets underway in earnest today, with Bernie Ecclestone and the three German banks that make up the major shareholding in the sport going to court to decide who has the right to power.",Sports,World
Chip Giant UMC Reports Higher Profits (AP) AP - United Microelectronics Corp. #151; the world's No. 2 producer of made-to-order chips #151; on Wednesday reported that its third-quarter net profit more than doubled on year as shipments of chips for mobile phones and other gadgets increased.,Sci/Tech,Business
Cambodia Prince Moves Closer to Throne (AP) AP - The son of King Norodom Sihanouk moved closer Monday to becoming Cambodia's new monarch after legal hurdles were cleared in the complicated succession process triggered by the surprise abdication of his father last week.,World,Sci/Tech
"China cracks down on quot;phone sex quot; services BEIJING, Aug. 17 (Xinhuanet) -- China is carrying out a nationwide campaign to crack down on quot;phone sex quot; services, paralleling another sweeping operation against Internet pornography, Minister of Information Industry Wang Xudong said here Tuesday.",Sci/Tech,World
"Marzeoti (4 TDs) paces Shawsheen For years, Shawsheen Tech and Greater Lowell have battled for the William J. Collins Cup on Thanksgiving Day.",Sports,Sci/Tech
Pfizer: Exubera Does Well in Trials Drug makers Pfizer Inc. and Sanofi-Aventis on Tuesday posted positive results from mid-stage trials of an inhaled insulin product for diabetics.,Business,Sci/Tech
"Man arrested for fatally stabbing elderly parents SAITAMA -- A middle-aged man who fatally stabbed his parents has been arrested, police said. Hideo Nakajima, an unemployed man from Soka, Saitama Prefecture, apparently called police shortly before 8 pm, Wednesday.",Sci/Tech,Sports
"One-Two Economic Punch Proposals for two major league sports stadiums that would face each other across the Anacostia River evolved independently, D.C. officials said Friday.",Sports,World
The Crusade Against Evolution In the beginning there was Darwin. And then there was intelligent design. How the next generation of 'creation science' is invading America's classrooms. By Evan Ratliff from Wired magazine.,Sci/Tech,Sports
Sandia Motor Speedway for Sale on eBay (AP) AP - And the race is off! Only 29 days and some odd hours left to place your bid on eBay to buy the Sandia Motor Speedway.,Sci/Tech,Sports
"Sirius counting Stern boost Howard Stern #39;s planned defection is a tremendous coup for the emerging satellite radio industry and a setback for the already slumping field of traditional radio -- especially Viacom, which",Business,Sci/Tech
"Oracle v. Peoplesoft: the joke is on... Opinion I thought it was a joke when Oracle first announced that it was going to try to buy PeopleSoft; or, at best, a spoiling tactic over PeopleSoft #39;s acquisition of JD Edwards.",Business,Sci/Tech
"Caribbean Braces for Another Hurricane (AP) AP - Islanders scrambled to put up storm shutters and stock up on supplies as the fourth major hurricane of the season churned closer to the Caribbean, packing sustained winds of 105 mph.",World,Sports
Gujarat riot murder retrial opens The retrial of 16 Hindus charged with the murder of 12 Muslims in the Gujarat riots of 2002 opens in Mumbai.,World,Sci/Tech
"Transactions BASEBALL Cincinnati (NL): Announced OF John Vander Wal declined an outright assignment and elected free agency. Cleveland (AL): Designated INF Ivan Ochoa, P Jake Robbins, and OF Ernie Young for assignment. Montreal (NL): Declined to exercise its 2005 option on C Einar Diaz; assigned OF Matt Cepicky outright to Edmonton (PCL). Oakland (AL): Claimed P Tim Harikkala off waivers from ...",Sports,Business
Stocks to Watch on Dec. 1 NEW YORK (Reuters) - U.S. stocks to watch on Wednesday: IBM CORP. IBM.N: The computer maker said it sealed deals worth more than \$1 billion in new work with two European companies from which the information technology company just acquired two Danish services providers.,Business,Sci/Tech
"EBay Expands PayPal Buyer Protection Up to \$1,000 PayPal, eBay Inc. #39;s (EBAY.O: Quote, Profile, Research) online payment service, will expand its US buyer protection program to cover up to \$1,000 for qualified transactions, the company said on Thursday.",Sci/Tech,Business
"Adobe updates RAW plug-in with digital negative format Adobe has updated Photoshop #39;s support for digital cameras #39; RAW image formats. The new plug-in adds to the number of camera models supported and includes a utility for converting images into the DNG, digital negative format.",Business,Sci/Tech
"BHP Billiton, Alcoa sell Integris Metals for 359 million pounds (AFP) AFP - Anglo-Australian mining giant BHP Billiton and Alcoa, the world's largest aluminium producer, have agreed to sell their metal services joint venture Integris Metals for 660 million dollars (359 million pounds) including debt, a joint statement said.",World,Business
"LIBERIA: Religious riots erupt in Monrovia, curfew imposed MONROVIA, 29 October (IRIN) - Religious riots between Christians and Muslims erupted in the Liberian capital Monrovia on Thursday night and continued on Friday morning until UN peacekeeping troops restored order and the government imposed an indefinite",World,Sports
"Oil exports flow as strike woes ease A general strike in Nigeria, which has raised fears over oil supply from the world #39;s seventh-largest exporter, will likely end its first phase on Thursday quot;all going well quot;, union leaders said.",World,Business
"Quarterback Brady enjoyed a field day FOXBOROUGH -- Though more than \$300 million was invested in the construction of Gillette Stadium, part of it going to a state-of-the-art drainage system, the playing surface reminds Tom Brady of his high school field in San Mateo, Calif.",Sports,Sci/Tech
"SBC and Yahoo! extend pact to offer Internet service SAN ANTONIO SBC Communications and Yahoo are expanding their high-speed Internet service partnership to link video, wireless phone, Internet and other services.",Business,Sci/Tech
"CE giants #39;readying Blu-ray camcorders #39; Sony, Sharp and Matsushita plan to offer camcorders based on a cut-down version of the Blu-ray Disc, and could announce product as early as next year.",Sci/Tech,Sports
"Lockheed Profit Jumps on IT, Jet Demand \ NEW YORK (Reuters) - No. 1 U.S. defense contractor Lockheed\Martin Corp. reported a 41 percent rise in quarterly\profit on Tuesday, beating Wall Street forecasts, as demand\soared for its combat aircraft and information technology\services.",Sci/Tech,Business
English FA planning to introduce EPO tests this season The English FA plans to introduce tests for the blood-boosting drug EPO (erythropoietin) this season as part of its regular testing programme.,Sports,Sci/Tech
"Locusts Devastate Mauritania Crops, Others Escape (Reuters) Reuters - Crop-devouring locusts have caused major\damage to cereals in Mauritania but other West and Central\African states have suffered much less than feared from the\worst infestation in over a decade, the U.N. said on Thursday.",Sci/Tech,Sports
"U.S. Alone Among Allies in Centralizing Spy Powers BERLIN (Reuters) - By creating a new, all-powerful director of national intelligence, the United States departs radically from the practice in most of its Western allies where spymasters shun the public gaze and work by committee.",World,Sci/Tech
"Jones Advances in Long Jump; Johnson Out ATHENS, Greece - Marion Jones made her Athens debut in virtual anonymity, quietly advancing to the long jump final. Allen Johnson had the attention of everyone in the stadium, for all the wrong reasons...",World,Sports
Dance pair out with injury Olympic ice dancing hopefuls Loren Galler-Rabinowitz and David Mitchell of the Skating Club of Boston will be sidelined for the remainder of the season because of a shoulder injury to Mitchell that will require surgery.,Sports,Sci/Tech
"Plant a tree at Easter urges Nobel laureate world to plant trees at Easter as a symbol of renewal and to protect the planet. planted, quot; Maathai told Reuters Television in Oslo, where she received the 2004 Nobel Peace Prize.",World,Business
"Is this the end of IT as we know it? Halsey Minor, CEO of hosted integration provider grand central Communications, has a powerful message for IT: In four years, ... basically the whole notion of enterprise application software is going to be dead. He believes application functionality will instead be available as hosted, pay-per-use services delivered by companies such as Salesforce.com. Putting his money where his mouth is, Minor has recently launched a \$50 million venture capital fund with his own money to fuel on-demand startups. For its part, Grand Central will handle data and process integration between enterprises and multiple on-demand services.",Business,Sci/Tech
To learn more LNM Holdings has steelmaking operations in eight countries with an annual steel production capacity of more than 32 million tons. ISG was formed in 2002 and bought the assets of bankrupt Bethlehem Steel Corp,Business,Sci/Tech
Vandeweghe keeps interest in forward White The Nuggets could be re-signing free-agent forward Rodney White in the near future if White is able to resolve his off-court problems.,Sports,World
"Telephone Tag (Forbes.com) Forbes.com - ARRIS GROUP (5, ARRS) saw its market cap unjustifiably halved recently when Comcast, a huge customer (24 of Arris' sales), hinted it might buy next-generation technology from Cisco Systems. Arris supplies the technical guts that cable companies use to provide phone service. (For the reverse phenomenon, see story on p. 162.)",Business,Sci/Tech
"SIA: Chip sales to hit record, flatten Worldwide semiconductor sales will hit an all-time high in 2004 but stay relatively flat in 2005 before climbing again over the next two years, according to the Semiconductor Industry Association.",Business,Sci/Tech
Econ Edge: The Economic Week Fed Governor Speaks (12:45 pm ET) Federal Reserve Governor Mark Olson speaks about his economic outlook at a roundtable lunch in Toronto.,Business,Sci/Tech
Fortune's 100 Most Doomed? Your company made it to Fortune's 100 Fastest Growing Companies list. Is that a good thing?,Business,Sci/Tech
"Windows-Based Treo On the Way? Earlier today, Engadget broke the story that PalmONE might be looking at possibly making a Windows-based Treo. Not dumping the PalmSource Treo #39;s that run PalmOS, merely adding to the line.",Sci/Tech,Sports
"Maddux Wins No. 302, Baker Wins No. 1,000 Greg Maddux pitched the Chicago Cubs into the lead in the NL wild-card race and gave Dusty Baker a win to remember. Maddux threw seven shutout innings for his 302nd career win, Baker got his 1,000th victory as a manager and Chicago beat the Montreal Expos 5-2 on Monday night...",World,Sports
Boxer Begs Bush to Back Bum Bill Members of California's congressional team make one last effort to look good for the tech industry back home.,Business,Sci/Tech
"Carnival crowds likely to top 1m As the Notting Hill Carnival enters its final day, police say they are pleased with how it has gone so far. About 250,000 people took to the streets on Sunday - more than double the first day last year - to celebrate 40 years of the west London event.",World,Sports
"You Say Sell, I Say Potato Disgruntled shareholders file suit to force talks with Oracle while PeopleSoft's two largest shareholders agree to disagree.",Business,Sci/Tech
"Industrial output falls in Japan Japan's industrial production falls in October while unemployment rises, providing more evidence of a slowdown in the world's second largest economy.",Business,Sci/Tech
"Consumer Group Calls for Probe of #39;Rip-Off #39; ITunes Apple Computer Corp. is charging its British iTunes customers 17 percent more per download than its European customers, a consumer watchdog group said on Wednesday.",Sci/Tech,Business
"PM edges ahead in latest poll JOHN Howard #39;s plea for voters to trust him with the economy is paying early dividends, an exclusive Herald Sun poll shows. The Coalition has moved ahead of Labor by 52 per cent to 48 per cent as the Prime Minister #39;s interest rates campaign takes hold.",World,Business
"Austrian warning on Turkey #39;s EU hopes MEISE, Belgium, Dec 16 (AFP) - The EU must be sure it has the quot;capacity to absorb quot; Turkey before it gives a green light to the vast Muslim country #39;s hopes of joining the bloc, Austrian Chancellor Wolfgang Schuessel warned Thursday.",World,Business
Sun Micro Posts Narrower Quarterly Loss SAN FRANCISCO (Reuters) - Network computer maker Sun Microsystems Inc. on Thursday posted a narrower quarterly loss as revenue rose for the second consecutive quarter on higher sales of servers after three years of declines.,Business,Sci/Tech
"World awaits Chinese Grand Prix A quarter of a billion dollars to build the track. Tens of millions in racing fees. More than 150,000 live spectators and a television audience of hundreds of millions.",Sports,Sci/Tech
England's Lawyers Try to Get Photos Thrown Out Lawyers for Pfc. Lynndie R. England sought Wednesday to throw out evidence at the heart of the Abu Ghraib prison scandal -- the now-infamous photos showing her smiling and pointing at naked Iraqi detainees.,World,Sports
"HAYLEY MICK: Hayley Mick is a journalist currently based in Vancouver. She has broadcast experience with CBC Radio #39;s Quirks and Quarks and has reported for the Vancouver Sun, CBC Online, and the Canadian Press #39;s Ontario and Vancouver bureaus.",World,Sports
Rain threatens triangular final (AFP) AFP - Organisers were left banking on the Dutch weather to spare Saturday's final of the triangular cricket tournament after deciding against altering the fixture schedule in a bid to beat the rain that has marred this warm-up event for next month's ICC Champions Trophy in England.,World,Sports
"Activist's Daughter Speaks Against Castro (AP) AP - Her political activist father is her hero and Sayli Navarro wants to follow in his footsteps #151; at any cost. The soft-spoken, articulate teenager was just 6 when her father went to prison the first time, for posting signs reading ""Down with Fidel.""",World,Sports
"Munro, Morris Face Off in NLCS Game 2 ST. LOUIS - The Houston Astros put their hopes in a pitcher untested in the postseason when they give Pete Munro the ball to start Game 2 of the NL Championship series on Thursday, one night after dropping the opener to the St...",World,Sports
"New Report Links Reputed Kingpin to Murder Fifteen years ago, American journalist Todd Smith was brutally beaten and executed after he ventured into Peru's jungle to investigate links between Shining Path guerrillas and the cocaine trade.",World,Sports
"Rummenigge - parise for Bayern coach. (Getty Images) Felix Magath #39;s rigorous new training regime at Bayern Munich has been praised by club chairman Karl-Heinz Rummenigge. Magath #39;s approach had been criticised by some of his players, and Bayern have made a slow",Sports,Sci/Tech
"Astronauts Briefly Fix Oxygen Generator (AP) AP - The astronauts aboard the international space station got their broken oxygen generator running after three tries Friday, but the machine shut down again after barely an hour of operation.",Sci/Tech,World
"Cingular Sees Merger Savings Above Plan Cingular Wireless, the nation #39;s largest wireless carrier following the company #39;s merger with AT amp;T Wireless, said Wednesday that it has completed integration activities ahead of schedule and now expects merger-related cost savings to exceed prior estimates",Business,Sci/Tech
"Plane crash kills 10 close to racing MARTINSVILLE, Va. -- A Hendrick Motorsports plane crashed yesterday on its way to a NASCAR race, killing all 10 people aboard, including the son, brother and two nieces of the owner of one of auto racing's most successful organizations.",Sports,World
"Colombia Accuses Cos. of Illegal Imports The Colombian government has filed a lawsuit accusing Pernod Ricard SA, Diageo PLC and Seagram Export Sales Co. of illegally importing spirits via Colombian companies that launder drug money.",World,Sci/Tech
Freddie #39;s goal rage FED-UP Freddie Ljungberg says Arsenal must stop letting in stupid goals or face another season of Euro heartache. The disappointed Swede reckons the Gunners have already wasted a golden opportunity,Sports,Sci/Tech
"World Population to Rise to 8.9 Billion Although world families are getting smaller in many regions, the 50 poorest countries are expected to triple in size to 1.7 billion people by 2050, posing many challenges for world countries.",World,Sci/Tech
EU transport chief hails Alitalia accord (AFP) AFP - EU transport and energy commissioner Loyola de Palacio hailed the accord reached between Alitalia management and staff on a major restructuring plan aimed at keeping the struggling airline in the air.,World,Business
"Bangladesh boss slams detractors Bangladesh's coach says they still deserve Test status after their 30th defeat, to India.",World,Sports
"49ers tickets are available Since just before the start of the NFL #39;s regular season two months ago, television viewers in the Bay Area have been seeing commercials for a product that for years has sold itself.",Sports,Sci/Tech
"Hurricane Ivan Slams U.S. Gulf Coast Hurricane Ivan roared into the Gulf Coast near Mobile, Alabama, early this morning with peak winds exceeding 125 miles an hour (200 kilometers an hour).",Sci/Tech,World
"Microsoft vs Sendo: It #39;s over The legal battle between UK phone manufacturer Sendo and Microsoft has been settled, the companies announced on Monday morning. Sendo had been suing Microsoft for the alleged theft of trade secrets, fraud",Business,Sci/Tech
"Lesbians fight to retain post-Soviet freedom (AFP) AFP - Since emerging from the shadow of the prudish Soviet Union a decade ago, sexual minorities have fought to gain a foothold in Russian society. But Russian lesbians now say they are facing growing pressure from authorities to return to the closet.",World,Sci/Tech
Feed-Tube Law Is Struck Down in Florida Case The court said that Gov. Jeb Bush violated separation of powers when he signed a law to keep Theresa Schiavo alive.,World,Business
"BT Group set to buy US Infonet for \$1bn LONDON: Britains BT Group is hoping to make a dramatic return to the US with a \$1bn acquisition of Californian telecoms group Infonet Services, the Sunday Times reported.",Business,Sci/Tech
"Bob Evans, Who Helped I.B.M. Transform Data Processing, Dies at 77 Bob O. Evans led the development of a new class of mainframe computers - the famous 360's - helping turn I.B.M. into a data-processing power.",Sci/Tech,Sports
Travelzoo Shares Rise as Offering Rumor Fades (Reuters) Reuters - Shares of Internet travel site\Travelzoo Inc. rose nearly 4 percent on Wednesday as\market rumors of a secondary stock offering faded.,Sci/Tech,Business
"Sony Set to Exert Influence on Discs As the leader of the group that plans to buy Metro-Goldwyn-Mayer, Sony is poised to gain considerable power in its fight to set the format for the next generation of digital video discs.",Sci/Tech,Business
"Thousands Hit NYC Streets; Cheney Arrives NEW YORK - Tens of thousands of demonstrators marched past the Madison Square Garden site of the Republican National Convention on Sunday, chanting, blowing whistles and carrying anti-war banners as delegates gathered to nominate President Bush for a second term. On the eve of the convention, the demonstrators packed the street from sidewalk to sidewalk for 20 blocks as they slowly filed past...",World,Sci/Tech
Sri Lanka off to positive start Kumar Sangakkara's unbeaten fifty revives Sri Lanka's chances against Pakistan.,World,Sports
"Bush administration shifts stance on the cause of warming NEW YORK In a striking shift in the way the Bush administration has portrayed the science of climate change, a new report to Congress focuses on federal research indicating that emissions of carbon dioxide and other heat-trapping gases are the only likely",Sci/Tech,Business
Woman's death probed Public health officials are investigating why a 38-year-old woman died two weeks after undergoing gastric bypass surgery at Saint Anne's Hospital in Fall River. The hospital has stopped offering the surgery during the state probe and an internal review.,Business,World
Date with destiny for private rocketeers LAS VEGAS - A three-seat rocket plane with stubby wings and a nose studded with round windows will try to blast out of Earth #39;s atmosphere above the Mojave Desert today to qualify for a US\$10 million (\$15.,Sci/Tech,World
"Netopia to Restate Results (Reuters) Reuters - Netopia Inc. a maker of\networking gear, on Thursday said its auditor KPMG LLP\resigned, and said it will restate two years of results and\revise the results in its most recent fiscal quarter.",Sci/Tech,Business
"Official: EU Will Help Rebuild Somalia (AP) AP - The European Union will help rebuild conflict-ravaged Somalia, but the cost is not clear, the EU's foreign policy chief said Saturday.",World,Sci/Tech
"CAO executives hand over passports Executives at the collapsed China Aviation Oil Singapore have voluntarily handed over their passports to Singapore #39;s police, a spokesman said Tuesday.",Business,World
The upper hand: McNabb and Eagles down Vikings Breaking free: Philadelphia quarterback Donovan McNabb pushes away Minnesota cornerback Antoine Winfield before scrambling for more yards in the third quarter Monday night.,Sports,World
"UEFA Introduces Anti-Doping Program SOFIA (Reuters) - UEFA will enforce a new anti-doping program at all levels in and out of competition, a meeting of the European soccer body's executive committee decided Thursday.",Sports,Sci/Tech
Testing didn #39;t curtail homers It #39;s time to fess up. We were among the hordes of skeptics (sheep?) who boldly proclaimed drug-testing would blow a hole in the number of runs and home runs we #39;d see in 2004.,Sports,Sci/Tech
"Report: Intel Logs Big Gains In Flash Market Intel #39;s share of the booming flash market jumped 40.8 percent in the second quarter, according to market-research firm iSuppli Corp.",Sci/Tech,Business
"Shareholders Approve Aether Changeover Shareholders approved Aether Systems Inc.'s sale of one of its two remaining operating divisions Wednesday, a deal that will take the Owings Mills company out of the wireless business and nearly complete its transformation into a mortgage investment fund.\-The Washington Post",Sci/Tech,Business
BAE included in SFO investigation BAE Systems says it has found out that it is being investigated by the UK's Serious Fraud Office.,Business,Sci/Tech
"Conversion Rates Between PPC (Paid) and Organic (Free) Results Conversion Rates Between PPC (Paid) and Organic (Free) Results\\In a thread over at Cre8asite Forums named Organic vs Paid traffic ROI?, there is a discussion going on about the different conversion rates and ROI seen between the pay per click traffic (paid traffic) and organic traffic (free traffic). I have ...",Sci/Tech,Business
"Wenger vows no repeat of frailties against Bayern ARSNE WENGER was raised in Alsace, near the German border, with an affinity for the Bayern Munich football machines of the Seventies.",Sports,World
Florida Denies Contact With Spurrier (AP) AP - Florida athletic director Jeremy Foley denied a report Tuesday that school officials have contacted former coach Steve Spurrier about replacing Ron Zook.,Sports,World
"Study: 400K Fewer Tech Jobs Since 2001 The US information tech sector lost 403,300 jobs between March 2001 and this past April, and the market for tech workers remains bleak, according to a new report.",Business,Sci/Tech
Africa takes tough stand on coups The arrest of Margaret Thatcher's son last week is the latest example of a crackdown on overthrows.,World,Sci/Tech
Producer sues for Rings profits Hollywood producer Saul Zaentz sues the producers of The Lord of the Rings for \$20m in royalties.,World,Sci/Tech
"China Pledges to Move Toward Flexible Exchange Rate China says it will move toward a flexible exchange rate for its currency, but there is no word on how long such a transition will take.",Business,World
Bereft Indian pilots leaving Andamans are saluted by air force (AFP) AFP - The Indian air force saluted pilots who rescued hundreds on the remote Nicobar islands despite losing family and colleagues when their base was destroyed by last week's deadly tsunami.,World,Business
"Around The Region In another move to cut costs, Continental Airlines is closing 14 of its ticketing offices systemwide, including three in the Houston area.",Business,Sci/Tech
"R.I.P. Gary Webb -- Unembedded Reporter The finest journalist ever to get fired for telling the truth is dead at age 49. The official cause of death on the death certificate will be suicide. But, as we shall see, he had much help getting to that point. The story of the life and death of Gary Webb says much about the state of American politics and what passes as ""journalism"" in today's America.",Sci/Tech,Business
"Telecom equipment maker Agere to cut 500 employees, 7.6 of ... Telecommunications equipment maker Agere Systems Inc. said Wednesday it will lay off 500 employees, or 7.6 per cent of its workforce, as part of a corporate restructuring.",Business,Sci/Tech
"Retail, auto sales, job numbers suggest tougher times CHICAGO (CBS.MW) -- Could it be that people are just tired of buying things on the cheap at Wal-Mart? Free! Sign up here to receive our Weekly Roundup e-Newsletter!",Business,Sci/Tech
Lethal Bird Flu Reemerges In Four East Asian Countries The avian influenza virus that swept across East Asia early this year has reemerged in at least four countries in the region despite optimism among health and agriculture officials that the disease had been eradicated through the mass slaughter of chickens.,World,Sci/Tech
NASCAR mourns plane crash victims Crews on all-terrain vehicles yesterday recovered the bodies of all 10 people killed in the crash of a Hendrick Motorsports plane that was carrying family and friends of one of NASCAR's top syndicates.,Sports,World
Nine men Bhoys fall at Ibrox CELTIC lost ground in the title race today after Rangers won a heated Old Firm encounter that will be better remembered for its sending offs and scuffles.,Sports,World
"PeopleSoft gets closer to IBM As the threat of a hostile takeover by Oracle rumbles on, PeopleSoft has announced a \$1bn partnership with IBM. Speaking at PeopleSoft #39;s user conference in San Francisco yesterday, the company #39;s chief executive",Business,Sci/Tech
"Poes condition worsens--doctors (2nd UPDATE) MOVIE actor Fernando Poe Jr. #39;s condition has deteriorated, according to a bulletin his doctors issued on Monday. He is still in a coma and has multiple organ system involvement.",World,Sci/Tech
Slovaks and Czechs reject French minister #39;s suggestion over EU ... The Slovak and Czech governments Monday rejected a proposal by French Finance Minister Nicolas Sarkozy to axe structural funds for new EU members whose taxes were lower than the European average.,Business,World
"The relief of shedding a big ball and chain: HHG sale of its ... which owns fund manager Henderson, - yesterday escaped a ball and chain that has dragged at it ever since it came to the stock market a year ago.",Business,Sci/Tech
"Bush Picks Kellogg CEO for Commerce President Bush on Monday chose Carlos Gutierrez, the Cuban-born CEO of Kellogg Co (KN: Quote, Profile, Research) , as his nominee to be commerce secretary, his second selection of a Hispanic for a second-term Cabinet.",Business,Sci/Tech
"PeopleSoft CEO Ousted for #39;Situational Ethics #39; AccountingWEB.com - October 06, 2004 - The opening of a trial related to Oracle #39;s takeover bid of PeopleSoft featured the revelation that CEO Craig Conway was fired last week for making misleading statements about PeopleSoft #39;s sales.",Business,Sci/Tech
"Big Tax Plans, Big Tax Risks Reforming the tax system is more politically risky and economically complex than the president let on during the campaign.",Business,World
Danish group #39;s gift criticized A Danish group has caused controversy in Colombia by publicly donating money to the country #39;s largest Marxist guerrilla organization.,World,Sci/Tech
"Toyota reports a silicon carbide breakthrough Move over silicon chips, there is a new semiconductor king on the horizon. Silicon carbide #39;s (SiC) potential has been known since the 1950 #39;s, but the properties that make is attractive also make it hard to work with.",Sci/Tech,Sports
Bush Blames Poorly Made Shirt for Bulge (AP) AP - President Bush sees the value #151; and the humor #151; in the idea that aides could secretly feed him advice through a radio receiver hidden on his back.,World,Sci/Tech
Cancer drug blow for AstraZeneca DRUGS group AstraZeneca today suffered a massive setback after tests showed its blockbuster Iressa cancer treatment did not allow patients to live longer.,Business,Sports
"Europe Clears Pay TV Deal, Creating Rival to BSkyB The European Commission approved a joint venture that would group two Hollywood movie studios with a video-on-demand company to compete with Rupert Murdoch's BSkyB company.",Business,Sci/Tech
"Pound soars amid wider currency fears Sterling rose to its highest level against the dollar since Black Wednesday, the day in September 1992 when the pound was forced out of the Exchange Rate Mechanism, the forerunner of the euro.",Business,Sports
"Jays power up to take finale Contrary to popular belief, the power never really snapped back at SkyDome on Sunday. The lights came on after an hour delay, but it took some extra time for the batting orders to provide some extra wattage.",Sports,World
Attorney general is on target with aim at insurance industry ills State Attorney General Eliot Spitzer has embarked on another crusade against an industry whose wealth-fueled influence makes most politicians cower.,Business,Sci/Tech
"MOM 2005 Released to Manufacturing Microsoft on Wednesday announced the release to manufacturing of Microsoft Operations Manager (MOM) 2005 and MOM 2005 Workgroup Edition, a new edition that the company previously called MOM 2005 Express.",Business,Sci/Tech
"French Internet provider Wanadoo will build Dutch broadband network (AFP) AFP - The French Internet provider Wanadoo will construct its own broadband network in the Netherlands and hopes to reach 55 percent of Dutch homes, a spokesman told the Financieele Dagblad.",Sci/Tech,Sports
"Indonesia at a crossroad At midnight on Saturday, the dance floor in the Hard Rock Cafe (HRC) in Bali was heaving. Apart from a careful pat down at the door for guests, the scene was no different from two years ago, before Islamist",World,Sports
Bangladesh bars female swim Pressure from an Islamic group halts a women's swimming contest in Bangladesh.,World,Business
North Korea-watchers ponder significance of Kim #39;s changed status SEOUL - Watchers of the reclusive North Korean regime are buzzing about reports that might indicate a change in the cult of personality surrounding Kim Jong Il.,World,Sci/Tech
"How airlines stand Here #39;s where some of the largest US and Canadian airlines stand in terms of restructuring their operations: - Air Canada: Will emerge from bankruptcy protection by end of September, with a smaller workforce, a reduced fleet, a focus on the no-frills",Business,Sci/Tech
Do-not-call bill could be introduced today The federal government hopes to introduce legislation today to establish a do-not-call registry for consumers who want to stop endless telemarketing pitches.,Business,Sci/Tech
"A Fair Tax Some say a ""fair tax"" that removes the need to file tax returns from the vast majority of the citizenry is a national sales tax. This doesn't seem to be very fair to people trying to feed, house and clothe themselves and seems to subsidize large land holders (Bush's favorite constituency). There is a tax that lives up to the promises broken by Bush's proposal for a national sales tax.",Sci/Tech,Business
"CBOE to sell stake in National exchange, buy CBOT rights The Chicago Board Options Exchange said Tuesday its directors approved steps to reduce its financial ties to two other exchanges in town.",Business,World
The king who courted the Khmer Rouge (and survived) The career of King Norodom Sihanouk of Cambodia has been a bewildering trail of political twists and expedient turns. Now the man they call the #39;mercurial monarch #39; has announced his abdication.,World,Sports
Mexico Struggles to Preserve Ancient Ruins (Reuters) Reuters - The majestic pyramids and\temples of the ancient Zapotec kingdom of Monte Alban sit\spectacularly atop a hill in Mexico's southern state of Oaxaca.,Sci/Tech,World
"Lawmakers Try to OK Hurricane-Drought Aid (AP) AP - Lawmakers scrambled to approve a #36;14 billion package to aid hurricane and drought victims Thursday, driven by warnings that relief money was running out and a need to pass legislation before the planned departure of Congress at the end of this week for the election.",World,Business
A PC in the toaster? How mod! photos There's also room in the humidor and the Darth Vader helmet. Take a gander at some strange and wonderful creations.,Sci/Tech,Sports
"Static over RFID A key patent holder wants royalties. If that starts a trend, adoption of radio frequency identification technology could suffer.",Sci/Tech,Business
Oracle in Merger Talks with Other Firms SAN FRANCISCO (Reuters) - Oracle Corp. ORCL.O is in merger talks with other technology companies as it awaits the outcome of its \$9.2 billion hostile takeover bid for rival software maker PeopleSoft Inc. PSFT.O.,Business,Sci/Tech
Needham downgrades Apple on valuation NEW YORK (Dow Jones/AP) -- Apple Computer Inc. shares fell Friday after Needham amp; Co. downgraded the stock to hold #39; #39; from buy.,Business,Sci/Tech
"Saudi setback hurts BAE Systems BAE Systems shares slid more than 4 per dcent in early trade after the company, while announcing quot;good progress quot; on its Eurofighter contracts, admitted further troubles in the controversial al-Yamamah programme.",Business,Sci/Tech
Update 1: Passengers Stranded by Canceled Flights Thousands of disgruntled vacationers were stranded at Heathrow Airport Tuesday after British Airways canceled scores of flights because of staff shortages and technical hitches.,World,Business
"Australia amp; New Zealand Amphibians such as leopard frogs and salamanders are threatened with extinction as their homes dry up and a new disease spreads, possibly as a result of global warming, according to a new study in Science magazine.",Sci/Tech,Business
"Big guns board Intertrust DRM bandwagon Intertrust, Philips and Sony have added more top consumer electronics, content and technology heavyweights to their attempt to create an open interoperable Digital Rights Management environment.",Sci/Tech,World
"Navy streamlines NMCI contract Officials at the Navy and contractor EDS said they have reached an agreement to revise performance measurements on the Navy Marine Corps Intranet contract, which EDS called a critical step toward billing NMCI seats on a 100 percent basis.",Sci/Tech,Business
"Kobe Bryant Accuser #39;s Name to Be Disclosed -Judge The young woman who accused basketball star Kobe Bryant of rape must disclose her identity in her civil case against him, a federal judge ruled on Wednesday.",Sports,World
"Cingular Planning Major 3G Wireless Rollout Just as the AT amp;T buy helped Cingular move ahead of Verizon Wireless to the top of the industry in terms of size, the new network would likely give it an overall faster network, a distinction most say Verizon can now boast.",Business,Sci/Tech
"SUSAN TOMPOR: Stores turn paper into e-checks I picked up my 6-year-old son from school last week, and we drove to Wal-Mart to see the future for paper checks. We grabbed a few of life #39;s staples: some Legos, a pack of 3x5 cards to create",Business,Sci/Tech
"UPDATE 2-Ottawa sets Petro-Canada price at C\$64.50 Ottawa has set a price per share of C\$64.50 (\$50.42) in the sale of its 19 percent stake in Petro-Canada (PCA.TO: Quote, Profile, Research) , as analysts",Business,Sci/Tech
ADV: Hassle-Free Car Financing Don #146;t let less-than-perfect credit prevent you from driving the car you want. Fill out a free loan application at Auto Net Financial and we #146;ll pre-arrange financing at a dealer near you.,Business,Sci/Tech
"Secretary Rumsfeld Remarks En Route to El Salvador SEC. RUMSFELD: As you know, were going to be stopping in El Salvador and Nicaragua and Panama and Ecuador. The first stops will be visits to the places, particularly El Salvador and Nicaragua - countries",World,Business
"Sixers-Wizards matinee doesn #39;t disappoint Still home in Philly for the Thanksgiving holiday, we decided to hit the Sixers/Wizards matinee yesterday. One of the best decisions we #39;ve made in a long time.",Sports,Sci/Tech
"Yahoo! Hires Chief Data Officer In a move that has implications for ad targeting and reporting, Yahoo! has hired Usama Fayyad, a co-founder of the company now known as Revenue Science, to the newly-created position of Chief Data Officer.",Sci/Tech,Business
I.B.M. Agrees to Settle Part of Giant Pension Case I.B.M. said that it had agreed to pay \$320 million to its employees to settle in part a class-action lawsuit over its pension plan.,Sci/Tech,Business
"Report: EADS Could Link With Thales The French government is considering a linkup of European Aeronautic Defence amp; Space Co. with Thales SA to create an aerospace giant, the financial daily Les Echos reported Friday.",Business,Sci/Tech
"Vt. sues over importing drugs Vermont's Republican governor challenged the Bush administration's prescription drug policy in federal court yesterday, marking the first time a state has chosen a legal avenue in the expanding battle over Canadian imports.",Business,Sci/Tech
"Spyware opponents win another battle The Federal Trade Commission won an important victory last week in its fight to protect consumers from spyware, the software that tracks unsuspecting Web surfers, bombards them with advertisements and sometimes even steal login information and passwords.",Business,Sci/Tech
"IBM posts broad Q3 revenue growth NEW YORK - IBM Corp. posted quarterly results on Monday showing 9 percent revenue growth from last year and slight earnings growth, despite a \$320 million charge it took during the quarter to settle some claims in a lawsuit over its pension plan.",Sci/Tech,Business
Specialty Retail Tales Not every specialty retailer is cut from the same mold -- some are just moldy.,Business,Sci/Tech
"Inspector Google solves the crime It #39;s normally employed to drum up that missing address, phone number or website, or to check facts, dates, names and other miscellany.",Sci/Tech,Business
"Auction for Yukos core set for Dec. 19 A planned sale of Russian energy giant Yukos #39; main asset has become clouded by confusion over the price, the participants and the legality of the sale.",Business,Sci/Tech
Touchy Times at Midas The auto maintenance company has a simple business but a complicated prognosis.,Business,Sci/Tech
UPDATE 2-Spaniards Garcia and Lara share Volvo Masters lead Sergio Garcia showed the consistency that has lifted his game this year with a four-under-par 67 in difficult conditions to share the Volvo Masters lead with Spanish compatriot Jose Manuel Lara.,Sports,Sci/Tech
"America #39;s curse There is an all but unanswerable case for asserting that the biggest story out of the United States this week has nothing to do with the presidential election, has no connection with the flu vaccine shortage and that it does not involve a gay bishop either",Sports,Business
"Knicks' Baker on rebound NEW YORK -- Putting a slight spin on Frank Sinatra , Gary Payton figures that if former teammate Vin Baker quot;can do it in New York, with a city like that, then he can do it anywhere. quot;",Sports,World
The Great Vegetarian Scam Ive written before about my struggle to remain a vegetarian on Tuesday - when I abjure meat for religious reasons -hile travelling.,Sci/Tech,Sports
"Iceland Offers Shelter to Fugitive Chess Player Fugitive chess master Bobby Fischer has been offered a new home in Iceland, where he won a classic victory in 1972, but it is unclear whether he will be able to make the move from his detention in Japan.",World,Sports
Brewers buyer expected to step out of the shadows Monday MILWAUKEE - Paul Attanasio says the story of his brother buying a baseball team is like a script straight out of Hollywood. He should know.,Business,Sports
"Help wanted by IT services firms The growing services industry is hiring, but tech workers looking for a job may need to do more than brush up on their coding.",Sci/Tech,Business
Record Breaking Supercomputer Performance US Secretary of Energy Spencer Abraham announced that a supercomputer developed for the nation #39;s Stockpile Stewardship Program has attained a record breaking performance of 70.,Sci/Tech,Business
Tax-Free Bonuses Tagged Out Some taxpayers have been dusting off an old Internal Revenue Service ruling about signing bonuses in baseball contracts and using it to justify skipping payroll taxes and income-tax withholding on signing bonuses generally.,Business,World
"New federal law ends check floating A new federal law that went into effect yesterday will eventually eliminate the days of check floating.. However, some Sumner County bankers say it depends on where you bank and",Business,Sci/Tech
"Volkswagen #39;s talks with union move forward LONDON, November 2 (newratings.com) - The German automotive giant, Volkswagen AG (VOW.ETR), continued its negotiations with the labour union today on its planned labour cost reductions.",Business,Sci/Tech
"Hurricane Watch Issued for Gaston Off S.C. COLUMBIA, S.C. - A hurricane watch was issued for the South Carolina coast Saturday as forecasters predicted Tropical Storm Gaston would make landfall near Charleston on Sunday night...",World,Sports
"Mosley Unable to Escape Winkys Jab Las Vegas, NV: You have to give credit to Sugar Shane Mosley. For the second time in his career, the former world champion valiantly tried to reverse a thorough beating by jumping headfirst into an immediate rematch.",Sports,World
"T-Online returns to Deutsche Telekom mothership German incumbent telco Deutsche Telekom announced over the weekend it is to begin taking its internet division, T-Online, back entirely within the mother corporation.",Business,Sci/Tech
HP Profit Tops Lowered Forecast (Reuters) Reuters - Hewlett-Packard Co. on\Tuesday said quarterly profit topped its own lowered\expectations as the computer and printer maker saw record\revenues in every business and every region.,Business,Sci/Tech
"Oil prices bubble to record high The price of oil has continued its sharp rise overnight, closing at a record high. The main contract in New York, light sweet crude for delivery next month, has closed at a record \$US46.75 a barrel - up 70 cents on yesterday #39;s close.",World,Business
"Bush Signs Into Law Debt Ceiling Increase WASHINGTON (Reuters) - President Bush on Friday signed intolaw a measure authorizing an \$800 billion increase in thecredit limit of the United States, the White House said.",World,Business
"US consumers unaware of spyware The findings come in a report from the newly formed Consumer Spyware Initiative, a joint effort by Dell and the non-profit Internet Education Foundation that aims to increase awareness of spyware.",Business,Sci/Tech
"With work, Dana-Farber learns from '94 mistakes Nurse Teresa Mazeika has known the woman knitting in the blue reclining chair for months. But she asks Carolyn Harlow her name and birthday anyway, as she approaches with chemotherapy for Harlow's blood cancer. Mazeika, a 17-year nursing veteran at Dana-Farber Cancer Institute, isn't taking any chances that she is about to give the drug to the wrong patient.",Business,Sci/Tech
"British Grand Prix gets axed The British Grand Prix has been dropped from the provisional calendar of Formula One races for next year, media reports said yesterday.",Sports,Sci/Tech
"Czech Republic's Cell Operators Fined (AP) AP - All three cell phone operators in the Czech Republic were fined a total of #36;1.7 million for breaching competition rules, officials said Thursday.",Sci/Tech,World
"Microsoft Lawyer Says Company Able To Comply with EU Antitrust ... Microsoft attorney Brad Smith, said: quot;We will certainly be prepared to comply with the court #39;s order whatever it may be. We have invested a tremendous amount of time and energy and spent millions",Business,Sci/Tech
"Sony Announces the Clie VZ90 Handheld For Japan Sony Japan has released a new Clie for the Japanese market only. The Clie PEG-VZ90 is a Palm OS multimedia Clie handheld, that features a large OLED screen, slider hidden buttons, plentiful memory and WiFi.",Sci/Tech,World
Qatar Defense Show Focuses on Videogame Technology DOHA (Reuters) - Rick Bracewell is driving through Baghdad when gunmen open fire. Then a nearby dead dog strapped with explosives blows up and his vehicle goes up in flames.,Sci/Tech,World
"Global server sales on the rise Sales of server systems rose 7.7 percent globally in the second quarter to \$11.55 billion as demand for Information Technology remained strong after a three year downturn, market research firm Gartner said in a statement.",Sci/Tech,Business
"Social Security Reform a Boon for Funds? (Reuters) Reuters - The bonanza many believe President\Bush has handed the mutual fund industry with his plans to\reform Social Security may be a mirage, industry leaders said\on Friday.",Business,Sci/Tech
"Movies in a snap: Netflix and TiVo discuss downloads Bee Staff Writer. The high-tech ground is shifting underfoot again, amid rumblings of a new Silicon Valley alliance that would let owners of TiVo Inc.",Business,Sci/Tech
"All the world #39;s a web page as the Bard goes online The earliest editions of Shakespeare #39;s plays provide a fascinating insight into how the playwright reworked his masterpieces over time, but until now, due to their age and",Sci/Tech,Sports
"On an old road to Damascus: An ancient city finds new life DAMASCUS -- The crowd begins filling the courtyard of Opaline, a trendy restaurant, as late evening teeters toward early morning. Many arrive by golf cart, whisked through alleys to the wooden doors of a centuries-old Arab home within Old City walls.",World,Sci/Tech
"FCC Mulls Airborne Mobile Phone Use Although there may have been technical limitations at the time the cell phone ban was established, according to IDC #39;s Shiv Bakhshi, it is unclear why the ban has remained in place, given that",Business,Sci/Tech
"Sources: Sprint, Nextel closing in on \$36B deal Sprint Corp. is in advanced talks to buy Nextel Communications Inc. for more than \$36 billion in a mostly stock deal, sources familiar with the situation said today.",Sci/Tech,Business
"Howard Stern Says He Plans to Jump to Satellite Radio After heavy F.C.C. fines, Howard Stern expects to deliver ""my show my way"" in the mostly unregulated medium.",World,Sports
Fox to push Bush on migration at APEC Mexico President Vicente Fox said Wednesday he will meet with US President George W. Bush in Chile during the economic summit of Pacific Rim nations.,World,Business
Court considers textbook stickers downplaying evolution A Georgia school board is in court this week over quot;disclaimer quot; stickers it placed on biology textbooks stating that the theory of evolution has not been proven as fact.,Sci/Tech,World
"Hynix, Samil Face Sanctions for Bookrigging Hynix Semiconductor, formerly Hyundai Electronics, was engaged in accounting fraud totaling 2 trillion won in 1999, financial regulators reported Monday.",Business,Sci/Tech
"Stern to Join Sirius Satellite Radio NEW YORK - Howard Stern has long had two words for the Federal Communications Commission - and in 15 months, he can finally utter them on the air. The self-proclaimed ""King of All Media,"" perhaps the most influential radio voice of the last 20 years, is shifting his salacious act to satellite radio and freeing himself from the increasingly harsh glare of federal regulators...",World,Sci/Tech
"Jack In The Box profit surges 32 percent, helped by sales jump SAN DIEGO San Diego-based Jack in the Box says profit for its latest quarter soared 32 percent. The fast-food chain says net income for the fourth quarter rose to 21-point-7 (m) million dollars from 16-point-4 (m) million a year ago.",Business,Sci/Tech
"Stocks Sink on Coke's Gloomy Forecast NEW YORK - Stocks headed lower Wednesday after beverage giant Coca-Cola Co. issued a gloomy forecast, and a lower-than-expected reading on industrial production for August threw the nation's broader economic outlook into question...",World,Business
"Eisner blocked big ideas, Ovitz tells court Former Walt Disney Co. president Michael Ovitz insisted Tuesday that he worked tirelessly to better the company but frequently ran into resistance from CEO Michael Eisner and a handful of senior executives who refused to report to him.",Business,Sci/Tech
"Strong Earthquake Strikes Central Calif. PARKFIELD, Calif. - A strong earthquake struck Central California on Tuesday that was felt from San Francisco to the Los Angeles area...",World,Business
"Dollar Near Recent Lows, Awaits ZEW/CPI LONDON (Reuters) - The dollar held steady near this week's four-week low against the euro on Tuesday with investors awaiting a German investor confidence survey and U.S. consumer inflation numbers to shed light on the direction.",Business,Sci/Tech
"Apology, refund from cruise line In a move almost unheard of in its industry, Norwegian Cruise Line has apologized for service problems during the Pride of Aloha #39;s first two months of sailing around Hawaii, and is refunding a portion of the service charge to everyone who has cruised on",Business,World
Ryder Cup: Europe close on victory Another good day at Oakland Hills sees Europe move 11-5 clear of the USA going into Sunday's Ryder Cup singles.,World,Sports
"HP to tempt holiday shoppers with sights and sounds The computer-hardware giant, best known for products such as PCs and printers, on Friday laid out its plan to become a brand-name in consumer electronics products such as flat-screen TVs, music players and the devices that move content between them.",Business,Sci/Tech
"FasTrak Toll Bridge Discounts End Monday About 70,000 motorists signed up for FasTrak, the electronic toll collection system, since July 1, when tolls went up from \$2 to \$3.",Business,Sports
"Afghans rocky road to historic elections KALAKAN, Afghanistan There were toothless old men, turbaned and gray-bearded, and young men not yet old enough to shave. There were mullahs and mujahedeen, and the presidential candidate #39;s 3-year-old son.",World,Sports
PeopleSoft Chief Threatens to Sue Over Oracle Statements PeopleSoft's chief executive accused Oracle of spreading misleading information about his stock sales and threatened to sue for defamation.,Sci/Tech,Business
"Stelco Loses Contract to Supply GM Steel (Reuters) Reuters - Stelco Inc.\(STEa.TO) has lost a contract to supply steel to General Motors\Inc. , its biggest customer, because the insolvent\Canadian steelmaker failed to strike a deal with its workers,\the union at Stelco said on Monday.",Business,Sci/Tech
"UN Signs Pact with New World Court Opposed by U.S. UNITED NATIONS (Reuters) - The United Nations signed a cooperation agreement on Monday with the new International Criminal Court, despite objections to the tribunal from the United States.",World,Sci/Tech
"EU to probe Microsoft-Time Warner buy The decision is a setback for the two companies and their plan to acquire ContentGuard, a digital rights management firm.",Sci/Tech,Business
"Consumer spending jumped in September WASHINGTON - Consumers, who substantially slowed down their spending in late summer, roared back to life in September, boosting their purchases by 0.6 percent.",Business,Sci/Tech
Clash of the unpredictables: WI-Pak tie What would happen when two of the worlds most talented and unpredictable sides rub shoulders and that too in an ICC Champions Trophy semi-final?,Sports,Sci/Tech
"On TV -- from the Internet SAN MATEO, Calif. -- The promise of Internet-based video has long been hamstrung by copyright and piracy worries, slow dial-up connections, technical challenges, and consumer disdain for watching blotchy videos on their home computers.",Business,Sci/Tech
"Sanpaolo and Dexia in merger talks By Reuters - November 18 2004 ... Italian bank Sanpaolo and Dexia, the Franco-Belgian group, confirmed they were in preliminary talks after a report that they were considering a merger to create a major cross-border lender.",Business,Sci/Tech
"Ravens Get Rest With the absence of running back Jamal Lewis, the Ravens hope to get a number of injured players back during their bye week.",Sports,Sci/Tech
"FEC Wants Campaign Finance Decision Stayed (AP) AP - Federal election officials have asked a judge to stay a ruling striking down several government regulations on political fund raising, arguing that rules interpreting the nation's campaign finance law are crucial as the election approaches.",World,Business
"EU: Coke Anti-Trust Deal Not Set in Stone BRUSSELS (Reuters) - A proposed settlement between Coca-Cola Co. and the European Commission to end a long-running antitrust case over fizzy drinks is not yet set in stone, the European Union's executive said on Monday.",Business,World
"U.S. Men's Hoops Team Finally Gets a Rout ATHENS, Greece - The Americans got a taste of what it was like in the good ol' days. They finally played an opponent they were able to beat easily, routing Angola 89-53 Monday in their final preliminary game of the Olympic men's basketball tournament...",World,Sports
"PeopleSoft gives in to Oracle, takes bid PeopleSoft Inc. capitulated to Oracle Corp., accepting a sweetened \$10.3 billion takeover offer to end an 18-month battle that pitted PeopleSoft against its investors and led to the ouster of its chief executive.",Business,Sci/Tech
"Top US spammer is bound for the slammer Washington - A man convicted of violating anti-spam laws by sending out tens of thousands of unsolicited emails using fake addresses faces nine years in prison in Virginia, authorities said on Thursday.",Sci/Tech,Business
"DreamWorks, Pixar rule digital animation DreamWorks and Pixar both make cutting-edge digital animated films. But behind the scenes, the two studios are about as different as Shrek and Mr.",Business,Sci/Tech
Agency sustains \$2 M hit The Pennsylvania Turnpike Commission lost about \$2 million in revenue Wednesday as thousands of holiday travelers zipped through the toll booths for free.,Business,Sci/Tech
"An Unknown Giant Flexes Its Muscles Although virtually unknown in the U.S., Lenovo - in talks to buy I.B.M.'s personal computer business - is China's largest PC maker and the world's fastest growing one.",Sci/Tech,Business
Skyboxes May Reach A Limit Verizon Communications Inc. would seem to be a prime candidate to snap up a luxury suite at the \$440 million ballpark being planned for Washington's Major League Baseball team.,Business,Sci/Tech
Woman drops sexual assault suit vs. Colorado One of the three women suing the University of Colorado for what they said was the school #39;s failure to protect them against sexual assault by football players has dropped her federal lawsuit.,Sports,Sci/Tech
Surviving Biotech's Downturns Charly Travers offers advice on withstanding the volatility of the biotech sector.,Business,Sci/Tech
How to take the perfect penalty A sports psychologist says how footballers should prepare themselves for the high-pressure penalties.,Sci/Tech,Sports
Erdogan Believes European Council #39;s Decision Will Be A Milestone PARIS - Turkish PM Recep Tayyip Erdogan expressed belief on Thursday that the decision that the European Council would make on December 17th (on whether and when to open negotiations with Turkey) would be a milestone for not only Turkey-(EU) relations,Business,World
"FDA Approves Lens Implant to Sharpen Sight WASHINGTON - There's a new option for people who suffer from extreme nearsightedness, whose world loses its crisp edge just a few inches from their noses. The first implantable lens for nearsightedness was approved Monday by the Food and Drug Administration...",World,Sci/Tech
Finnish Watchdog Raps TV Game Operators (Reuters) Reuters - Finland's consumer watchdog said on\Monday it had reprimanded broadcasters for causing children to\run up huge mobile phone bills with interactive television game\and chat programs.,World,Sci/Tech
Crowd Inspires Greek Beach Volleyballers; U.S. Duo Ousted ATHENS (Reuters) - A roaring crowd helped inspire Greece's top women's beach volleyball team to trounce China on Wednesday and reach the next round.,Sports,Sci/Tech
"Coping With the Common Cold By Karen Pallarito, HealthDay Reporter HealthDayNews -- Determined this cold season to nip your sneezing, runny nose and scratchy throat in the bud before those nasty respiratory symptoms sideline you? There's a broad array of cold remedies you might want to try, ranging from over-the-counter preparations to basic ingredients tucked away in your kitchen pantry. So what'll it be? A combination pain reliever and nasal decongestant? Vitamin C and echinacea? Tea with honey? A brimming bowl of chicken soup? It turns out the best advice for dealing with the misery of a cold is the same principle mothers often apply when trying to coax their unruly toddlers to take a nap: Whatever works...",Sci/Tech,Sports
"Toshiba claims Hollywood backing in war for next DVD standard (AFP) AFP - Toshiba said four major Hollywood studios had thrown their crucial weight behind High Definition DVD (HD-DVD), one of two disc formats contending to be the standard in next-generation DVDs.",World,Sci/Tech
"Gatlin Sprints from Unknown to Olympic Gold ATHENS (Reuters) - American Justin Gatlin roared from virtual unknown to win the blue ribband Olympic men's 100 meters race on Sunday, upstaging more illustrious rivals in a pulsating final.",Sports,World
"Polish PM Tries to Head Off Dispute Over WW2 Claims KRYNICA, Poland (Reuters) - Polish leader Marek Belka tried to head off a controversy with Berlin over World War II reparations after Poland's parliament caused anger in Germany by declaring Poles were still owed for wartime losses.",World,Business
"Pa. Golfer Cleared of Not Yelling 'Fore' (AP) AP - A golfer plunked in the face by an errant ball was unable to convince a jury that the man who hit him was negligent for failing to yell ""Fore!""",Sports,World
Google creators in share sell-off Google founders Larry Page and Sergey Brin have announced plans to sell millions of shares in the web search company they launched in 1998.,Business,Sci/Tech
"Mom Hugs 'Miracle' Baby After Ovarian Transplant (Reuters) Reuters - Ouarda Touirat, her day-old baby\daughter nestling in her arms, said Friday she had never lost\hope that she could conceive after cancer treatment left her\infertile.",Sci/Tech,World
"I.B.M. Supercomputer Sets World Record for Speed An I.B.M. machine has reclaimed the title of fastest supercomputer, overtaking a Japanese computer that had caused shock waves at United States government agencies when it set a computing speed record in 2002.",Sci/Tech,Sports
SEC's Gaston Admits Official Missed Call (AP) AP - The Southeastern Conference's supervisor of officials said an LSU player should have been called for pass interference on a pivotal interception against Alabama.,Sports,World
"Singapore govt extends third-party war risk insurance SINGAPORE : The government is extending third-party war risk insurance cover to the Civil Aviation Authority of Singapore and SATS Security Services, a unit of the Singapore Airlines group.",Business,Sci/Tech
"CNH Global workers in Racine go on strike after contract stalemate CNH Global NV workers in Racine and three other cities went on strike Wednesday, six months after rejecting the company #39;s final contract offer.",Business,Sports
"COLUMN: Many Struggle to Comply with Sarbanes Rules A flurry of companies may miss the deadline to comply with new regulations brought in after the corporate scandals of 2002, but the key for investors will be to judge how serious the underlying problems really are.",Business,Sci/Tech
"Walking link to low dementia risk Walking may protect the elderly from developing dementia, research suggests.",World,Sci/Tech
Officials to be quizzed in Aragones row Spanish Football Federation president Angel Maria Villar will appear before the National Anti-Violence Commission tomorrow to explain why he has defended Spain coach Luis Aragones.,Sports,World
Football: Spanish FA apologises The Spanish FA apologises to its English counterparts following racist chanting.,World,Sports
"New home ice looks slick If playing for one of college hockey's most storied programs wasn't enticing enough for potential recruits, Boston University's new \$97 million Harry Agganis Arena should do the trick.",Sports,Sci/Tech
Gateway reports smaller net loss as restructuring continues Gateway Inc. reported a narrowed net loss in the first quarter as it continues to restructure its operations and integrate its acquisition of eMachines.,Business,Sci/Tech
"Intel to delay product aimed for high-definition TVs SAN FRANCISCO -- In the latest of a series of product delays, Intel Corp. has postponed the launch of a video display chip it had previously planned to introduce by year end, putting off a showdown with Texas Instruments Inc. in the fast-growing market for high-definition television displays.",Business,Sci/Tech
"New Namath Book Is Fact, Not Fiction If you read the recent excerpt of ""Namath"" in Sports Illustrated and were put off by the apparent focus on the iconic Broadway Joe's personal life, be comforted in the knowledge that Mark Kriegel's 441-page biography includes plenty of football, too. The book is exhaustively researched and includes telling anecdotes from Beaver Falls, Pa., to Tuscaloosa, Ala., to New York.",Sports,Sci/Tech
"Exeter uni cans chemistry department In a move that has been dubbed as #39;disastrous #39; by the Royal Society of Chemistry, Exeter University is to drop the teaching of chemistry as a subject.",Sci/Tech,World
Paul McCartney to perform at Super Bowl The organisers of the half-time entertainment for next year #39;s Super Bowl have signed a deal with Sir Paul McCartney to entertain millions.,Sports,Sci/Tech
"Local group joins suit to de-list endangered species Bob Briggs wifes family has owned about 1,000 acres of redwood forest off Waddell Creek since 1913. He doesnt clearcut, and logs about once a decade.",Business,Sci/Tech
"Spears' Fiance to Star in Her New Video NEW YORK - Britney Spears' former backup dancer and current fiance Kevin Federline can add another title to his resume: co-star. On Wednesday, a Jive Records publicist confirmed Federline is featured in Spears' upcoming ""My Prerogative"" video, set to debut in mid-September...",World,Sci/Tech
US football: Patriots' historic win New England win a record-tying 18th straight game - plus an NFL round-up.,World,Sports
"Old Labor Tactics Resurface in New Union Labor experts say Unite Here, the newly merged union that is representing the DC hotel workers in their current contract dispute, is one of the most outspoken and toughest unions under the AFL-CIO umbrella.",Business,Sci/Tech
"Mr Downer shoots his mouth off Just what Alexander Downer was thinking when he declared on radio last Friday that quot;they could fire a missile from North Korea to Sydney quot; is unclear. The provocative remark, just days before his arrival yesterday on his second visit to the North Korean ...",World,Business
UAL and Its Creditors Agree to 30-Day Extension UAL's United Airlines will have a 30-day extention on the period in which it can file an exclusive bankruptcy reorganization plan.,Business,Sci/Tech
"Hurricane loss 'less than feared' Hurricane Frances could cause \$3-6bn in insured losses in the US, less than experts first predicted.",Business,Sci/Tech
G7 fails to reach debt deal Hopes of a deal to write off completely the debts of some of the world #39;s poorest countries were dashed after the Group of Seven rich nations club failed to reach agreement.,Business,Sports
"SKorea's Hyundai Motor to join strike against labor reform bill (AFP) AFP - Workers at South Korea's largest automaker Hyundai Motor will go on strike Friday to oppose proposed government labor reform legislaton, union leaders said.",World,Business
5 of arthritis patients in Singapore take Bextra or Celebrex ... SINGAPORE : Doctors in the United States have warned that painkillers Bextra and Celebrex may be linked to major cardiovascular problems and should not be prescribed.,Business,Sci/Tech
JFK killing fades in intensity WASHINGTON: The 41st anniversary of President John F Kennedy #39;s assassination passed on November 22 - a lot more quietly than earlier ones.,Sci/Tech,World
"CA, Partners Move On As Kumar Faces Charges Concern over the fate of former Computer Associates International chairman and CEO Sanjay Kumar accompanied the collective sigh of relief felt by CA partners last week when federal prosecutors settled a two-year-old accounting fraud investigation with the",Business,Sports
Republican Convention Light on Stars (AP) AP - The Republicans will have one sure Hollywood star for their convention #151; California Gov. Arnold Schwarzenegger #151; along with performers to keep the country music fans happy. But they'll be hard-pressed to match the Democratic convention's appeal to young voters led by Ben Affleck.,World,Sports
"Options expensing delay not enough,say US senators A group of Republican senators vowed on Thursday to use the closing days of Congress this year to try and stop accounting rulemakers from requiring the expensing of stock options.",Business,Sci/Tech
"SpaceShipOne Rolls Toward Victory MOJAVE, California -- A Southern California aerospace team took a big step toward capturing the \$10 million Ansari X Prize Wednesday, but not without surviving a scary moment when the pilot found himself in a rapid spin as he roared across the threshold",Sci/Tech,Sports
"Unknown Nesterenko Makes World Headlines (Reuters) Reuters - Belarus' Yuliya Nesterenko won the top\women's athletics gold medal at the Olympics on Saturday,\triumphing over a field stripped of many big names because of\doping woes to win the 100 meters.",World,Sports
"Music industry group sues 750 for file sharing Los Angeles, October 29: A trade group representing the US music industry said on Thursday it has filed lawsuits against 750 people it claims used online file-sharing networks to illegally trade in copyrighted songs.",Sci/Tech,Business
"FCC Proposes \$1.2M Indecency Fine for Fox WASHINGTON - Federal regulators proposed a record indecency fine of nearly \$1.2 million Tuesday against Fox Broadcasting Co. for an episode of its reality series ""Married by America"" that included graphic scenes from bachelor and bachelorette parties...",World,Business
"Beijing gears up for 2008 Although the Beijing Olympics is still four years away, the Chinese capital is already gearing up to host the event. The city of over 12 million is refurbishing ancient landmarks in",Sports,Business
"Column: CEO Pay Stays High NEW YORK (Reuters) - U.S. executives are reaping another year of abundant pay, and the rich rewards are likely to stir demands for greater disclosure on how and why heads of companies are compensated.",Business,Sci/Tech
"Forget Bextra NEW ORLEANS - This morning, Pfizer was blindsided as The New York Times reported information about a reanalysis of old data that say the drug giant #39;s Bextra, which is similar to Merck #39;s Vioxx, increased the risk of heart attacks and strokes.",Business,Sci/Tech
"'Smelly' mates guide seabirds Seabirds called prions, which mate for life, find their nests by sniffing out their partners, scientists say.",Sci/Tech,World
Lazarus-like virus hits computers A new computer virus is catching people out by coming back from the dead.,Business,Sci/Tech
Time to look overseas for a healthier 401(k) I change the mutual funds in my 401(k) plan about as often as the Red Sox win the World Series.,Business,Sports
"Travelocity Says Speed Is the Ticket For Growth Sam Gilliand, the chief executive of Travelocity, talks about the online travel industry, the Cendant-Orbitz merger and the woes of the airline industry.",Sci/Tech,Business
"Dow Jones Agrees to Buy MarketWatch in \$519 Million Deal Dow Jones Company, the publisher of The Wall Street Journal, has agreed to buy MarketWatch, the parent company of the financial news Web site CBS MarketWatch, for approximately \$519 million, the companies said today.",World,Business
"Holiday Stamps to Be Issued in Oct. (AP) AP - Holiday postage stamps celebrating Christmas, Hanukkah and Kwanzaa will be issued next month, the U.S. Postal Service announced Monday.",World,Sci/Tech
"German investor confidence slumped in September BERLIN - German investor confidence dropped sharply in September, a key economic indicator released Tuesday showed amid concerns about the impact of high oil prices on consumer demand and the outlook for the global economy.",World,Business
"Ex-Bush Official on Cybersecurity Returns (AP) AP - Howard Schmidt, a highly regarded technology executive who was former special adviser to President Bush for cybersecurity, is returning to work with the Homeland Security Department on efforts to protect the nation's computer networks.",World,Sci/Tech
"Dollar Stabilizes Above Recent Lows (Reuters) Reuters - The dollar edged up against the yen and\steadied against the euro on Friday, but kept within sight of\multi-month lows hit this week on worries about the U.S.\economy and its ability to attract global investors.",Business,Sci/Tech
"SMART-1 makes lunar orbit The SMART-1 probe has entered its lunar orbit, and the history books as the first European mission to have done so. Professor David Southwood, director of science for the European Space Agency (ESA), said: quot;Europe",Sci/Tech,Sports
"Cavs to Go Bowling in Boise The University of Virginia football team has accepted an invitation to the MPC Computers Bowl at 2 pm (EST) on Dec. 27 in Boise, Idaho.",Sports,Sci/Tech
"Norman looking to post a low score Greg Norman will be looking to post a low score to give the leaders a target in the final round of the Australian PGA Championship at Coolum #39;s Hyatt Resort, north of Brisbane.",Sports,Business
"Robson is back with a swipe at his critics Bryan Robson ended a three and a half year exile from Premiership management by returning to the Hawthorns, where he first excelled as a player more than 20 years ago.",Sports,Business
"Warren tones down his bark #39; #39;The views of the host do not necessarily reflect the views of the station or its sponsors. #39; #39;. The Browns were not thrilled when Warren said he would gladly pay a \$50,000 fine to rub out Roethlisberger, who",Sports,Business
IP Proposal Ameren is offering some union workers at Illinois Power the chance to walk away from new management. The Saint Louis based utility company announced a voluntary separation opportunity for certain Ameren IP employees.,Business,Sci/Tech
"Solar Sail Launch Date Set smooth wombat writes quot;Get out your PDAs and set aside March 1, 2005. That is date the solar sail, named Cosmos 1, is set to be launched from a submerged Russian submarine in the Barents Sea.",Sci/Tech,Sports
"Batman visits Buckingham Palace A security officer stands by as father #39;s rights campaigner Jason Hatch (R), dressed as Batman, protests on a balcony at Buckingham Palace in London, September 13, 2004.",World,Sci/Tech
"Mauritania coup kingpin held Nouakchott, Mauritania - Authorities said on Saturday they arrested the alleged ringleader of a string of foiled coup and assassination attempts against Mauritania #39;s leaders.",World,Sports
"Flight From Hong Kong Diverted in UK LONDON Oct. 14, 2004 - A Virgin Atlantic plane heading from Hong Kong to London was diverted to an airport north of London on Thursday after receiving a bomb threat, police said.",World,Sci/Tech
"CA to buy Netegrity for \$430 million com October 6, 2004, 7:36 AM PT. This fourth priority #39;s main focus has been improving or obtaining CRM and ERP software for the past year and a half.",Business,Sci/Tech
"Ken Caminiti, 1996 NL MVP, Dies at Age 41 NEW YORK - Ken Caminiti, the 1996 National League MVP who later admitted using steroids during his major league career, died Sunday. He was 41...",World,Sports
Motorola buy adds heat to mesh networking A Motorola acquisition and an expected deal from Nortel show the market for mobile ad hoc network equipment is hot.,Sci/Tech,Business
"Web Gaming Changes Social Interactions (AP) AP - Not so long ago, in a galaxy not so far away, Chip Collier was on a mission. ""I really gotta stop bleeding and dying,"" the 24-year old said as he slouched in front of his computer in his ninth-floor Chicago apartment. ""I'm really horrible about not paying attention to my battle fatigue.""",Sci/Tech,World
"Ivory Coast's Army Bombs Rebel Towns (Reuters) Reuters - Government warplanes and helicopter\gunships pounded rebel-held towns in northern Ivory Coast for a\second day on Friday, fueling fears of a slide into all-out war\in the world's top cocoa grower.",World,Sci/Tech
"Nothing ventured, nothing at all gained There are two topics most venture capitalists hate to discuss: companies they invested in that tanked, and companies they didn't invest in that soared.",Business,Sci/Tech
Nepal blockade 'blow to tourism' Nepal tour operators say tourists cancelled millions of dollars of bookings due to the rebel blockade of Kathmandu.,Business,World
OPM Delving Deeper Into Employees #39; Backgrounds which sets hiring and employment standards for the government -- is reviewing its employees to ensure that they are suitable for jobs involving the quot;public trust.,Sci/Tech,Business
"Amtrak Infrastructure On Brink, DOT Warns The national passenger rail service risks a ""major point of failure"" if infrastructure needs remain unaddressed, the U.S. Department of Transportation warned in a scathing report made public.",Business,Sci/Tech
Police use stun gun to subdue T-Wolves #39; Olowokandi Minnesota Timberwolves center Michael Olowokandi was arrested early yesterday after police used a stun gun to subdue him when he refused to leave an Indianapolis club.,Sports,World
Surrey poised to sign Harbhajan Surrey are waiting for approval from the Board of Control for Cricket in India before announcing Harbhajan Singh as an overseas signing for 2005.,Sports,World
Rosetta Mission Sniffing a Comet The European Rosetta mission will sample a comet as it tries to harpoon and hook onto its surface. A specially designed oven will cook the comet in analogy to sniffing for recognizable elements.,Sci/Tech,Business
"PeopleSoft CEO Conway maintains defiant tone SEPTEMBER 21, 2004 (IDG NEWS SERVICE) - With 15,000 attendees at PeopleSoft Inc. #39;s Connect 2004 user show waiting to hear how the company would handle Oracle Corp.",Business,Sci/Tech
"Residents Protest Nation #39;s First Hydrogen Refueling Station Two dozen protesters greeted Mayor Tony Williams and top executives of Shell, who came to open North America #39;s first hydrogen refueling station.",Business,Sci/Tech
"Nigerian oil flows despite rebel threat-companies Oil should continue to flow from Nigeria, the world #39;s seventh largest exporter, despite a rebel threat to attack foreign oil workers in an quot;all-out war quot; due to start on Friday, multinational energy companies said.",World,Business
"'Sherlock' Is Bicycling Across Australia PERTH, Australia - A former British soccer player raising money for a leukemia charity set off Wednesday on a coast-to-coast ride across Australia on a Victorian-era bicycle that is older than the country. Leukemia survivor Lloyd Scott dressed up as fictional British supersleuth Sherlock Holmes, complete with tweed coat, deerstalker hat and a fake mustache for the 2,700-mile trip from Perth to Sydney...",World,Sci/Tech
#39;Marathon mouse #39; doubles stamina Scientists in the United States have genetically engineered mice which can run twice as far as normal before becoming exhausted. The researchers say their finding could lead to drugs or gene,Sci/Tech,Sports
"US economic growth slips to 2.8 Annual US economic growth fell to 2.8 in the second quarter of 2004, marking a slowdown from the 3 estimated a month ago.",World,Business
TiVo loss widens SAN FRANCISCO (CBS.MW) - TiVo said its second-quarter loss widened from a year earlier on higher customer acquisition costs. Free!,Sci/Tech,Business
"Pinault-Printemps Redoute to sell holding in Rexel LONDON, November 30 (newratings.com) - Pinault-Printemps Redoute SA (PPX.FSE) plans to sell its controlling stake in the electrical parts distributor, Rexel (RXL), to a group of private firms for 1.92 billion (\$2.55 billion).",Business,Sci/Tech
Federal CISOs Rank Patch Management As Biggest Obstacle Survey by Intelligent Decisions indicates that patch management leaves less time for chief information security officers to work on improving overall security.,Business,Sci/Tech
"Black Market in British Treasure Sold on EBay (Reuters) Reuters - Pieces of Britain's past, including a\second-century silver ring and a 500-year-old Tudor trade\weight, are among artifacts being peddled daily on the Internet\to the alarm of experts at the British Museum.",World,Sci/Tech
"\$210M Fine In AOL Probe WASHINGTON (CBS) America Online has agreed to pay a \$210 million fine to settle a Justice Department investigation of securities fraud, a department official tells CBS News.",Business,Sci/Tech
"Hungary citizenship fails due to low turnout (AFP) AFP - Voters in Hungary failed to turn out in sufficient numbers to pass a referendum to extend citizenship to millions of ethnic Hungarians living in the region, a motion that split the country and drew fire from neighboring governments.",World,Sci/Tech
"10 features for a perfect browser There are some great browsers out there. But they all seem to have some slight niggles, different for each, that make it hard for me to kick back and enjoy them. While there are some projects out there to make browsers more useful for some specialised purposes or by bolting on handy extensions, wouldn't it be great if these people could come up with a standardised set of nice features like these? A lot of browsers may support one or two, but I'll bet none have them all.",Sci/Tech,Sports
Santander accelerates Abbey bid Santander says it aims to complete its takeover of UK mortgage lender Abbey one month sooner than originally planned.,Business,Sports
"EU Head Office Trims 2005 Growth Forecast (AP) AP - The European Union's head office issued a bleak economic report Tuesday, warning that the sharp rise in oil prices will ""take its toll"" on economic growth next year while the euro's renewed climb could threaten crucial exports.",World,Business
"'Cure' a 4-Letter Word for Cancer Doctors At a time when more people are cured of cancer than ever before, fewer doctors seem willing to say so. They call the cancer undetectable, or in remission. They tell patients they can quit seeing cancer specialists. They quote statistics and say chances are slim that the disease will come back.",Sci/Tech,World
"Chicago to Hold EBay Auction to Raise Money for Cultural Programs City officials hope there are people willing to pay plenty of money to own a vintage Playboy Bunny costume, toss green dye into the Chicago River or throw a dinner party prepared by Oprah Winfrey's chef.",Sci/Tech,Business
"Stocks to Open Up As Election Day Starts Dow Jones futures rose 37 points recently, while Nasdaq futures climbed 6 points and Standard amp; Poor #39;s futures edged up 3.60 points.",Business,Sports
"Why 2004 was the year of the blog A US dictionary publisher declares ""blog"" as one of the words of the year.",World,Sci/Tech
"Post-Olympic Greece tightens purse, sells family silver to fill budget holes (AFP) AFP - Squeezed by a swelling public deficit and debt following last month's costly Athens Olympics, the Greek government said it would cut defence spending and boost revenue by 1.5 billion euros (1.84 billion dollars) in privatisation receipts.",Business,Sports
Greek weightlifter awaits verdict Greek weightlifter Leonidas Sampanis will find out on Sunday if he is to be stripped of his medal.,World,Sports
Lab used by LAPD falsified DNA data and possibly dozens -- of pending criminal cases to determine whether critical evidence was tainted or falsified during,Sci/Tech,World
Chip and PC Stocks Mixed on Warnings Semiconductor stocks were mixed Tuesday after Advanced Micro Devices Inc. warned quarterly revenue would be lower than expected due to sluggish sales of flash memory chips used in mobile phones and other devices.,Business,Sci/Tech
Software Service Aims to Outfox Caller ID A new computerized service enables customers to create phony outbound phone numbers in order to mask their telephone identities.,Business,Sci/Tech
"34 tech firms sued for alleged LCD patent theft Honeywell has issued lawsuits against 34 companies, including Dell, Apple, Sony and Toshiba alleging LCD panels used in their products infringe a 1992 patent the company holds.",Business,Sci/Tech
"Labor Allies Want Senate to Block OT Rules (AP) AP - Fresh from their triumph in the House, labor allies want the Senate to derail new Bush administration overtime rules that critics say would prevent 6 million American workers from getting the bonus pay.",World,Sci/Tech
Judge declines to dismiss BALCO case A federal judge said Wednesday that she would not immediately dismiss charges against four men accused of distributing steroids to top athletes.,Sports,Business
"Frances Knocks Out Power, Floods Florida FORT PIERCE, Fla. - Hurricane Frances' wind and water whacked swaths of southern Florida with fire-hose force Sunday, submerging entire roadways and tearing off rooftops even as the storm weakened and crawled inland with heavy rain in its wake...",World,Sports
"Indian inflation peaks on imports Indian inflation hits its highest level in more than three years, boosted by increasing energy and food costs.",Business,World
"Cink surfaces as Donald sinks Stewart Cink, who needed only to play around par to convert a five-stroke lead after 54 holes into a win, did just that in the NEC Invitational at Firestone yesterday.",Sports,World
"Mammoth toxic algae bloom sighted off Washington state coast SEATTLE - A toxic algae bloom 30 miles wide has been detected 15 miles off the northwest coast of Washington state, the largest and most potentially lethal yet found by scientists in the region.",Sci/Tech,Business
"Stocks Edge Higher As Oil Prices Retreat NEW YORK - A sharp drop in oil prices gave Wall Street a modest relief rally Monday, with stocks edging higher on news that oil production had soared during the month of September. Investors who have sold stocks for months as oil prices climbed reversed course Monday and started buying as the price of crude declined...",World,Business
"Cellphones outstrip landlines in India (AFP) AFP - Mobile phone users have outstripped traditional landline connections in India, the government announced.",Sci/Tech,World
"Washington Post Comes Clean on Party (AP) AP - The Washington Post's executive editor says his paper should have told readers up front that it had helped arrange a Republican debate-watching party it covered, paid for food and carried a photograph that was not as spontaneous as the story suggested.",World,Sports
Cadence poaches another Intel server staffer IDF Fall '04 Malhotra rejoins St. Fister,Sci/Tech,Business
Bryant Makes First Appearance at Trial (AP) AP - NBA star Kobe Bryant arrived at his sexual assault trial Monday as attorneys in the case who spent the weekend poring over questionnaires prepared to question potential jurors individually.,Sci/Tech,Sports
"Hasbro's No Conehead Its Saturday Night Live version of ""Trivial Pursuit"" is good strategy for staying ahead of age compression.",Business,Sci/Tech
"Delta Pilots Tell Negotiators to Get Pact (Reuters) Reuters - Delta Air Lines Inc.'s pilots union on\Tuesday directed its negotiators to work out an agreement to\address the early retirement of a large number of pilots, which\threatens to push the No. 3 U.S. airline into a Chapter 11\bankruptcy filing.",Business,Sci/Tech
"Terms of Endearment Seems that the Bush administration, unlike previous White Houses, is not necessarily averse to allowing its ambassadors to have second tours. For example, word is that John Thomas ""Tom "" Schieffer , the Texas oilman who brought President Bush into the Texas Rangers baseball club partnership and who is now ambassador to Australia, is to hang out in the Pacific a while longer, this time as ambassador to Japan.",World,Business
"MetroPCS obtains Cingular air com November 29, 2004, 8:33 AM PT. Wired amp; Wireless continues its reign as the top IT priority among IT managers due to widespread IP telephony deployment and other network infrastructure upgrades.",Business,Sci/Tech
"Justices to debate mail-order wine Being freelance wine critics may sound like a sweet gig, but Ray and Eleanor Heald have soured on it. Because their home state, Michigan, blocks direct shipments from out-of-state",Business,Sci/Tech
"Diesels, Hybrids Fated to Wed Two leading technologies used in fuel-efficient vehicles seem destined to unite. Industry experts say joining hybrid motors with diesel engines would result in the greenest mainstream vehicles ever, and the initial tests are promising.",Business,Sports
"Racing in an Evening Gown (Forbes.com) Forbes.com - Not every driver was dressed formally for the start of this year's Bullrun, a road rally that begins in London, at the Marble Arch, and ends three days later in Ibiza, Spain. Yet as drivers thrummed their engines nervously on the afternoon of Sept. 23, waiting for the checkered flag, a quick inspection of the field revealed one entrant clad in an Oxford shirt and gray pinstripe blazer, another sporting a tuxedo, and a third--me--wearing a red couture Matthew Earnest gown.",Business,Sci/Tech
"Lexmark Loss Good for Consumers Lexmark's loss in court on Tuesday may mean that consumer electronics companies won't try to use the Digital Millenium Copyright Act as an all-purpose competition shield anymore, consumer advocates say. By Katie Dean.",Business,Sci/Tech
"UK Bankers Begin Extradition Hearing on Enron-Related Charges Three British bankers will today begin fighting extradition to the US on fraud charges related to Enron Corp., the first test of new British extradition laws.",Business,Sci/Tech
"How Deadly Are Scorpions? A Malaysian woman has broken the world record for time spent living in a scorpion-filled box. Nur Malena Hassan, 27, has so far endured 32 days in a glass case with 6,069 scorpions; she",World,Sports
Banks seek court ruling over F1 Three banks go to the High Court in London seeking a ruling which could lead to Bernie Ecclestone losing control of Formula One racing.,Business,Sci/Tech
Suit says secret accounts at DCX used for bribes The Securities and Exchange Commission is investigating allegations that German automaker DaimlerChrysler AG maintained at least 40 secret bank accounts to bribe foreign government officials,Business,World
Jones Buys Barneys in \$400 Million Deal A company with a middle-brow reputation announced a deal today to buy the singularly trendy clothing chain.,Business,Sci/Tech
"Schrder adopts Russian orphan Three-year-old Victoria, from St Petersburg, has been living at the Schrders #39; family home in Hanover in northern Germany for several weeks.",World,Sci/Tech
AOL Files Lawsuit Against IM #39;Spim #39; America Online Inc. said Thursday it had filed a federal lawsuit accusing numerous unnamed defendants of violating federal and state laws by sending bulk messages known as quot;spim quot; to instant message accounts and Internet chat rooms.,Business,Sci/Tech
"Phoney eBay bidders fined EIGHT eBay sellers were ordered to pay nearly \$US90,000 (\$118,000) in restitution and fines after admitting they had bid on products to inflate the prices.",Business,Sci/Tech
"Plugging in a Musical Visionary's Next Ideas Musician Brian Eno, who has been turning ideas into visionary music for decades, is looking to create software that will write song lyrics.",Sci/Tech,Business
"Update 1: Negotiators Meet at WTO for Farm Talks Negotiators met Friday at the World Trade Organization for formal farm talks, capping a weeklong series of informal discussions on ways to reach a wider-ranging liberalization accord by the end of 2005.",Business,World
"Oil Prices, Earnings Send Stocks Lower NEW YORK - Investors sent stocks lower Tuesday as oil prices crossed another milestone, \$54 per barrel. Earnings reports from heavyweights Johnson Johnson and Merrill Lynch Co...",World,Business
"Stern Blasts FCC at Satellite Promotion #39;Down With the FCC! #39; Howard Stern Says at New York Rally to Promote Switch to Satellite Radio. Radio host Howard Stern, below center, waits as thousands of his fans line up to receive a free Sirius radio from him in Union Square in New York Thursday, Nov.",Business,Sports
"Taking Advantage of the Terminally Stupid Would you pay \$4 for something that, at best, is worth a dime? Concord Communications shareholders would.",Business,Sci/Tech
"Hong Kong democrats win more seats Democrats have tightened their grip on Hong Kong #39;s legislature, but still have no mandate to push their agenda of universal suffrage in the southern Chinese enclave.",World,Sports
"Senate Resolves Corporate Tax Bill Delay WASHINGTON - The Senate late Sunday resolved a dispute delaying passage of a sweeping corporate tax bill and two spending bills for disaster relief and homeland security, clearing the way for senators to adjourn Monday to hit the campaign trail. The agreement removed parliamentary roadblocks thrown up by Sen...",World,Business
"This silence can't be golden What does Larry Bird think of Ron Artest's recent sabbatical? He's not saying. But given that this was a guy who came out of traction to play a game, we can pretty much assume what he has said behind closed doors.",Sports,Sci/Tech
"Video Shows March Madrid Bombing A ball of fire erupts from a train car, smothering commuters with smoke and littering the platform with bodies and staining it with blood in a chilling security-camera videotape of the March 11 train bombings broadcast Tuesday by a Spanish station.",World,Sci/Tech
"Five Times for the Fed Plus, Intel's still straining, revenge of the nerds, and a \$13 billion Christmas present?",Business,Sci/Tech
"IBM Claims Its BlueGene Supercomputer Is the Fastest IBM Corp. on Wednesday said it has developed the world #39;s fastest computer - a 16,000-processor version of its BlueGene/L supercomputer.",Business,Sci/Tech
WORLD RALLY NEWS Subaru: Solberg has a #39;relatively #39; good lead. Subaru World Rally team driver Petter Solberg took the lead on the all-new Rally Italia Sardinia on SS1 this morning Friday and held onto that advantage all day to end the leg more than thirty seconds ahead of second placed Marcus Gronholm.,Sports,Sci/Tech
Hurricane Frances Nears NE Caribbean (AP) AP - Hurricane Frances strengthened as it churned near islands of the northeastern Caribbean with ferocious winds expected to graze Puerto Rico on Tuesday before the storm plows on toward the Bahamas and the southeastern United States.,World,Sports
"Cricket telecast: Prasar Bharati to move SC as aggrieved party #39; THE legal battle surrounding the awarding of telecast rights to Sony Entertainment Television for the forthcoming Australia tour of India is getting complicated with the Prasar Bharati CEO, Mr KS Sarma, saying that the national broadcaster would approach",Sports,World
Botswana miners 'face dismissal' Botswana's giant Debswana diamond mining firm says it will sack workers who carry on with an illegal stoppage.,Business,Sci/Tech
Google Stock Slips as New Shares Hit Market Google Inc. stock dropped more than 6 percent Tuesday as tens of millions of new shares held by early investors and employees of the search engine giant became available for sale for the first time..-The Washington Post,Sci/Tech,Business
"Iran ready to test Shahab-3 missile again: defense minister TEHRAN (IRNA) -- Defense Minister Ali Shamkhani stressed that Iran #39;s recent test of the Shahab-3 missile was successful, saying his ministry is ready to test it again #39;in the presence of observers #39;.",World,Sports
"Macaulay Culkin Released After Drug Arrest OKLAHOMA CITY - Former child star Macaulay Culkin was arrested on drug charges Friday during a traffic stop, authorities said. The 24-year-old actor, best known for his role in the ""Home Alone"" movies, was taken into custody on complaints of possession of a controlled dangerous substance without a valid prescription and possession of marijuana, according to the Oklahoma County Sheriff's office...",World,Sports
Spitzer Targets Brokers Thursday's actions are the first shots in what Spitzer called an investigation of widespread corruption in the insurance industry.,Business,Sci/Tech
Prosecutors Say Ebbers Lied to Obtain Loans Court documents show federal prosecutors have told lawyers for former WorldCom Inc. chief executive Bernard J. Ebbers that they plan to argue he lied about the telecommunications giant's financial condition in order to get personal loans. -The Washington Post,Sci/Tech,Business
Sun settles Kodak patent suit Sun Microsystems says it will pay Kodak \$92 million to settle a high-profile patent suit involving Sun #39;s Java programming technology.,Business,Sci/Tech
"Ellison: Data Hubs Could #39;ve Prevented 9/11 SAN FRANCISCO -- Oracle CEO Larry Ellison is convinced that had the intelligence community used a unified database from Oracle, the terrorist attacks on 9/11 would never have happened.",Business,Sci/Tech
"New \$50 bill designed to counter counterfeits WASHINGTON - The green is still there, but with touches of blue, red and yellow. A stylized image of the Stars and Stripes now waves in the background.",Business,Sci/Tech
Nikkei up by midmorning; Intel update supports techs TOKYO (CBS.MW) - Japanese stock indexes rose by midmorning Friday as Intel #39;s higher-than-expected sales forecast listed the Japanese tech sector.,Business,Sci/Tech
"Washington chooses a stadium site for Expos The DC Sports and Entertainment Commission outlined its plans Tuesday night in a meeting with city government officials. An official involved in the process, speaking on condition of anonymity, told The Associated",Sports,World
"SEC Charges Hollinger's Black with Fraud (Reuters) Reuters - U.S. regulators filed fraud charges\on Monday against former Hollinger International Inc. \Chairman Conrad Black and his deputy, David Radler, moving to\bar the two from serving as officers of a public company.",Business,Sci/Tech
"Rivals Try to Turn Tables on Charles Schwab By MICHAEL LIEDTKE SAN FRANCISCO (AP) -- With its low prices and iconoclastic attitude, discount stock broker Charles Schwab Corp. (SCH) represented an annoying stone in Wall Street's wing-tipped shoes for decades...",Sci/Tech,Business
"Virgin Starts (70) Mile-High Club With the misery that has plagued the airline industry recently, the last place you #39;d expect to see some inspiring -- heck, potentially rule-breaking -- thinking would be from an airline entrepreneur.",Sci/Tech,Sports
Stargazers Enjoy Total Lunar Eclipse Astronomy buffs and amateur stargazers turned out to watch a total lunar eclipse Wednesday night - the last one Earth will get for nearly two and a half years.,Sci/Tech,Sports
"O's Still Fishing With big fish like Richie Sexson still looking for work and prizes like Tim Hudson being dangled in the market, the Orioles remain hopeful that they can bag a big catch.",Sports,Sci/Tech
"McTeer: Lonesome Dove to be an Aggie NEW YORK (CNN/Money) - A New Economy champion, a lover of the Texas picker poets who write lovesick country songs...and, oh, by the way, a member of the Federal Reserve system for 36 years.",Business,Sci/Tech
"Pierce longs for old days Rusty Pierce has received lessons in pragmatism since joining the Revolution four years ago. Pierce has performed for teams that have inevitably turned to a direct, linear game, with little emphasis on creativity or imagination. The style paid off the last two seasons, but the Revolution might have overly relied on direct play in spending most of this ...",Sports,World
"Chinese skaters crowned at Smart Ones Skate America Chinese duo Zhang Dan and Zhang Hao have clinched the first spot in pairs free skating at Smart Ones Skate America, the first station of the 04-05 ISU Grand Prix.",Sports,Sci/Tech
"Japan should outsource more The Japanese information services industry clocked up sales of 13,703.9 billion yen in fiscal 2001, according to a report on selected service industries for 2001 released by the Ministry of Economy, Trade and Industry (METI).",World,Sci/Tech
"Pepperdine 80, Fairleigh Dickinson 79 Glen McGowan had 22 points and little-used reserve Chase Griffin came off the bench to make two clutch free throws to help Pepperdine hold off Fairleigh Dickinson 80-79 Friday for fifth place in the BCA Invitational.",Sports,Business
"Report: On tape, trainer says Bonds used drug in '03 SAN FRANCISCO -- Slugger Barry Bonds took an undetectable performance-enhancing drug during the 2003 season, his weight trainer said on a secretly recorded tape, the San Francisco Chronicle reported yesterday.",Sports,World
"IRS Demands FICA from Chili's Owner NEW YORK (Reuters) - Brinker International Inc. which operates the Chili's restaurant chain, on Monday said it received a demand from the U.S. Internal Revenue Service regarding the company's share of FICA taxes on unreported tips of \$31.4 million during 2000 to 2002.",Business,Sci/Tech
"Two Michigan State receivers arrested on bomb-making charges Two Michigan State football players have been charged with planting homemade bombs outside apartments. Terry Love and Irving Campbell, both 19-year-old redshirt freshmen wide receivers",Sports,World
"\$78,000 for a Cane That Helped a Legend Walk the Line Many of Johnny Cash's possessions were sold at Sotheby's, collecting \$3,984,260 for the Cash family, more than double the pre-auction estimate.",World,Sci/Tech
Welcome to Alderson Homemaking guru Martha Stewart slipped into the federal prison camp here in the dark morning hours to start her five-month sentence.,Business,World
"China, Argentina sign 5 cooperation documents China and Argentina signed five agreements in Buenos Aires Tuesday that will allow them to expand cooperation in the areas of trade, space, education, tourism and railways.",Business,World
Study: MP3 player market to explode IDC says there's tough competition ahead for the iPod as manufacturers launch rival portable jukeboxes.,Sci/Tech,Sports
Sony reveals some specs for PSP handheld The PlayStation Portable is going to have one complex processor running the show for games and multimedia.,Sci/Tech,Sports
"Netflix stock plummets on buzz about Amazon.com competition LOS GATOS, Calf. Shares of mail-order DVD rental company Netflix plunged today amid buzz that Amazon-dot-com is getting into the movie rental business.",Business,Sci/Tech
"Return of Relics to Rekindle Catholic-Orthodox Dialogue VATICAN CITY, NOV. 25, 2004 (Zenit.org).- Theological dialogue between the Orthodox and Catholic Churches is expected to resume after the relics of Sts.",World,Sci/Tech
No Sign Yet of Predicted Big California Earthquake (Reuters) Reuters - The clock is running out on a\highly publicized prediction that a major earthquake will rip\through Southern California by Sunday.,Sci/Tech,Sports
"Portsmouth Manager Redknapp Resigns to Take Break #39; From Soccer Harry Redknapp has quit as manager of English soccer Premiership club Portsmouth and said he wants a complete break #39; #39; from the game, the club Web site reported.",Sports,Sci/Tech
"Jolly Online Shoppers Making Cash Registers Jingle Online holiday shoppers this year are making cash registers jingle and meeting analysts #39; expectations as they spent \$8.8 billion in November, researchers said Monday.",Business,Sci/Tech
"Retail Sees Solid, Not Stellar, Holidays (Reuters) Reuters - Holiday shopping got off to a flying\start in the United States this weekend.",Business,Sci/Tech
"China plans renewed bank bailout A year after injecting \$45bn into two state banks to ready them for flotation, China is preparing a fresh bailout for two more institutions.",Business,World
"Sales of industrial robots surging: UN report Geneva - Worldwide sales of industrial robots surged to record levels in the first half of 2004 after equipment prices fell while labour costs grew, the United Nations Economic Commission for Europe said in a report to be released today.",Sci/Tech,Business
The Hunt for a Hybrid The Aug. 23 front-page article on the Toyota Prius vs. the Honda Civic implied that the main reason people prefer the Prius was its quot;geek-chic look quot; and the image buyers want.,Business,Sports
F1 debuts in China Formula One made its long-awaited debut in the People #39;s Republic of China today as the stunning new Shanghai International Circuit echoed to the banshee wail of Formula One engines being used in anger for the first time.,Sports,Sci/Tech
"UK charges 8 in terror plot linked to alert in US LONDON, AUGUST 17: Britain charged eight terror suspects on Tuesday with conspiracy to commit murder and said one had plans that could be used in striking US buildings that were the focus of security scares this month.",World,Business
Islamic threaten women #39;s soccer tournament in Bangladesh The organizers of Bangladesh #39;s first women #39;s soccer tournament promised to keep playing despite protests by a Muslim group that called the event quot;indecent and against Islamic norms quot;.,Sports,World
"Sony looks under the Christmas tree Americans will go gadget shopping this holiday season even if oil prices go up, Sony execs say.",Sci/Tech,Business
BOND REPORT CHICAGO (CBS.MW) - Treasurys remained solidly lower Wednesday in the wake of election results that had President Bush ahead of Democratic challenger John Kerry.,Business,World
"CA aquires computer security firm Computer Associates International Inc., as promised, is back in the acquisition game, scooping up its second computer security company in as many months with an agreement to buy Netegrity Inc.",Business,Sci/Tech
AOL's Viral Marketing America Online will now provide gratis antivirus protection to its subscribers.,Business,Sci/Tech
"Nortel to file restated results next year Nortel Networks said today that after months of trying to untangle faulty financial results, it won't file its 2003 and first-half 2004 results until early next year.",Sci/Tech,Business
Court ruling has fat cats purring THE future of horseracing in Britain was thrown into confusion this week as a result of a judgment by the European Court of Justice.,Sci/Tech,World
"RIM takes new BlackBerry design overseas Revamped keyboard is key feature of the 7100v, which is headed for European and Asian shores.\",Sci/Tech,Sports
"India desperate for jobs, infrastructure despite economic boom (AFP) AFP - Despite India's economic boom in software and outsourcing services, economists have warned the government needs more reforms to create jobs in manufacturing to cut poverty.",World,Business
"Chips are down in tech world EUROPE #39;s biggest chipmaker, Infineon, rocked the technology world today as profits fell e100m (70m) short of analysts #39; expectations.",Business,Sci/Tech
"Conte goes on TV and names names As the bassist for the pop-funk band Tower of Power, Victor Conte laid down a song #39;s backbone by playing a predetermined series of notes.",Sports,World
"Senate panel opposes overtime rules A Senate committee voted yesterday to scuttle new rules that critics say would deny overtime pay to millions of workers, as Democrats won the latest round in their election-year bout with President Bush over the issue.",Business,World
"BearingPoint CFO Out; Error Found McLean technology consulting company BearingPoint Inc. said yesterday that its chief financial officer, Robert S. Falcone, would retire on Nov. 30.",Sci/Tech,Business
"Oracle strikes friendly deal for PeopleSoft at US\$26.50 a share After 18 months of conflict, a friendly merger deal has been struck between Oracle Corp. and PeopleSoft Inc. after the former raised its quot;final quot; offer by 10 per cent.",Business,Sci/Tech
"Consumer Confidence Dips in September NEW YORK - Job worries helped push consumer confidence down in September for the second consecutive month, a New York-based private research group said Tuesday. The Consumer Confidence Index fell 1.9 points to 96.8 from a revised reading of 98.7 in August, according to The Conference Board...",World,Business
PeopleSoft revises third-quarter profit Oracle target adds \$2.6 million to bottom line after tax adjustment related to ex-CEO's severance package.,Sci/Tech,Business
"UDA pledge ceasefire The UDA, Northern Ireland #39;s largest loyalist paramilitary group has pledged to end all violence and work towards complete disarmament.",World,Sci/Tech
"Rocking the Cradle of Life When did life begin? One evidential clue stems from the fossil records in Western Australia, although whether these layered sediments are biological or chemical has spawned a spirited debate. Oxford researcher, Nicola McLoughlin, describes some of the issues in contention.",Sci/Tech,Business
"Henman Sails at the Swiss Indoors By Mark Ledsom BASEL (Reuters) - Britain's world number four Tim Henmanwon his opening match at the Swiss Indoors tennis tournamentwith little difficulty on Wednesday, beating Frenchman AntonyDupuis 6-3, 6-4.",World,Sports
EasyMobile launch set for March Denmark #39;s leading telecoms operator TDC says it will launch a low-budget mobile telephone operator dubbed quot;easyMobile quot; with mobile network operator T-Mobile in Britain in March 2005.,Business,Sci/Tech
"ANZ increases IT spend A new \$100 million retail telling platform, which was completed in the first half of this year, and the growing cost of compliance were the key drivers for the rise according to the bank #39;s 2004 Annual Roadshow presentation.",Business,Sci/Tech
"Microsoft, EU Officials in Procedure Meeting Microsoft (Quote, Chart) and representatives of the European Union #39;s Competition Commission will sit down at the table together on Thursday, but it won #39;t be to eat.",Business,Sci/Tech
"82 still missing in Chinese mine blast XINMI, China -- Desperate to know their loved ones' fates, grieving relatives scuffled with guards yesterday at the scene of China's worst mining accident this year as rescue workers pulled more bodies out of a mine shaft choked with poison gas.",World,Sci/Tech
"Can't Hide Your Lying ... Face? In search of the ultimate lie detector, researchers turn to thermal facial scans, brain wiring and eyeball tracking. But deception still, well, deceives. By Randy Dotinga.",Sci/Tech,Sports
EU foreign ministers hope to break deadlock over ASEM summit The European Union said Friday it quot;hoped to reach a conclusion quot; at a meeting of foreign ministers on the participation of military-ruled Myanmar in an upcoming summit of Asian and European nations.,Business,World
"U.S. Treasuries Recover, JGB Rally Helps LONDON (Reuters) - U.S. Treasury prices rose on Friday, with a rally in Japanese government bond (JGB) prices helping the market recover some ground from the previous day's sell-off.",Business,Sci/Tech
Spanish buy Luton airport operator in 551m deal Luton Airport was bought by the Spanish yesterday as part of a 551m takeover deal which will net the men who run it almost 60m.,Business,World
"Downing provides return on McClaren #39;s gamble IN A week in which one of their former players rechristened himself G8 to distance himself from the past, Middlesbroughs attempts to rewrite history took another step forward in Athens.",Sports,World
BLOG That #39;s the most look-ed up world on Merriam-Webster #39;s ... A FOUR-LETTER term that came to symbolise the difference between old and new media tops US dictionary publisher Merriam-Webster #39;s list of the 10 words of the year.,Sci/Tech,World
Florida Starts To Recover in the Wake of Hurricane Frances President Bush will travel to Florida Wednesday to survey damage from Hurricane Frances. He sent a letter to Congress asking for \$2 billion to help with recovery efforts.,Sci/Tech,Business
"Japanese Utility Plans IPO in October (AP) AP - Electric Power Development Co., a former state-run utility, said Friday it is planning an initial public offering on the Tokyo Stock Exchange in October, a deal that could be the country's biggest new stock listing in six years.",World,Business
"London Times goes strictly tabloid After more than two centuries as a broadsheet newspaper, The Times of London has gone strictly tabloid. On Monday, The Times moved to a totally compact format after almost a year of dual publication.",Sci/Tech,Business
"Virgin wishing for Melbourne Sir Richard said yesterday Melbourne was on his wish list, with flights to London possibly through Hong Kong or Bangkok. The British billionaire landed in Sydney yesterday aboard Virgin Atlantic #39;s inaugural Australian flight.",Business,World
"Jackson Squares Off With Prosecutor SANTA MARIA, Calif. - Fans of Michael Jackson erupted in cheers Monday as the pop star emerged from a double-decker tour bus and went into court for a showdown with the prosecutor who has pursued him for years on child molestation charges...",World,Sci/Tech
"Conte turned athletes into towers of power HE IS THE face of sporting evil, this man who once was an accomplished bass player and now leers at us from a television screen describing the hell he hath wrought on the games people play and on the people who play them.",Sports,World
"AT amp;T Wireless Moves to Sell Canada Asset T amp;T Wireless Services Inc., the third-largest United States mobile phone company, reached an agreement yesterday with Rogers Communications Inc.",Business,Sci/Tech
"Cardinals to Play Broncos Boise State accepts a bid Tuesday to play Louisville in the Liberty Bowl on Dec. 31, in a matchup of the nation's top two offenses.",Sports,World
"Glazer stake in Man Utd nears 30 US tycoon Malcolm Glazer lifts his stake in Manchester Utd to 28.11, one day after spending 17m on further share buys.",World,Business
Our mobile margins will fall: Telstra TELSTRA chief financial officer John Stanhope has admitted Telstra #39;s margins in its \$4.5 billion a year mobile phone business will shrink this year in the face of increased price competition and the growing cost of acquiring new customers.,Sci/Tech,Business
"Groups Offers Beer for Blood Donations (AP) AP - Some in Michigan who roll up their sleeves to donate blood will get a racetrack T-shirt, hat and pin. Sponsors in San Diego have given away whale-watching trips. On Wednesday, the Cleveland Regional Transit Authority handed out vouchers for a pint of any beverage, including beer, in exchange for a pint of blood.",Sci/Tech,Sports
MCNAMARA RECEIVES GOOD NEWS Celtic have been boosted by the news that Jackie McNamara should be back in action within six weeks. The Hoops skipper was clearly in agony when he was stretchered off during Tuesday nights 3-1 defeat at the hands of Barcelona.,Sports,Sci/Tech
"Future Doctors, Crossing Borders Students at the Mount Sinai School of Medicine learn that diet and culture shape health in East Harlem.",World,Sci/Tech
Level 3 Acquires Sprint #39;s Wholesale Dial-Up Internet Business Level 3 today announced that it has purchased Sprint #39;s wholesale dial-up Internet access business for \$34 million in cash. Sprint is one of the largest providers of wholesale dial-up service to ISPs in North America.,Business,Sci/Tech
"More buyers choose artificial Renee McDonald remembers the Christmas trees of her youth: spindly, fake and out of a box. They were hard to put up, and they just didn #39;t smell right.",Business,World
"Argentina Basketball Coach Magnano Quits Ruben Magnano, who coached Argentina to the Olympic basketball gold medal in Athens, resigned Thursday to accept a coaching job in Italy.",World,Sports
"IBM sells PC stake to China's Lenovo China's biggest computer maker, Lenovo Group, said today it has acquired a majority stake in International Business Machines Corp.'s personal computer business for \$1.25 billion, one of the biggest Chinese overseas acquisitions ever.",Business,Sci/Tech
Schedule filled with key games Supernatural forces must be at work in the land of high school football. There's no other way to explain a schedule that features 12 games between first- and second-place teams of leagues this weekend.,Sports,Sci/Tech
"Dogs said to smell cancer signs LONDON -- It has long been suspected that man's best friend has a special ability to sense when something is wrong with us. Now, the first experiment to verify that scientifically has demonstrated that dogs are able to smell cancer.",World,Sci/Tech
"Blockbuster revamps its policy for late returns NEW YORK -- Faced with growing competition in the home video market, Blockbuster addressed its No. 1 consumer complaint Tuesday, saying it will end late fees on rented videos and games in January.",Business,Sci/Tech
Wet Seal Third-Quarter Net Loss Widens (Reuters) Reuters - Struggling clothing retailer Wet\Seal Inc. on Wednesday posted a wider quarterly loss\as lackluster demand for its teen-oriented fashions forced the\company to make bigger markdowns.,Business,Sci/Tech
Visit to a Potemkin village Gongzhong does not resemble any Tibetan village in Tibet. It is a village more from Epcot Center in Walt Disney World.,World,Business
"Zeile to catch one last time Art Howe will fulfill a wish of the retiring Todd Zeile on Friday night: Zeile will catch Tom Glavine in Pittsburgh, his first time behind the plate in 14 years.",Sports,Business
"Sports Court Hears Hamm Gold Medal Appeal LAUSANNE, Switzerland - Paul Hamm appeared before the sports world's highest court Monday to argue why he should he keep his Olympic gymnastics gold medal. The Court of Arbitration for Sport convened to hear the appeal from a South Korean gymnast who believes he was unfairly deprived of the gold in the men's all-around event in Athens last month because of a scoring error...",World,Sports
'Cities in crisis' leaders warn World leaders warn that rapid urbanisation will become one of the biggest challenges of the 21st Century.,Sci/Tech,World
"Union leaders held under ESMA on Day 6 of strike New Delhi, August 26: The sixth day of the truckers strike on Thursday saw 12 more truckers being arrested under the Essential Services Maintenance Act (ESMA)in the Capital.",Business,Sci/Tech
"Els Looks Ahead with Promise After Major Woes LONDON (Reuters) - After being a frustrated 'nearly man' at this year's majors, Ernie Els plans to make the most of a near-perfect finish to the 2004 season.",Sports,Business
"Ciena Posts a Loss, Forecasts Flat Sales By Deborah Cohen CHICAGO (Reuters) - Telecommunications equipment makerCiena Corp. on Thursday reported a wider loss for thefiscal third quarter due to slack demand and forecast sales inthe current quarter would be little changed from the thirdquarter.",Sci/Tech,Business
"Poor? Who #39;s poor? Poverty is down The proportion of people living on less than \$1 a day decreased from 40 to 21 per cent of the global population between 1981 and 2001, says the World Bank #39;s latest annual report.",World,Business
"IDC sees continuing decline in PDA market If a handheld device doesn't have voice capabilities, a growing number of users around the world aren't interested, according to IDC. For the third straight quarter, shipments of handheld devices such as personal digital assistants (PDAs) fell as some prominent vendors decided to pull back from the market, IDC said Wednesday.",Sci/Tech,Business
"MedImmune CEO Talks Finance and Science David Mott, a Dartmouth-educated Wall Street investment banker, is increasingly leveraging his reputation in the local and national biotech communities.-The Washington Post",Sci/Tech,Business
"Princess Diana Fountain to Close Again (AP) AP - It has been fenced in, clogged with leaves, overrun with visitors and even used as a dog bath. Now the Princess Diana memorial fountain is to close again to replace surrounding grass that has become sodden with splashing water, park officials said Tuesday.",World,Sci/Tech
"Her aim: Give Tufts-NEMC intensive care For 10 years, Ellen Zane oversaw community doctors for Partners HealthCare, the parent organization of Massachusetts General and Brigham and Women's hospitals and the biggest and most profitable hospital and physician network in Massachusetts. Then in December, she became chief executive of a very different institution: Tufts-New England Medical Center in Boston's Chinatown neighborhood. Tufts-NEMC is not only smaller, it's ...",Business,Sports
"BTG hits Amazon, Netflix and others with patent suit BTG, a London-based firm that focuses on intellectual property and technology commercialization, filed suit against Amazon.com, Barnesandnoble.com and two other Internet companies for infringing on patents related to the tracking of users online.",Sci/Tech,Business
Is More Aid Needed to Solve Africa's Woes? (Reuters) Reuters - American economist Jeffrey Sachs\has a novel way to tackle African poverty: Shower more aid on\the world's poorest continent.,World,Sports
"MCI Creditors Are Target Of SEC Subpoenas 11 members of MCI Inc.'s former creditors committee asked for documents related to confidential communications between the company and its bondholders, according to federal bankruptcy court filings.",Business,Sci/Tech
"Wi-Fi successor is called high-speed hype -- for now SAN FRANCISCO -- At virtually every turn, Intel Corp. executives are heaping praise on an emerging long-range wireless technology known as WiMAX, which can blanket entire cities with high-speed Internet access.",Business,Sci/Tech
"Bush Pledges Strong-Dollar Policy President Bush meets with Italian Prime Minister Silvio Berlusconi in the Oval Office of the White House, Wednesday, Dec. 15, 2004, in Washington.",Business,World
"Kashmir Talks: Failure Could be Fatal GIVEN their sordid 58 year-long history, its easy enough to sink into pessimism when discussing India-Pakistan relations. The just-concluded first round of comprehensive talks between the",World,Sports
Earnings for The New York Times Slip The newspaper publisher today said that while the ad market remains uneven it has seen improved trends so far in October.,Business,Sci/Tech
"UK House Prices Rise at Fastest Pace Since July (Update3) UK house prices unexpectedly rose in November at the fastest pace since July, reinforcing expectations real estate values will level out, avoiding a collapse from records, according to Nationwide Building Society.",Business,Sci/Tech
E. Guinea coup suspects say they were tortured Equatorial Guinea has told a court he and his comrades had been chained like animals and tortured into confessing. and hand-cuffs to plead their innocence on Thursday.,World,Sci/Tech
Australia #39;living beyond its means #39; Environmental organisation WWF International has warned that the global population is consuming about 20 per cent more natural resources than the planet can produce.,Sci/Tech,Sports
"Nikkei Opens Higher (Reuters) Reuters - The Nikkei average rose 1.37 percent at\the opening on Monday as a recovery in U.S. stocks encouraged\investors to seek bargains among lagging issues, including\Canon Inc. and other high-tech issues.",World,Business
"Planned Grand Canyon Flood Seeks to Reverse Erosion Description: Researchers flooded the Colorado River last week, in an attempt to reverse erosion in the Grand Canyon. NPR #39;s Liane Hansen speaks to Denny Fenn, director of the Southwest Biological Science Center, about the experiment #39;s preliminary findings.",Sci/Tech,World
"Peru's Toledo Wants New Judges for Guzman Retrial By Jude Webber LIMA, Peru (Reuters) - Peruvian President Alejandro Toledosaid on Saturday he wanted new judges to try Shining Pathleader Abimael Guzman after the ""shameful spectacle"" he stagedat the start of his terrorism retrial, punching the air withhis fist and chanting rebel slogans.",World,Sci/Tech
"Med school move delayed to 2007 The MSU College of Human Medicine won #39;t be relocated to Grand Rapids until at least 2007, and could cost only half as much as university officials originally estimated.",Business,Sci/Tech
Defrocked Priest Gets Suspended Sentence for Marathon Attack A defrocked Irish priest who attacked the leader during yesterdays Olympic marathon was given a one year suspended sentence in Athens today.,Sports,World
British sailors bag bronze Britain's Chris Draper and Simon Hiscocks win bronze in a tense final 49er race on the Saronic Gulf.,Sports,World
Pen can pick some bike U-locks That U-shaped bike lock that you thought was so secure may be easy pickings for thieves who have nothing more sophisticated than a Bic pen.,Business,Sci/Tech
"Report: E-voting problems cause loss of votes E-voting machine problems caused more than 4,500 votes to be lost in one North Carolina county during Tuesday's general election, and gave U.S. President George Bush more than 3,800 extra votes in Ohio, according to The Associated Press.",Sci/Tech,Business
"Attack prompts Bush website block The re-election website of President Bush is blocking overseas visitors because of ""security reasons"".",Sci/Tech,World
"Sign off, then sign in G. Michael Caggiano Jr. lies awake at night thinking about bank signs. He ponders them during breakfast, while brushing his teeth, and quot;constantly quot; during the day, he says.",Business,World
"August Chip Sales Growth Slows on High Inventory SAN FRANCISCO (Reuters) - Global semiconductor sales growth slowed to 1 percent in August as electronics makers reacted to growing inventories in Asia by limiting orders of chips, an industry trade group said on Thursday.",Sci/Tech,Business
"Employment Picture Expected to Improve NEW YORK - A rash of job cuts - more than 10,000 layoffs just this week from a handful of companies - has created some gloom on the jobs front. But Friday's release of jobs data for September was expected to show a steady unemployment rate and creation between about 50,000 to 250,000 new jobs, though uncertainties such as the effects of last month's hurricanes kept the estimates all over the map, said Wachovia Corp...",World,Business
"Obama Balances Stardom, Local Interests (AP) AP - In the days since he was elected to the U.S. Senate, Barack Obama has chatted by phone with President Bush, had his picture in People magazine and appeared several times on national television.",World,Sports
Will This Idea Fly? Charge Some Travelers \$10 for Showing Up Northwest Airlines said it would begin charging a \$10 fee for issuing a ticket at its airport check-in desks.,Business,Sci/Tech
"Dell, AOL team up in schools initiative ROUND ROCK, Texas -- Dell Inc. and America Online Inc. announced a partnership Monday to provide 5,000 low-income students with free refurbished personal computers and a year #39;s worth of Internet access.",Business,Sci/Tech
Corning begins work on Taiwan LCD facility Demand for flat-panel devices means that the time is ripe for factories to churn out more glass.,Sci/Tech,Business
"China Reports Births of Two Giant Pandas (AP) AP - For pandas, it's practically a baby boom. Two giant pandas were born this week, and mothers and cubs were doing fine, the official Xinhua News Agency reported Wednesday.",Sci/Tech,World
"Philippine Rail Cars Crash Into Ravine, 100 Trapped MANILA (Reuters) - Rescuers in the Philippines smashed train windows with axes and hammers Friday to reach 100 passengers trapped when a carriage derailed and dragged other cars into a ravine, killing at least four people.",World,Sports
"Schwarzenegger Signs 'Foie Gras' Bill (AP) AP - California will end the force feeding of ducks, geese and other birds to produce the gourmet liver product foie gras by 2012 under legislation signed Wednesday by Gov. Arnold Schwarzengger.",Sci/Tech,Sports
"Northern Irish Protestant group pledges to end violence Northern Ireland #39;s main pro-British paramilitary group, The Ulster Defence Association (UDA), has pledged to end all violence and work towards complete disarmament.",World,Sci/Tech
"Study raises stent doubts Heart patients aren #39;t more likely to live long term after getting the artery-opening tubes called stents, according to a study released yesterday by researchers at Duke University.",Business,Sports
"Boys 'cured' with gene therapy Gene therapy can cure children born with a condition that knocks out their natural defences against infection, mounting evidence shows.",World,Sci/Tech
"Davenport Advances at U.S. Open NEW YORK - Lindsay Davenport's summer of success stayed on course Thursday when the fifth-seeded former U.S. Open champion defeated Arantxa Parra Santonja 6-4, 6-2 and advanced to the third round of the season's final Grand Slam event...",World,Sports
"Death bell tolls for Russia's Yukos oil giant (AFP) AFP - Russia's Yukos does not begin the week teetering on the edge of ruin where it has been for months now. The oil giant is flat on its back, gasping for its last breaths of air.",World,Business
"Taiwan Rescuers Dig Out 7 Bodies Buried in Landslide TAIPEI (Reuters) - Taiwan rescue workers dug out seven bodies from mud and rock in a mountain village that was hit by a devastating landslide triggered by Typhoon Aere, but eight still remained buried, officials said on Friday.",World,Business
"Judge: Geico can sue Google, Overture over ads A federal judge in Virginia has ruled that a trademark infringement suit filed by the Government Employees Insurance Co. (GEICO) against Internet search giants Google Inc. and Overture Services Inc. can proceed.",Business,Sci/Tech
"Saudi Arabia, Qatar, Kuwait still risky investments: study (AFP) AFP - Investing remains risky in Saudi Arabia, Qatar and Kuwait, notably because the presence of US forces in the region makes these countries vulnerable to terrorist attacks, a security consulting firm said.",Business,World
South Seas Islands Pin Future on Geotourism The Cook Islands receive more tourists per capita than any other South Pacific destination. Now authorities are revamping their tourism strategy to focus on preservation.,Sci/Tech,World
"Catalina Foxes Back After Near Extinction (AP) AP - A unique subspecies of fox that is about the size of a house cat is back from the brink of extinction on Santa Catalina Island and can survive on its own thanks to a captive breeding program, the head of a nonprofit group that manages most of the island said Tuesday.",Sci/Tech,Business
"Cambodia #39;s New King Ascends the Throne Description: In Cambodia, Norodom Sihamoni who accedes to the throne with an elaborate coronation, following the abdication of his father King Norodom Sihanouk.",World,Sports
Carter could prove real plus for Nets The Nets reported deal for Vince Carter very much surprises me given New Jersey #39;s cost-slashing moves in the offseason that saw the exits of Kenyon Martin and Kerry Kittles.,Sports,Sci/Tech
"Dodgers Nip Giants 3-2 in Crucial Series SAN FRANCISCO - Shawn Green can sit out Saturday knowing he was a huge help to the Dodgers during their crucial series against San Francisco. Green hit a two-run homer in Los Angeles' 3-2 victory over the Giants on Friday night, a day before the first baseman will miss a game to observe the Jewish holiday Yom Kippur...",World,Sports
"JJB profit and bid hopes fade away Sports retailer JJB yesterday reported a near 25 drop in profits and continuing poor sales, and ended shareholders #39; hopes of a takeover by announcing that a potential bidder had walked away.",Business,Sports
"ETA Seals Off Madrid with 5 Bombs, 2 Police Hurt (Reuters) Reuters - The Basque separatist group ETA set off\five bombs at petrol stations around Madrid on Friday, putting\a stranglehold on the city at the start of a long holiday\weekend.",World,Sports
"Will there be peace in Great Lakes region? To coordinate and cooperate or not to, that is where the rub is, and that is the key issue when it comes to answering the question whether there will be peace in the Great Lakes region.",World,Business
"UPDATE 2-Viacom posts loss on charges; cable networks up Viacom Inc. (VIAb.N: Quote, Profile, Research) (VIA.N: Quote, Profile, Research) on Thursday posted a quarterly loss on charges related to the spinoff of video rental chain Blockbuster",Business,Sci/Tech
"Intel dauphin Otellini becomes king Intel #39;s board has given the go ahead for the long anticipated shift in power from current CEO Craig Barrett to current President Paul Otellini Come May 18, Otellini will take over the chipmaker and become its fifth ever CEO.",Business,Sci/Tech
PeopleSoft customers reassured Oracle Corp. President Charles Phillips on Monday said PeopleSoft Inc. customers have become more comfortable with the prospect of a merger between the two software firms even as the proposed transaction awaits a critical ruling from a Delaware court.,Business,Sci/Tech
"Cricket: Ponting out of two Tests against India SYDNEY : Australia captain Ricky Ponting #39;s thumb injury has forced him out of the opening two cricket Tests against India starting next week, Cricket Australia (CA) said.",Sports,World
Week's delay for Delta launcher Boeing's new heavy-lift Delta 4 rocket must wait a further week before making its maiden flight.,World,Business
"U.S. Softball Team Wins, Closes in on Gold ATHENS, Greece - Right now, the Americans aren't just a Dream Team - they're more like the Perfect Team. Lisa Fernandez pitched a three-hitter Sunday and Crystl Bustos drove in two runs as the Americans rolled to their eighth shutout in eight days, 5-0 over Australia, putting them into the gold medal game...",World,Sports
"For Craigslist, city was just the ticket Hadley Weinzierl used Craigslist to furnish her Jamaica Plain apartment, and when she bought a Maltese puppy, she sought advice from fellow Craigslisters on a good vet, a cheap dog-walker, and a park where she could let the dog run without a leash.",Business,Sports
"PRESS START FOR NOSTALGIA Like Led Zeppelin #39;s #39; #39;Stairway to Heaven #39; #39; and Lynyrd Skynyrd #39;s #39; #39;Freebird, #39; #39; classic video games like Frogger and Pong can bring back an entire era.",Sci/Tech,Sports
Relaxed pot possession bill returns OTTAWA -- The long push to reform marijuana laws took a big step forward yesterday as the federal government re-introduced legislation decriminalizing possession for personal use.,World,Sci/Tech
"EPA May Conduct Human Tests for Chemicals (AP) AP - In setting limits on chemicals in food and water, the Environmental Protection Agency may rely on industry tests that expose people to poisons and raise ethical questions.",World,Sci/Tech
THIERRY HEELS THE WOUNDS THE MARK of brilliance is to produce the unexpected. The proof of genius is to do it time and again. Thierry Henry is a brilliant genius.,Sports,Sci/Tech
"Intel defeats AMD in court AMD #39;s attempt to persuade the US court to sanction the release of over 60,000 pages of Intel documentation to a European Commission anti-trust enquiry has failed.",Business,Sci/Tech
"Aether Declines Higher Bid for Unit (washingtonpost.com) washingtonpost.com - Aether Systems Inc., a Maryland wireless data company that is selling off its operating units, said yesterday it received a #36;30 million offer for a division it had already agreed to sell to another buyer for #36;25 million.",Sci/Tech,Business
"Asia to outperform this year, lower growth seen in 2005: ADB (AFP) AFP - Developing Asia is set to outperform this year with higher-than-expected growth of 7.0 percent despite high oil prices but it will slow in 2005 in tandem with the developed world, the Asian Development Bank (ADB) said.",World,Business
"Some think this metal is golden So many disasters to avoid, so many uncertainties to resolve, no wonder so many investors have been cautious about buying stocks and bonds.",Business,Sci/Tech
"Study: 39 Million Americans In Working Poor Families WASHINGTON -- A new report indicates that one in every five US jobs pays less than a poverty-level wage for a family of four. As a result, nearly 39 million Americans, including 20 million children, are members",Business,Sci/Tech
Final Round in Cable-ISP Fight The U.S. Supreme Court has agreed to hear whether cable operators must give access to their lines to third-party ISPs. Michael Grebb reports from Washington.,Sci/Tech,World
Indian PM pledges to protect poor from oil-driven inflation NEW DELHI : Indian Prime Minister Manmohan Singh pledged to try to shield the poor by keeping down prices of essential goods amid rising inflation.,Business,World
"Hawks Evicted From New York City Perch (AP) AP - Pale Male the city hawk was evicted from his nest, and the flap has already begun.",Sci/Tech,Sports
"Alstom to sign 1 billion Euro in contracts with China (AFP) AFP - The French Group Alstom Saturday will sign contracts worth up to 1 billion Euros (1.23 billion dollars) in China for the delivery of trains and locomotives, French sources with knowledge of the deal revealed to AFP.",World,Business
"Dinosaur May Have Been Stealth Hunter (AP) AP - The strike would have come out of nowhere: One second the fish was swimming placidly, no danger in sight, a moment later it was lunch.",Sci/Tech,Sports
"Calvin Murphy removed as Rockets broadcaster Murphy will go to trial Nov. 4 on charges he molested his daughters, a state district judge said Tuesday. Murphy is charged with three counts of indecency with a child and three counts of aggravated sexual assault, punishable by up to life in prison.",Sports,World
"Schwarzenegger Vows to Defend Emissions Law Toyota, General Motors and seven other automakers filed suit to block California's new greenhouse gas regulation, which was approved by the state in September.",World,Business
"National Foods to look for protector 29/10/2004 National Foods will hunt for a quot;white knight quot; to protect it from Fonterras \$A1.62 billion (\$NZ1.76 billion) bid, raising the risk New Zealand dairy farmers will get dragged into an expensive bidding war.",Business,Sports
Hynix's 3Q Profit More Than Triples (AP) AP - South Korea's Hynix Semiconductor Inc. said Monday its third-quarter net profit more than tripled from same period last year thanks to steady global prices for memory chips.,World,Business
Daly penciled in for Deutsche Bank John Daly provided a nice surprise for local golf fans yesterday when he committed to play in next week #39;s Deutsche Bank Championship at TPC of Boston in Norton.,Sports,World
Terror is below radar in Russia It took 2 days for Russia #39;s security service to announce what virtually everyone else believed from the moment two domestic passenger airlines plunged to earth simultaneously,World,Sci/Tech
"Trans-Tasman war hots up AIR New Zealand and Qantas Airways face the prospect of intensifying competition on its trans-Tasman route from other airlines now that a proposed alliance between the pair has been blocked, according to analysts.",Business,Sci/Tech
Donors seek clarity on PA finances Donors to the Palestinians are asking whether the change of leadership can let more light into Palestinian finances.,Business,World
"Vote 2004 - a guide to the primary Get ready for the primary with the Herald-Tribunes special news section profiling all the federal, state and local candidates in races in Tuesdays election.",World,Sci/Tech
"Cendant Near Deal to Buy Orbitz for #36;1.2 Bln-Source (Reuters) Reuters - Travel and real estate company\Cendant Corp. is close to an agreement to buy online\travel site Orbitz Inc. for about #36;1.2 billion in\cash, a source close to the talks said on Tuesday.",Sci/Tech,Business
Nortel lowers expectations Nortel said it expects revenue for the third quarter to fall short of expectations.,Sci/Tech,Business
iTunes now selling Band Aid song IPod owners can download the Band Aid single after Apple reaches agreement with the charity.,Sci/Tech,Sports
"Blunkett gets tougher on drugs New police powers to prosecute offenders for possession if they test positive for drugs when they are arrested, even if the only drugs they have are in their bloodstream, are to be announced this week.",World,Sports
"Governor #39;s proposal: New game, same strategy If Gov. Rod Blagojevich #39;s proposal to crack down on violent video game sales sounds familiar, look no further than the man he beat to become Illinois #39; chief executive.",Sci/Tech,Sports
"GoldenEye: Rogue Agent golden EA #39;s James Bond-baddie shooter has left its secret headquarters and taken over the factory. Like an evil genius announcing his demands, Electronic Arts has let the world know that GoldenEye: Rogue Agent has gone gold.",Sci/Tech,Sports
"2 D.C. Men Accused of Defrauding Investors The Securities and Exchange Commission sued two District men yesterday, charging them with improperly soliciting more than \$1.3 million for a real-estate-based Ponzi scheme by preying on fears about neighborhood gentrification.",Business,Sports
F1: British Grand Prix ruled out Jackie Stewart rejects Bernie Ecclestone's claims that the British Grand Prix is dead.,World,Sci/Tech
Oracle 1Q Earnings Rise 16 Percent (AP) AP - Business software giant Oracle Corp. said Tuesday that first-quarter earnings rose 16 percent driven by new database license sales that rose 19 percent.,Sci/Tech,Business
"Robby Gordon Planning to Proceed With Caution Robby Gordon plans to join the oil spills, the tire chunks, the sharp pieces of debris and the other typical racetrack hazards on Sunday.",Sports,Sci/Tech
Senators Want Boeing Deal Investigated Leaders of the Senate Armed Services Committee asked the Defense Department on Friday to have its inspector general #39;s office investigate the Air Force #39;s effort to,Business,Sci/Tech
Cardinal Picks a Lilly Cardinal Health's deal with Lilly suggests the new fee-for-service model is gaining traction.,Business,Sci/Tech
"A Founding Father? Give the guy some credit. Tung Chee-hwa, Hong Kong #39;s embattled Chief Executive, gets precious little of it from his people these daysand heaps of",World,Sci/Tech
"Disgraced Greek sprint pair charged Kostas Kederis and Ekaterini Thanou, the sprinters who brought shame on Greece on the eve of the Olympics, are facing the end of their careers after being charged with missing a drug test and faking a motorcycle accident.",Sports,Sci/Tech
"Arafat memorial important - Mbeki Describing Yasser Arafat as one of the giants of the twentieth century, SA president Thabo Mbeki said it was important for him to be at his memorial service in Cairo on Friday.",World,Sports
Hope Fades for Saving 2 Boys Stuck in Mexico Cave (Reuters) Reuters - Hopes of rescuing two small boys\trapped for five days in a jungle cave faded fast on Friday\after contact was lost with the brothers and as the cavern\flooded in overnight rains.,Sci/Tech,Sports
Telescope snaps distant 'planet' The first direct image of a planet circling another star may have been obtained by a US-European team of astronomers.,World,Sci/Tech
"The Shockwaves of Sumatra The Indian Ocean earthquake of December 2004 produced a shockwave that created tsunamis all across the Indian Ocean. The tsunamis hammered nearby Indonesia and struck as far as the coast of East Africa. The death toll has climbed over 100,000 and continues to grow. It also created social shockwaves.",Sci/Tech,World
"Dominicans' Swift Step Into Crisis SANTO DOMINGO, Dominican Republic -- When Sandro Batista smashed his banana truck into a tree in April, leaving him with two hideously shattered legs and a broken arm, his orthopedic surgeon sent his sister shopping.",Business,World
Divided S.E.C. Likely to Ask Hedge Funds for More Data A deeply divided S.E.C. is expected to approve rules requiring all but the smallest hedge funds to register with the S.E.C. and make their records available.,Business,Sci/Tech
"Nokia sees strong demand for smartphones and camera phones in 2005 Nokia has forecast that smartphone shipments worldwide are expected to increase to 238 million units by 2008, up from 23 million this year, according to Anssi Vanjoki, executive vice president and general manager of multimedia at Nokia.",Sci/Tech,Business
"Hurricanes Bring Environmental Renewal (AP) AP - Along with their destructive force, hurricanes can have beneficial effects as part of the rhythm of nature. Storms that erode beaches, uproot trees and flatten wildlife habitats may also refresh waterways, revive dry areas and bulk up barrier islands with redistributed sand.",Sci/Tech,Sports
"Nike Boosts Dividend by 25 Percent (Reuters) Reuters - Nike Inc. boosted its\quarterly dividend by 25 percent on Monday, citing strong cash\flow and growth prospects as the world's biggest athletic shoe\company has racked up record revenue and soaring profits the\past few years.",Business,Sci/Tech
Statement by Airbus on the US Government for formal consultations ... Airbus has fully supported all recent actions by the European Commission to engage with the US government in serious discussions on comprehensive new disciplines on government support.,Business,Sci/Tech
"Northrop Grumman Gets \$408 Million Pact Defense contractor Northrop Grumman Corp. on Monday said it received a 10-year, \$408 million Army contract to provide simulated battle command training support to Army corps commanders - the latest award in",Business,Sci/Tech
"Glaxo Settles Paxil 'Suicide Pill' Suit NEW YORK (Reuters) - GlaxoSmithKline Plc GSK.L has agreed to release all clinical studies of its drugs to settle a lawsuit that accused it of withholding negative information about the antidepressant Paxil, the New York Attorney General's office said on Thursday.",Business,Sci/Tech
"India's low-cost airline eyes business travel (AFP) AFP - India's pioneer low-cost carrier Air Deccan plans to raise 50 million dollars in private equity by shedding a 26 percent stake and also aims to enter the corporate business jet segment, its chairman said.",World,Business
"Super powers make move on September BUOYED by ever-increasing crowd figures and television ratings, rugby union yesterday announced a significant expansion of the southern hemisphere season which includes an assault on the traditional September AFL and NRL finals series.",Sports,Sci/Tech
"Oracle #39;s Ellison happy as \$5.5m Larry LARRY Ellison, the chief executive of software maker Oracle, earned \$US3.85 million (\$5.53 million) in salary and bonus for the financial year that ended May 31.",Business,Sci/Tech
"Blame player, not game It was like nothing youd ever exercised your thumbs to before. You could do whatever you wanted, whenever you wanted. The game seemed endless.",Sci/Tech,Sports
"UK Watchdog Turns Up Heat on Banks LONDON (Reuters) - Britain's financial regulator will step up scrutiny of investment banks' management of conflicts of interest and risk in the wake of a number of high profile cases such as WorldCom, Enron and Parmalat.",Business,Sci/Tech
"Microsoft Opens Software Development Center in India (Update3) Microsoft Corp., the world #39;s largest software maker, will hire several hundred #39; #39; people in the next year at its development center in India, expanding its workforce of 800, Chief Executive Steve Ballmer said.",Business,Sci/Tech
Transactions BASEBALL Atlanta (NL): Recalled P Roman Colon from Greenville (Southern League). Cincinnati (NL): Announced INF Brandon Larson accepted his outright assignment to Louisville (IL). Tampa Bay (AL): Released 1B-DH Randall Simon; recalled OF Midre Cummings from Durham (IL).,Sports,Sci/Tech
"GM Plans to Use Woods More Creatively (AP) AP - General Motors Corp. is thrilled that Tiger Woods will promote Buick for the next five years, but GM chairman Rick Wagoner says the automaker could make better use of the world's best-known golfer.",Sports,Sci/Tech
"Men Set for Sizzling Duel in 100 Meters ATHENS, Greece - The preliminaries in the 100 meters were perhaps just a sample of what's to come Sunday, when a talented group of qualifiers - including Americans Shawn Crawford, Justin Gatlin and defending champion Maurice Greene - will try to turn their competition into the fastest show at the Athens Games. Five men broke 10 seconds in qualifying Saturday, led by Crawford's time of 9.89...",World,Sports
Big Dig no roadblock Huge cost overruns. Tunnel leaks. Multimillion-dollar lawsuits. Big trouble for the companies managing Boston's Big Dig? Not really.,Business,Sci/Tech
CSKA sponsor rejects criticism RUSSIAN oil giant Sibneft today rejected any suggestion of a conflict of interest existing between Chelsea and CSKA Moscow who are due to meet in the Champions League.,Sports,Sci/Tech
"Avaya to Buy Germany's Tenovis (Reuters) Reuters - Avaya Inc. , a\telecommunications equipment supplier, on Tuesday said it would\buy Tenovis GmbH Co. of Germany from private equity firm\Kohlberg Kravis Roberts Co. for #36;370 million to expand its\presence in Europe.",Business,Sci/Tech
"IBM to hire even more new workers By the end of the year, the computing giant plans to have its biggest headcount since 1991.",Sci/Tech,Business
Old Rumors of Gay Sex Prove Powerful on Web Va. GOP members chose Del. Thelma Drake (Norfolk) to replace Rep. Edward L. Schrock after he resigned amidst allegations Schrock indulged in or solicited gay sex.,Sci/Tech,World
"Oracle #39;s sweet on PeopleSoft Oracle sweetened its hostile bid for rival business software maker PeopleSoft to \$9.2 billion, a 14 increase aimed at resolving the long-running takeover battle between the bitter foes.",Business,Sci/Tech
"Bill Gates is the richest for 11 years successively Bill Gates, the founder of Microsoft, still remains the richest person in the USA, according to Forbes Magazine. Gates has been keeping the first place for already 11 year in a raw among the richest Americans.",Business,Sci/Tech
"Checking changes Toward the end of the month if resources are a little tight, there are times when Krista Bergstrom admits she writes a check or two for more than is left in her account.",Business,Sci/Tech
"Taiwan #39;s Acer picks a European as president TAIPEI Acer, the Taiwan computer company, named Gianfranco Lanci of Italy as its president on Wednesday, an appointment that signals the company #39;s ambitions to expand its global market share.",Sci/Tech,Business
Friday Focus: Running in the rain Rain is forecast for Saturday in Spa. Here's what the team will do to cope...,Sports,Sci/Tech
Update 2: General Mills to Make Cereals Whole Grain The Trix Rabbit and that Lucky Charms leprechaun are going on a whole-grain diet. General Mills announced Thursday that it will convert all of its breakfast cereals to whole grain.,Business,Sci/Tech
TV's Passport Stamp of Approval The sixth season of a popular reality television show is ready to rock the world.,Business,Sci/Tech
"Kiwi hits eight-year high against struggling greenback The New Zealand dollar has hit its highest level this year, propelled by a dramatic dip in the US dollar. As the greenback slumped against most global currencies, the kiwi rose to 71.02USc, its highest level for eight years.",Business,Sci/Tech
"Pension Agency Raises Top Annual Benefit 2.8 The federal agency that protects private sector pension plans announced yesterday that the maximum annual benefit for plans taken over in 2005 will be \$45,614 for workers who wait until age 65 to retire.",Business,Sci/Tech
"Christmas clash over gift choices Children would like expensive hi-tech gifts for Christmas, but few parents are happy to buy these, research suggests.",Sci/Tech,World
"Panera Hopes 'Chilling Out' Brews Sales (AP) AP - Bakery cafe chain Panera Bread Co. hopes its customers will stick around a little longer #151; grab a bite to eat, buy another cup of coffee, try the Wi-Fi. In other words, just chill out.",Sci/Tech,Sports
"AOL, E-Mail Companies Sue Spammers The nation #39;s largest e-mail providers today filed a new round of lawsuits against Internet spammers allegedly responsible for shoveling millions of junk e-mail messages into computer users #39; in-boxes and their instant messaging screens.",Business,Sci/Tech
"A Bit of Wall St. on the Tigris The 150 brokers and traders on the Iraq Stock Exchange are not waiting for the war to end, buying and selling orders a few hundred yards away from the fighting.",World,Business
"Ontario won #39;t help other provinces squeeze Ottawa for more ... Premier Dalton McGuinty sent a shot across the bow of have-not provinces Sunday, warning that Ontario will not support efforts to wring billions more in equalization payments out",Business,Sports
"Hyundai signs deal for China truck plant Hyundai Motor Co. said yesterday that it has signed an agreement with a Chinese company, Jianghuai Automobile Corp., to build a commercial vehicle and engine plant in China #39;s Anhui province.",Sci/Tech,Business
"Oil Company on Trial in Madagascar Over Pollution (Reuters) Reuters - The operator of Madagascar's\privatized oil refinery went on trial on Tuesday, accused of\polluting the environment around the Indian Ocean island's main\international port, officials said.",Sci/Tech,World
"Europeans Eat Less of Dangerous Fatty Foods By PAUL GEITNER BRUSSELS, Belgium (AP) -- Europeans eat less of the most dangerous, cholesterol-raising fats than Americans do and the amount is decreasing, according to a report released Wednesday by the European Food Safety Authority. Scientists at the European Food Safety authority declined to say whether the EU should follow the United States' lead and require special labels on margarine, chips, cookies, fries and other potential sources of trans fatty acids...",Sci/Tech,Sports
Toyota to open south China plant Japan carmaker Toyota enters a joint venture to produce saloon cars in southern China.,Business,World
"Three jockeys, one trainer arrested LONDON -- British police arrested 16 people, including three jockeys and a trainer, Wednesday as part of a major crackdown on corruption in horse racing.",Sports,World
Strong Hurricane Roars Over Bahamas Toward Florida (Reuters) Reuters - Hurricane Frances battered the\southeastern Bahamas islands with 140 mph winds on Wednesday as\it roared toward the United States and put millions of people\on alert along Florida's heavily populated east coast.,Sci/Tech,World
"Launch Date Set for Solar Sail Summary - (Nov 10, 2004) The countdown has begun for the launch of the Planetary Society #39;s Cosmos 1 spacecraft; the first ever to be powered by a solar sail.",Sci/Tech,Sports
"LETTER FROM EUROPE The All-Too-Human Hitler, on Your Big Screen The release of a major movie about Hitler is, by definition, a remarkable event in Germany, especially if it portrays one of history #39;s great monsters as a human being, given",World,Sci/Tech
"Blurry Image Might Be First Picture of Exoplanet The image of a blurry red ball near a failed star just might be the first picture ever snapped of a planet outside our solar system, an astronomer who helped find the object said on Monday.",Sci/Tech,Business
"Singapore Airlines confirms sale of Air NZ stake SYDNEY - Singapore Airlines announced on Tuesday the sale of its quot;non-core quot; 6.3 stake in Air New Zealand, ending a four-year strategic investment in the now government-owned carrier.",Business,Sci/Tech
"Tribe challenges American origins Some of the earliest settlers of America may have been from Australia, southern Asia, and the Pacific, not northern Asia, research suggests.",Sci/Tech,World
"Dell cuts prices on many corporate products Dell on Monday said it had cut prices by as much as fifth for a range of products aimed at US corporate customers, as the computer maker passed along savings from cheaper components.",Sci/Tech,Business
Special to ESPN.com It #39;s the age old question: quot;What do you give to the man who #39;s been everything? quot;. Only time will tell whether Phil Knight #39;s retirement will be as long-lived as so many players he paid to endorse Nike.,Business,Sports
"Six-month deal for Hoddle at Wolves The 47-year-old former England coach was unveiled at a press conference, bringing to an end Wolves #39; month-long search for a successor to Dave Jones.",Sports,World
Governor calls for resignation of Big Dig chief BOSTON Massachusetts Governor Mitt Romney is calling for the resignation of the head of the state #39;s Turnpike Authority. Romney #39;s move comes in the wake of reports that a record 14-point-six (b) billion-dollar,Business,Sci/Tech
"Flu Shot Shortage Highlights U.S. Crisis WASHINGTON (Reuters) - Concerned health officials began investigating on Friday what went wrong at a British vaccine plant where half the U.S. flu shots were made, and called on more companies to get into the vaccine business.",Business,Sci/Tech
"Revolving Door IN Aylwin B. Lewis, president of Yum Brands, as chief executive of Kmart.",World,Business
"Malls setting curfews for unchaperoned teens COLUMBUS, Ohio -- It's 10 on a Friday night, and all 15-year-old Sylvia Fallon wants is to hang out with her friends at the mall.",Business,World
"Japan's comics retool the art Animation in America once meant Mickey Mouse and Winnie the Pooh. These days, it's just as likely to mean Japanese fighting cyborgs, doe-eyed schoolgirls, and sinister monsters -- thanks in large part to people like John Ledford.",Business,Sports
"Flight From Keys Begins as Gusts Whip Jamaica As Hurricane Ivan began to lash Jamaica with wind and rain, officials in Florida stepped up their evacuation efforts.",World,Sports
"Ahold to Sell Spain Operations to Permira (AP) AP - The Dutch supermarket retailer Ahold, seeking to streamline global operations and reduce debt, said Sunday it will sell its holdings in Spain to Permira Funds for about #36;849 million.",Business,Sports
"Russia #39;s Putin Defends Reforms, Worries About Clans Russian President Vladimir Putin said on Thursday he had no plans to grab more power or change the constitution when reforming Russia #39;s government structure.",Business,World
"Lowe's road to glory For Derek Lowe, two roads diverged not in a yellow wood, as New England's poet laureate Robert Frost had it, but on the greenswards of Fenway Park, Yankee Stadium, and Busch Stadium.",Sports,World
"Philippines mourns dead in Russian school siege The Philippines Saturday expressed quot;deepest sympathy quot; to the families of the dead in the Russian school siege on Friday, in which 322 people were killed when Russian troops stormed",Sci/Tech,World
"Editorial: Sub incident shows China #39;s stripes After days of speculation and a chase by Japanese destroyers and a surveillance plane, it has finally been determined that the nuclear submarine that intruded into Japanese territorial water between Okinawa and Taiwan was Chinese.",World,Business
National Foods: Take No Action On Fonterra Takeover Bid MELBOURNE (Dow Jones)--Australia #39;s National Foods Ltd. (NFD.AU) on Thursday told shareholders to take no action on New Zealand dairy group Fonterra Co-operative Group Ltd.,Business,Sports
"Homeless families total 100,000 The figure for homeless families in England has topped 100,000 for the first time.",World,Sports
"Miss Peru takes Miss World crown Twenty-year-old Miss Peru has been crowned Miss World in a southern Chinese resort town, as China looks to become the regular host of an event that would have once been deemed heretical by its Communist leaders.",Sports,World
Indiana Hires Hoeppner Miami of Ohio's Terry Hoeppner is hired as Indiana's football coach and vows to take the Hoosiers to the Rose Bowl for the first time since 1968.,Sports,Sci/Tech
"Intel Posts Higher Profit, Sales Computer-chip maker Intel Corp. said yesterday that earnings for its third quarter were \$1.9 billion -- up 15 percent from the same quarter a year ago -- but the company cautioned that computer-processor demand in the United States is likely to remain low.",Sci/Tech,Business
California slashes legal fees in settlement of Microsoft case California lawyers who reached a \$1.1 billion class-action settlement with Microsoft will get less than half the legal fees they requested.,Business,Sci/Tech
VIACOM MAY PAY SIRIUS \$: HOWARD Howard Stern hinted broadly yesterday that he might continue his involvement with Viacom after he switches to censor-free satellite radio in 15 months.,Business,Sci/Tech
Highlights of What Congress Has Done (AP) AP - Highlights of what Congress has done #151; and has not done #151; this year.,World,Sports
India #39;s Nehra to miss Bangladesh series Left-arm seamer Ashish Nehra has been left out of India #39;s squad for this month #39;s two-test series against Bangladesh due to an abdominal strain.,Sports,World
"Lehman relishes chance to halt US slide AFTER being named as the 2006 US Ryder Cup team captain by the PGA of America at a press conference in Florida last night, Tom Lehman insisted he saw the chance to halt Americas recent dismal showing in the biennial match with Europe as an opportunity",Sports,World
"First credit rating for Serbia 19:50 November 01 Dow Jones LONDON -- Monday -- Serbia reached a milestone on the road to economic stability Monday, as its first-ever credit rating opened the way for a return to international credit markets.",Business,Sci/Tech
"Intuit Posts Wider Loss After Charge (Reuters) Reuters - Intuit Inc. (INTU.O), maker of\the No. 1 U.S. tax presentation software TurboTax, on Wednesday\posted a wider quarterly loss after taking a goodwill\impairment charge during its seasonally weaker fourth quarter.",Sci/Tech,Business
Pompey start life without Harry with a win London - Portsmouth have recovered from the shock of manager Harry Redknapp #39;s resignation in midweek to give new executive director Velimir Zajec his first win.,Sports,World
"IBM, LG Electronics to End Joint Venture International Business Machines Corp. and LG Electronics Inc. will end an eight-year alliance that helped expand the US computer maker #39;s presence in the booming South Korean PC market.",Business,Sci/Tech
Supreme Court turns down #39;Do Not Call #39; case SUPREME COURT - The Supreme Court is refusing to hear a challenge to the federal do-not-call telephone registry. Telemarketers have been trying to invoke free-speech rights to do away with the ban on unwanted phone solicitations.,Business,Sports
"Crude Price Spike May Send Gas Higher (AP) AP - Amid soaring crude oil prices, gasoline costs have been dropping. But don't expect that to last, economists say.",World,Business
Steelers Look Super The Steelers have all the ingredients to make a run for their fifth Super Bowl title while the NFC trots out its weakest set of challengers in memory.,Sports,Sci/Tech
Cricket-Sri Lanka #39;s wicketkeeper calls it quits COLOMBO (AFP) - Sri Lanka #39;s wicketkeeper Romesh Kaluwitharana has announced his retirement from international cricket after being left out of the squad for next month #39;s tour to New Zealand.,Sports,World
"Ask Jeeves retools search engine in bid to catch Google, Yahoo SAN FRANCISCO -- Hoping to emerge from the shadow of its more popular rivals, Ask Jeeves Inc. is adding new tools for visitors to save and organize links to Web pages they find through the company's online search engine.",Business,Sci/Tech
"Pharma Groups Work on EPC Issues Sept. 30, 2004Reacting to calls from pharmaceutical retailers, distributors and manufacturers, EPCglobal has added a new action group to specifically study the pharmaceutical industry",Sci/Tech,Business
Hearing Set After Microsoft Rivals Quit The judge considering Microsoft Corp. #39;s appeal against European Union sanctions has called a closed meeting for Thursday to decide what action to take after two more major,Business,Sci/Tech
"Cable and Wireless to cut 600 jobs, shut London headquarters (AFP) AFP - Cable and Wireless, the struggling British telecoms group, said it would cut 600 jobs across Europe, part company with a top executive and shut its London headquarters.",Sci/Tech,Business
"Report Says N.H.L. Will Reject Proposal The N.H.L. appears poised to reject a proposal made by the players union, which included a 24 percent reduction in pay and other concessions but not a hard salary cap.",Sports,Sci/Tech
"Study Ranks St. Louis as Fourth Most Dangerous City A new study ranks St. Louis as the fourth most dangerous city. Camden, New Jersey came in first, followed by Detroit and Atlanta. The rankings are in Morgan Quitno #39;s quot;City Crime Rankings, quot; an annual reference",Business,Sci/Tech
"Phelps faces possible jail term Olympic swimming champion Michael Phelps may face a jail term after being arrested on drink-driving charges last week in Salisbury, Maryland.",Sports,World
Vodafone targets Japan with 3G offensive Vodafone has unveiled plans for 10 new third-generation handsets for Christmas to help shore up its struggling Japanese unit. Vodafone VOD.,Business,Sci/Tech
US Stops Short of Backing Brazil on UN Council Seat The United States stopped short of endorsing Brazil #39;s ambition for a permanent seat on an expanded UN Security Council but did say the country would be a quot;solid candidate.,World,Sci/Tech
Warne takes six but India establish handy lead (Reuters) Reuters - World test wicket record holder Shane Warne grabbed six wickets as India established a handy 141-run first innings lead in the second test on Saturday.,World,Sports
"Big Green slip by Wildcats Mike Lang had a career-high 25 points, including the go-ahead jumper with 1:16 remaining, to lift Dartmouth to a 69-67 nonconference victory over New Hampshire last night in Hanover, N.H. Lang's basket broke a 66-66 tie. Dartmouth (3-3) then fouled the Wildcats' Jermaine Anderson, who hit one of two free throws to make it 68-67 with 54 seconds left. A ...",Sports,World
"Israeli army set to unveil stink bomb JERUSALEM: The Israeli army is set to unveil a new weapon designed to get under the noses of Palestinians - a massive stink bomb. A report in the Maariv daily on Wednesday said that the military, which has",World,Business
"STMicro may see windfall from Stern satellite move Shock jock Howard Stern #39;s jump to satellite radio could create a \$180 million windfall for Europe #39;s biggest chip maker, STMicroelectronics (STM.",Business,Sports
"King abdicates after 6 decades King Norodom Sihanouk, known as much for his colorful personality as his controversial statesmanship, has been synonymous with Cambodia #39;s modern history for six decades.",World,Sports
Turkey eyes \$15 billion investment years ANKARA: Turkey is hoping to attract \$15 billion of foreign investment between 2005 and 2007 through reforms designed to overhaul its economy and ease the country #39;s entry into,World,Sci/Tech
Lackluster Jobs Report Pushes Stocks Down NEW YORK - Investors pushed stocks lower Friday as a surprisingly lackluster job creation report deepened Wall Street's pessimism over the health of the economy. A solid earnings report from General Electric Co...,World,Business
"Pakistan Tests Medium-Range Nuclear-Capable Missile (Reuters) Reuters - Pakistan test-fired on Wednesday a\nuclear-capable, surface-to-surface ballistic missile, capable\of hitting targets deep inside arch-rival India.",World,Sci/Tech
"PeopleSoft down on testimony, forecast Investors react to a disappointing earnings projection and to testimony that dampens hopes of negotiations with Oracle.",Sci/Tech,Business
"No tax on Internet access until at least 2007 Consumers won #39;t have to pay a tax to log on to the Internet until at least 2007, after Congress voted Friday to renew a recently lapsed ban on Internet taxation.",Business,Sci/Tech
The Bahamas - the real medal winner of the Athens Olympics A different way of calculating the medal standings brings some interesting results.,Sci/Tech,World
"Canning Zook could backfire on the Gators Florida long-snapper Casey Griffith let the secret slip while talking to a Fort Lauderdale (Fla.) Sun-Sentinel reporter this week: quot;Don #39;t tell anyone I told you this, but someone inside the system told me they heard we #39;re going to be playing against",Sports,Sci/Tech
Ban for former Ahold executives Dutch retailer Ahold's former chairman and its ex-finance officer are barred from executive posts as part of a US fraud case settlement.,World,Business
Take-Two Sees Higher Sports Prices for New Consoles NEW YORK (Reuters) - Take-Two Interactive Software Inc. TTWO.O on Monday said that prices for its sports video games will likely return to higher levels once new game consoles arrive in late 2005 or 2006.,Sci/Tech,Business
"Gleaning Insights From Berkshire Other than Comcast and ServiceMaster additions, it's been a quiet quarter of trading for this portfolio.",Business,Sci/Tech
"BlueGene sneaks past Earth Simulator The Earth Simulator, an NEC supercomputer, is surpassed, at last. IBM announced yesterday that its Blue Gene/L supercomputer had achieved a sustained performance of 36.",Business,Sci/Tech
"Report finds handheld device market in continued decline The worldwide market for handheld devices saw its third successive quarter of year-over-year decline in the third quarter of 2004, according to a new report released by IDC.",Business,Sci/Tech
UN 'must ignore cloning ban call' The UK's Royal Society urges the UN to ignore a call by President Bush to ban all forms of human cloning.,Sci/Tech,World
"Finance: Losing the Right to Sue WASHINGTON (Reuters) - More and more businesses are sticking mandatory arbitration clauses into their contracts, forcing consumers to give up their right to sue if they want to conduct business, and consumer groups have made the elimination of these clauses a top priority.",Business,Sci/Tech
"Bipartisan Panel Seeks Greenhouse Gas Limits A bipartisan commission that includes energy industry executives, environmentalists and academics will issue a report Wednesday that calls on the nation to adopt mandatory limits on greenhouse gas emissions linked to global warming, set stricter fuel economy standards and promote nuclear power, renewable energy and oil exploration.",Business,Sci/Tech
Amazon Snaps Up China's Largest Web Retailer (NewsFactor) NewsFactor - Amazon.com (Nasdaq: AMZN) has said it will buy Joyo.com Limited -- a British Virgin Islands company that operates the largest Internet retail Web site in China -- for US #36;75 million.,Business,Sci/Tech
"Steep rise in Haiti storm deaths The number of deaths from floods in Haiti caused by tropical storm Jeanne has risen sharply to 1,970, with 884 still missing, officials say.",World,Sci/Tech
"BASS moving headquarters to Florida The Bass Anglers Sportsman Society is moving its headquarters to Central Florida. The bass fishing organization, based in Montgomery since its inception in 1967, announced Monday",Business,World
"Australia 362-7 v India, third test - close (Reuters) Reuters - Australia were 362 for seven wickets at the close of play on the first day of their third cricket test against India on Tuesday.",World,Sports
"PM welcomes EU partnership Prime Minister Manmohan Singh arrived in the Hague last night to participate in the India-European summit. quot;In recognition of Indias growing stature and influence, the EU has proposed a strategic partnership with India.",Business,World
"Ace's wicked run leaves us wanting more Seven years of Pedro. Went by quickly, huh? Seven years, the best of which may very well have been the best pitching ever done in a Boston uniform. Seven years of feistiness. Seven years of blazing fastballs. Seven years of spellbinding changeups. Seven years of pitching inside, sometimes waaaaay inside. Seven years of double-digit strikeouts. Seven years of sheer virtuosity. ...",Sports,Sci/Tech
Amvescap reorganizes after settling The chairman of Amvescap said Wednesday that the company planned to wrap its US mutual fund businesses into one following a \$450 million settlement with regulators over improper trading.,Business,Sci/Tech
"Intel in new chip breakthrough Intel creates a more powerful memory chip without increasing its size, confounding the firm's critics.",Business,Sci/Tech
"Launcher eyes shuttle succession Boeing's huge Delta 4-Heavy rocket, set for lift-off on Saturday, may play a role in life after the space shuttle.",Sci/Tech,Sports
"USOC letter to FIG I write in response to your letter of August 26, 2004, which you asked the United States Olympic Committee to forward to Olympic gold medalist Paul Hamm of the United States of America.",Sports,Sci/Tech
"ADV: Try Currency Trading Risk-Free 30 Days 24-hour commission-free trading, 100-to-1 leverage of your capital, and Dealbook Fx 2 - our free advanced trading software. Sign up for our free 30-day trial and receive one-on-one training.",Business,Sci/Tech
Northwest fee increase has agents crying foul The airline said it will begin paying only \$5 of the \$12.50 cost of booking a Northwest ticket through a global distribution system such as Sabre or Galileo starting Wednesday.,Business,Sci/Tech
"Where have all the people gone? While media and political attention is on the threat of outsourcing, the reality is that outsourcing is a sideshow in a much larger event.",Business,Sci/Tech
"Health Highlights: Aug. 28, 2004 A new drug that fights a form of age-related macular degeneration (AMD), a leading cause of blindness in the elderly, won applause if not approval from a panel of advisors to the US Food and Drug Administration.",Business,Sci/Tech
"Spread of GM grass raises fears of crossbreeding Pollen from a genetically modified grass was found 21 kilometres from where it was planted, scientists reported in a study published Tuesday, raising fears of transgenic crossbreeding.",Business,Sci/Tech
"Chirac Sees Opportunity in China's Economic Surge BEIJING (Reuters) - French President Jacques Chirac declared Saturday that France was a natural trade partner to China and, amid a flurry of air, rail and energy deals, played down any threat from one the world's fastest growing economies.",World,Business
"LIFFE ratchets up price war with Merc Derivatives exchange LIFFE turned up the heat on rival Chicago Mercantile Exchange on Tuesday by ratcheting up its fee incentive program for some US traders in a bid improve volume in its Eurodollar contract, the CME #39;s flagship offering.",Business,Sci/Tech
"Barents Sea Under Threat from Fishing, Oil (Reuters) Reuters - The Arctic Barents Sea is\under threat from overfishing, oil and gas exploration and\Soviet-era radioactive waste, the U.N. Environment Program said\on Tuesday.",Sci/Tech,Business
"VeriSign #39;s Antitrust Claim Against ICANN Dismissed quot;VeriSign #39;s contentions are deficient, quot; Judge Howard Matz wrote in the 16-page decision setting aside the antitrust claims against ICANN.",Sci/Tech,World
"Clicking on Profits The latest data from the US Department of Commerce further bolsters what we have all suspected: E-commerce sales are increasing. Not only might one suspect that consumer confidence has been bolstered since last year, there ...",Business,Sci/Tech
"Ontario gets harsh with school dropouts HUNTSVILLE, ONT. - The Ontario government plans to introduce legislation that will require students to stay in school until they reach the age of 18, said the province?",Business,Sci/Tech
"Virgin Mobile growth prospects disappoint Richard Branson #39;s Virgin Mobile has forecast substantially higher earnings and margins, but disappointing predictions for service revenue",Business,Sci/Tech
"Big Television Remember Neo #39;s dilemma in The Matrix? Morpheus offers him two views of reality, extending a blue pill in his left hand and a red one in his right.",Sci/Tech,Sports
Pakistan down India to ensure top six finish (AFP) AFP - Pakistan defeated arch-rivals India 3-0 here to ensure they stand among the top six in the Olympic men's field hockey competition.,World,Sports
Clarke takes charge of Blunkett's Fear Agenda Analysis Horizontal drinkers rejoice,Sci/Tech,World
"Colts Lead Pats Early in Third Quarter FOXBORO, Mass. - Peyton Manning reached the 25,000-yard passing mark faster than anyone but Dan Marino, and the Indianapolis Colts shredded the New England Patriots for a 17-13 halftime lead Thursday night...",World,Sports
"Coors' Donation to Own Campaign Draws Ire (AP) AP - A #36;500,000 donation by Republican beer baron Pete Coors to his own Senate campaign has triggered a new federal law that eases fund-raising restrictions for his Democratic opponent.",World,Sci/Tech
"Prototype copter-cam: Here, there, everywhere It can only remain aloft for three minutes but weighs less than an empty soft drink can -- and it can take and transmit pictures in flight.",Sci/Tech,Sports
Stargazers Enjoy Total Lunar Eclipse (AP) AP - The Earth's last total lunar eclipse for nearly two and a half years didn't disappoint.,Sci/Tech,Sports
Everyone wants a piece of Orton Every sports collectible dealer knows the key to profit is getting in early. And the hounds are suddenly on the scent of Kyle Orton.,Sports,Sci/Tech
"Heathrow refuellers to push ahead with strike plans Aircraft refuellers at Heathrow Airport have vowed to push ahead with strike plans this weekend, potentially disrupting flights, after last-ditch pay talks collapsed, their union says.",Business,World
"Google targets software giant SEATTLE -- Not too long ago, Google Inc. seemed little more than a pesky insect to Microsoft Corp.'s 800-pound gorilla.",Business,Sci/Tech
"Hurricane center #39;s projection on Charley not far off, data show FORT LAUDERDALE, Fla. - (KRT) - Despite criticism that it should have better anticipated Hurricane Charley #39;s rapid intensification and quick turn, the National Hurricane Center #39;s forecast wasn #39;t that far off, a preliminary post-mortem shows.",Sci/Tech,World
"The Discreet Charm of the Very Bourgeois Toy Store? F.A.O. Schwarz may be shuttered and dark, but its catalog is somersaulting back in the direction of well-heeled children and the adults who indulge them.",Business,Sci/Tech
Jennings in charge CAPE TOWN - Ray Jennings was appointed as the interim coach of South Africa #39;s national cricket side yesterday afternoon following the resignation earlier of the under-fire Eric Simons.,Sports,World
"SBC links e-mail, voice messages, fax SBC on Monday announced a new service that integrates voice messages, faxes and e-mails into a single mailbox that can be accessed from anywhere by phone or the Internet.",Business,Sci/Tech
"Typhoon Tokage Claims 25 Lives; 43 Missing, NHK TV Reports Twenty-five people were confirmed dead and 43 missing as of 5 am after typhoon Tokage passed through Japan, NHK television said on its Web site.",World,Sci/Tech
Funds: What Makes a Fund a Winner? (Reuters) Reuters - (Clint Willis is a freelance writer who covers mutual funds\for Reuters. Any opinions in the column are solely those of Mr.\Willis.),Business,Sci/Tech
"Rogers Wireless Whistles and Fido Responds Its official. Microcell Telecommunications Fido wireless service will be the new dog in Rogers Wireless Communications Canadian kennel, and that puppy wasnt cheap.",Business,Sci/Tech
"Dark arts of spin evident in phoney war for Abbey THE phoney war over the fate of Abbey grinds on. Along the way, on all sides, it is producing its predictable crop of knowing winks and destabilising nudges.",Business,Sci/Tech
"Classmates agrees to \$100M buyout United Online Inc., a California-based provider of low-cost Internet subscription services, has agreed to buy Internet networking company Classmates Online Inc.",Business,Sci/Tech
"World's oldest man dies aged 113 The world's oldest man, who gave up driving at 108 because ""slow drivers annoyed him"", dies at 113.",World,Sci/Tech
TSA #39;pat-downs #39; cross the line for some fliers Millions of holiday travelers nationwide are experiencing an all-too-intimate form of security screening that some say amounts to sexual groping - a quot;pat-down quot; by government officials.,Business,World
Cricket: NZ suffer Franklin blow New Zealand bowler James Franklin misses the first Test against Australia with injury.,World,Sports
"Sony Leads MGM Acquisition Entertainment companies had been vying for MGM to get their hands on its library of more than 4,000 titles. Time Warner initially was seen as the front-runner in the race.",Business,World
"Microsoft Profit, Revenue Rises SEATTLE (Reuters) - Microsoft Corp. MSFT.O, the world's largest software maker, on Thursday said its first quarter profit climbed as personal computer sales and business demand fueled higher sales.",Business,Sci/Tech
"Intel doubles cash dividend MANHASSET, NY - Intel Corp. (Santa Clara, Calif.) has taken some lumps this year due to weakening market conditions and several strategic errors, but the semiconductor supplier remains loyal to its shareholders.",Business,Sci/Tech
"Russia May Ratify Kyoto Protocol in Oct. -- Minister (Reuters) Reuters - The Russian government expects\parliament to ratify the Kyoto Protocol this month in a move\allowing the long-delayed climate change treaty to come into\force worldwide, a senior minister said Monday.",Sci/Tech,World
"Genesis Set for Return to Earth Meteors are unpredictable. You never know, not exactly, when one will streak across the sky. Not so on Wednesday, September 8th. At precisely 8:52:46 a.m. Pacific Daylight Time (PDT), northwest of Bend, Oregon, a fireball will appear: a white-hot dot of light, brighter than the planet Venus, gliding across the blue morning sky.",Sci/Tech,Sports
"DATA VIEW: Singapore Aug Indus Output Below Expectations SINGAPORE (Dow Jones)--Singapore #39;s industrial output rose a smaller-than-expected 5.3 on year in August, as the production of pharmaceuticals fell sharply from a high base a year ago.",Business,Sci/Tech
Tennis: Night final for Aus Open The centenary Australian Open will be the first Grand Slam event to stage its final at night.,World,Sports
"Dems, GOP: Who's Got the Brains? Well, both do, actually. But there are some discernible differences in brain activity which may just explain why a Democrat sees the world one way, and a Republican sees it another.",Sci/Tech,World
"Cambodia passes succession law Cambodia approves a law to choose a new monarch, after King Sihanouk's abdication announcement.",World,Sci/Tech
"New Siebel Chief Outlines Chapter 2 For CRM Vendor After 10 years of focusing on product development and delivery, CEO Michael Lawrie says Siebel had to recognize that technology is only one part of the CRM equation.",Business,Sci/Tech
Jury calls WTC attack two events Silverstein had hoped the 11-member jury would determine that the language of the insurance policy treated the attacks as two occurrences.,Business,World
White Sox Edge Phillies Joe Borchard wows the crowd with the longest homer in the 14-year history of U.S. Cellular Field as the White Sox edge the Phillies 9-8.,Sports,Sci/Tech
"Legendary double for El Guerrouj In a historic 5,000-meter race, Hicham El Guerrouj of Morocco, who won gold at 1,500 meters last week, outkicked Kenenisa Bekele of Ethiopia in",Sports,World
"British Terror Suspects Make First Court Appearance LONDON (Reuters) - British terror suspects charged in a plot linked to security alerts at financial targets in New York, New Jersey and Washington made their first court appearance Wednesday inside a high security prison.",World,Business
Amazon #39;s UK DVD Rentals Might Presage War with Netflix Analysts said Amazon #39;s launch of the DVD rental service in the UK might be to test its approach and streamline the logistically difficult process of handling DVDs through the mail.,Business,Sci/Tech
"Honeywell sues Apple, 33 others over LCD patent Honeywell on Wednesday announced that it has filed suit against Apple and 33 other companies for alleged patent infringement over a technology that quot;increases the brightness of images and that reduces the appearance of certain interference effects on a",Sci/Tech,Business
"Italian PM #39;s transplant confirmed After days of speculation sparked by the white bandanna worn by Mr Berlusconi on holiday in Sardinia, Piero Rosati said the results of the operation would show in a couple of months.",World,Business
"Producer Price Surge Fuels Inflation Fears Producer prices surged 1.7 percent in October, their sharpest monthly increase in nearly 15 years.",World,Sci/Tech
Not exactly an idiotic idea This should give pause to anyone who thought the Red Sox might be interested in toning down their image as idiots: They've made a serious contract offer to David Wells.,Sports,World
"Emi profits fall but online music market improving LONDON: EMI, the world #39;s third-largest music group, reported a drop in first-half profits on Friday but said the beleaguered industry was rebounding as online music sales start to take off.",Business,Sci/Tech
A Card to Your Future 401(k) credit card would give millions of American workers the chance to borrow their own money from their retirement savings plans.,Business,Sci/Tech
"WordsWorth Books files Chapter 11 WordsWorth Books, a Harvard Square institution for 29 years, yesterday filed for bankruptcy protection, as its owners seek a buyer or investor to help the independent bookseller compete with giant rivals like Amazon.com.",Business,Sci/Tech
Analysts See Post-Stern Ripple Effect Howard Stern will leave a very different company than the Infinity Broadcasting he first joined in 1985. The Viacom-owned radio giant started out a,Business,Sports
"Microsoft open new software development unit in India (AFP) AFP - Microsoft said it will join with India's second-largest software firm, Infosys Technologies, to provide software and consulting to manufacturing, banking and automobile companies.",World,Sci/Tech
"Samsung looks to top 100m unit sales next year (FT.com) FT.com - Samsung Electronics, the world's second-largest mobile phone maker, expects its handset sales to rise 16 per cent next year to more than 100m units.",Sci/Tech,Business
"Trading blows When a can of worms is opened, all manner of slimy things crawl out. So it was when the US government fired the first shots in a fusillade against the European Union - by complaining to the World Trade Organisation",Business,World
GOP to Sue Over 573 Found Wash. Ballots (AP) AP - Republicans prepared a lawsuit Thursday to try to prevent King County from including 573 newly discovered ballots in a hand recount that could erase their gubernatorial candidate's razor-thin margin of victory.,World,Sci/Tech
Hall of Shame Hall of Fame We spotlight people and products that pester us...and the heroes saving us from annoyances.,Sci/Tech,Business
"Women, and the future of IT Interview Professor Wendy Hall talks to The Reg",Sci/Tech,World
Villeneuve and Sauber With Jacques Villeneuve testing for Renault today at Silverstone there has been the perhaps inevitable speculation that this could change things for next season when Giancarlo Fisichella is due to join Fernando Alonso at Renault F1.,Sports,Business
Halo 2 scores record sales of \$125 million in first 24 hours Halo 2 broke entertainment retail records in its first 24 hours. Microsoft Game Studios said that the video game sold through 2.4 million stores in the US and Canada raking in \$125 million in sales.,Business,Sci/Tech
"DreamWorks Officer Quits DreamWorks SKG, the studio that created the quot;Shrek #39; #39; films, said yesterday that Helene Hahn would step down as chief operating officer.",Business,Sci/Tech
"Venus and Jupiter witnessed in dawn rendezvous WITH no planets on view, and with large areas of the southern sky devoid of bright stars, the evening sky at our star map times may not be the most exciting of the year.",Sci/Tech,Sports
"Start-ups are discovering they might have to wait until the timing is right Is the market for initial public offerings open or closed? Few questions loom larger for venture capital firms, which risk money on entrepreneurial companies and look for ''liquidity events quot; that will help them recoup their investments. But more than at any other time in the recent past, the answer may depend on your vantage point.",Business,Sci/Tech
"New York Unveils Last, Best Bid to Gain the Olympics in 2012 Leaders of the NYC2012 committee highlighted New York's advantages in multiculturalism, money and media power.",Sports,Business
"United seeking further cuts, ditching pension for 401(k) CHICAGO - United Airlines #39; workers are getting formal details on how the bankrupt company wants to replace their traditional pension with a 401(k)-style benefit plan - plus further steep reductions in pay and other benefits.",Business,Sci/Tech
"Another Oracle exec says company might lower offer price for ... WILMINGTON, Del. Another Oracle executive says the company could lower its offering price for rival PeopleSoft. During testimony this morning in Delaware, Oracle co-president Safra Catz said PeopleSoft #39;s declining",Business,Sci/Tech
Pitt to Interview at Least Three Coaches (AP) AP - Pittsburgh athletic director Jeff Long plans to interview at least three candidates to replace football coach Walt Harris.,Sports,World
"Google Shows It #39;s Only Human Shares of Google slipped after the search engine warned, for the second time in a week, that its fourth-quarter revenue growth rate is likely to slow from previous quarters.",Sci/Tech,Business
"Explosion in Jerusalem Caused by Accident -Police (Reuters) Reuters - A blast heard in central Jerusalem on\Thursday was caused by the apparently accidental explosion of a\gas canister inside a shop, police said.",World,Sports
"Oracle Fails to Inspire Tech Rally Oracle Corp. handed the software industry some positive earnings news after the bell on Tuesday, but investors pulled cash from the sector on concerns that information technology spending has become anemic.",Business,Sci/Tech
Transport strike hits Netherlands Public transport grinds to a halt in the Netherlands as workers strike against the government's planned welfare cuts.,Business,World
Executives dismissed in insurance inquiry ACE yesterday became the latest insurance company to announce changes in its business practices in response to the industry investigation launched by New York #39;s attorney general.,Business,Sci/Tech
"House passes bill to criminalize spyware fraud The House Thursday passed a bill that would criminalize the use of spyware to commit fraud or other crimes, adding an additional two to five years to federal sentences.",Sci/Tech,Business
Security scare as intruder dives in A CANADIAN husband #39;s love for his wife has led to a tightening of security at all Olympic venues in Athens.,Sports,World
"Hewlett-Packard buys Synstar Palo Alto-based Hewlett-Packard Co. has bought IT services company Synstar plc, of Bracknell, England for about \$293.3 million. Synstar has some 1,500 customers across Europe, selling IT support for various computer platforms.",Business,Sci/Tech
"Regulators Let Cingular Buy AT amp;T Wireless The \$41 billion merger between Cingular Wireless LLC and AT amp;T Wireless Services Inc. won approval from the Federal Communications Commission yesterday, according to federal sources close to",Sci/Tech,Business
"Cambodia #39;s king wants to abdicate Cambodian King Norodom Sihanouk has announced he is too ill to continue and has confirmed he plans to abdicate. Prince Ranariddh, the king #39;s son has traveled to Beijing, where",World,Sports
"Disgraced Greek Sprinters Drug Tested by WADA ATHENS (Reuters) - Greek sprinters Costas Kenteris and Katerina Thanou have been dope tested by doctors from the World Anti-Doping Agency, an official said Tuesday.",Sports,Sci/Tech
"Company Trademark Rights Limited by US High Court (Update1) The US Supreme Court limited the scope of federal trademark protection, saying rival companies in some cases can use proprietary terms even when customers might be confused.",Business,Sci/Tech
"Bush, Kerry Economic Budgets Exceed \$1T WASHINGTON - President Bush and Democratic Sen. John Kerry have starkly different economic priorities with a common thread: price tags exceeding \$1 trillion that could pump already huge deficits skyward over the next decade...",World,Business
"Amazon to Buy Chinese Retailer Joyo.com Internet retailer Amazon.com Inc. said on Thursday that it will buy Joyo.com Ltd., which runs some of China #39;s biggest retail Web sites, for about \$75 million to gain entry into China #39;s fast-growing market.",Sci/Tech,Business
"China move on textile exports gets cautious response The US and the European Union responded cautiously yesterday to China #39;s surprise undertaking to impose duties on some textile exports, a step it said was designed to ensure a quot;smooth",Business,World
Computer Associates to buy Netegrity Corporate computing software giant Computer Associates International Inc. said yesterday it will pay \$430 million in cash to acquire Waltham data security firm Netegrity Inc.,Business,Sci/Tech
"When Robots Rule the World Well, not the world maybe, but possibly your lawns and kitchens. The use of robots -- especially as domestic help -- is expected to increase sevenfold by 2007, according to the United Nations.",Sci/Tech,Sports
"AA takes soft option on cost cuts PENNY-PINCHING American Airlines is to remove the pillows from half its planes to save \$300,000 (163,000) a year. While the cost savings are small beer compared with the \$4bn a year American has slashed",Business,Sci/Tech
"Suspect Animal Tested for Mad Cow Disease WASHINGTON (Reuters) - Government scientists are chasing a possible new case of mad cow disease in the United States, with final results on a suspicious slaughtered animal expected in coming days, officials said on Thursday.",Business,Sci/Tech
"Games just don #39;t get much better than #39;San Andreas #39; This country has seen a massive upsurge in morality since Election Day, and nowhere is this more evident than in the commercial failure of the quot;Grand Theft Auto quot; games.",Sci/Tech,Sports
"FireFox Roars from the Gates Tuesday, November 9, 2004 will likely go down in the history books as the day the browser wars officially started. Obviously things happened before today to get us to the point where there was a real, legitimate",Sci/Tech,Sports
"SAN FRANCISCO Mission District cyclist blew whistle on flawed lock The triumph last week of the Bic pen over expensive, state-of-the-art steel locks has panicked the bicycling community, and churned Internet rumor mills about how much the lock manufacturer knew and when the company knew it.",Business,Sci/Tech
"Georgia Evolution Dispute Embarrasses Some Atlanta, Nov. 11 - First, Georgia #39;s education chief tried to take the word quot;evolution quot; out of the state #39;s science curriculum.",Sci/Tech,World
PeopleSoft sweetens employee compensation Business software maker PeopleSoft Friday said it was boosting compensation packages for all employees except its chief executive in a move that would raise the,Business,Sci/Tech
Japan Airlines Sees Profit on Int'l Travel (AP) AP - Japan Airlines Corp. said Friday that it returned to profitability in first half of the fiscal year as international travel picked up from a decline a year ago caused by the war in Iraq and the SARS outbreak in Asia.,World,Business
"PeopleSoft Plays Defense The business software maker inks a deal with IBM, but it isn't likely to dissuade Oracle.",Business,Sci/Tech
"Calif. OKs World's Toughest Smog Rules LOS ANGELES - California air regulators Friday unanimously approved the world's most stringent rules to reduce auto emissions that contribute to global warming - a move that could affect car and truck buyers from coast to coast. Under the regulations, the auto industry must cut exhaust from cars and light trucks by 25 percent and from larger trucks and sport utility vehicles by 18 percent...",World,Sci/Tech
HEAP OF TROUBLE FOR RAVENS The Baltimore Ravens could be without one of their main offensive weapons for up to a month. Ravens coach Brian Billick said on Monday that two-time Pro Bowl tight end Todd Heap could miss two to four weeks with a severely sprained right ankle.,Sports,Sci/Tech
"Mars water tops science honours The discovery that salty, acidic water once flowed across the surface of Mars has topped a list of the 10 key scientific advances of 2004.",World,Sci/Tech
"Parties Allowed to Contact Absentee Voters (AP) AP - Like fishing in a stocked pond instead of an ocean, politicians are trying to catch votes by targeting phone calls and fliers at voters who have already applied for absentee ballots.",World,Sci/Tech
REL asks quitting directors to rethink Mumbai: The board of Indian power utility Reliance Energy Ltd. told the Bombay exchange on Tuesday it had asked its six directors who resigned last week to reconsider their resignations.,Business,World
"A Distraction as a Deadline Approaches As the holidays approach, Christmas spirit is a bargain-hunting essential.",Sci/Tech,World
"Infiltration: Who knows better, Army or Patil? NEW DELHI: It appears another instance of the left hand not knowing what the right is doing. Barely hours after Shivraj Patil claimed in Srinagar that there was a drop in infiltration from across the border",World,Sci/Tech
Tennis: Davenport to play on Lindsay Davenport says she plans to play in the Australian Open next January.,World,Sports
Large number of station owners can now be paid The US Supreme Court agreed Tuesday to decide which gas station owners can claim refunds from Exxon Mobil Corp. in a \$1.1 billion class-action lawsuit involving alleged fuel overcharges.,Business,Sci/Tech
"Senate Panel Gives NASA Extra Money (AP) AP - NASA would get #36;16.4 billion next year under a bill a Senate committee approved Tuesday, reversing a decision by House lawmakers to cut the space agency's budget below this year's levels.",World,Sci/Tech
"Dropping Hyphen, Some Great Old Stores Become Just Macy #39;s n the not-so-distant past, the names Burdines, Rich #39;s, Goldsmith #39;s, Bon March and Lazarus had a local glory as the emporiums where customers bought their back-to-school clothes and discovered their Mother #39;s Day presents.",Business,Sports
"Cingular to upgrade wireless data network DECEMBER 01, 2004 (REUTERS) - Cingular Wireless LLC, the largest US wireless telephone company, said yesterday that it would upgrade its network next year to handle high-speed data transmissions.",Business,Sci/Tech
Cricket: Pakistan edge ahead Pakistan take a slim lead over Sri Lanka by the end of the day two in the first Test.,World,Sports
Ovitz Defends His Tenure Michael Ovitz said on Tuesday that Walt Disney Co. would have made a string of dazzling deals and shrewd strategic moves during his brief tenure as the company #39;s president,Business,World
Socially Responsible Funds on a Tear Don't be too impressed -- great returns don't always mean much.,Business,Sci/Tech
World Cup triumph means more money England #39;s first Rugby World Cup triumph a year ago generated profits of 13.5 million pounds (\$29.8 million Cdn) despite the loss of revenue from a lack of home games.,Sports,Sci/Tech
"Big Dig Tunnel Is Riddled With Leaks In a burgeoning political and engineering scandal, Boston #39;s gleaming new underground Interstate 93 highway is riddled with hundreds of leaks.",Business,Sci/Tech
"iPod Comparison Newsday #146;s Stephen Williams reports on seeing Sony #146;s NW-HD1 audio player in a store: #147; #145;How #146;s it compare to the iPod? #146; I asked a salesman. #145;Battery life is a lot longer, up to 30 hours, #146; he said. #145;The LCD readout is kind of dim, #146; I said. #146;Battery life is a lot longer, #146; he said. #145;I understand it can #146;t play MP3 files, #146; I said. #145;Battery life is a lot longer, #146; he said. #148; Aug 17",Sci/Tech,Sports
"Prediction Unit Helps Forecast Wildfires (AP) AP - It's barely dawn when Mike Fitzpatrick starts his shift with a blur of colorful maps, figures and endless charts, but already he knows what the day will bring. Lightning will strike in places he expects. Winds will pick up, moist places will dry and flames will roar.",Sci/Tech,Sports
Update 2: EDS Reports Third-Quarter Loss Electronic Data Systems Corp. finally settled a dispute with outside auditors and reported a third-quarter loss of \$153 million due to the write-down of a huge contract to build a computer network for the Navy.,Business,Sci/Tech
Deal has S2io champing at the gigabit OTTAWA -- A local firm that says it can help shrink backup times at large data centres is growing its business thanks to an alliance with Sun Microsystems Inc.,Business,Sci/Tech
Ali gives Iraq fighting chance The back of his shirt told the story last night at the Peristeri Olympic Boxing Hall.,Sports,World
Wal-Mart Anchors Windows Media Mall The world #39;s largest software company has teamed with the world #39;s largest retailer to help kick off the latest version of Windows Media Player.,Business,Sci/Tech
Experts dampen bird flu fears International health officials at an emergency meeting in Bangkok Monday said there is no evidence that bird flu has been passed from one human to another.,World,Business
"Florida weather may help Israeli citrus industry As sunshine state licks its wounds from Hurricane Frances, Gan Shmuel could reap the benefits. The most important news for Florida #39;s 2.8 million residents this week has not been from the Republican",Business,Sci/Tech
Thomson to Sell Media Group for #36;350 Mln (Reuters) Reuters - Thomson Corp. said on Friday it\will sell its media division to investment group Investcorp in\a #36;350 million cash deal that will tighten its focus on\electronic publishing.,Business,Sci/Tech
"Nextel, Sprint Talk Merger Nextel Communications Inc. and Sprint Corp. are negotiating a possible merger, according to a source familiar with the discussions.",Sci/Tech,Business
Pascual Rodriguez wins 18th stage of Vuelta race; Heras still ... Spaniard Javier Pascual Rodriguez inched ahead of Colombia #39;s Ivan Parra at the finish line to take the 18th stage of the Spanish Vuelta cycling tour Thursday.,Sports,World
Pakistan on back foot in four dayer (AFP) AFP - Pakistan was still struggling at lunch on the second day of their four-day tour match against Western Australia here despite claiming two wickets in the morning session.,World,Sports
Atlanta police arrest Braves player on DUI charge ATLANTA - An Atlanta Braves player is in the Atlanta Jail today after being arrested on a charge of driving under the influence. Members of the DUI Task Force arrested shortstop Rafael Furcal about 4:20 am,Sports,Sci/Tech
Report Card In The Black Coaches Association gave most of the 28 schools that filled head-coaching jobs in I-A and I-AA football last year above-average marks in its first Hiring Report Card.,Sports,Sci/Tech
US Hostage Apparently Beheaded (CBS/AP) A video posted on an Islamic Web site Monday shows the apparent beheading of a man identified in the tape as American construction contractor Eugene Armstrong.,World,Sci/Tech
"Hurricane Survivors Wait for Water, Gas PUNTA GORDA, Fla. - Urban rescue teams, insurance adjusters and National Guard troops scattered across Florida Monday to help victims of Hurricane Charley and deliver water and other supplies to thousands of people left homeless...",World,Sci/Tech
"Let a Thousand Ideas Flower: China Is a New Hotbed of Research In recent years, hundreds of multinational companies have set up research laboratories in China.",Business,Sci/Tech
"Ailton Weighs Rising Sun Offer Schalke 04 striker Ailton has revealed that he has a big bucks contract waiting for him in Japan. (My agent) put a concrete offer from Japan in front of me, quot; the reigning German Footballer of the Year told SportBild.",Sports,World
SUVs: Live And Let Die NEW YORK - The newly released traffic crash fatality data have something for everyone in the debate about the safety of sport utility vehicles.,Business,Sports
"Toy Safety Glance 398,000 Bumble Bee toys distributed by Graco Children #39;s Products. Graco received 26 reports of antennae breaking off the toys, including five reports of children who started to choke on the broken parts.",Business,Sports
"Karp team won't buy Fan Pier For the second time in less than two months, a prospective buyer of the prime Fan Pier land in South Boston has pulled out of a deal.",Business,World
"Israel to close Erez industrial zone before March Israel would start liquidating the Erez industrial zone in the northern Gaza Strip before launching the first stage of the disengagement plan in March 2005,local newspaper Ha #39;aretz reported on Tuesday.",Business,World
"Show lights up Paralympics The XII Paralympics begins in Athens, after a spectacular opening ceremony.",World,Sports
"NY School Bus Driver Fired Over Stem Cell Talk (Reuters) Reuters - A school bus driver who chatted about\stem cell research with her pupils was fired for inappropriate\behavior, a local newspaper said on Thursday.",Sci/Tech,World
"FaceTime, IMlogic Back Live Communications Server 2005 Hard on the heels of Microsoft announcing that it #39;s taken Live Communications Server 2005 gold, instant messaging management software vendors IMlogic and FaceTime on Tuesday both touted their support for the communication product.",Business,Sci/Tech
"Committee Recommends Abusive Clergy Ban (AP) AP - A committee overseeing a review of the child protection plan adopted by Roman Catholic bishops has recommended preserving a ban on church work for clerics who molest young people, according to a document the panel has sent to all U.S. bishops.",World,Sci/Tech
"Italian GP, Race Fernando spun out of third position while Jarno finished tenth in this afternoon's Italian Grand Prix",Sports,Sci/Tech
Sole Survivor Making sneakers in America is so yesterday. How can New Balance do it -- and still thrive?,Business,Sci/Tech
"Vodafone begins 3G service Vodafone launches its third-generation services for mobile phones, offering video calls, music downloads and games.",Business,Sci/Tech
"Aids warning over bushmeat trade Meat from African wild animals being sold illegally in the UK is spreading a virus similar to HIV, a leading scientist warns.",Sci/Tech,Business
"Promoting a Shared Vision As Michael Kaleko kept running into people who were getting older and having more vision problems, he realized he could do something about it.",Sci/Tech,Sports
"Stability Control Systems Can Save Lives (AP) AP - Stability control systems could save up to 7,000 lives each year if they were standard equipment on all vehicles, according to a study by the insurance industry.",World,Sci/Tech
"Supreme Court Asked To Hear File-Sharing Arguments The file-sharing legal battle has moved to the Supreme Court, with a group composed of labor unions, sports leagues and state attorneys general asking for a hearing on a claim brought",Sci/Tech,Business
"Serial HIV Assault Verdict Expected Mon. (AP) AP - A verdict will be announced Monday in the trial of a man charged with intentionally exposing 17 women to HIV, a county judge said.",Sci/Tech,World
"Earthquake shook Yunnan, China BAOSHAN, China - A strong earthquake shook southwest China. The epicenter of magnitude 5 quakes on the Richter scale was located in the province of Yunnan not far from the city of Baoshan.",World,Sci/Tech
Bid to create grocery giant METCASH stunned long-term suitor Foodland (FOA) yesterday with an audacious \$846 million takeover bid to create a supermarket heavyweight better able to compete with its bigger rivals.,Business,Sci/Tech
"Alltel buys Cingular properties, expands network Little Rock-based Alltel will expand its wireless phone service in Connecticut, Kentucky, Mississippi, Oklahoma and Texas in a \$170 million deal with Cingular Wireless.",Business,Sci/Tech
"First drug cases at Paralympics Athens - Two weightlifters from Azerbaidjan have been banned from competitions for life after testing positive for drugs, in the first two doping cases of the Athens Paralympics, officials said here on Wednesday.",Sports,World
"Ancient Skull Fragment Hints at Surgery (AP) AP - A skull fragment found in a 400-year-old trash pit at Jamestown contains evidence of the earliest known surgery #151; and autopsy #151; in the English colonies in America, researchers say.",Sci/Tech,World
"PeopleSofts big bash See you next year in Las Vegas , proclaimed a marquee at the PeopleSoft user conference in San Francisco in late September. It was one of many not-so-subtle attempts by the company to reassure its customers",Business,Sci/Tech
"US not involved in Afghan vigilante trial-official An Afghan court was following proper procedures in its trial of three US men accused of torture and kidnapping and the United States would exert no influence on next week #39;s verdict, a US official said on Tuesday.",World,Business
Rugby: Kiwis earn draw New Zealand hold Australia 16-16 in the first game of the 2004 Tri-Nations series.,World,Sports
"Jury Selection to Begin in Kobe Bryant Rape Trial EAGLE, Colo. (Reuters) - Jury selection begins in the Kobe Bryant rape case on Friday when hundreds of potential jurors fill out a questionnaire to help determine if they can sit in judgment in a trial involving race, sex and celebrity.",Sports,World
"Mining concern names outside managers SYDNEY Sons of Gwalia, the world #39;s leading supplier of tantalum, appointed outside managers on Monday after failing to reach agreement with creditors.",Business,Sci/Tech
Web-based kidney match raises ethics questions A Colorado man who placed a quot;transplant wanted quot; ad on a Massachusetts-based Internet site is expected today to receive a kidney donated by a total stranger who simply wanted to do quot;something big. quot; The transaction marks the first time an organ transplant has been brokered by a commercial web company.,Business,Sci/Tech
"A Pair of Dethroned Kings In the early 1980s, Sears and Kmart were American retail giants, with gobs of money, huge portfolios of real estate and loyal customer bases that should have made them fast-growing fulfillers of Americans #39; insatiable demand for more stuff.",Business,Sci/Tech
"EasyGroup close to launching low-cost mobile phone service (AFP) AFP - EasyGroup, the holding company of no-frills British airline easyJet, is close to striking a deal to launch a low-cost mobile telephone service in Britain, the Financial Times reported.",World,Sci/Tech
"International Space Station Crew Begins Preflight Exams MOSCOW (AP) -- The replacement crew for the International Space Station started two days of preflight exams Monday, part of final preparations to relieve the two-man Russian-American crew finishing a six-month mission. Russian cosmonaut Salizhan Sharipov and U.S...",Sci/Tech,Sports
"Small changes, big profits Staples Inc. hosted a daylong event last week for analysts who follow the company's stock, laying out plans to keep growing in the immediate future and beyond. Everyone went home smiling.",Business,Sci/Tech
"Times to Scrap Broadsheet Edition The Times is to scrap its broadsheet edition and go tabloid from Monday, it was confirmed today. The decision was made after a trial run of the compact edition proved a success, said editor Robert Thomson.",Sports,Business
"Calif. Voters Back #36;3 Billion Stem Cell Measure (Reuters) Reuters - A controversial California ballot\measure that would fund a decade of stem cell research with #36;3\billion in state money was headed for a resounding victory on\Wednesday, initial returns showed.",Sci/Tech,Sports
"Florida, Alabama pick up the pieces after Ivan People in Florida and Alabama have started to clean up after hurricane Ivan - the third such pummelling for Florida alone in just five weeks.",Business,Sports
"Sara Lee 1st-Quarter Net Rises on Fee (Reuters) Reuters - Sara Lee Corp. on Tuesday\posted a 53 percent increase in quarterly profit, as a fee\related to the 1999 sale of a tobacco business helped offset\higher costs for meat and cotton.",Business,Sci/Tech
"Ispat, LNM, ISG merge to form world's largest steelmaker (AFP) AFP - Dutch steel groups Ispat International and LNM Holdings, both run by Indian businessman Lakshmi Mittal, said they had agreed to merge with US International Steel Group to form the world's largest steelmaker.",World,Business
"Calif. Mental Health Services May Expand (AP) AP - As pressures increase on California's mental health system, its workers and advocates say they are forced to do more with a supply of money that seems to shrink each year.",World,Sci/Tech
Retailers Looking to Move Plasma TV's (AP) AP - Hanging stockings by the chimney with care? Retailers hope that St. Nicholas soon will be there #151; to hang a 42-inch plasma-screen TV.,Business,Sci/Tech
Cambodia plays active role in ASEAN Cambodia has been active and playing an increasingly important role in the Association of Southeast Asian Nations (ASEAN) and regional affairs politically and economically,World,Sports
Ukraine Challenger Predicts Mass Cheating in Vote (Reuters) Reuters - Liberal challenger Viktor Yushchenko\predicted on Friday that Ukrainian authorities would resort to\mass fraud to ensure victory for the establishment candidate in\an increasingly tense weekend presidential poll.,World,Sci/Tech
"ICC probe clears Zimbabwe of racism in cricket LAHORE, Pakistan (AFP) - The International Cricket Council said yesterday a probe had found no evidence of racism in Zimbabwe cricket and that the Test status of the country #39;s team was never in question.",Sports,World
"DATA VIEW: HK Exports Slow In July, But Momentum Intact HONG KONG (Dow Jones)--Hong Kong #39;s export expansion slowed a touch in July, as expected, but still continued at double-digit rates thanks to high trade volume with mainland China.",Business,Sci/Tech
Gunners step up gear to top table ARSENAL pulled clear at the top of the English Premiership for the first time this season after producing a devastating change of gear to sink London rivals Fulham 3-0 at Craven Cottage.,Sports,Sci/Tech
Infineon to Pay a Fine in the Fixing Of Chip Prices Federal prosecutors announced on Wednesday that they had cracked a global cartel that had illegally fixed prices of memory chips in personal computers and servers for,Business,Sci/Tech
"Large Gambian Rats Worry Fla. Officials (AP) AP - The Florida Keys, already dealing with invasive exotics from melaleuca to iguanas, have added another to the list of unwanted newcomers: the African Gambian pouch rat.",Sci/Tech,Sports
#39;Star Trek #39; spaceship enters the gateway to the Moon A EUROPEAN spacecraft powered by a Star Trek-style thruster has flown through a lunar gateway that puts it on course to reach the Moon on Monday.,Sci/Tech,Sports
"Human Activity to Blame For 2003 Heatwave A previous study at the Hadley Centre for Climate Prediction and Research at the Met Office, demonstrated that large-scale global warming is not a result of urban development.",Sci/Tech,Sports
"Scientists Stumped by Dead Croakers (AP) AP - Thousands of croakers have washed ashore at beaches along the Atlantic coast in recent days, the latest mass deaths of the popular sport fish.",Sci/Tech,World
"EU increases pressure for rights in Myanmar EU foreign ministers agreed Monday to tighten sanctions against Myanmar if it does not improve its human rights record by Oct. 8, when an EU meeting with Asian countries starts in Vietnam.",Business,World
"Microsoft Readies Next Business IM Server A little over a year after introducing the first version of Office Live Communications Server, Microsoft says it plans to release the next version of its enterprise instant messaging software, in December.",Business,Sci/Tech
"Nissan comes apart without parts Tokyo - Japan #39;s Nissan Motor said on Thursday that the company may have to suspend some production next March in addition to already announced suspensions, due to parts shortages, resulting in a decline of about 6 billion (R339.8 million) in annual sales",Business,Sci/Tech
"Training is the Key to Defibrillator Success By DANIEL YEE ALPHARETTA, Ga. (AP) -- Because defibrillators are more affordable than ever, they are quickly becoming commonplace in schools, businesses and other public places such as airports...",Sci/Tech,Business
Inquiry Faults Commanders in Assaults on Cadets The Pentagon inspector general found the root cause of sexual assault at the Air Force Academy was its commanders' failure to acknowledge the problem's severity.,World,Sci/Tech
"Revenge of the Sith turning DS, PSP, GBA to the dark side Ubisoft and LucasArts are teaming up to bring the adaptation of the third Star Wars prequel to all portables; will be released alongside the game in Spring 2005.",Sci/Tech,Sports
"DreamWorks Moves Shrek 3 to 2007 DreamWorks announced today that it has decided to move its release of Shrek 3 from November 2006 to May, 2007. quot;We believe there are more than a half a dozen strong release windows available annually for our",Business,Sci/Tech
Two top Nokia executives resign HELSINKI: Nokia said the respected head of its networks unit had resigned and another top networks official left in the second major departure of top management in two weeks at the world #39;s largest mobile phone maker.,Business,Sci/Tech
FleetCenter to be reunion arena It has all the gossipy intrigue and social awkwardness of seating the still-respected ex-wife and the sexy new girlfriend at the same table for a family wedding.,Sports,Business
Football Association charges Bolton striker over spitting incident Bolton striker El-Hadji Diouf was cited for improper conduct by the Football Association on Monday after spitting in the face of an opponent.,Sports,World
"Bourses set for losses after Wall St falls (FT.com) FT.com - European equity markets were poised for opening losses on Thursday following a weak session on Wall Street overnight, while caution was likely ahead of results from Nokia, the leading mobile handset maker.",Sci/Tech,Business
"Loss-making Smart 'is not doomed' The head of Smart cars denies rumours that the loss-making firm may be sold, or even closed down, by parent group DaimlerChrysler.",Business,Sci/Tech
"Rehhagel runs into adoring Greeks in Germany Otto Rehhagel, the German who led Greece to an upset win at Euro 2004, is amazed how many adoring Greeks there are in every corner of the world and how hard it is to pay for anything when he meets the grateful fans.",Sports,World
"Will iTunes ever make a lot of money for Apple? On its latest earnings call (7/14/04), a question was asked about the profitability of iTunes, and management responded by stating that it made just a small profit.",Sci/Tech,Business
"Kobe talks, Malone walks There #39;s a new feud taking place in Lakerland this week, only this time the verbal war of words is between Newport Beach neighbors Karl Malone and Kobe Bryant and the exchanges are",Sports,World
"Another homicide in Holland It is a sad day. In what seems to be another politically inspired homicide in Holland, Dutch filmmaker, and controversial columnist Theo van Gogh was brutally murdered in the streets of Amsterdam this morning.",Sci/Tech,Sports
Workers from 4 SF hotels go on strike Hotel workers at four San Francisco hotels have commenced a two-week strike this morning after working without a union contract for more than six weeks.,Business,World
"Ramaala's First Marathon Victory Is a Tale of the Tape South Africa's Hendrik Ramaala, who had never finished higher than fifth in a major marathon, won the New York City Marathon in 2 hours 9 minutes 28 seconds.",Sports,World
"Coding Viruses for the Mind If as some have suggested religions are viruses of the mind, then it might make sense to separate the components of any given religion into two parts. The first part being those things which are necessary to maintain viral infection and which assist in the infection of new hosts. The second part is the payload: Those instructions which the virus writer wishes those who have been infected to carry out or execute. My hope is that this method of analysis will assist others in understanding the structure of existing religions as well as those who aim to write one from scratch",Sci/Tech,World
"Pittsburgh: Where the Unbeaten Go to Die The body blows came in staccato fashion, from the arm of a rookie quarterback and the legs of an old pro. Ben Roethlisberger would give the ball to Jerome Bettis, and Bettis",Sports,Sci/Tech
"Fashionably late What do women want? Luciano Manganella, the owner of the trendy Boston women's boutique JasmineSola, has a pretty good idea. And now after 34 years in business, he's plotting a major expansion.",Business,Sports
"Fired Ecuador justices are barred from offices QUITO, Ecuador -- Ecuadorean police barred Supreme Court judges from returning to their offices yesterday after the judges tried to defy a decision by Congress to fire them for bias against President Lucio Gutierrez.",World,Business
"Oracle chairman says can close gap with SAP - report Oracle Corp can close the gap with SAP, the world #39;s biggest software company, after buying US rival PeopleSoft, Oracle #39;s Chairman Jeff Henley said in an interview published on Wednesday.",Business,Sci/Tech
Malaysia expects to resume poultry exports to Singapore soon By Channel NewsAsia #39;s Malaysia Correspondent Melissa Goh. KUALA LUMPUR : Malaysia expects to resume export of poultry and eggs from two states to Singapore by the end of this month but only after meeting conditions set by the island.,World,Sci/Tech
"Hamm not looking back Controversial Olympic gold medalist Paul Hamm is back in the United States and ready to move on. Hamm, in Worcester for the Rock amp; Roll",Sports,Business
"Japan to Deport Ex-Chess Champion Bobby Fischer (Reuters) Reuters - Japan issued a deportation order on\Tuesday against former world chess champion Bobby Fischer, who\is wanted in the United States for defying sanctions on\Yugoslavia, an immigration official said.",World,Sports
"It may be end of line for narrow track Hurricane forecasters debate the usefulness of the quot;skinny line quot; in tracking maps, and look at more accurate alternatives.",Business,Sci/Tech
"Arthritis drug withdrawn after trial A prescription painkiller used by more than 250,000 Australians to treat arthritis has been withdrawn from sale after a clinical trial found it doubled the risk of heart attack and stroke.",Business,World
It #39;s Time for Tech Firms to Bet on Growth Industry leaders have been offering too few innovations and too many marginal upgradesat not-so-marginal prices. There #39;s a joke going around that our lives have become so boring that we #39;ve taken up watching people play cards on TV.,Sci/Tech,Business
"Bienvenue, Carrefour Lesser-known French retailer turns in a strong first half. Investors, take notice.",Business,World
"Ex-WorldCom CEO Wants Witness Immunity (Reuters) Reuters - Lawyers for former WorldCom Chief\Executive Bernard Ebbers are seeking immunity for two witnesses\who they believe could clear their client of fraud charges\related to the company's #36;11 billion accounting scandal,\according to court papers filed on Wednesday.",Business,Sci/Tech
"In Indonesia, Businesses Hopeful After Election After suffering through two shambling administrations, Indonesia appears to have a new president who many of its business leaders say they believe will uproot corruption and revive investment.",World,Business
"Cape Town F1 bid And they plan to build a multi-million-dollar race track here for the event, an official said today. quot;The plans for the bid are far advanced.",Sports,Business
"Cingular to Cut About 7,000 Jobs (Reuters) Reuters - Cingular Wireless will cut about 7,000\jobs, or 10 percent of its work force, to cut costs as it\integrates recently purchased AT T Wireless, the company said\on Tuesday.",Sci/Tech,Business
"Haitian storm survivors give thanks Amid the destruction from Tropical Storm Jeanne, Haitians have prayed for the 1,500 dead and given thanks that their lives were spared at services on Sunday.",World,Sports
"EU Clears Flextronics Purchase of Units (AP) AP - European Union regulators Friday cleared Singapore's Flextronics International Ltd., the world's largest contract electronics manufacturer, to acquire factories from Canada's Nortel Networks Corp.",World,Sci/Tech
Four former El Paso natural gas traders charged HOUSTON Four former El Paso Corporation natural gas traders have been charged with making false reports used to calculate the index price of natural gas.,Business,Sci/Tech
"Red Hat replaces CFO Red Hat on Thursday named Charles Peters Jr. as executive vice president and chief financial officer. Peters replaces Kevin Thompson, who unexpectedly announced his resignation in June, a few days before the",Business,World
"China's inflation rate slows sharply but problems remain (AFP) AFP - China's inflation rate eased sharply in October as government efforts to cool the economy began to really bite, with food prices, one of the main culprits, showing some signs of slowing, official data showed.",World,Business
Employees from 10 hotels locked out The San Francisco Multi-Employer Group announced this morning that it has locked out UNITE HERE Local 2 employees from 10 hotels and staffed the vacated positions with replacement workers.,Business,Sci/Tech
"PalmOne Treo 650 Arrives The PalmOne Treo 650 Smartphone with high-resolution screen, Bluetooth, swappable battery and extended multimedia capabilities was officially announced today.",Sci/Tech,Sports
"Cricket swings to Calypso once again From the time you touch down in the British Isles, you get an overwhelming sense of grey. The skies are almost always leaden, the clothes people wear are generally either black or neutral shades guaranteed",Sports,Sci/Tech
"Colin Jackson: Hard lessons learnt in the human laboratory Yesterday #39;s Olympics treated us to the two extremes of athletics, the endurance race which tests the body to its limits, and the heavyweight showdown, the sprint, which is in the mind.",Sports,World
ROCASTLE OFFERS SUPPORT TO NOVO Hibernian midfielder Craig Rocastle has promised to back Rangers striker Nacho Novo if he decides to appeal against the red card he picked up at Easter Road.,Sports,Sci/Tech
"Cingular to Reduce Work Force by Roughly 10 Percent, CEO Says Cingular Wireless LLC, the nation's largest cell phone company, will cut about 10 percent of its 68,000 jobs over the next 12 to 18 months as it combines operations with the recently acquired AT T Wireless, Cingular's chief executive said Tuesday.",Sci/Tech,Business
A Deal That's Creating Plenty of Buzz About the Mets The prospect of Pedro Martnez going to Queens is potentially the best news in years for the Mets. They have now won a public relations battle with the Yankees.,Sports,World
"Danish fan falls to his death in Copenhagen stadium A 24-year-old Danish football fan died after falling from the top tier of the stands at FC Copenhagen #39;s Parken Stadium during a weekend match against Viborg, news agency Ritzau said.",Sports,World
"Cisco Systems 1st-Quarter Earnings Rise (Reuters) Reuters - Cisco Systems Inc., the biggest maker\of equipment that directs data over the Internet, on Tuesday\said quarterly earnings rose 29 percent on rising demand for\its networking gear.",Business,Sci/Tech
"Netflix, TiVo sign VoD alliance Netflix, the online DVD rental company, and TiVo yesterday said they will work together to deliver movies digitally down the wires, presumably specifically to the latter #39;s PVR equipment.",Business,Sci/Tech
"UPDATE 1-BMW, Honda drop challenge to F1 rules Carmakers BMW and Honda have dropped plans to challenge Formula One #39;s governing body over engine rules for 2006 after deciding that legal action would be bad for motor racing.",Sports,Business
Coke opens its coolers to rival products Coca Cola is to allow other companies #39; products in its shop coolers for the first time. It has agreed the move in a deal with the European Commission to settle a five year competition case.,Business,Sci/Tech
"Lego, Carrefour in French Price-Fix Probe (AP) AP - French competition authorities are investigating Danish toy maker Lego Systems AS and supermarket retailer Carrefour SA as part of a probe into alleged price fixing in the French toy market in 2002 and early 2003.",Business,World
UPDATE 3-Clarke cracks debut 151 as India collapse Michael Clarke hit a sparkling 151 on his debut and a revitalised Glenn McGrath then ripped the heart out of India #39;s batting as Australia took command of the first test on Thursday.,Sports,World
Stanley set sights on Elland Road for casino Stanley Leisure plc has announced a Stanley Casinos Limited plan to develop a casino complex on land adjacent to Leeds United #39;s Elland Road stadium.,Business,Sci/Tech
White House Shifts Its Focus on Climate The administration issued a report indicating that emissions of carbon dioxide and other heat-trapping gases were the only likely explanation for global warming.,Sci/Tech,Business
"Intel planning Centrino-like brand for desktops Intel is preparing a marketing strategy that will brand desktop PCs with a similar label that made its Centrino notebook technology a household name, according to sources familiar with the company's plans.",Business,Sci/Tech
"Khan urged to stay amateur British boxing sensation Amir Khan is being urged to shun a big-money move to the professional ranks, whether he wins or loses his shot at Olympic gold on Sunday.",Sports,Business
No ticket matched all four numbers and the MegaBall in Friday #39;s ... No ticket matched all four numbers and the MegaBall in Friday #39;s Mega Money drawing of the Florida Lottery. The numbers drawn were 10-18-19-22; the Megaball was 6. Twelve tickets matched four of the numbers,Business,Sports
Some Md. MDs Curtail Surgeries in Insurance Protest Physicians in a northwest Maryland county plan to halt non-emergency surgeries for at least two weeks to protest a 33 percent increase in malpractice insurance premiums.,Business,World
"FDA Orders Strong Antidepressant Warning Labels By DIEDTRA HENDERSON WASHINGTON (AP) -- The Food and Drug Administration on Friday ordered that all antidepressants carry ""black box"" warnings that they ""increase the risk of suicidal thinking and behavior"" in children who take them. Patients and their parents will be given medication guides that include the warning with each new prescription or refill...",Sci/Tech,Business
"Bucs decline option on reliever Boehringer Jose Mesa and Salomon Torres did most of their best work in tandem in 2004, so it is only fitting that they would come to terms on news deals with the Pittsburgh Pirates on the same day, too.",Sports,Sci/Tech
India launches rural aid project India launches a \$445m food-for-work programme aimed at tackling hunger in poor rural areas.,World,Sci/Tech
Nhl Players Still Express Solidarity The cracks that were appearing in the NHL Players #39; Association #39;s resolve in the last two weeks were apparently smoothed over during a meeting Tuesday in Toronto.,Sports,Sci/Tech
"Google puts desktop search privacy up front Google has announced a new desktop search application that enables users to search their e-mail, files, web history, and chats. Perhaps learning from previous mistakes, Google says it has designed the product quot;from the ground up to respect user privacy.",Business,Sci/Tech
"Strikes at London airports London - A 48-hour strike by aircraft refuellers at London Heathrow airport got under way on Friday, with baggage handlers at Gatwick airport also preparing to walk out, threatening a weekend of travel disruptions.",Business,World
Football: Azerbaijan 0-1 England Michael Owen heads England's winner in the World Cup qualifier against Azerbaijan.,World,Sports
"Study: Few Americans Buy Drugs Online NEW YORK - Only 4 percent of Americans have ever used the Internet to buy prescription drugs - and even fewer do so through foreign pharmacies - despite Web sites maintained by a handful of states to help citizens import medicines more cheaply from Canada, a new study finds. A majority - 62 percent - believe drugs bought online are less safe than those purchased from a local pharmacy, accepting the federal government's stated concerns in opposing drug imports, the Pew Internet and American Life Project said in a report Sunday...",World,Sci/Tech
"Oracle #39;s bid still facing hurdles PeopleSoft reiterated on Tuesday its opposition to a \$7.7 billion takeover offer from Oracle after the European Union approved the bid, removing the last regulatory hurdle to a deal.",Business,Sci/Tech
"Lenovo confirms acquisition talks CHINA #39;S largest manufacturer of personal computers Lenovo Group has confirmed it is in acquisition negotiations with a major information technology company, widely believed to be IBM.",Business,Sci/Tech
"Indian board plans own telecast of Australia series The Indian cricket board said on Wednesday it was making arrangements on its own to broadcast next month #39;s test series against Australia, which is under threat because of a raging TV rights dispute.",Sports,World
"US Supreme Court asked to rule on homosexuals' right to adopt children (AFP) AFP - The American Civil Liberties Union, the leading US civil rights group, petitioned the US Supreme Court to rule on the right of homosexuals to adopt children.",World,Business
Liberty rally to edge Shock Bethany Donaphin didn #39;t have time to think when she got the ball with the score tied and clock winding down in regulation. Donaphin hit a turnaround jumper with 0.5 of a second remaining to lift the host New,Sports,Sci/Tech
"Safety concerns stand in way of space tourism Thrill seekers are plunking down six figures to ride rockets not even been built yet, and a new airline called Virgin Galactic promises to be soaring in the next three years.",Sci/Tech,World
"Voters Flock to Register by Deadline In a glimpse of what the nation might see a month from now, people lined up at election offices and caused parking lot traffic jams as voter registration deadlines fell Monday in more than a dozen states. Many officials reported record numbers of new voters, some said they were overwhelmed, and allegations were already flying about fraud and the disqualification of some voters' applications...",World,Business
"Unisys to lay off 1,400 workers Unisys Corp. plans to cut 1,400 jobs, primarily in general and administrative areas, and consolidate its office space worldwide, it announced Wednesday. The cuts represent 3.8 percent of the company's staff of 37,000.",Sci/Tech,Business
Fan Death Family members of a college student killed by Boston police during a Red Sox celebration will wait for an internal investigation before deciding if they will sue the department.,Sports,World
Rumors Suggest Photo Ability To Be Added to iPod quot;Apple has invested heavily in technology to edit pictures. Not having a portable device to show them seemed an obvious oversight that would be corrected once the price of the displays,Business,Sci/Tech
"RESEARCH ALERT-First Albany ups SuperGen to quot;buy quot; on drug deal First Albany Capital on Wednesday raised SuperGen Inc. #39;s (SUPG.O: Quote, Profile, Research) stock rating to quot;buy quot; from quot;neutral, quot; following its cancer-drug deal with MGI Pharma Inc.",Business,Sci/Tech
"DreamWorks Animation IPO Set at 29M Shares Underwriters for DreamWorks Animation SKG Inc., producer of the blockbuster ""Shrek"" movies, Tuesday set the terms of the company's pending initial public offering at 29 million common shares, with an estimated price range of \$23 to \$25 a share.",Sci/Tech,Business
"Vote near, Saudis push to modernize RIYADH, Saudi Arabia -- Even as Saudi Arabia struggles internally with violent extremists and externally with its image as the country that produced most of the attackers of Sept. 11, 2001, the desert kingdom's rulers are moving on multiple fronts to modernize and moderate their nation.",World,Sci/Tech
"A Year of Charges, Reforms for Funds NEW YORK -- Just a year ago this week, New York Attorney General Eliot L. Spitzer shook the financial services industry -- and investor confidence -- by revealing that four big-name mutual fund companies had cut secret deals allowing a New Jersey hedge fund to profit from short-term trading at the expense of ordinary investors.",Business,Sci/Tech
"Still no beef resolution after latest talks NEW YORK, (Aug. 30, 2004) - Cattle farmers and haulers finally looking for a quick end to a 15-month ban on live cattle exports to the US are out of luck after Canadian Agriculture Minister Andy Mitchell",Business,Sports
"Gas prices up 5 cents after Hurricane Ivan CAMARILLO, Calif. - Gas prices jumped more than 5 cents a gallon in the past two weeks, largely because of supply problems related to Hurricane Ivan, an industry analyst said.",Sci/Tech,Business
"Men, Women More Different Than Thought CHICAGO - Beyond the tired cliches and sperm-and-egg basics taught in grade school science class, researchers are discovering that men and women are even more different than anyone realized. It turns out that major illnesses like heart disease and lung cancer are influenced by gender and that perhaps treatments for women ought to be slightly different from the approach used for men...",World,Business
"U.S. October Hiring at a Seven-Month Peak WASHINGTON (Reuters) - U.S. jobs were created at the heartiest pace in seven months during October, the government said on Friday, spurred by rebuilding in the hurricane-battered Southeast and brisk hiring in service industries.",Business,World
"Redskins Loss - Bad News for Bush, Great for Kerry The Washington Redskins lost their final home football game before the US presidential election on Sunday -- and that #39;s great news for Democratic Sen. John Kerry and bad news for President Bush.",Sports,World
"Toy Safety Report Released checking for them by hand before buying -- because children could choke on them, consumer advocates said in an annual warning on toy safety.",Business,World
"The Handbag? Total Knockoff. The Price Tag? All Too Real. It is as much a rite of the New York holiday season as sidewalk Santas or crowded Fifth Avenue sidewalks: the proliferation of hawkers selling counterfeit products like the fake Fendi handbag, the replica Rolex watch and the pirated DVD.",Business,Sci/Tech
"Bryant Prosecutors Say Some Data Tainted DENVER - Crucial DNA evidence tested by defense experts in the Kobe Bryant sexual assault case might have been contaminated, prosecutors said in a court filing released Wednesday, just two days before jury selection is to begin. Prosecutors said they had found contamination in DNA ""control"" samples intended to ensure testing was accurate...",World,Sports
Coalition asks US Congress to kill copyright bill WASHINGTON - A coalition of technology and advocacy groups on Friday asked the U.S. Senate to kill copyright legislation that might result in jail time for people who trade copyrighted files online.,Sci/Tech,Business
"Immunity in Ebbers Case Opposed in U.S. Filing NEW YORK, Sept. 29 -- Federal prosecutors told a judge in a filing late Tuesday night that they have evidence that former WorldCom Inc. chief executive Bernard J. Ebbers knew company officials had improperly tinkered with the telecommunications firm's accounting to boost its publicly reported profits.",Sci/Tech,Business
"Google Lowers Its IPO Price Range SAN JOSE, Calif. - In a sign that Google Inc.'s initial public offering isn't as popular as expected, the company lowered its estimated price range to between \$85 and \$95 per share, down from the earlier prediction of \$108 and \$135 per share...",World,Business
Job-Loss Panic Rises in Western Europe (AP) AP - Stephane Zervos first suspected his job was threatened when his bosses removed most of the heavy equipment from the car wheel factory where he'd worked for 24 years.,World,Sports
"Pricey Drug Trials Turn Up Few New Blockbusters The \$500 billion drug industry is stumbling badly in its core business of finding new medicines, while aggressively marketing existing drugs.",World,Sci/Tech
Smith setback for Windies West Indies have been forced to make a second change to their Champions Trophy squad because of injury. Dwayne Smith is suffering from a shoulder problem and has been replaced by Ryan Hinds.,Sports,World
"Stocks Close Higher on Brokerage Earnings NEW YORK - Stocks dashed higher Tuesday as investors welcomed strong earnings from financial services companies, upbeat economic data and some reassuring news from the Federal Reserve. The Fed's decision to raise short-term interest rates by another quarter-percentage point to 1.75 percent did not come as a surprise to the market...",World,Business
"New York's Spitzer Expects to Sue Universal Life (Reuters) Reuters - New York Attorney General Eliot\Spitzer, who is probing bid-rigging in the insurance industry,\expects to file suit against health insurance consultant\Universal Life Resources as early as Friday, a spokesman for\his office said.",Business,Sci/Tech
"Douglas, Fraser, and blue await you Jim McLeod has a great day job, but a seasonal sideline is his #39; #39;tree #39; #39; calling. Throughout the year, he #39;s president and owner of a software company called InfoCode Corp.",Business,Sci/Tech
Holiday-Shopping Season Remains Sluggish (Reuters) Reuters - U.S. shoppers have kept a tight grip\on their wallets this holiday season with indices on Tuesday\showing sluggish sales in the second week of the season.,Business,Sci/Tech
"Nintendo to Unveil Handheld Upgrade Facing its biggest threat ever from the arrival of Sony Corp. in the portable video-game machine market, Japanese game-maker Nintendo Co.",Business,Sci/Tech
"Africa condemned to major polio epidemic - U.N. (Reuters) Reuters - A major polio epidemic in West and Central Africa is inevitable in coming months, but the disease could be eradicated worldwide next year by mass immunisations, the World Health Organisation (WHO) said on Friday.",World,Business
Germans plan mass welfare rallies Nationwide protests are set to take place in Germany as cuts in unemployment benefit take effect.,Business,World
"FCC asks high court to rule on broadband (USATODAY.com) USATODAY.com - The federal government is challenging an appeals court ruling that, officials fear, would stifle the expansion of cable broadband services by burdening the providers with new regulations.",Sci/Tech,Business
Bush vows to cut deficit President Bush pledged yesterday to work with Congress to reduce the government #39;s huge budget deficit as a key step in assuring the world that his administration supports a strong dollar.,Business,World
"Storms Seem to Cure Floridians of Hurricane Amnesia The state #39;s East Coast hadn #39;t been hit by a hurricane since 1999. That, and the fact that Florida hasn #39;t had its historic share of such storms in recent decades, has led to some complacency about their effects.",Business,World
"Fannie Mae Didn't Comply With Accounting Rules, S.E.C. Says Fannie Mae, the biggest source of money for U.S. home mortgages, broke accounting rules for financial contracts designed to protect against swings in interests rates.",Business,Sci/Tech
"Longhorn announcements barely a blimp on IT radar While developers are naturally curious over tweaks to the Longhorn road map, many IT administrators barely take notice. Enterprise IT customers typically lag at least",Sci/Tech,Sports
"Thai minister says zoo #39;s illegal orangutans to be moved JAKARTA/BANGKOK (DPA): Thailand, under growing pressure to repatriate some 100 orangutans allegedly smuggled into the country from Indonesia, plans to shift the apes from a private zoo to a safe centre, probably in Chiang Mai, a minister said on Thursday.",Sci/Tech,World
"49ERS NOTEBOOK Fumbling holiday-party plans If you think you are having trouble with your holiday party, check out the 49ers. The 49ers planned to have theirs Friday at a hotel near where the team stays the night before games, but coaches and their",Sports,Sci/Tech
Fans put in position of deciding which team comes first Say you #39;re a Raiders fan and the Silver and Black are playing the Broncos in late December. You want Denver to hurt the hurt that only comes with having your hiney handed to you.,Sports,Sci/Tech
webcrawler: A9.com is cool NOW heres something else thats off the mind. Theres no more need to make mental or computer notes while searching the Internet.,Business,Sci/Tech
"Europe Must Adapt to U.S. View on Terror, NATO Chief Says The head of NATO said there was a critical ""perception gap"" between Europe and the U.S. on the subject of global terror.",World,Business
"Ramsey, Redskins Come Up A Little Short in First Start Patrick Ramsey can picture each long pass he threw during his first start this season. The five deep throws came on tight spirals that were only a tad off.",Sports,Sci/Tech
"Number of Kids on Antidepressants Drops Dramatically NEW YORK (AP) -- The number of children taking antidepressants has dropped dramatically since the Food and Drug Administration cautioned that the drugs can provoke suicidal behavior, according to a study. Pharmacy benefit manager Medco Health Solutions found that the number of children taking antidepressants fell 18 percent in the first quarter and an additional 5 percent in the second quarter...",Sci/Tech,World
"Virgin dips its toe into the Pacific SIR Richard Branson did not disappoint with his stunts yesterday, flying into Sydney to promote his international airline Virgin Atlantic.",Business,Sci/Tech
"CREDIT: Canadian Press, Reuters Gretzky, executive director of Team Canada, says each player should treat tonight #39;s World Cup of Hockey championship game against Finland as quot;one of the greatest nights of their life.",Sports,World
"Feds kick off digital TV consumer campaign WASHINGTON - It #39;s one of the biggest technical changes in television since color TV: the digital transition. And because many Americans remain in the dark about it, federal regulators began an education campaign Monday to enlighten them.",Business,Sci/Tech
"SICK KIDS VS. DISNEY IN #39;PETER PAN #39; DUSTUP It #39;s a story that would make Peter Pan glad that he never grew up. Walt Disney Co. is caught in a feud with a UK children #39;s hospital over the copyright to JM Barrie #39;s classic novel, quot;Peter Pan.",Business,World
"New drug extends multiple sclerosis options 25/11/2004 - The first in a completely new class of drug for multiple sclerosis has been approved in the US, opening up a new avenue of treatment for sufferers of the debilitating diseases and potential blockbuster revenues for developers Elan and Biogen",Business,Sci/Tech
"Kenyan Laureate Urges Rich Nations to Ratify Kyoto (Reuters) Reuters - Kenya's Nobel Peace Prize winner,\Wangari Maathai, on Monday urged wealthy nations to ratify the\Kyoto protocol on climate change to ease the burden of\pollution on poor countries.",Sci/Tech,World
"Ecuadorean Lawsuit Vs Texaco Boils Down to Science (Reuters) Reuters - After a decade\of court battles, lawyers on Wednesday took a lawsuit by\Ecuadorean Indians accusing U.S. oil firm ChevronTexaco Corp..\of polluting the Amazon jungle into the field.",Sci/Tech,Business
Police Remove Checkpoints Around Capitol (AP) AP - Police checkpoints that have surrounded the Capitol since last August were gone Thursday following a postelection decision by authorities to lower the threat level.,World,Sci/Tech
"Super Bowl Advertisers Still in the Game After Scandal NEW YORK (Reuters) - Advertisers may have been bitten once by an indecency scandal at the 2004 Super Bowl, but they are not shy about getting back into the game for the next U.S. football championship.",Sports,Sci/Tech
Bangkok animal trade talks open The rules controlling the trade in many at-risk wildlife species may change at a Bangkok meeting starting on Saturday. The 166 member states of the Convention on International Trade in Endangered Species of,World,Sci/Tech
"Audit finds no fraud in Venezuelan recall vote CARACAS : An audit of last Sunday #39;s recall vote in Venezuela, which favored keeping President Hugo Chavez in office, found no evidence of fraud, as the opposition had charged, electoral officials said.",Business,World
Refugees: Fate of Hundreds Unknown UN officials have been denied permission to check the safety of about 850 migrants deported to Libya from Italy since Friday. The Italian government is flying the migrants to Libya after hundreds landed on,World,Sci/Tech
"Attacks on Disney's Eisner Abate On Friday, the former Disney directors who led a shareholder rebellion aimed at the ouster of Disney's chief executive and other directors this year said they had dropped plans to run a slate of directors at next year's shareholders meeting.",Business,World
Is Mad Cow Disease Back? Reuters is reporting that the US Department of Agriculture (USDA) has a possible second case of mad cow disease in the United States.,Business,Sci/Tech
Stem Cells Emit Healing Molecules WASHINGTON (AP) -- Embryonic stem cells may not have to actually grow replacement body parts to be useful. New research suggests these cells also secrete healing molecules powerful enough to reverse a lethal birth defect in mice...,Sci/Tech,Sports
"Howard Stern: Serious business for Sirius Shock jock Howard Stern is jumping from radio broadcasting to satellite radio, promising to boost the ratings of the growing medium and bring his show to fans quot;my way.",Business,Sci/Tech
"Nobel Economics Prize Awarded Norwegian-born Finn Kydland and Edward Prescott of the United States won the 2004 Nobel\economics prize, the Royal Swedish Academy of Sciences said on Monday.",Business,Sci/Tech
"Pro tours: The stops the talk PGA Event: 84 Lumber Classic Site: Nemacolin Woodlands Resort amp; Spa, Mystic Rock Course (7,276 yards, par 72), Farmington, Pa. Schedule: Today-Sunday. Purse: \$4.2 million. Winner's share: \$756,000. Television: ESPN (today, 3:30-6 p.m.; tomorrow, 3:50-6; Saturday, 3:30-5:30; Sunday, 3-6). Last year: J.L. Lewis closed with a course-record 62 for a two-stroke victory over Frank Lickliter, Stuart Appleby, and Tim Petrovic. ...",Sports,Sci/Tech
"Saturday Essay When in his mid-50s, immigrant Andrew Carnegie sold his steel holdings into a trust headed by JP Morgan in 1901, the Scottish immigrant and former cotton factory bobbin boy left a life of astounding, ground-up capitalism for retirement into philanthropy.",Business,Sports
Safety Group Closely Echoes Rail Industry Documents show that the nation's most influential rail-safety group is tightly bound to the railroad industry.,World,Sci/Tech
"Judge Threatens to Punish MCI Over Fees It Has Paid The judge who presided over the Securities and Exchange Commission #39;s fraud suit against MCI, the long-distance telephone company, threatened to punish the company yesterday for ignoring his",Business,World
"Russians to see full lunar eclipse Thursday morning MOSCOW, October 28 (Itar-Tass) - People in Russia #39;s European part will have an opportunity to see a full eclipse of the Moon during several hours Thursday morning, said Dr Andrei Finkelshtein, director of the Russian Institute of Applied Astronomy.",Sci/Tech,Business
"Greenspan: Debt, home prices not dangerous The record level of debt carried by American households and soaring home prices do not appear to represent serious threats to the US economy, Federal Reserve Chairman Alan Greenspan said Tuesday.",Sci/Tech,Business
"Supreme Court to Review Inmate Freedom Law (AP) AP - The Supreme Court agreed Tuesday to consider the constitutionality of a federal law that requires state prisons to accommodate inmate religions, from Christianity to Satanism.",World,Business
"Oil Surges to New Intraday High in Europe (AP) AP - The price of crude oil surged to a new intraday high of US #36;53.42 in European trade Monday, despite assurances from Middle East oil producers that they were committed to bringing the price down as a strike began in Africa's largest exporter.",World,Business
Drug makers target counterfeits Big pharmaceutical companies are testing new tracking technology they hope will help them spot counterfeit drugs before they reach consumers' medicine cabinets.,Business,Sci/Tech
"Dollar Idles vs. Euro Before U.S. Data LONDON (Reuters) - The dollar kept close to the previous session's one-week highs against the euro on Thursday, holding steady as investors awaited U.S. data to confirm fresh signs of strength in U.S. manufacturing.",Business,Sci/Tech
Howard Stern moves radio show to Sirius Shock jock Howard Stern announced Wednesday he #39;s taking his radio show off the public airwaves and over to Sirius satellite radio.,Business,Sports
"Soybeans Retreat, Grains Futures Mixed Soybean futures edged lower Friday in early activity on the Chicago Board of Trade. Grain futures were mixed. Wheat for December delivery rose 1/4 cent to \$3.",Business,World
"USC, Miami Top BCS Standings, Not Okla. Southern California took the top spot Monday in the season's first Bowl Championship Series standings, and surprisingly Miami is ahead of Oklahoma in a close race for the second spot. Oklahoma is No...",World,Sports
"A Check on Bad Banking Habits Are you used to getting a fat envelope from your bank with all your canceled checks? Well, soon those checks may not be in the mail.",Business,Sci/Tech
"US rules on share options finalised The US on Thursday finalised a new accounting standard that will force companies to subtract the cost of share options from their earnings, a move bitterly opposed by Silicon",Business,Sci/Tech
"SKorea's Samsung to invest 24 billion dollars in new chip lines (AFP) AFP - South Korea's Samsung Electronics Co., the world's largest memory chipmaker, said it would invest some 24 billion dollars in building new chip production lines over the next six years.",World,Sci/Tech
"Gordon Cooper, NASA Mercury Pioneer, Dies LOS ANGELES - Gordon Cooper, who was the youngest and perhaps cockiest member of the original Mercury astronauts and set the space endurance record that helped clear the way for the first moon landing, has died. He was 77...",World,Sci/Tech
"Automakers sue California over emissions FRESNO, Calif. -- Automobile manufacturers sued on Tuesday to block the world #39;s toughest vehicle emissions standards, adopted by California regulators in September to cut greenhouse gases.",Business,Sci/Tech
"Internet pioneer closes Manitoba pharmacy; blames dollar, uncertain climate (Canadian Press) Canadian Press - WINNIPEG (CP) - Just one year ago, Mark Rzepka was opening a #36;1-million Internet pharmacy in the small Manitoba town of Niverville believing he would be able to quadruple his staff within 12 months.",World,Sci/Tech
"#39;We walk a fine line, #39; says the boss whose airline tripped up After one of the most embarrassing weeks in British Airways #39; history, the recriminations begin tomorrow. Rod Eddington, the airline #39;s gregarious Australian chief executive, says he will mount a full investigation",Business,World
"The Kid Stays in His Home, Dressed in PJ's, With a Live Mike Robert Evans, the fabled Hollywood producer and man about town, will be enjoying his latest gig, as a satellite radio talk-show host, from the comfort of his home.",Sci/Tech,World
"It's Inauguration Time Again, and Access Still Has Its Price President Bush's inaugural committee, seeking to raise more than \$40 million, a record, sent out hundreds of solicitations.",World,Sci/Tech
"Strong Family Equals Strong Education Single mothers, poverty were big factors in school performance HealthDayNews -- American teenagers who live with poor single mothers are more likely to get into trouble at school and have poor marks and are less likely to think they'll go to college, says a Rice University study. Holly Heard, an assistant professor of sociology, analyzed data from thousands of teens who took part in the National Longitudinal Study of Adolescent Health...",Sci/Tech,World
Cellphone Industry Hits Snag as It Woos Untapped Market The mobile phone industry is turning its attention to the last untapped demographic - people over 65.,World,Sci/Tech
"Monday Fortune Business Report Monday #39;s opening levels are: The Dow opens at 9,757.81, lower by 107.95. The Nasdaq starts the day at 1,915.14, lower by 38.48 .",Business,Sports
"450 Colombian Paramilitaries Disarm (AP) AP - Some 450 right-wing paramilitary fighters left Colombia's crowded battlefields, turning in their weapons and asking society to let them back into its fold.",World,Sci/Tech
"Chile's Lagos Receives Torture Commission Report By Ignacio Badal SANTIAGO, Chile (Reuters) - Chilean President Ricardo Lagosreceived a chilling report on Wednesday from a governmentcommission that interviewed more than 30,000 victims tochronicle for the first time the systematic use of tortureduring Augusto Pinochet's 1973-1990 dictatorship.",World,Sci/Tech
VoIP becomes new option Jackson is one of the first to take advantage of Time Warner Cable #39;s new venture into Voice over Internet Provider (VoIP) telephone service here and she says it works great.,Business,Sci/Tech
"Earthquakes Shake Central Japan; Bullet Train Resumed (Update4) A series of earthquakes shook central Japan in Niigata prefecture, where quakes that began last month have killed more than 30 people.",World,Business
"Labor: Anti-Peres meetings scheduled for Sunday Labor members have scheduled two #39;rebel #39; anti-Peres conferences for Sunday, one to be headed by MK Matan Vilnai and the second by MK Binyamin Ben-Eliezer.",World,Sports
"Cricket-Lillee a victim of generational change, says spin guru MELBOURNE, Australia (AFP) - Cricket Australia said it was better off hiring full-time coaches than employing bowling great Dennis Lillee, who has abruptly ended his long coaching involvement with the body.",Sports,World
"Loeb forced out of rally ESTONIA #39;s Markko Martin took the Rally of Catalonia lead today after newly-crowned world champion Sebastien Loeb, the overnight leader, was forced out of the race with a severe oil leak.",Sports,World
"Wall St.'s Nest Egg - the Housing Sector NEW YORK (Reuters) - If there were any doubts that we're still living in the era of the stay-at-home economy, the rows of empty seats at the Athens Olympics should help erase them.",Business,Sports
BT sells off stake in Eutelsat BRITISH Telecom today announced the sale of its stake in one of the worlds largest satellite companies for 363 million. The telecoms giant said it was offloading its 15.8 per cent holding in Paris-based,Business,Sci/Tech
"Cingular, AT amp;T deal gets an OK from Justice (USATODAY.com) USATODAY.com - Justice Department antitrust regulators cleared the way Monday for Cingular Wireless' #36;41 billion acquisition of AT amp;T Wireless Services (AWE), a crucial step toward creating the nation's largest wireless telephone company.",Sci/Tech,Business
Qwest: The end of the beginning Thursday #39;s agreement between Qwest Communications and federal regulator settles allegations of quot;massive financial fraud quot; at a price of \$250 million.,Business,Sci/Tech
"Embattled Mortgage Giant Agrees to Meet New Standards Fannie Mae agreed to keep more cash on hand while it corrects accounting problems, a U.S. regulator said.",World,Business
"Court Weighs Legal Rights of Mich. Poor (AP) AP - With backing from two-fifths of all states, Michigan asked the Supreme Court on Monday to whether a state can refuse to pay for appeals by indigent defendants who plead guilty to crimes.",World,Sci/Tech
"#39;Miracle in mud #39; as four pulled alive from Philippine disaster REAL, Philippines (AFP) - Philippine rescuers were frantically digging for more survivors after four people, including a toddler, were pulled alive from a building crushed by a landslide 11 days ago.",World,Sports
"Gold Indian Coin Expected to Fetch #36;27,000 (Reuters) Reuters - An Indian gold coin which is nearly\1,900 years old and shows one of the earliest depictions of\Buddha is to be sold at auction where it is expected to fetch\up to 15,000 pounds ( #36;27,000).",Sci/Tech,Business
"Belarus Bank Denies Money Laundering Charge A bank in Belarus has denied US charges that it laundered money for former Iraqi leader Saddam Hussein. Infobank, in a statement, said it has strictly followed international agreements related to the fight against illegal transactions.",Business,World
A.I.G. Will Accept Monitor and Pay \$80 Million to Close Inquiries The insurance company has agreed to pay about \$80 million to settle investigations into insurance sales that were used by companies to manipulate their earnings.,Business,Sci/Tech
"Complex Brings Work, Shops Close to Home Tucked on a side street, just a block from the cars and trucks that whiz along Rockville Pike, sits a new complex of 404 luxury apartments, renovated restaurants and stores that some planners and developers are calling the optimum in compact urban redevelopment.",Business,Sci/Tech
"Parmalat Investors Flock to Court Seeking Damages (Update2) Hundreds of Italians who lost savings in the collapse of food company Parmalat Finanziaria SpA flocked to Milan #39;s courthouse, seeking to recover damages as part of the criminal investigation of Italy #39; biggest bankruptcy.",Business,Sci/Tech
Perry OKs money for APS as more accusations arise The state #39;s Adult Protective Services agency will get an emergency infusion of \$10 million to correct the kinds of problems that have arisen in El Paso.,Business,Sci/Tech
"In China's changing society, psychotherapy gains acceptance BEIJING -- Step back, Confucius. Move over, Mao. Dr. Freud is making the rounds. Once vilified by the communists as a remnant of bourgeois imperialism, the practice of psychology -- and especially the Western ritual of going to a therapist -- is gaining popularity in this country of budding capitalists.",World,Sports
"Delta #39;s Aborted Crash Landing If you #39;ve ever been in an airplane that has to abort a landing, you know that it is a completely hair-raising, disorienting experience.",Business,Sci/Tech
Britons still prefer fish n'chips (AFP) AFP - Traditional fish-and-chips along with cherished pub grub remain the dishes of choice for Britons outstripping Chinese or Indian take-aways.,World,Sci/Tech
"Ford underlines committed to motorsport. Despite confirming the successful sale of both Jaguar Racing and its Cosworth engine company to new owners, Ford Motor Company has stressed that it remains committed to supporting motorsport at all levels.",Sports,Sci/Tech
