text,Actual Class,Predicted Class
"Fan v Fan: Manchester City-Tottenham Hotspur This weekend Manchester City entertain Spurs, and with last seasons seven-goal FA Cup epic between the two teams still fresh in the memory, entertain could be the operative word.",Sports,Sci/Tech
"Paris Tourists Search for Key to 'Da Vinci Code' (Reuters) Reuters - A funny thing happened on the way to the\Mona Lisa. Visitors to the Louvre museum in Paris, home of the\world's most famous painting, started quizzing tour guides\about Dan Brown's best-selling novel ""The Da Vinci Code.""",World,Sci/Tech
"Net firms: Don't tax VoIP The Spanish-American War is over and a ""temporary"" tax created to pay for it should not be extended to Internet phone calls, industry groups tell the IRS",Sci/Tech,Sports
"Dependent species risk extinction The global extinction crisis is worse than thought, because thousands of quot;affiliated quot; species also at risk do not figure in calculations.",Sci/Tech,Business
EDS Is Charter Member of Siebel BPO Alliance (NewsFactor) NewsFactor - Siebel Systems (Nasdaq: SEBL) has named EDS as the charter partner in Siebels' new business process outsourcing (BPO) global strategic-alliance program. The agreement expands the relationship between EDS and Siebel to provide a set of high-value managed products and service offerings targeted at the BPO and customer relationship management (CRM) marketplaces.,Sci/Tech,Sports
"Campbell 9 Pct. Profit #39;Hmmm Hmmm Good #39; Campbell Soup Co. (CPB.N: Quote, Profile, Research) on Monday posted a better-than-expected 9 percent rise in profit, sending shares to a near three-year high, as heavy promotions and product improvements spurred soup sales.",Business,Sci/Tech
"Forgoing stiff upper lip, Charles jousts with critics LONDON: In an unusual departure from the tradition of regal silence and the stiff upper lip, Prince Charles fought back Monday against accusations by a government minister who called his views on education quot;old fashioned quot; and quot;out of time.",World,Sci/Tech
"Profit Plunges at International Game Tech International Game Technology, the world #39;s biggest maker of slot machines, Tuesday said said profit for its latest quarter fell 50 percent from a year ago due to a charge for early redemption of debt and a tax adjustment.",Business,Sports
"Salvaging Genesis Despite a seemingly calamitous crash to Earth last month by the Genesis spacecraft, large portions of the solar wind samples it had gathered in space appear to be salvageable, NASA scientists announced on Sept.",Sci/Tech,Business
Chavez rejects CD as opposition Venezuela #39;s President Hugo Chavez has announced that he will no longer recognize the Democratic Coordination or CD as the opposition coalition.,Business,World
"NCAA Wrong To Close Book On Williams Top-ranked and defending co-national champion USC opens its season tonight against Virginia Tech. Tampa #39;s Mike Williams, the best football player not in the NFL - now officially the best college football player",Sports,World
"General Mills goes whole grains NEW YORK (CNN/Money) - General Mills announced plans Thursday to start using healthier whole grains in all of its ready-to-eat cereals, including children #39;s cereals such as Trix, Cocoa Puffs and Lucky Charms.",Business,World
"Big merger could box Qwest in Qwest Communications may not be immediately affected by a Sprint-Nextel merger, but its options could become more limited. At one time, Qwest and Sprint were viewed as possible merger partners.",Business,Sci/Tech
"Ukrainian opposition makes gains KIEV -- The Ukrainian parliament voted yesterday to dismiss the government headed by the declared winner of a disputed presidential vote, Prime Minister Viktor Yanukovych, handing the opposition a victory in its campaign to overturn national election results.",World,Sci/Tech
United Apology over Website Abuse Manchester United have been forced to issue an embarrassing apology to Liverpool for an ill-advised attack on the Anfield outfit on its own website.,Sports,World
Mortgage approvals drop sharply Figures showing falling mortgage approvals and rising repossessions suggest interest rate rises are being felt.,Business,Sci/Tech
"Clouds darken PeopleSoft conference SAN FRANCISCO -- PeopleSoft Inc. is trying to create a party-like atmosphere at its annual customer conference, but this week's gathering may feel more like a wake with rival Oracle Corp.'s \$7.7 billion takeover bid looming larger than ever.",Business,Sci/Tech
"Japanese Prime Minister Inspects Four Northern Islands under ... On September 2, Japanese Prime Minister Junichiro Koizumi (right) inspects four northern islands that are under territorial dispute with Russia.",World,Sci/Tech
"Prince Charles chastised for quot;old fashioned quot; views A minister has launched a scathing attack on heir to the throne Prince Charles, accusing him of being quot;very old fashioned quot; and out of touch in his views on teaching in schools.",World,Sports
"Old bones unearth new date for giant deer #39;s last stand A new investigation into extinctions caused by climate change has revealed that the giant deer, previously thought to have been wiped out by a cold spell 10,500 years ago, instead survived well into the modern era.",Sci/Tech,Business
"Oracle Quarterly Net Income Rises 16 Pct Oracle Corp. (ORCL.O: Quote, Profile, Research) on Tuesday reported a 16 percent rise in quarterly net income as the world #39;s second largest software company benefited",Business,Sci/Tech
"Gateway Updates 4Q, Year Guidance Gateway Inc. on Wednesday raised fourth-quarter earnings expectations as the personal computer maker freed up cash by selling preferred stock and outsourcing its warranty service plans.",Business,Sports
Strongwoman hoists 100th gold for Chinese delegation Tang Gonghong lifted a world record to claim in Athens the 100th Olympic gold for China since its participation in 1984 Olympic Games on Saturday when,Sports,Sci/Tech
Thais #39;bomb #39; south with paper birds on Muslim south Around 50 Thai Air Force planes quot;bombed quot; the largely Muslim south with paper birds on Sunday as a symbol of peace for the restive region where nearly 500 people have been killed since January.,World,Sports
"Ramirez should be taking it to heart When it comes down to this, when it's worse than you could have possibly imagined, if you are any kind of ballplayer at all, you look within and ask yourself what you can do to make it better.",Sports,Business
"Some People Not Eligible to Get in on Google IPO Google has billed its IPO as a way for everyday people to get in on the process, denying Wall Street the usual stranglehold it's had on IPOs. Public bidding, a minimum of just five shares, an open process with 28 underwriters - all this pointed to a new level of public participation. But this isn't the case.",Sci/Tech,Business
"Crunch Time for Biotech Companies Washington area biotech companies will face pivotal moments this year, finding out whether key products work before money dries up, fending off competition from bigger companies, and, perhaps filing to go public.",Business,Sports
"Report: Amount of fine-particle pollution drops significantly LOS ANGELES - Concentrations of one of the most dangerous air pollutants have declined in most of the country in the last five years, especially in Southern California and the Southeast, according to a report released by the US Environmental Protection",Sci/Tech,Sports
"Maker of Twinkies goes into bankruptcy Onge. Interstate Bakeries Corp. has filed for bankruptcy, a casualty of rising costs and reduced demand for carbohydrate-rich breads and pastries, including its Wonder Bread and Hostess Twinkies.",Business,World
"Pakistan Ups Security, Shi #39;ites Mourn Bomb Victims Pakistan beefed up security Saturday as minority Shi #39;ite Muslims prepared to bury victims of a suicide bomb attack on a mosque in the eastern town of Sialkot that killed at least 30 people a day earlier.",World,Business
"Callender wins job as starter Frustration set in quickly for Andre Callender. He had already waited a whole year, and now he had to wait another game to play college football.",Sports,World
SA 'mercenaries' plead not guilty Sixty-six men accused of plotting a coup in Equatorial Guinea deny breaching Zimbabwe's security laws.,World,Sports
"Friday is all right for fighting Tonight will be a busy one on the local fight scene with two cards. At the Bayside Expo Center, Ray Oliveira will take on Hicklet Lau for the vacant International Boxing Union welterweight title. On the same card, heavyweight prospect Matt Godfrey (4-0, 2 KOs) of Providence will face Andrew Hutchinson.",Sports,Business
"High court hears dispute over Michigan interstate wine sales The Supreme Court is considering whether Michigan and other states may bar people from buying wine directly from out-of-state suppliers, a big-money question that could lead to sweeping changes in how alcoholic beverages are regulated",Business,Sci/Tech
Putin Says Russia Could Be a Yukos Bidder President Vladimir V. Putin said on Friday that state-run companies might bid for assets of Yukos in any sale to collect back taxes.,Business,Sci/Tech
"Bekele and Isinbayeva win Athletes of the Year titles in Monaco Monte-Carlo - Olympic champions Kenenisa Bekele of Ethiopia and Yelena Isinbayeva of Russia have been announced as the 2004 Athletes of the Year on stage tonight at the climax to the spectacular 2004 World Athletics Gala at the Grimaldi Forum, Monte-Carlo",Sports,World
Oxford 18 Cambridge 11 Replacement winger Ross Lavery scored the decisive try just two minutes from time as Oxford finally justified the favourites tag they had carried into each of the last three matches.,Sports,World
"US Says No Plans to Sign New Climate Change Pacts (Reuters) Reuters - The United States, considered an\environmental laggard by its critics, is unlikely to sign any\new pacts on climate change at a key environmental meeting this\month, a senior U.S. official said on Thursday.",Sci/Tech,Business
The Sims 2; Demon Stone; The Number Devil Getting a life gets a lot more complicated in this sequel to the best-selling computer game in history.,Sci/Tech,Sports
Hezbollah plane flies over Israel Lebanon #39;s guerrilla organization Hezbollah announced Sunday it hd flown an unmanned reconnaissance plane over northern Israel for the first time.,World,Sports
"Nike co-founder stepping down president effective December 28 after more than a year-long search. Knight, 66, who also will give up his title of president,. chairman, quot; Knight said in a statement on Thursday.",Business,World
"This Just In - Sprint is Stupid \\Found this via BoingBoing this morning:\\""The new Treo 650 is out today -- and as a long-time fan of the Treo, I've been\looking forward to it. I've asked in the past for ""one with everything"" -- a\phone with all the features I could want in one device, without\compromises. It looks like PalmOne delivered, with a 320x320 screen, removable\battery, upgraded OS, a better camera, and Bluetooth.""\\""Oops -- not quite! TreoCentral is reporting that the Sprint version of the\Treo 650 doesn't allow you to use Bluetooth for dial-up networking through\your computer. Apparently other carriers will, but not Sprint.""\\""You see, Sprint sells connection cards, which are PCCards that allow you to\dial up y ...\\",Sci/Tech,Sports
"Kiwi firms ditch Explorer for Firefox Aoraki Mt Cook Ski Planes and New Zealand Tourism Online are turning their backs on Microsoft #39;s Internet Explorer. Both companies are among the early adopters of Firefox, a free quot;open source quot; Web browser.",Sci/Tech,Sports
"Google #39;s New PC Search Tool Poses Risks NEW YORK Oct. 18, 2004 - People who use public or workplace computers for e-mail, instant messaging and Web searching have a new privacy risk to worry about: Google #39;s free new tool that indexes a PC #39;s contents for quickly locating data.",Business,Sci/Tech
"IndyCar champ Kanaan finishes second and every lap FORT WORTH, Texas Helio Castroneves had a great restart today with two laps to go after a lengthy caution. He held off IndyCar Series champion Tony Kanaan to win the season finale at Texas Motor Speedway.",Sports,Sci/Tech
"NASA delays flight of X-43A scramjet to attempt Mach 10 LOS ANGELES NASA will try again today to fly an unmanned hypersonic jet designed to reach a record speed of Mach Ten, or seven-thousand-miles-per-hour.",Sci/Tech,Business
"At Last, Success on the Road for Lions The Detroit Lions went three full seasons without winning an away game, setting an NFL record for road futility. They ended that ignominious streak Sunday in their first opportunity of the season, beating the Chicago Bears 20-16 at Soldier Field...",World,Sports
EU set to launch 'transit camps' EU ministers agree to set up five pilot reception centres in Africa to process asylum applications.,World,Sci/Tech
"Hurricanes, unrest in Nigeria feed supply concerns SAN FRANCISCO (CBS.MW) -- Fueled by new supply worries in the United States and Nigeria, crude-oil futures made history Monday when the price topped \$50 per barrel late Monday and one analyst said additional disruptions could push prices to \$60 per barrel",Business,Sci/Tech
Symantec to offer Web-based Norton AntiVirus console The Web console -- to be made available specifically to corporate and enterprise licensees of Norton AntiVirus software -- will allow administrators to distribute virus definitions and product updates on demand.,Sci/Tech,Business
"A serving of football EFL style Can't wait to see the Super Bowl champion New England Patriots look to continue their 15-game winning streak when they host the Indianapolis Colts next Thursday? Gridiron junkies will whet their appetite tomorrow at 7 p.m. at Battis Field in Middleborough, where the Middleboro Cobras and Brockton Buccaneers will tangle for Eastern Football League supremacy.",Sports,Business
Water and robots on Mars chosen as tops in 2004 Science It #39;s the discovery by two Mars rovers that the Red Planet once had water and possibly could have supported life. That recognition comes today from the journal Science.,Sci/Tech,World
"Signing of Teenage Racer Raises Questions (AP) AP - Next October, Chase Austin will finally be old enough to drive to the grocery store by himself. By then, though, he'll also have a full season of stock car racing under his belt.",Sports,Business
Keep It in the Family The IRS is gunning for your inherited IRA. Follow these steps to avoid costly penalties.,Business,Sports
The Next Giant Leap Rendezvous quot; for the docking techniques he developed while at MIT earning his PhD in astronautics. Lessig: Technology over ideology!,Sci/Tech,Sports
"Thailand Shows No Easy War Against Wildlife Crime (Reuters) Reuters - With an AK-47 assault rifle slung over\his shoulder, Sompong Prajobjan roamed one of Thailand's lush\national parks for more than a decade.",Sci/Tech,World
"Obesity Raises Risk for 9 Different Types of Cancer By LAURAN NEERGAARD WASHINGTON (AP) -- Heart disease and diabetes get all the attention, but expanding waistlines increase the risk for at least nine types of cancer, too. And with the obesity epidemic showing no signs of waning, specialists say they need to better understand how fat cells fuels cancer growth so they might fight back...",Sci/Tech,Sports
"Pedro Waits to Learn of Yankees' Interest (AP) AP - With an offer in hand from the New York Mets, Pedro Martinez will wait to see what the New York Yankees do before deciding where he'll play next year.",Sports,Business
"Son Is Gone but Fervor Remains After Fallujah After his son's life was ended by an American bullet, an Iraqi insurgent undertook a harrowing escape to a lonely exile in Baghdad, where he waits to fight another day.",World,Sports
Thai inquiry over Muslim deaths The Thai prime minister pledges to set up an independent inquiry into the deaths of 78 Muslim protesters in police custody.,World,Business
Instant messaging worm exploits JPEG flaw (InfoWorld) InfoWorld - Security experts have spotted the first attempts to create an Internet worm that propagates using instant messages and exploits a recently disclosed flaw in Microsoft software.,Sci/Tech,Business
Czech Republic Crushes Sweden 6-1 (AP) AP - Milan Hejduk scored two goals as the Czech Republic routed Sweden 6-1 Tuesday night in the quarterfinals of the World Cup of Hockey.,Sports,Business
"DaimlerChrysler, GM to team up on hybrid engines General Motors and DaimlerChrysler say they #39;re teaming up to develop hybrid technology for use in their vehicles. The two giant automakers say they have signed a memorandum of understanding.",Business,Sci/Tech
"Google Shares, Once Devalued, Just May Be Winners After All Wall Street, which forced Google, the Internet search engine, to sharply lower the price of its shares in its initial public offering in August, has decided that the company is worth a lot more today than it was then.",Business,Sci/Tech
FA Plan New United-Arsenal Talks The Football Association are set to wait until after the conclusion of any disciplinary action against Arsene Wenger before trying to broker a peace summit between Arsenal and Manchester United.,Sports,Sci/Tech
"Hundreds mourn loss of student killed by police during Red Sox ... As hundreds of mourners paid their final respects Tuesday to Victoria Snelgrove, her pastor denounced the raucous fans who prompted police to fire the pepper-spray pellet that killed the college student.",Sports,Sci/Tech
"German teenager indicted over Sasser worm Prosecutors in Verden, Germany, indicted an 18-year-old student on Wednesday for allegedly creating the Sasser worm that crashed hundreds of thousands of computers worldwide after spreading at lighting speed over the Internet.",Sci/Tech,World
"Space O2 Generator Fails Again Repairs to the oxygen generator onboard the International Space Station seemed to work, but then failed the following day. Astronauts are again limited to backup oxygen supplies. By Amit Asaravala.",Sci/Tech,Business
"Icahn Takes The High River NEW YORK - Why has Carl Icahn set his sights on the relatively insignificant Mylan Laboratories, a generic drug company with just \$1.5 billion in sales and a \$4.3 billion market cap?",Business,Sports
"League of Development Major League Soccer plans to start a new league to develop young players, part of its 10-year sponsorship deal with Adidas.",Sports,Business
"Ooh la la, Apple unveils new iMac (SiliconValley.com) SiliconValley.com - Attempting to capitalize on iPod mania, Apple Computer Tuesday unveiled a fast new version of the iMac that it all but touted as a smart accessory for the sexy music players.",Sci/Tech,Business
"Vonage Calls on Linksys for VoIP Linksys will provide broadband-to-phone adapters and, eventually, Wi-Fi equipment.",Sci/Tech,World
"Rocky Legends; Tony Hawk's Underground 2; Nisus Writer Express 2.0; Surfsaver 6 This is the second Rocky video game in two years -- even though it's been 14 years since the last ""Rocky"" flick.",Sci/Tech,Business
Megawati kicks off 36th ASEAN economic meeting JAKARTA (Agencies): President Megawati Soekarnoputri opened high-level economic talks between members of the Association of Southeast Asian Nations (ASEAN) on Friday with a warning to ASEAN leaders that they must stay the course on their agreed,Business,Sports
"Germany, France support Turkish invitation to EU membership talks (AFP) AFP - Germany and France both support inviting to European Union membership talks at a summit in December in Brussels, Chancellor Gerhard Schroeder said.",World,Business
"Barrichello Wins Chinese Grand Prix SHANGHAI, China - Rubens Barrichello won the inaugural Chinese Grand Prix on Sunday, taking advantage of Formula One champion Michael Schumacher #39;s disastrous weekend and outlasting runner-up Jenson Button by just over a second.",Sports,Sci/Tech
"Software revenue pushes up Oracle #39;s Q2 earnings Oracle Corp. reported second-quarter 2005 earnings that beat analyst expectations on Monday, thanks to new software revenue and continued gains from license updates and product support.",Business,Sci/Tech
"AOL Plans Revamp, Shake Up Management - Reports The America Online unit of Time Warner Inc. (TWX.N: Quote, Profile, Research) is reorganizing itself into four operational units to improve decision making, the Wall Street Journal and the Washington Post reported on Tuesday.",Business,Sci/Tech
"PM Hails Successful Launch Of Agni II NEW DELHI, AUG 29: Prime Minister Manmohan Singh on Sunday congratulated the scientists and engineers for the successful launch of the Agni II missile.",World,Sci/Tech
"Pac-10 Teams Seek to Revive Reputation (AP) AP - As it looks ahead to another basketball season, the Pac-10 can take some comfort in one thing: There's a lot of room for improvement after a miserable 2003-04. And with traditional power Arizona leading the way, the conference should indeed be much better.",Sports,Sci/Tech
US edge out Brazil for gold The United States beat Brazil 2-1 in extra time to win the women's Olympic football tournament.,World,Sports
Beer and drugs hit manufacturing output Factory output fell unexpectedly in July for the second month in a row -- the first back-to-back decline in nearly two years -- as the production of beer and pharmaceuticals plummeted.,Business,Sci/Tech
Top Seed Federer Struggles Through in Thai Opener BANGKOK (Reuters) - Top seed Roger Federer toiled to beat battling Frenchman Nicolas Thomann and reach the second round of the Thailand Open on Tuesday.,Sports,World
"Sun and Kodak settle out of court As we reported previously, Kodak filed a lawsuit against Sun Microsystems claiming that the company had infringed on its patents by implementing quot;ask for help quot; functionality in its Java programming language, which gave a huge boost to the company #39;s yearly",Sci/Tech,World
"American Woman, Afghan Girl Die After Kabul Blast An American woman, believed to be a civilian, and a young Afghan girl died from their wounds after a suicide bomb attack in a busy shopping street in the Afghan capital.",World,Sci/Tech
"Moves toward moderation in Mideast One month after Yasser Arafat #39;s death, realignments on both sides of the Palestinian-Israeli divide are raising fragile hopes for a mutual retreat from four years of fighting.",World,Business
Microsoft Storms India Microsoft is making big news in India this week by expanding its Hyderabad campus and signing two lucrative deals in Asias fourth largest economy.,Business,Sci/Tech
Sven refuses to criticise Becks Quell surprise: Sven has refused to criticise David Beckham despite the England captain #39;s latest demonstration of his infamous petulance against Wales.,Sports,Sci/Tech
England held up in Zimbabwe Zimbabwe held up England #39;s charge as they battled to avert a series whitewash in the fourth one-day international in Bulawayo today.,Sports,Business
European probe arrives to orbit moon PARIS - Europe #39;s dishwasher-sized spacecraft has entered a lunar orbit. The unmanned mission is the continent #39;s first voyage to the moon.,Sci/Tech,Business
"Bookies take bets on new Band Aid Bookies take bets on a new Band Aid single being Christmas No 1, expected to be confirmed by Midge Ure.",World,Business
Stunt pilots to snag a falling NASA craft NASA #39;s three-year effort to bring some genuine star dust back to Earth is set for a dramatic finale Sept. 8 when Hollywood helicopter pilots will attempt a midair retrieval,Sci/Tech,Business
"Gartner: Q2 server shipments rise on Sun, Dell strength Server shipments and revenue increased in the second quarter, with low-cost servers based on Linux or the Windows operating system growing faster than their Unix counterparts, according to research firm Gartner Inc.",Sci/Tech,Sports
"S.Africa Cancels Thatcher Meeting with Eq. Guinea South Africa has canceled a meeting with prosecutors from Equatorial Guinea who had hoped to interview Mark Thatcher on his suspected links to a coup plot in the oil-rich country, officials said on Sunday.",World,Sci/Tech
"U.S. Jet Fires at House in Fallujah (AP) AP - An American jet fired a missile at a house where about 10 members of an al-Qaida-linked group were believed to be meeting in the Sunni insurgent stronghold of Fallujah on Friday, police and the U.S. military said. At least three people were killed.",World,Sci/Tech
"Report: CARE Hostage Faces Transfer To Al-Qaida BAGHDAD, Iraq -- The kidnappers of aid worker Margaret Hassan threatened to turn her over to an al-Qaida affiliated group within 48 hours if the British government refuses to pull its troops from Iraq, Al-Jazeera television reported Tuesday.",World,Sci/Tech
"Lawyers In the Limelight By all appearances, Steven Woghin was a lawyer at the top of his game. After years in government service, the former Justice Department attorney had worked his way up to a comfortable six-figure salary and the chief legal job at software maker Computer Associates International Inc.",Business,Sports
Martian Weather Blamed for Loss of Beagle 2 Description: An investigation into the loss of Britain #39;s Beagle 2 spacecraft last December suggests the cause may have been unusual Martian weather.,Sci/Tech,Business
England seek first one-day title against surprise package Windies LONDON: England have never won a major international limited-overs title while West Indies World Cup glory days date back to 1975 and 1979.,Sports,Sci/Tech
UK to assess Iraq troop move A reconnaissance team is to visit the area around Baghdad where UK forces could be sent to provide US back-up.,World,Business
"Late fumble dooms Purdue WEST LAFAYETTE, Ind. -- Scott Starks returned a fumble by Purdue quarterback Kyle Orton 40 yards for a touchdown in the closing minutes to lift 10th-ranked Wisconsin to a 20-17 win over No. 5 Purdue yesterday.",Sports,Sci/Tech
"Sparkle starts shipping GeForce 6600 GT AGP GeForce 6600GT AGP, as good as it gets? Hardware Analysis",Sci/Tech,Sports
Summary Box: Breast Cancer Surgery Refined (AP) AP - NEW APPROACH: A study says that removing just one to three key lymph nodes can spare women lifelong arm problems and reliably indicate whether breast cancer has spread.,Sci/Tech,Sports
"Closer Look: Astros-Braves com. This was not vintage Roger Clemens. On this afternoon, however, the hottest team in baseball didn #39;t need their old ace to be at top form.",Sports,Sci/Tech
"Austrian Panel OKs Siemens Takeover Bid Austrian regulators have approved Siemens AG #39;s bid to takeover engineering competitor VA Technologie AG, Austrian radio said Friday.",Business,Sci/Tech
Panel Urges N.Y. to Pay \$14 Billion More for City Schools Court-appointed referees recommended the state pay an additional \$14 billion over four years to improve New York City schools.,World,Sports
"Berra Says He Wouldn't Take Giambi Back (AP) AP - While manager Joe Torre repeatedly dodged questions Thursday on whether he thinks Jason Giambi will return to the New York Yankees, Hall of Famer Yogi Berra readily voiced his opinion.",Sports,World
Chirac puts retirement on hold President Jacques Chirac passed his 72nd birthday yesterday locked in a struggle to maintain his relevance in the face of an intraparty challenge and continuing friction with the world #39;s only superpower.,World,Business
APEC Ministers Urge New Effort on Trade Talks Pacific Rim trading nations said on Wednesday they should pool their influence to energize talks to free up world trade. As trade and foreign ministers from the 21-member Asia-Pacific,World,Sci/Tech
"National Geographic Photo Camps Give Kids New Views In New York, San Francisco, and Washington, D.C., National Geographic's Photo Camps this summer paired underprivileged students with seasoned photogropaphers. With photo gallery.",Sci/Tech,Business
"Refugees #39; hopes for return will outlive Arafat BEIRUT, Lebanon - Yasser Arafat promised Palestinians he would return them to the homes they lost when Israel was founded in 1948.",World,Sports
"Jacobs Engineering Names Watson Chairman Shares of the engineering company closed earlier down 37 cents, or just under 1 percent, at \$40.36 on the New York Stock Exchange.",Business,Sci/Tech
Cricket: Dubai global academy The International Cricket Council are to open a global cricket academy designed to improve standards of lesser nations.,World,Business
"Jug half full: Gophers hope to hit ground running at Michigan If Minnesota wants to walk out of Michigan Stadium with the Little Brown Jug for the first time since 1986, it had better hope its offense is its old self and its defense isnt.",Sports,Business
"A perfect storm of political peril, unless... The extended train wreck that has been American-dominated Iraq is winding its way toward a decisive intersection: the national elections scheduled for Jan. 30, 2005, where voters will be asked",World,Business
"NASA Leader Cites Finances and Submits His Resignation Sean O #39;Keefe resigned as NASA administrator on Monday, saying he is leaving the position he has held for three years to pursue better economic opportunity for his family.",Sci/Tech,World
"Oreskes Named Times Deputy Managing Editor The New York Times has appointed Michael Oreskes, who directed much of the newspaper #39;s coverage of the Clinton-Lewinsky scandal, to deputy managing editor.",Business,Sports
"Fixed-to-mobile substitution gaining momentum There is a strong trend for consumers to move away from using fixed-line phones in concert with mobiles to use mobile handsets for all or most of their voice calls, according to a study conducted for Finnish mobile handset maker Nokia by UK market",Sci/Tech,Sports
"GAME UNDER FIRE Attacking police officers, racial slurs, bloody beatings of innocent bystanders ... is it really just a game? In four and a half minutes, 14-year-old Ryan Mason ran over a police officer, stole his gun and shot and killed three innocent bystanders.",Sci/Tech,Sports
"Earnings Improve at Japanese Electronics Firms The Japanese electronics makers remained cautious about the months ahead, citing worries about global growth. Japanese corporate profits are almost certain to be hurt by any economic slowdown in Japan and in the United States.",Business,Sci/Tech
"U.S. Warns Americans to Avoid Haiti (AP) AP - Security in Haiti remains unpredictable and dangerous, and Americans should not travel to the Caribbean nation except for emergencies, the State Department said Friday.",World,Sci/Tech
"Bush won #39;t take Iran #39;s word for it CRAWFORD, Texas As President Bush sees it, quot;the only good deal is one that #39;s verifiable. quot;. He #39;s applauding the efforts of some European countries to get Iran to honor its commitment to refrain from developing nuclear weapons.",World,Sports
Oil Companies In Nigeria Say They Won #39;t Give In To Threats Major oil companies operating in Nigeria #39;s oil-rich southern region say they will not give in to threats of attacks on their facilities and employees by militias.,World,Business
Live: Olympics day four Richard Faulds and Stephen Parry are going for gold for Great Britain on day four in Athens.,World,Sports
"Europe Take Charge at Oakland Hills BLOOMFIELD HILLS, Michigan (Reuters) - Colin Montgomerie inspired an early charge by holders Europe as they led the United States in three of the four opening fourball matches at the 35th Ryder Cup on Friday.",Sports,Sci/Tech
Airbus-Boeing spat on hold The United States and the European Union called a temporary timeout yesterday in their dispute over government support for aviation rivals Boeing and Airbus.,Business,Sports
"News: WLANs go feral in corporate undergrowth Frustrated employees are taking IT into their own hands by installing DIY Wi-Fi access points (APs) in their offices while their IT departments don't even notice, according to Gartner.\",Sci/Tech,Sports
Microsoft to hire hundreds in India Microsoft on Tuesday announced its decision to localise Windows and Office software in 14 Indian languages over the next 12 months and that the company would hire #39;hundreds #39; in India this year.,Business,Sci/Tech
Plutonium: rising terror threat The radioactive element could be used to make weapons just as dangerous as enriched uranium bombs.,World,Sci/Tech
"General Assembly committee opens two-day debate on anti-cloning ... The UN General Assembly #39;s legal committee begins a two-day debate today that will focus on the contentious issue. There is support among member states for a treaty banning human cloning, but divisions remain",Sci/Tech,Business
Paisley #39;s decision over disarmament awaited Northern Ireland #39;s politicians have an anxious wait as the Reverend Ian Paisley decides whether to endorse an historic deal with Sinn Fein.,World,Sports
"Steel group sees continued strength in China demand LONDON (CBS.MW) -- European markets saw a moderate advance in early trade Monday, carrying over some of the late-session rally on Wall Street and helped by steel group Arcelor #39;s view of Chinese demand.",Business,World
"NFL Postpones Miami Game, Due to Hurricane Jeanne The National Football League has postponed Sunday #39;s scheduled game between the Pittsburgh Steelers and the Miami Dolphins in Miami due to the threat of Hurricane Jeanne.",Sports,Sci/Tech
14 Nations to Participate in Plan to Reduce Methane Thirteen countries agreed yesterday to join a global plan proposed by the Bush administration to curb methane emissions by capturing the greenhouse gas and using it as an energy source before it is released into the atmosphere.,Sci/Tech,Business
"Hubble Sees Rare Triple Jupiter Eclipse Nov. 4, 2004 - A rare alignment of Jupiter #39;s three largest moons across the planet #39;s face was captured on film by the Hubble Space Telescope.",Sci/Tech,Sports
Whats New With Google News What's New With Google News\\Google News has added a whole bunch of features while we weren't lookin'. First off there's a new pull-down menu at the top of the page which easily allows you access to the top stories across all the Google News properties. If you look at that ...,Sci/Tech,Sports
"Eagles Bring Back Levens; Place Andrews on IR (Reuters) Reuters - The Philadelphia Eagles\made several roster moves on Tuesday, including bringing back\Dorsey Levens and placing Shawn Andrews on injured reserve.",Sports,Sci/Tech
"Mark Cuban prompts dot-com redux reporteri #39;s notebook SAN FRANCISCO--Hope and cynicism sparred to a draw on Tuesday at the glitzy opening banquet of Web 2.0 conference here, as serial entrepreneur and reality TV show host Mark Cuban took the stage to talk about what #39;s next for the 10-year",Sci/Tech,Sports
"Venezuela Seeking Arms, Perhaps MiG-29s CARACAS, Venezuela (Reuters) - Venezuela is looking to buyarms to strengthen its military capability and Russian MiG-29fighters are among the options being evaluated, a seniorofficer said on Monday.",World,Business
"Speak to my right ear, sing to my left Researchers at the University of California find that the right and left human ears process sound differently: The right ear is better at picking up speech-like sounds and the left is more attuned to music.",Sci/Tech,Business
Panel to Investigate Fraud Charges in Afghan Vote The move to head off the attack on the vote's legitimacy came as workers began the long process of collecting ballots.,World,Sci/Tech
Radeon X850 Released VisionTek announced today the official launch of its XTASY RADEON X850 XT PCI Express Graphics Accelerator card. quot;We #39;ve been overwhelmed by customer requests for a top of the line VisionTek 16X PCI Express,Sci/Tech,Sports
"Euro supercomputing initiative welcomes users European researchers can now turn to a new supercomputing network for help in their scientific endeavors. quot;We have just completed testing, quot; said David Henty with the Edinburgh Parallel Computing Centre, a",Sci/Tech,Business
"Soldiers Kill Palestinian Near Gaza-Israel Fence Israeli soldiers shot and killed a Palestinian as he approached a security fence between Israel and the Gaza Strip, Israeli military sources said on Saturday.",World,Sports
"American Economist Expected to Win Nobel (AP) AP - Americans have dominated the annual Nobel Memorial Prize in Economic Sciences five years running, and it may not surprise Nobel watchers if the trend continues.",Business,Sports
"Military Buoys Profit at Defense Firms CHICAGO (Reuters) - Robust demand for military equipment and technology led four U.S. defense companies to post higher quarterly profit on Wednesday, with jet maker Boeing Co. BA.N reporting a 78 percent jump in earnings despite a decline in commercial airplane revenue.",Business,World
"NHL Players, Owners Reject Plans to End Lockout TORONTO (Reuters) - Hopes of saving the National Hockey League season all but vanished Tuesday when players and team owners rejected proposals to end the labor dispute.",Sports,Sci/Tech
"Procter amp; Gamble: A soap opera success By Davis Dyer, Frederick Dalzell. By Robert Slater. In the 1830s, William Procter, a storekeeper and candle maker, and James Gamble, a soap maker, happened to marry two sisters in Cincinnati, Olivia and Elizabeth Ann Norris.",Business,Sci/Tech
U.S. Stocks End Higher NEW YORK (Reuters) - U.S. stocks ended higher on Wednesday as investors snapped up semiconductor shares at bargain prices and bought some blue chips after crude oil retreated from record high prices.,Business,Sci/Tech
"Medicare Premiums to Rise Record 17 Pct. WASHINGTON - Medicare premiums for doctor visits are going up a record \$11.60 a month next year. The Bush administration says the increase reflects a strengthened Medicare, while Democrats complain that seniors are being unfairly socked...",World,Business
"Motorola Quarterly Earnings Rise Motorola Inc., the world's No. 2 maker of cell phones, on Tuesday said its quarterly profit\more than tripled, as sales rose 26 percent, driven in part by a host of new handset models and cost controls.",Sci/Tech,Business
"Hezbollah flies unmanned plane over Israel Hezbollah sent an unmanned reconnaissance plane over Israeli airspace Sunday, the Lebanon-based group and the Israeli military said.",World,Sports
"Humax, TiVo recorder aims for prime time The companies target mainstream audiences with a low-cost combination digital video recorder and DVD burner box.",Sci/Tech,Sports
"EDS cutting 4,600 jobs through early retirement, taking US\$150M ... PLANO, Tex. (CP) - Electronic Data Systems is cutting 4,600 jobs through early retirement and taking a \$150 million US charge in the fourth quarter, the information technology company said Tuesday.",Business,Sports
"Martha Stewart Living posts bigger loss Martha Stewart Living Omnimedia Inc., still reeling from the personal legal woes of its imprisoned founder, former chairwoman and CEO, posted a wider loss in the third quarter",Business,Sci/Tech
"US Space Agency Improves Shuttle Safety, Management The US space agency, NASA, continues work on improving the safety of the space shuttle, before the fleet of orbiters resumes its visits to the international space station next year.",Sci/Tech,Business
"World briefs LONDON - A man wielding a machete and a knife attacked two security guards at the building housing the headquarters of the British domestic intelligence service MI5 on Friday, police said.",Business,Sports
"Minaya Shakes Up Mets Coaching Staff NEW YORK Oct. 13, 2004 - Mets general manager Omar Minaya shook up New York #39;s coaching staff Wednesday while continuing to search for a manager to replace Art Howe.",Sports,Sci/Tech
"Drummond back to his happy home Scott Drummond, who meets the defending champion Ernie Els tomorrow in the first round of the World Match Play Championship, arrived at Wentworth in May with career earnings on the European Tour of less than 40,000.",Sports,Sci/Tech
"Soccer: Matuzalem brace ends Celtic #39;s Champions League hopes DONETSK, Ukraine: Brazilian midfielder Matuzalem defied the chilly temperatures to score a double for Shakhtar Donetsk on Wednesday in a 3-0 win which virtually ended Celtic #39;s Champions League ambitions this season.",Sports,Sci/Tech
Shaukat Aziz gets vote of confidence ISLAMABAD: Newly-elected known as finance wizard Prime Minister Shaukat Aziz has secured vote of confidence form the national assembly.,World,Business
"China vows currency shift but mum on date Washington, Oct. 2: In the face of growing international pressure, Chinese officials told top US officials on Friday that they would continue to push ahead with plans to float or revalue their currency, but",Business,World
Pakistan and India agree to cooperate on easing tensions and ... The leaders of India and Pakistan promised Friday to work together to quot;restore normalcy and cooperation quot; between their countries and seek peace in the disputed Himalayan territory of Kashmir.,World,Sports
"Europe ; Serbia calls on UN to annul appointment of Kosovo PM He (Haradinaj) is a war crimes suspect, and Serbian authorities will face numerous difficulties ... with such a person, Kostunica said.",World,Business
Bollywood actress Nirupa Roy dies Bollywood actress Nirupa Roy dies after a heart attack at her home in Mumbai (Bombay) aged 73.,World,Sports
Sony Burner For Mac Users Sony has introduced a Mac compatible external double-layer dual-format DVD drive. The DRX-710UL-T comes with Roxio #39;s Toast 6 Lite software and will be available next month.,Sci/Tech,Sports
"Get Real? This time last week, first lady Laura Bush was having what she might call her Christmas Tree Day. First, she showed off the decorated executive mansion to reporters and then joined her husband",Business,Sports
"Alaska #39;s summer tourism pegged at 1.4 million visitors The number of summer visitors to Alaska rose from the year before, prompting the president of the Alaska Travel Industry Association to say tourism appeared to be back on track since leveling off after the 2001 terrorist attacks.",Business,Sports
Trapeze Software Eases Services Delivery (Ziff Davis) Ziff Davis - Trapeze Networks this week will announce upgrades to its wireless LAN switch software.,Sci/Tech,Sports
Prying Into FBI Activities The ACLU files Freedom of Information Act requests to find out why antiterrorism task forces have been monitoring activists. By Ryan Singel.,Sci/Tech,Sports
"Stocks Climb on Strong Economic Data NEW YORK - Newly optimistic investors sent stocks sharply higher Friday, propelling the Dow Jones industrials up more than 100 points, after economic data showed strength in manufacturing and construction. Wall Street greeted the departure of PeopleSoft Inc.'s chief executive by buying up technology shares...",World,Business
Indonesian militant sentenced to 12 years in Marriott hotel ... : An Indonesian court sentenced a Muslim militant to 12 years in jail on Thursday after finding him guilty of involvement in last year #39;s JW Marriott hotel bombing in Jakarta.,World,Sports
"Southwest makes strong bid for Midway gates Southwest Airlines has offered more than \$100 million for part of ATA #39;s operations at Chicago #39;s Midway Airport. If successful, it could torpedo AirTran Airway #39;s efforts to create a hub there.",Business,Sports
"Miller slams transit funding Public transit in Toronto will not improve next year despite \$81-million in provincial gas tax funding announced yesterday, according to Mayor David Miller.",Business,Sports
"Congress Told FDA Failed Public on Vioxx WASHINGTON (Reuters) - The U.S. Food and Drug Administration failed the public in its oversight of Merck Co Inc.'s painkiller Vioxx, which has been withdrawn, and is ""incapable of protecting America"" from another dangerous drug, an agency researcher told Congress on Thursday.",Business,World
"Metier Assists FBI Information Technology Initiative Metier Ltd. of the District won a one-year, \$2 million contract for software and services for the FBI's Enterprise IT Portfolio Management Program. The new initiative will improve oversight of the FBI's information-technology systems, applications and assets by the agency's IT management and staff, the company said.",Sci/Tech,Business
"Noah's Ark Quest Dead in Water -- Was It a Stunt? In April a Christian activist announced a summer 2004 expedition to search for Noah's ark. The quest didn't happen, and now critics are questioning the project's credibility.",Sci/Tech,World
Britain doing quot;all we can quot; for hostage in Iraq Prime Minister Tony Blair has his government is doing all in its power to help a kidnapped Briton -- but he has avoided a public response to insurgents threatening to kill the man.,World,Sports
Turkey a step closer to Brussels The European Commission is set to give the green light later today to accession talks with Turkey. EU leaders will take a final decision in December.,World,Business
"Quattrone gets 18 months in prison Frank Quattrone, who rose to investment banking stardom during the dot.com boom, was sentenced to 18 months in a federal prison camp in Lompoc, Calif.",Business,World
"Sun Sets Sights on Linux Vendors (AP) AP - After years of battling Microsoft Corp., Sun Microsystems Inc. has set its sights on Linux vendors, seeking to jump into a low-end but high-volume market it's been accused of ignoring.",Sci/Tech,World
Bernhard is off the list for key GM post General Motors Corp. won #39;t offer its top advanced vehicle development job to former Chrysler Group Chief Operating Officer Wolfgang Bernhard but likely will divvy it up instead,Business,Sports
Cocoa farmers issue strike threat Unions are threatening a general strike in the Ivory Coast in a protest against the prices farmers are paid for their cocoa supplies.,Business,Sci/Tech
NCAA Notifies Baylor Baylor received its notice of allegations Thursday from the NCAA about infractions in its men's basketball program discovered after the death of player Patrick Dennehy.,Sports,World
"Midtier ERP Vendors Can Capitalize On Oracle Antitrust Verdict The door is open for Oracle to win its bid for PeopleSoft, and for midmarket ERP vendors to increase their business. By Elena Malykhina.",Sci/Tech,World
Japanese rescuers grapple with rocks to retrieve girl from quake ... TOKYO - Rescuers grappled through mud and rocks for a second day Thursday in the hope of finding a three-year-old girl trapped in a crushed car since Japans killer earthquake last weekend.,World,Sci/Tech
"Devil Rays thumbnails at Fenway Park Records: Boston is 86-56 (second in the AL East); Tampa Bay is 61-80 (fourth in AL East). Tonight (7:05, NESN, WEEI): LHP Scott Kazmir (1-1, 5.62) vs.",Sports,Sci/Tech
Golovin and Dechy lead France into Fed Cup final MOSCOW (AFP) - Tatiana Golovin and Nathalie Dechy led holders France to a 5-0 mauling of Spain to set up a Fed Cup final clash against Russia.,Sports,World
"Bill Gates Gets 4 Million E-Mails a Day Bill Gates might not use AOL, but he's definitely got mail. The Microsoft Corp. chairman receives millions of Internet messages a day, said Steve Ballmer, the company's chief executive. ""Bill literally receives 4 million pieces of e-mail per day, most of it spam,"" Ballmer said Thursday.",Sci/Tech,Business
Softbank's hopes on mobile services dashed (FT.com) FT.com - Softbank's hopes of starting a mobile phone service were dealt a blow on Monday after the Japanese telecoms regulator decided not to allocate bandwidth to new entrants for the time being.,Sci/Tech,Business
"Chirac #39;s tour of China magnifies partnership Dialogue between China and France, two countries which highly value cultural diversity and pluralism in international politics, is no doubt conducive to world peace.",World,Sports
"Man Held in England in Cisco Code Theft (AP) AP - A 20-year-old man has been arrested in England in the theft of the proprietary software blueprints used by Cisco Systems Inc.'s networking equipment, police and the company confirmed.",Sci/Tech,Sports
"TruSecure merges with Betrusted BOSTON - Information security services companies TruSecure Corp. and Betrusted plan to announce on Tuesday that they have merged, forming a new company called Cybertrust.",Sci/Tech,Sports
AMP shrugs off British debacle Australian insurer AMP returned to the black in the first half of the year with net profits of A\$378m (150m) after a disastrous foray into Britain pushed it A\$2.16 billion into the red last year.,Business,Sports
"Russia ready to contribute to settlement of South Ossetia conflict: Putin MOSCOW, Aug. 18 (Xinhuanet) -- Russian President Vladimir Putin said Wednesday that Russia is ready to contribute to a settlement of conflict between Georgia and its separatist province of South Ossetia.",World,Business
"Unions protest as overtime rules take effect WASHINGTON -- Hundreds of workers rallied on the steps of the Labor Department yesterday to protest the implementation of new rules they say will cause as many as 6 million Americans to lose their overtime pay. But the Bush administration officials who crafted the complex regulations insisted more workers will actually qualify for extra pay under the plan, which almost ...",Business,Sci/Tech
Hamstring Shelves Moss Vikings receiver Randy Moss will miss his first game as a pro on Monday night against the Colts with a recurring hamstring strain that requires rest.,Sports,World
"MEPs threaten to sink commission over Buttiglione MEPs threatened last night to bring down the new European Commission before it even takes office, as a row sparked by controversial comments about homosexuality escalated into an unprecedented crisis.",World,Business
Hughes Seals Rovers Return Blackburn tonight installed Wales boss Mark Hughes as their new manager to take over from Graeme Souness. The identity of the appointment was not a surprise but the speed in which it was announced certainly was.,Sports,Sci/Tech
"Fischer's Fiancee: Marriage Plans Genuine (AP) AP - Former chess champion Bobby Fischer's announcement thathe is engaged to a Japanese woman could win him sympathy among Japanese officials and help him avoid deportation to the United States, his fiancee and one of his supporters said Tuesday.",World,Sports
"Dark Echoes from Titan Microwave brightness of Titan reveals surface properties such as temperature composition and roughness. Image Credit: NASA/JPL. Looking at radar reflections of Titan, scientists are puzzled by what they see",Sci/Tech,World
"Forecasters: More Hurricanes May Be on Way Ivan, Frances and Charley delivered three staggering blows to the Gulf Coast and Florida, as well as Caribbean island nations, all in just five weeks.",Sci/Tech,Sports
Showalter edges Twins #39; Gardenhire in AL Texas #39; Buck Showalter and Atlanta #39;s Bobby Cox were named managers of the year Wednesday in balloting by the Baseball Writers #39; Association of America.,Sports,Sci/Tech
Will Hutton There were two stories last week that will have world-shaping implications. The first was in a Paris hospital and a compound in Ramallah.,Business,Sports
"US not to free female scientists : With time running out to save a British hostage in Iraq, US officials said today they were not about to free female Iraqi prisoners as demanded by an al Qaida ally whose group has already beheaded two Americans.",World,Business
"'Frankenfish' Caught in Great Lakes (Reuters) Reuters - The dreaded Northern Snakehead, a\voracious predator dubbed the ""Frankenfish"" that can breathe\out of water and wriggle across land, has invaded the Great\Lakes, authorities said on Friday.",Sci/Tech,World
"Mandela, Tutu and others support Annan A group of high profile South Africans, including former president Nelson Mandela, has condemned attempts to force United Nations secretary-general Kofi Annan to resign.",World,Sci/Tech
Court bars MCI from making payments A federal court Wednesday barred No. 2 US long-distance carrier MCI Inc. from making further payments to cover more than \$25 million in unauthorized expenses related to bankruptcy of predecessor WorldCom.,Business,Sports
"Cazenove faces scrutiny over merger talks Cazenove, the Queen #39;s broker, will tomorrow be under pressure to divulge the state of merger talks at its annual shareholder meeting, with US giants circling the firm.",Business,Sci/Tech
"Lawmakers give the space agency greater flexibility in its new ... After a year of wrangling over NASA #39;s \$16.2 billion budget, lawmakers have delivered in a big way, giving the space agency its full funding request and unprecedented spending flexibility.",Sci/Tech,Business
"Chicago Bears Cut Bryan Robinson LAKE FOREST, Ill. -- Veteran defensive lineman Bryan Robinson (pictured) was among 21 players cut Sunday as the Chicago Bears pared their roster to 53.",Sports,Sci/Tech
"Lazard adversaries edge closer to a deal Bruce Wasserstein, head of Lazard, could reach an agreement as early as this week with Michel David-Weill, the chairman, extending the deadline for",Business,Sports
"Islamic group holding lorry drivers demands firm quit Iraq (AFP) AFP - A group calling itself the Secret Islamic Army (SIA) will release seven hostages it has been holding for more than a month as soon as their Kuwaiti company says it will no longer operate in Iraq, the SIA announced.",World,Sci/Tech
"Kerry Dispute Revives Memory of Delta War (AP) AP - The controversy over the Vietnam war record of Democratic presidential candidate John Kerry has trained a fresh light on one of that conflict's lesser-known episodes #151; the operations of America's ""Brown Water Navy"" in rivers, canals and mangrove swamps of the Mekong Delta.",World,Business
Carrefour Dips Ahead of Expected Warning Carrefour SA #39;s shares dipped Tuesday amid reports that the world #39;s second largest retailer was to issue a profit warning when it posts third-quarter revenue later in the day.,Business,Sports
"NetApp CEO: No Storage Spending Shortfall (TechWeb) TechWeb - Customers are decoupling storage from server purchases, which explains why EMC and NetApp earnings were up and why Sun and HP were flat or down, Warmenhoven says.",Sci/Tech,Sports
"Miracle in mud! REAL: Philippine rescuers were yesterday frantically digging for more survivors after four people, including a toddler, were pulled alive from a building crushed by a landslide 11 days ago.",World,Sports
Doesn't matter to me if health care is privately delivered:Alta's Klein (Canadian Press) Canadian Press - EDMONTON (CP) - Alberta Premier Ralph Klein acknowledged Tuesday that he personally doesn't have a problem with private delivery of health-care services.,World,Business
"TiVo Net Loss Widens; Subscribers Grow TiVo Inc.(TIVO.O: Quote, Profile, Research) , maker of digital television recorders, on Monday said its quarterly net loss widened as it boosted spending to acquire customers, but subscribers to its fee-based TV service rose",Business,Sports
"Sony, IBM, Toshiba Give Details of 'Cell' Chip (Reuters) Reuters - IBM , Sony Corp. (6758.T) and\Toshiba Corp. (6502.T) on Monday revealed their plans for the\powerful new ""Cell"" processor the three are jointly producing\to run next-generation computers, game consoles and\televisions.",Business,Sci/Tech
HK democrats to take seats A new crop of Hong Kong democrats are due to be sworn in to the Legislative Council.,World,Business
Hispanic rights groups unite to fight voter discrimination (AFP) AFP - US civil rights groups expressed concern over alleged intimidation of Hispanic voters and said they will work to ensure their ballots are counted in the November 2 presidential election.,World,Business
"At Tuesday #39;s midnight hour, you #39;ll find a meteor shower While walking the pooch in the crisp early morning air Wednesday, you might hear a few snaps, perhaps a buzz, and maybe even some whistles overhead.",Sci/Tech,Sports
Brokerage Settles Charges Over Mutual Fund Fees A Fort Worth brokerage that sold high-fee mutual funds to military families agreed yesterday to pay \$12 million to settle allegations that it used misleading marketing literature and scripts.,Business,World
"Sun makes run for supercomputing title With the economy slowly turning up, upgrading hardware has been on businesses radar in the past 12 months as their number two priority.",Sci/Tech,Sports
"Soldiers' War Blogs Detail Life in Iraq Iraq war blogs are as varied as the soldiers who write them. Some sites feature practical news, war pictures and advice. Some are overtly political, with more slanting to the right than to the left. Some question the war, some cheer it.",Sci/Tech,World
"Flying Cars Reportedly Still Decades Away (AP) AP - It's a frustrated commuter's escapist fantasy: literally lifting your car out of a clogged highway and soaring through the skies, landing just in time to motor into your driveway.",Sci/Tech,Sports
"Vilsack, Dean Jockey for Top DNC Post (AP) AP - Iowa Gov. Tom Vilsack told Democratic leaders on Friday he may seek the party's top job as the jockeying to replace chairman Terry McAuliffe intensified.",World,Sports
#39;Do or die #39; for cash-tight Delta Struggling Delta Air Lines #39; latest financials show its cash on hand has dipped below the point where some analysts say it must decide to file for bankruptcy.,Business,Sports
"Order for Saudi tankers goes to Hyundai Heavy DUBAI Hyundai Heavy Industries, the world #39;s largest shipbuilder, has won a Saudi order for two large oil tankers as OPEC pumps near capacity, lifting supertanker prices.",Business,Sci/Tech
"Greenspan: Economy Regaining Traction WASHINGTON (Reuters) - The U.S. economy is pulling out of its recent soft patch and appears to be picking up steam, Federal Reserve chief Alan Greenspan said on Wednesday in remarks economists saw as cementing a September rate rise.",Business,Sci/Tech
"Russian atmosphere hard for Westerners The government has eviscerated Russia #39;s Western-style oil company, Yukos, in what has been widely viewed as political payback.",Business,Sports
Obesity Solution: Nuke It Eying that juicy steak but worried about your waistline? Sharp says it has developed a new fat-busting microwave oven that can melt some of your worries away.,Sci/Tech,Business
"New strain of Skulls Trojan hits smart phones Mobile phones running Symbian's Series 60 operating system are the target of a new strain of the Skulls Trojan horse program. The new Trojan comes with the Cabir.B worm, which, unlike the first version of the virus, can spread to other phones within reach of Bluetooth broadcasting range.",Sci/Tech,Sports
"Sneaky Sharing (PC World) PC World - Despite well-publicized wins by piracy foes, illegal digital music and movie trading continues to flourish in underground havens.",Sci/Tech,Sports
"Dell AC Adaptors Recalled October 8, 2004 - Dell Inc. is recalling about 2.9 million AC adapters nationwide_ 4.4 million worldwide_ used with notebook personal computers because they can overheat and cause a fire and electrical shock",Sci/Tech,Sports
"Japan snubs Russian proposal, says it wants all disputed Kuril ... TOKYO: Japan said it wanted Russia to return all four Kuril islands, snubbing Moscow #39;s renewed talk of returning two of them to end the dispute that has prevented the countries from formally ending World War II.",World,Business
"Discoverer of DNA Fingerprinting Has Concerns About Technology One morning 20 years ago, Alec Jeffreys stumbled upon DNA fingerprinting, identifying the patterns of genetic material that are unique to almost every individual. The discovery revolutionized everything from criminal investigations to family law.",Sci/Tech,Business
"Orioles 8, Devil Rays 0 Javy Lopez drove in four runs, Daniel Cabrera became the first rookie to win 10 games this season, and the Baltimore Orioles held the Tampa Bay Devil Rays to two hits in an 8-0 victory.",Sports,World
"Broadcaster Donates #36;325,000 to GOP (AP) AP - One of the state's biggest broadcasters has given 13 Republican county committees #36;325,000 worth of free air time to promote candidates on its radio and television stations throughout California.",World,Sci/Tech
Spurrier expected to replace Holtz Lou Holtz wanted his South Carolina players to focus on their game against Clemson. They suddenly have a lot more on their minds. Holtz will retire as coach at South Carolina,Sports,World
"Bailout plan shelved for Donald Trump #39;s casinos A proposed bailout of Donald J. Trump #39;s casino company has been shelved, and Trump now says he may take the company private. The company #39;s shares fell 10 percent.",Business,Sports
"UK to Host Mideast Conference: Report LONDON , December 6 (IslamOnline.net amp; News Agencies) - Britain received a green light from Washington to host a conference on Middle East peace after the Palestinian presidential elections, a British news paper reported Monday, December 6.",World,Sci/Tech
"Mars gases reveal enticing clues for life Water vapour and methane gas have been found in the same places on Mars, strengthening speculation that the Red Planet could be a haven for microbial life, space scientists say.",Sci/Tech,World
"Voting Machines Remain Unsecured--Experts In one example, a government study of voting-machine security issues was eventually canceled because conclusions by the panel of computer scientists were so negative.",Sci/Tech,World
Merck Shares Drop on Report of Documents About Vioxx Drug Merck amp; Co. shares fell as much as 7 percent to their lowest level in more than eight years after the Wall Street Journal said the drugmaker tried for years to stop safety concerns from hurting sales of its Vioxx painkiller.,Business,World
"Microsoft Launches New Media Center PC Microsoft Corp. MSFT.O on Tuesday unveiled a new version of its Windows XP Media Center, adding features such as instant messaging and high-definition television to a personal computer designed for the living room.",Business,Sci/Tech
"Meditation Practice Helping Arthritis Patients By ALEX DOMINGUEZ BALTIMORE (AP) -- Dalia Isicoff knows pain. A lifelong sufferer of rheumatoid arthritis, she has had seven hip replacement surgeries...",Sci/Tech,Business
"CRM Best Practices: TCO and ROI (NewsFactor) NewsFactor - With CRM projects costing millions, even in some mid-size companies, it is no surprise CFOs are leading the charge to be sure the most important projects are first, that they are justified, and that they actually deliver on their forecast benefits.",Sci/Tech,Sports
"Hurricane Ivan Blasts Alabama, Kills 12 GULF SHORES, Ala. - Hurricane Ivan slammed ashore early Thursday with winds of 130 mph, packing deadly tornadoes and a powerful punch of waves and rain that threatened to swamp communities from Louisiana to the Florida Panhandle...",World,Sci/Tech
"Britain extends citizenship rights to Gurkha soldiers (AFP) AFP - Britain has extended full citizenship rights to Gurkha soldiers from Nepal who serve in the British armed forces, Prime Minister Tony Blair has said.",World,Sports
"Research predicts iceless Arctic Global warming is causing the Arctic ice-cap to melt at such an unprecedented rate that by the summer of 2070 it may have no ice at all, according to the most comprehensive study carried out on global climate change in the region.",Sci/Tech,Business
"Cubs, Marlins to make up Frances series with two doubleheaders The Chicago Cubs and Florida Marlins will play two doubleheaders to make up the three-game series that was wiped out last weekend in Miami by Hurricane Frances.",Sports,Business
Trump defends Martha Stewart New York real estate mogul Donald Trump defended his friend Martha Stewart as the woman who turned home economics into a media empire began her prison term.,Business,Sci/Tech
"RSA sees looming identity crisis online As Internet becomes a crime-choked neighborhood, companies could close their e-commerce shutters and customers could flee.",Sci/Tech,World
"Internosis Will Relocate To Greenbelt in October Internosis Inc., an information technology company in Arlington, plans to move its headquarters to Greenbelt in October. The relocation will bring 170 jobs to Prince George's County.",Sci/Tech,World
"Acer Boosts Its Ferrari Acer has announced the newest addition to the Ferrari line of notebooks, the Ferrari 3400. The notebook is based on the latest Mobile AMD Athlon 64 processor 3000 for thin and light notebooks.",Sci/Tech,Sports
Time Warner settles AOL investigations for \$510 million Time Warner will pay \$210 million to defer a Justice Department investigation into accounting irregularities at its Dulles-based America Online unit.,Business,Sports
"Jobs #39; Apple vs Beatles #39; Apple p2pnet.net News:- It #39;s Apple vs Apple again - that #39;s to say Steve Jobs #39; Apple versus The Beatles #39; Apple. Apple-B claims Apple-J infringes its trade mark and the latter, quot;is likely to be forced into a multimillion",Sci/Tech,Sports
"Today's schedule College field hockey: UMass-Dartmouth at Salve Regina, 3 p.m.; UNH at BC, 7 p.m.; Anna Maria at Westfield St., 7 p.m.",Sports,Sci/Tech
"MANY NEWSPAPERS SEE CIRCULATION DECLINES Some of the nation #39;s largest daily newspapers reported steep circulation declines yesterday, with overall circulation down across the industry, a new report revealed.",Business,Sports
"Rockies Terminate Neagle's Contract (Reuters) Reuters - Colorado terminated the contract\of pitcher Denny Neagle on Monday, three days after he was\ticketed for soliciting a women for oral sex.",Sports,Business
"Former Philippine presidential candidate in deteriorating ... The former presidential candidate and movie actor Fernando Poe Jr. #39;s condition has deteriorated after he suffered a stroke, doctors said Monday.",World,Sports
Wharf marks debut with wickets In-form Alex Wharf made an impressive start to his international career this morning with wickets in his first two overs against India at Trent Bridge.,Sports,World
"Arsenal boss Wenger has keeper worries Arsenal bounced back to winning ways with a comfortable 3-0 victory over struggling Birmingham City yesterday. A brace from Thierry Henry came after Robert Pires #39; opener, but it was the shaky Premiership debut",Sports,Business
"Former Dire Straits Front Man Uses AMD Opteron for New Album Mark Knopfler, the former lead guitarist and singer for Dire Straits, has recorded his new quot;Shangri-La quot; album on a dual AMD Opteron processor-based digital audio workstation.",Sci/Tech,Sports
"Mars Express Instrument Finds Possible New Evidence When Vittorio Formisano, the principal investigator for the Planetary Fourier Spectrometer (PFS) aboard the European Space Agency #39;s Mars Express, announced Monday that his team found that concentrations",Sci/Tech,Business
"U.N. Urges Funds to Curb African Locusts (AP) AP - With swarms of locusts threatening crops in a number of African countries, a U.N. agency appealed for an additional #36;70 million in assistance Thursday to prevent the upsurge from becoming a full-scale plague.",Sci/Tech,World
"New Spasm of Violence Sweeps Iraq, Killing 110 BAGHDAD (Reuters) - At least 110 people were killed across Iraq on Sunday in a sharp escalation of violence that saw gun battles, car bombs and bombardments rock the capital.",World,Sci/Tech
"Whitman: EBay To Buy Rent.com; Compliments Craigslist Stake Without reserve. EBay (nasdaq: EBAY - news - people ) on Friday said it is buying Rent.com. The latter, which is privately held, provides online listings of apartment and house rentals.",Business,Sci/Tech
"Singh rules world that is yet to embrace him On Monday, the newly crowned No. 1 walked into a room to face the world #39;s golfing media, having just shot down Tiger Woods in the final round of the Deutsche Bank Championship near Boston.",Sports,Business
Republican Convention Dogged by Relentless Protests (Reuters) Reuters - Five thousand people protesting high\job losses formed a 3 mile unemployment line in Manhattan on\Wednesday and AIDS activists disrupted a Republican meeting on\the third day of the party's convention to nominate the\president to a second term in office.,World,Business
"Raised by Others, Birds Use Code to Find Their Kind Like the ugly duckling, cowbirds are raised by other bird species. So how do they find each other as adults? A new study says they have a ""password,"" among other things.",Sci/Tech,Business
"CBS Realigns Entertainment Divisions eslie Moonves, the co-president of Viacom, yesterday realigned the management of the company #39;s CBS entertainment division and Paramount television production studio, promising smoother and greater interaction between the two.",Business,Sports
Online Football: Bruins unable to squeeze past Trojans The UCLA football team had all that it asked for: possession of the ball in the fourth quarter with an opportunity to beat No. 1 USC.,Sports,Sci/Tech
"The Bag of Aeolus quot;Aeolus was keeper of the winds. He gave a bag of evil winds to Odysseus, instructing him to keep it closed while a good breeze wafted him home.",World,Sports
Collingwood anchors England (AFP) AFP - Paul Collingwood's unbeaten 80 took England to 299 for seven against Zimbabwe in their opening Champions Trophy Pool D match at Edgbaston here.,World,Sci/Tech
"US fighter squadron to be deployed in South Korea next month (AFP) AFP - A squadron of US Air Force F-15E fighters based in Alaska will fly to South Korea next month for temporary deployment aimed at enhancing US firepower on the Korean peninsula, US authorities said.",World,Business
"State, drug chains reach agreement The state of Maine, Rite Aid Corp., and Community Pharmacy LP have agreed to a consent decree placing conditions on the sale of five Community Pharmacy stores to Rite Aid.",Business,Sci/Tech
Regulators Approve Artificial Heart The Food and Drug Administration approved the use of an artificial heart made by SynCardia Systems as a temporary device for people awaiting transplants.,Sci/Tech,Business
Funding of Election Monitors A Concern A delegation that was paid to watch the Ukraine elections by a lobbyist affiliated with one of the candidates has some saying the move taints the process of promoting democracy.,World,Business
"Microsoft Settles Novell Antitrust Suit (Reuters) Reuters - Microsoft Corp. said\on Monday it agreed to settle antitrust lawsuits with Novell\Inc. and an industry trade group, marking the end of a\decade-long antitrust battle.",Business,Sci/Tech
"Sun posts narrower quarterly loss OCTOBER 14, 2004 (REUTERS) - SAN FRANCISCO -- Sun Microsystems Inc. today posted a narrower quarterly loss as revenue rose year over year for the second consecutive quarter after three years of declines, sending shares slightly higher.",Sci/Tech,Sports
"Connors rallying cry for British tennis quot;Do you have it in your heart? How much guts do you have? How much do you hate to lose? quot;. These are the questions Jimmy Connors will be asking of Britain #39;s brightest tennis hopes in the months, and possibly years, to come.",Sports,Sci/Tech
"HK Disneyland Theme Park to Open in September Hong Kong #39;s Disneyland theme park will open on Sept. 12, 2005 and become the driving force for growth in the city #39;s tourism industry, Hong Kong #39;s government and Walt Disney Co.",Business,Sports
Time to step up Charlie Garner didn #39;t come to Tampa to watch the Tampa Bay Bucs offense stumble around like it has in the first two games of this season.,Sports,Business
Poutiainen Wins But Plays Down Cup Hopes Finland #39;s Tanja Poutiainen snatched back the women #39;s World Cup lead with her third victory of the Alpine ski season on Sunday but played down her chances of winning the overall title.,Sports,World
"Computer Users Warned of #39;David Beckham Zombie Trap #39; Hackers are trying to trick computer users into downloading damaging software by claiming to have sleazy photographs of football star David Beckham, experts warned today.",Sci/Tech,Business
"Afghans Vow to Kill UN Hostage if Demands Not Met KABUL (Reuters) - A Taliban splinter group holding three U.N. workers hostage demanded a response to its demands from the Afghan government and United Nations by Tuesday afternoon, saying it would kill one captive if they were not met.",World,Business
EBay #39;s Buy Of Rent.com May Lack Strategic Sense Standard amp; Poor #39;s Equity Research said the purchase of Rent.com by eBay (nasdaq: EBAY - news - people ) could be a bit of a miscalculation.,Business,Sci/Tech
"DaimlerChrysler, Mitsubishi in venture Automaker DaimlerChrysler AG said Wednesday it has signed a contract with Japan #39;s Mitsubishi Motors Corp. in which the two companies renewed their commitment to joint production and development projects.",Business,Sports
"Lockheed to Launch Rocket; Boeing Gets New Date (Reuters) Reuters - Lockheed Martin Corp. on Monday\announced that it will launch its Atlas V rocket on Dec. 17 as\planned, while Boeing Co. waited to reschedule a launch of its\Delta IV heavy-lift rocket that it was forced to abandon on\Sunday.",Sci/Tech,Business
Canadian Driving Champion Jacques Villeneuve to Join Swiss Team Former world driving champion Jacques Villeneuve of Canada has signed a deal to drive for the Swiss-based Sauber Petronas Formula One team next season.,Sports,Sci/Tech
"TheStreet.com May Be Up for Sale -- Report (Reuters) Reuters - TheStreet.com Inc. , the\financial news and commentary Web site, may be up for sale,\according to a report in Business Week, sparking a 7 percent\rise in its shares.",Sci/Tech,Business
"India test-fires missile NEW DELHI, Nov 26: India on Friday test fired Akash, the indigenously developed surface-to-air missile from the Integrated Test Range at Chandipur-on-sea, about 14km from Balasore (Orissa).",World,Sci/Tech
Does Nick Carr matter? Strategybusiness concludes that a controversial new book on the strategic value of information technology is flawed--but correct.\,Sci/Tech,World
"Clayton Offers to Buy Rexel for 2.6 Billion Euros (Update5) Clayton, Dubilier amp; Rice Inc. is leading a 2.6 billion-euro (\$3.45 billion) buyout of an electrical- equipment supplier from France #39;s Pinault-Printemps-Redoute SA, the New York-based firm #39;s third European acquisition this year.",Business,Sports
"White House May Pick Bernanke The White House, seeking a strong economic team to craft and sell key features of its second-term agenda, is considering tapping Federal Reserve Board member Ben S. Bernanke to serve as chairman",Business,Sci/Tech
Closing Arguments In Enron Barge Trial Houston -- Prosecutors claim six executives conspired to push through a 1999 sham sale of barges because they didn #39;t think they #39;d get caught.,Business,World
"Bureaucracy Pins Rocket to Earth The da Vinci Project, a Toronto group planning to launch a homemade, manned spacecraft in October, is having trouble getting its paperwork off the ground. Canadian regulators are leery of approving the launch. And then there's the matter of finding insurance. By Dan Brekke.",Sci/Tech,Business
"Semiconductor Manufacturing to Boost Capacity by Half (Update2) Semiconductor Manufacturing International Corp., China #39;s biggest supplier of made-to-order chips, said its factory capacity will rise by more than half in the second half as the company brings more plants on line.",Sci/Tech,Business
"Less Turbulence Ahead for Airbus, Boeing EU Trade Commissioner Peter Mandelson and his US counterpart, Robert Zoellick, aim for a truce in the latest transatlantic row over government aid for aviation rivals Boeing and Airbus.",Business,Sports
"Atlanta police arrest Braves player on DUI charge ATLANTA - Atlanta Braves shortsop Rafael Furcal has been arrested on charges of driving under the influence. Jail officials say Furcal was booked into the Atlanta city jail at 6:25 am on charges of DUI, speeding and reckless driving.",Sports,World
Mass. court denies new trial for convict BOSTON -- The state appeals court on Thursday declined to allow a new trial for a father convicted of beating a man to death at their sons #39; hockey practice.,Sports,Business
"Fate of Cameras on the Line Virginia's 10-year experiment with red-light cameras at traffic intersections expires next year, and it is uncertain whether they will be renewed.",Sci/Tech,Business
Dickens Departs Tony Dickens resigns as head coach at Northwestern six months after leading the Wildcats to the Maryland 4A boys basketball title.,Sports,Sci/Tech
"Interbrew wins shareholder vote to buy AmBev LONDON, August 27 (New Ratings) - Belgian brewing giant, Interbrew SA (ITK.ETR), has received the approval of its shareholders for its proposed acquisition of the Brazilian brewer, AmBev.",Business,Sci/Tech
Indonesian diplomats asked to help improve RI #39;s bad image JAKARTA (Antara): President Susilo Yudhoyono asked Indonesian diplomats on Monday to help the government improve Indonesia #39;s bad image.,Business,Sports
"Colgate-Palmolive Announces Job Cuts Toothpaste maker Colgate-Palmolive said today it is cutting 4,400 jobs and closing a third of its 78 factories around the world. The group, which makes products such as Colgate",Business,Sci/Tech
"Cougar Football Notes Houston, Texas- - Houston head football coach Art Briles finds himself in somewhat of a quandary as the Cougars prepared to play at the University of Southern Mississippi this Thursday night at MM Roberts Stadium in Hattiesburg, Miss.",Sports,Sci/Tech
"WebEx Launches Sales Center WebEx Communications is expanding its Web conferencing service with an offering designed for sales professionals, the company plans to announce this week.",Sci/Tech,Business
"Report: Global warming now inevitable The Arctic Council, an international group of northern nations, says global warming will be both a blessing and a curse. The group #39;s report, four years in the making and set for a Nov.",Sci/Tech,Business
CHUCK JAFFE BOSTON (CBS.MW) -- A lot of people got excited when Fidelity Investments announced recently that it was cutting fees on five index mutual funds.,Business,Sci/Tech
System glitch hits HSBC A glitch leaves customers of HSBC bank unable to use its internet services as well as cash machines.,Sci/Tech,Business
Around the world The bombing of a UN election office in Afghanistan that injured six policemen drew calls from a UN union Friday for a withdrawal of staffers from the embattled nation.,World,Business
Manpower survey forecasts slow hiring in early 2005 Those planning to look for a job in the Kalamazoo area during the first quarter of 2005 might find the going slow. The pace of hiring among area employers is expected to be slow during the first quarter of,Business,Sci/Tech
Rumours surround Google browser The search giant Google is rumoured to be working on its own web browser.,Business,Sci/Tech
Spammers strike back at Lycos In launching Make Love Not Spam Lycos this week started a controversial bid to battle unsolicited messages through a custom-designed website.,Sci/Tech,Sports
Take Two Torts and Call Me in the Morning The friction that sometimes strains the patient-doctor relationship when lawyers seek medical care is at an all-time high.,Sci/Tech,Business
"Fini named Italy foreign minister The leader of Italy's right-wing National Alliance, Gianfranco Fini, is appointed foreign minister.",World,Business
Sneaky Credit Card Tactics Keep an eye on your credit card issuers -- they may be about to raise your rates.,Business,World
US Open keeps it in the family It will be a long way from West Lakes when Lleyton Hewitt takes on his younger sister #39;s boyfriend. Robert Lusetich reports. IT is a US Open semi-final that has been previewed many times before -- in Adelaide.,Sports,Business
#39;Grateful #39; Kabul hostages look forward to returning to work Three UN election workers who were freed yesterday nearly a month after being abducted in Afghanistan have spoken of their gratitude to the Afghan people for supporting them during their plight.,World,Sports
"Low-Cost Airline Enters Bankruptcy Blaming excess capacity, extremely high fuel prices, which and descending fares, ATA Holdings Corp., parent of discount airline carrier ATA Airlines, said it has filed for bankruptcy.",Business,Sports
"Make hotels just like home HOTEL operators, take note: Todays hotel guests are making a nonsense of room-pricing strategies with their aggressive, Internet-aided discount-hunting.",Sci/Tech,Business
Thomson joins takeover bid for ContentGuard Thomson joined Microsoft and Time Warner on Monday in trying to take control of U.S. digital rights management (DRM) company ContentGuard Holdings.,Sci/Tech,Sports
"Singer: Minaya returns home NEW YORK -- Omar Minaya stood behind a small lectern in a danky room in the bowels of Shea Stadium, and allowed his life to flash before his eyes.",Sports,Sci/Tech
Fresh bid to dismiss Jackson case Lawyers for Michael Jackson say the singer's child molestation case should be dropped.,World,Business
"Stocks Climb on Drop in Consumer Prices NEW YORK - Stocks rose for a second straight session Tuesday as a drop in consumer prices allowed investors to put aside worries about inflation, at least for the short term. With gasoline prices falling to eight-month lows, the Consumer Price Index registered a small drop in July, giving consumers a respite from soaring energy prices...",World,Business
Dutch Lawmakers Say Threat Underestimated (AP) AP - Dutch lawmakers accused the government Thursday of underestimating the threat from Islamic terrorists and failing to protect a filmmaker slain by a suspected Muslim radical.,World,Sports
"Bush defends tax cuts WASHINGTON, Oct 2 (AFP) - US President George W. Bush said Saturday he would renew some of the huge tax cuts that form a cornerstone of his economic rejuvenation policy and chided Democratic challenger John Kerry for opposing the cuts.",Business,World
"Wal-Mart reduces sales forecast Wal-Mart, the world #39;s largest retailer, has lowered its November growth forecast amid concerns that fuel costs may slow down Christmas retail sales.",Business,Sci/Tech
"Will WiMax Replace DSL? (PC World) PC World - Despite Intel's support of the emerging wireless technology, some doubt its potential.",Sci/Tech,Sports
"Warning over rapid Arctic warming With temperatures in the Arctic rising at twice the rate of elsewhere, the ice cover there will within the next 100 years completely disappear in summer and the biodiversity will change dramatically, according to a scientific study published this week.",Sci/Tech,Sports
"China Launches Mapping Satellite (AP) AP - China on Sunday launched a satellite that will carry out land surveying and other scientific projects for several days and return to Earth, government media reported.",Sci/Tech,World
"Symantec Said to Be in Talks for Veritas Symantec, which produces the Norton line of computer products, is in talks to acquire Veritas Software, a maker of data backup programs.",Business,World
"Little guy earns big victory at Open NEW YORK -- Olivier Rochus didn't know quite how to react. First the arms went hesitantly up in the air. Then there was a little half-fist pump, a triumphant bellow, and a smile that could have lit a path through the darkest storm. Then Rochus, a 23-year-old Belgian who prior to this year had never won a match at the ...",Sports,Sci/Tech
Richardson Keeps Faith in Himself Kieran Richardson has banished any thought of leaving Manchester United - either permanently or on loan. The 20-year-old Londoner is expected to make his 20th senior appearance tonight as Sir Alex Ferguson,Sports,Sci/Tech
"Qassam rockets hit western Negev community Two Qassam rockets landed in the western Negev on Saturday morning, causing damage to a home. No casualties were reported. The rocket fire originated from the northern Gaza Strip.",World,Sci/Tech
"NTT DoCoMo, Mm02 Sign Deal TOKYO - Japan #39;s top cell phone operator NTT DoCoMo Inc. and major British mobile carrier mm02 plc reached an agreement that will allow mobile telephone users in Britain, Germany, and Ireland to surf the Internet on the handsets, DoCoMo said Tuesday.",Sci/Tech,Sports
Monti gives Abbey takeover green light European Competition Commissioner Mario Monti has given the green light to the UK8.75bn takeover bid by Spain #39;s Santander for the UK #39;s Abbey National.,Business,World
Cricket: Tendulkar to miss test Sachin Tendulkar is almost certain to miss Thursday's second Test against Australia in Madras.,World,Sports
"New air routes to more profits Major airlines can #39;t make their low-cost competitors disappear into thin air, but they can fly away from them, which they are planning to do, to overseas routes where bargain-basement carriers don #39;t go.",Business,Sci/Tech
"Child Abuse Leads to Adult Heart Disease By Ed Edelson, HealthDay Reporter HealthDayNews -- Children who are abused or neglected grow up to be adults with a significantly greater risk of heart disease, a new study says. It's the first study to show a direct link between a wide range of childhood problems and ischemic heart disease -- blockage of the arteries that leads to heart attacks and other major problems, said Maxia Dong, a medical epidemiologist at the U.S...",Sci/Tech,Business
Energy Dept. funds open-source InfiniBand work Three-year project will back programmers' effort to build Linux software support for the high-speed networking technology.,Sci/Tech,World
"Infocus: Detecting Worms and Abnormal Activities with NetFlow, Part 2 This paper discusses the use of NetFlow, a traffic profile monitoring technology available on many routers, for use in the early detection of worms, spammers, and other abnormal network activity in large enterprise networks and service providers. Part 2 of 2.",Sci/Tech,Sports
"Shakhtar to beat Celtic twice, bets Marica Donetsk, Ukraine, Oct. 20 -- Shakhtar Donetsks Romanian teenage forward Ciprian Marica believes his sides strong team spirit will see them beat Celtic twice in the UEFA Champions League.",Sports,Sci/Tech
"Bank on it: Checks won #39;t float, they #39;ll bounce or write a check before the funds are available in their accounts - might soon find themselves at risk for more bounced checks and high overdraft fees.",Business,Sci/Tech
"Internet Ad Revenues Jump 40 Percent Internet advertising revenues jumped 40 percent in the first half of this year, driven largely by the growing popularity of keyword ads tied to search results.",Sci/Tech,Business
Recording Industry Sues 750 Computer Users LOS ANGELES - The recording industry on Thursday filed another round of copyright infringement lawsuits against people it said were illegally distributing songs over the Internet.,Sci/Tech,Business
"Army restricted ethnic recruits The British Army secretly restricted numbers of ethnic recruits, according to official files just released.",World,Business
"Sony-Led Group to Acquire MGM for \$3B LOS ANGELES Sept. 13, 2004 - A consortium led by Sony Corp. has agreed in principle to acquire famed Hollywood studio Metro-Goldwyn-Mayer Inc.",Business,Sci/Tech
Martnez's Effort Lets Boston Fans Take Heart Boston's Pedro Martnez put his past four starts behind him Wednesday night to post a redemptive 8-3 victory over the Anaheim Angels.,Sports,Sci/Tech
FCC OK's paging company deal (TheDeal.com) TheDeal.com - Arch Wireless Inc. can complete its #36;367 million acquisition of Metrocall Holdings Inc.,Sci/Tech,Business
"Update: Intel shelves plans for 4GHz Pentium 4 Intel Corp. has confirmed its near-term plans for its desktop processors before it reaches the multicore era. The company will not release a 4GHz version of its flagship Pentium 4 product, having decided instead to realign its engineers around the company's new design priorities, an Intel spokesman said Thursday.",Sci/Tech,World
"REGION: Iran sticks by its right to possess nuclear fuel ... TEHRAN: Iran repeated on Sunday it had a right to master the sensitive nuclear fuel cycle, ahead of an expected proposal from Europe calling for Tehran to abandon such work in exchange for diplomatic and trade incentives.",World,Sci/Tech
"Sybase releases free Express database for Linux In a bid to expand the customer base for its database software, Sybase Inc. released on Tuesday a free, limited version of its software for deployment on Linux systems.",Sci/Tech,Business
"Newest video games gun to be No. 1 Voters apparently weren #39;t the only ones willing to stand in long lines. The release of this year #39;s two hottest video games - Grand Theft Auto: San Andreas, and Halo 2 - had gamers lined up at stores across the nation to pick up their pre-ordered games.",Sci/Tech,Sports
Turkey Faces Long Road to EU Membership The European Commission #39;s cautious recommendation that Turkey begin membership negotiations puts the country a step closer to realizing its dream of joining Europe -- but,World,Sports
OSDL teams with another open source group The Beaverton-based Open Source Development Labs announced this week it is combining some efforts with another open source group to further the adoption of Linux.,Sci/Tech,Business
"Hey mate, we're moving offshore too! Australia's IT News reports the findings of a recent survey in which more than 20 percent of company execs said they were considering or recommending offshore outsourcing. Outsourcing Blog",Sci/Tech,World
"DEBKAfile Special Analysis Before deporting him to Lebanon in 1991, the late Yitzhak Rabin called Ezz-Eldin Sheikh al-Khalil the snakes head, singling him out as the terror master who raised and handled Hamas most accomplished terror operatives, Adnan al Hool and",World,Sci/Tech
"Iraq's Neighbors to Get Little for Environment Loss (Reuters) Reuters - Iraq's neighbors want tens of billions\of dollars for environmental damage done in the 1990-1 Gulf\conflict, but are set to get only paltry funds from the United",Sci/Tech,Business
"Lewis University Put on Probation (AP) AP - Lewis University of Division II was put on four years' probation for an array of infractions that included its men's volleyball team, which won a national title last year the school has since forfeited.",Sports,World
"Appeals court faults Oracle in shareholder suit Judges send case back to lower court to sort out allegations of improper bookkeeping and ""suspicious"" stock sales.",Sci/Tech,Business
"Arrowhead: It still is pointing the way In comparison to its contemporaries it could be termed a modern marvel, an example of how to do things right when everyone else was doing things wrong.",Sports,Sci/Tech
"Bell would like to manage a contending team In his previous stints with Cleveland and Colorado, the teams were rebuilding. They didn #39;t do well and he was let go. By Don Bostrom.",Sports,Sci/Tech
"County unemployment drops to 3.7 percent SAN DIEGO - San Diego County #39;s unemployment rate was 3.7 percent in August, down from a revised 4.4 percent in July and 4.3 percent a year ago, the California Employment Development Department reported today.",Business,Sci/Tech
Malaysia #39;s Anwar Returns to Hero #39;s Welcome Malaysia #39;s former deputy prime minister Anwar Ibrahim has come home to a rock star #39;s welcome Sunday. He returned from undergoing back surgery in Germany following his release from prison last month.,World,Sports
"Bea Arthur for President Bea Arthur sparked a security scare at Logan Airport in Boston this week when she tried to board a Cape Air flight with a pocketknife in her handbag. The ""Golden Girls"" star, now 81, was flagged by a Transportation Security Administration agent, who discovered the knife - a strict no-no following 9/11. ""She started yelling that it wasn't hers and said 'The terrorists put it there,' "" a fellow passenger said. ""She kept yelling about the 'terrorists, the terrorists, the terrorists.' "" After the blade was confiscated, Arthur took a keyring from her bag and told the agent it belonged to the ""terrorists,"" before throwing it at them. - via philly.com",Sci/Tech,Sports
"The Next Shock: Not Oil, but Debt The American economic ship, which has weathered the recent run-up in crude oil prices, may be more vulnerable to sudden surges in the price of money.",Business,Sports
"Mauresmo Rallies to Take Advanta Title NEW YORK (Reuters) - Top seed Amelie Mauresmo rallied to beat Russia's sixth-seeded Vera Zvonareva 3-6, 6-2, 6-2 to complete a successful defense of her Advanta championship title in Philadelphia on Sunday.",Sports,Business
"Polls Open for Indonesia #39;s First Direct Presidential Elections Polls have opened for Indonesia #39;s first direct presidential election. Election observers say they are impressed with the six-month electoral process, which also chose members of the national assembly and local councils.",World,Sports
Virus writers look for work THE WRITERS of the MyDoom viruses are encoding job applications into the latest variants of the bug. According to Sophos the plea for work was found when its boffins were stripping the code of the MyDoom-U and MyDoom-V variants.,Sci/Tech,Sports
"Hotel Locks Out Employees Over Impending Strike LOS ANGELES -- The labor dispute between workers at nine Los Angeles County hotels and their employers has intensified, with one of the hotels locking out its laundry workers and replacing them.",Business,Sports
"Lycos Europe Pushes Limits in Anti-Spam Fight A new application from Lycos Europe aims to fight back against spammers, but some experts say the company may be enabling illegal activities.",Sci/Tech,World
"Indians Mount Charge The Cleveland Indians pulled within one game of the AL Central lead by beating the Minnesota Twins, 7-1, Saturday night with home runs by Travis Hafner and Victor Martinez.",Sports,Sci/Tech
"Sri Lanka raise England #39;s spirits In their opening match of the Champions #39; Trophy, Sri Lanka did little to suggest they have the wherewithal to knock England out of the tournament at the Rose Bowl on Friday.",Sports,Sci/Tech
"Independent directors demanded Black #39;s resignation, investor says Catalyst Fund General Partner I Inc., a disgruntled shareholder of Hollinger Inc., claimed yesterday that the company #39;s independent board members have demanded the resignations of Conrad Black, his wife and other insiders -- a charge disputed by the",Business,Sports
Thousands queue for Halo 2 Hordes of video game fans queued outside more than 6500 stores across the United States overnight on Tuesday to get a copy of the new Halo 2 game whose first day takings are expected to rival a Hollywood blockbuster.,Sci/Tech,Sports
"Countdown to Deep Impact NASA #39;s Deep Impact spacecraft has arrived in Florida to begin final preparations for a launch on Dec. 30, 2004. The spacecraft was shipped from Ball Aerospace amp; Technologies in Boulder, Colo.",Sci/Tech,Business
"Nikkei Hits 2-Week Closing Low TOKYO (Reuters) - The Nikkei average fell for a third straight session to hit a two-week closing low on Friday as renewed earnings concerns prompted selling in Tokyo Electron Ltd., Sony Corp. and other high-tech stocks.",Business,World
"Pro Hockey Notebook: 10/19/04 Courtney Prince, 25, of Manhattan, a former captain of the New York Rangers #39; skating cheerleading squad sued the owner of Madison Square Garden, saying she was fired after she told",Sports,Sci/Tech
"Locusts Encroach on West African Rice-Growing Area (Reuters) Reuters - West Africa's worst locust plague for 15\years has encroached on one of the region's largest\rice-growing areas, authorities in Mali said on Friday.",Sci/Tech,World
"Cassini radar lifts the veil from Saturn #39;s Titan WASHINGTON - The first radar images of Titan, the cloud-shrouded moon of Saturn, revealed a relatively young, active surface, NASA said Friday (Oct. 29).",Sci/Tech,Sports
Bettman stands firm in dispute NHL commissioner Gary Bettman has again dismissed proposals by the players #39; union for a luxury tax as the sport #39;s lockout continues.,Sports,Business
"Five facts about France #39;s Muslim headscarf ban - The French parliament passed the law in March to ban quot;conspicuous symbols quot; of faith from its state school system. Guidelines for applying the law identified Muslim headscarves, Jewish skullcaps and large",World,Sports
"ASEAN moves closer to single market with #39;road map #39;, global trade ... JAKARTA : ASEAN finance ministers ended a meeting which saw Southeast Asia edge closer to a Europe-style single market, laying out a quot;road map quot; for integration and opening doors to wider global trade.",World,Sports
Monster Mashes Attract Masses Kaiju Big Battel -- a multimedia event in which costumed combatants spew toxic ooze on audience members -- is growing in popularity. There are already dedicated websites and a DVD series. Coming next: a book and TV pilot. By Xeni Jardin.,Sci/Tech,World
An Afghan 'hanging chad' dispute An independent inquiry is helping to defuse a controversy over ink used in Saturday's election.,World,Business
Congressman Spratt wants Fed to US Representative John Spratt of South Carolina said the Federal Reserve should go lightly #39; #39; on raising the benchmark interest rate because of the economy.,Business,Sci/Tech
MP3 Portable Market to Hit \$52B by 2008 Apple will be getting some stiff competition in the coming year. A slew of manufacturers will soon offer players utilizing small 1 quot; hard drives that help propel the iPod and allow them to compete more favorably in the market.,Sci/Tech,Business
Iran shuts reformist websites WEBSITES CLOSE to Iran #39;s leading reformist party have been blocked by religious hardliners in the police bureau of public morals.,Sci/Tech,Business
Wade drives Heat over Wizards The Washington Wizards are finished with the Miami Heat for the season. That #39;s the good news. Dwyane Wade had 29 points and nine assists Wednesday to lead the Heat to a 98-93 win for their,Sports,Sci/Tech
Washington admits failure to get Iran to UN Security Council VIENNA (MNA) - A United States official confirmed to AFP news agency on Friday that Washington fails to take Irans nuclear issue to the United Nations Security Council for possible sanctions against Tehran.,World,Business
"Pinochet is ordered to stand trial for murder Augusto Pinochet, the former Chilean dictator, was ordered under house arrest yesterday, charged with kidnapping and murder dating back to his 17-year rule.",World,Business
"Coast Guard Shuts Gulf of Mexico Ports HOUSTON (Reuters) - The U.S. Coast Guard shut five ports on Wednesday in the Gulf of Mexico coast states of Alabama, Florida and Mississippi as Hurricane Ivan churned nearer.",Business,Sports
Novell reshuffles biz for Linux focus Novell is reorganising its business to focus on two key areas - Linux and identity management. The networking software firm #39;s Nterprise and Linux operations will be folded into a Platform and Application Services group CRN reports.,Sci/Tech,Sports
"Hokies to Open ACC Play On Saturday, Virginia Tech finally walks into the football room of that exclusive athletic club known as the Atlantic Coast Conference.",Sports,Business
"Alcoa Shares Fall Most Since April in Europe After Forecast Shares of Alcoa Inc., the world #39;s biggest aluminum producer, fell the most in almost five months in Europe after the company said third-quarter profit from continuing operations will be below analysts #39; estimates.",Business,World
"Stocks Drop After Greenspan Testimony NEW YORK - Investors were unmoved by Federal Reserve Chairman Alan Greenspan's improved assessment of the economy, with stocks falling narrowly Wednesday in light trading. While Greenspan said the economy has ""regained some traction"" after the summer's slowdown, he echoed Wall Street's concerns over energy prices, which have fallen from record highs in recent weeks but stubbornly remain above \$40 per barrel...",World,Business
"Disney takes sides in battle for next generation DVD Hollywood movie powerhouse Walt Disney has taken sides with Japans Sony Corp in a bitter battle between studios to define a technical standard for next generation DVDs, it said.",Sci/Tech,Sports
Lawyer says we #39;re good guys Drug giant Merck pulled its painkiller Vioxx because it increased the risk of heart attacks and strokes. Now the company may face thousands of lawsuits.,Business,Sports
"Marathoning mice could have Olympian effects on obesity A molecular switch known to regulate fat metabolism appears to prevent obesity and turns laboratory mice into marathon runners, a Salk Institute study has found.",Sci/Tech,Sports
SafeGuard Offers Easy Hard-Drive Protection Upgraded version of this encryption app adds plenty of tools for networked users.,Sci/Tech,Business
New memories warm heart of this Bosox fan Is it really true? Did it really happen? Or was that just the figment of some Boston Red Sox fanatic #39;s wild imagination? Did the Red Sox really win the World Series for the first time since 1918 by sweeping the St.,Sports,Sci/Tech
"Accused deserter surrenders in Japan An accused US Army deserter has surrendered at a US military base near Tokyo to face charges filed in 1965, the Kyodo news service reported.",World,Business
Envoys off to inspect NK blast site A group of foreign diplomats has left Pyongyang on Thursday to visit the scene of a mysterious explosion in North Korea. quot;They went today.,World,Sci/Tech
"US beats Germany 2-1 in OT, to face Brazil in women #39;s soccer final Heather O #39;Reilly, minutes after missing a wide open net, scored in the ninth minute of overtime Monday to give the United States a 2-1 victory over World Cup champion Germany and a place in Thursday #39;s gold-medal game.",Sports,Business
"FCC exempts fiber-to-curb from sharing requirements The Federal Communications Commission Thursday voted to allow incumbent telephone carriers from sharing fiber-to-the-curb deployments from competitors, prompting one incumbent to announce an accelerated fiber rollout.",Business,Sci/Tech
Paisley talks to weapons chief DUP leader Ian Paisley has had further discussions with the head of the independent decommissioning body (IICD) on the issue of putting IRA weapons beyond use.,World,Sports
"Second Beheading Reported (Los Angeles Times) Los Angeles Times - BAGHDAD #8212; Militants said Tuesday that they had beheaded a second American hostage in as many days and threatened to kill a British captive, increasing pressure on President Bush and British Prime Minister Tony Blair to confront a recent wave of kidnappings of foreigners in the Iraqi capital.",World,Sports
"Rapidly expanding Vietnam Airlines ready to take on America HANOI : Yesterday Vietnam, today Asia, tomorrow the United States: Vietnam Airlines has expanded to the point where it is even eyeing the huge American market, a move which would have been unthinkable not long ago.",Business,Sci/Tech
"Tigers are right on target AUBURN, Ala. -- Jason Campbell passed for a career-high 297 yards and three touchdowns to lead No. 4 Auburn to a 38-20 rout of Arkansas yesterday.",Sports,Sci/Tech
"New-Age General Manager Labors to End Age-Old Curse Until Theo Epstein became the general manager of the Boston Red Sox two years ago, at 28, life had offered him little cause to believe in superstition.",Sports,Sci/Tech
"A Graphic Film of Protest, and Cries of Blasphemy The director of a 10-minute film shown on Dutch television hopes to draw attention to what she says is widespread but hidden violence against Muslim women.",World,Sci/Tech
"Corning begins work on Taiwan LCD facility Encouraged by the demand for LCDs, glass maker Corning on Thursday said it has broken ground for a second manufacturing facility in Taiwan.",Sci/Tech,World
"Canada slips again in competitiveness rankings Canada slipped from 12th to 15th position in the survey conducted by the World Economic Forum. Canada #39;s position has declined in five of the last six years, despite efforts by federal and provincial governments",Business,Sci/Tech
"Valencia need to play #39;ugly #39; against Inter, says Albelda Valencia may have to ditch their new-found attacking style of football in favour of an quot;ugly quot; defensive approach if they are to beat Inter Milan in the Champions League, according to club captain David Albelda.",Sports,Sci/Tech
Tech Firms Keep Riding Chinese Tiger Microsoft watched a software deal with China go bust less than two weeks into the contract. And Beijing is pushing its government IT officials to buy local. But China remains a vibrant market where tech firms have to stay in play. -washingtonpost.com,Sci/Tech,Business
"Shake-up at British retailer LONDON Marks amp; Spencer announced a management shake-up Tuesday that cost six senior executives their jobs, as the company said profit plunged and sales dipped in its home market for the first half of 2004.",Business,World
"Superfast Notebook Graphics: NVidia #39;s GeForce Go 6800 PC World #39;s first tests of NVidia #39;s just announced high-end mobile graphics chip, the GeForce Go 6800, show that it is one of the first notebook graphics components to support performance rivaling that of desktop boards.",Sci/Tech,Sports
"Two Manny dads DAVE Norman, the Sydney police constable who rushed to Jakarta to be with his critically injured daughter Manny Musu, underwent a DNA test to prove he is her biological father.",World,Business
"Warriors lock up young veterans Staring at the possibility of watching two of his young standouts stage a walkout on opening night, Chris Mullin made one of the most important decisions in recent Golden State Warriors history Monday.",Sports,Business
"Hurricane Ivan Batters Grand Cayman GEORGE TOWN, Cayman Islands - Hurricane Ivan battered the Cayman Islands with ferocious 150-mph winds Sunday, threatening a direct hit as it flooded homes and ripped up roofs and trees three stories high. Ivan has killed at least 60 people as it has torn a path of destruction across the Caribbean and was headed next for western Cuba, where it was expected to hit Monday, and could brush the Florida Keys and parts of Florida's Gulf Coast...",World,Sci/Tech
"Russian parliament to consider Kyoto ratification in October ... MOSCOW. Oct 5 (Interfax) - Boris Gryzlov, chairman of the State Duma, the lower house of the Russian parliament, told journalists on Tuesday that the Duma will be prepared in October to ratify the Kyoto Protocol.",World,Sci/Tech
"USC right move for Majerus especially since he was so anxious to simply return to the sidelines. Remember, Majerus didn #39;t exactly leave Utah on his terms in 2004.",Sports,Business
"Microsoft, Novell Settle Antitrust Suit SEATTLE/NEW YORK (Reuters) - Microsoft Corp. MSFT.O said on Monday said it will pay \$536 million to its smaller rival Novell Inc. NOVL.O to settle an antitrust suit and resolved a 10-year dispute with a computer trade group.",Business,Sci/Tech
"TUC urges 6 minimum wage rate The UK's minimum wage should rise to rise to 6 an hour in the next two years, the TUC says, but business calls the proposal ""totally irresponsible"".",Business,Sports
"News: US cracks down on spam mountain John Ashcroft, the attorney General of the US, is expected to announce on Thursday dozens of lawsuits against alleged spammers following a low key campaign against the practise across the US.\",Sci/Tech,Business
"DNA lab that handles high-profile cases fires analyst GERMANTOWN, Md. A Maryland-based private lab that analyzes criminal-case DNA evidence has fired an analyst for allegedly falsifying test data.",Sci/Tech,Sports
"Chance to Measure Up During his 14 seasons as an NFL assistant and head coach, Virginia Coach Al Groh was often involved in the evaluation of college prospects.",Sports,Business
"United #39;s pension dilemma United Airlines says it likely will end funding for employee pension plans, a move that would be the largest ever default by a US company and could lead to a taxpayer-funded bailout rivaling the savings-and-loan fiasco of the 1980s.",Business,Sports
Honda aiming for BAR buyout? Motorsport.com. Reports this week suggest that Honda is aiming to either buy BAR or become co-owner of the team by purchasing a shareholding.,Sports,Sci/Tech
"Japanese Baseball Players, Owners Reach Deal (Reuters) Reuters - Japanese baseball players and club\representatives reached a deal Thursday to end the first strike\in the 70-year history of the sport in Japan, with owners\agreeing to let newcomers into the leagues as early as next\season.",Sports,Sci/Tech
Will Tellabs Push Its Luck? Perhaps the optical network supplier should call off its merger with AFC.,Business,Sports
"Cocoa prices down but Ivorian exports still blocked World cocoa prices were down on Tuesday but off the day #39;s lows as exports remained on hold after mob violence and military clashes in Ivory Coast, the key global supplier, traders said.",World,Business
Air Force to launch enterprise Microsoft initiative The U.S. Air Force tomorrow plans to announce an enterprisewide Microsoft software initiative that some analysts see as a prime example of how users can leverage their spending power to force vendors to deliver more secure products.,Sci/Tech,Business
Sub flees after navy chase The fragile relations between Tokyo and Beijing were further weakened yesterday when a suspected Chinese nuclear submarine was chased out of Japanese territorial waters.,World,Business
Flu sidelines Clemens on Sunday Roger Clemens was scratched from his start on Sunday after spending most of the overnight hours battling a stomach virus. Clemens #39; blood pressure was slightly elevated,Sports,Business
"Cambodia #39;s Legislature Bars Government from Pardoning Khmer Rouge Legislators today approved laws barring the Cambodian government from pardoning Khmer Rouge suspects, one day after ratifying a landmark UN-backed plan to set up a tribunal to prosecute surviving leaders of the murderous 1970s regime.",World,Sports
"Australian train crash injures scores A high-speed passenger train carrying more than 160 people jumped the rails and crashed in eastern Australia, injuring most of those on board, officials said.",World,Sci/Tech
Violent video games slammed p2pnet.net News:-The launch of the now much-maligned Kill Jack Kennedy Again game has achieved at least one thing: Its woken the mainstream media up to the fact that video games based on giving players a way to take part in virtual murder aren #39;ta,Sci/Tech,Sports
New Overtime Rules Take Effect New Bush administration rules that scale back overtime eligibility for white-collar workers took effect on Monday over protests that they would slash paychecks at a time of economic uncertainty.,Business,Sci/Tech
"Parts pinch shuts down Ford plant Workers at the Ford plant in Hapeville are getting a second unexpected day off during the dog days of summer. The company has stopped assembly-line production at the plant today because of a continued parts shortage, a Ford official said.",Business,Sci/Tech
"ViewPoints: Just say #39;No #39; You can #39;t get much clearer than No. That was the strongly implied response of the US Treasury secretary, John Snow, to Europe #39;s growing cries that he help it deal with a weakening dollar by intervening to stop the slide.",Business,Sports
"Cowboys Defeat Redskins 21-18 LANDOVER, Md. - Bill Parcells celebrated the touchdown with a big smile and his fist thrust high in the air...",World,Sci/Tech
UPDATE 1-Singh takes lead at Chrysler World number one Vijay Singh shot a four-under-par 67 on Saturday and took the lead of the Chrysler Championship after three rounds.,Sports,Business
Oracle case bounces to Europe The European Commission is studying the U.S. court decision favoring Oracle's PeopleSoft buyout and deciding whether to pursue its own objections.,Sci/Tech,Business
"Poor nations seek WTO textile aid With 40 years of textile quotas about to be abolished in a move to help developing nations, a group of the world #39;s poorest countries are asking for a different approach: special trade deals to protect them from a free-for-all.",Business,Sci/Tech
Greenspan issues new warning over US current account deficit (AFP) AFP - US Federal Reserve chairman Alan Greenspan said the United States' huge current account deficit cannot be indefinitely financed by foreign countries and investors.,Business,Sci/Tech
Bluetooth flying bot creates buzz The latest tiny flying robot that could help in search and rescue or surveillance has been unveiled in Japan.,Sci/Tech,Sports
PayPal and Apple iTunes link-up Online auction house eBay #39;s payment system PayPal can now be used for purchases by US customers of Apple #39;s iTunes music store.,Sci/Tech,Sports
"Pitchers finally getting job done? At least it #39;s a start This is a mirage or a sight to behold. This is something you can #39;t trust with your own eyes, or maybe what you #39;re watching is real.",Sports,Sci/Tech
"Next Version of Windows for PC's to Ship in 2006 To meet its timetable, Microsoft has scaled back its technological ambitions for the product, code-named Longhorn.",Sci/Tech,Business
"WellPoint net income increases 28 percent THOUSAND OAKS, Calif. -- WellPoint Health Networks Inc. #39;s third-quarter net income rose 28 percent as the managed-care company saw membership growth in key markets and double-digit revenue growth.",Business,World
"Broadcom taps ex-Philips executive as CEO Scott McGregor, former head of Royal Philips Electronics' semiconductor division, will replace Alan Ross, who plans to retire.",Sci/Tech,World
"Quick Duff puts Kerr #39;s men into fast lane Brian Kerr took his Ireland squad to the dogs last Wednesday, but the evening spent watching greyhounds race was not solely about relaxation.",Sports,World
"Kill The Poor I've been a soup van volunteer for three months plus a couple of weeks. I've also been casually mentioning this example of my beneficence in everyday conversation for about the same length of time. I use this particular phrasing, rather than ""I work on a soup van"", because what I'm trying to emphasise is that I didn't take it up lightly or gingerly. In the beginning, I didn't know exactly how it would turn out, but I did know that I wanted to be good. Between then and now, an awful lot became clear.",Sci/Tech,Sports
"Is Piracy Pushing Linux Sales? More PCs run the alternative OS, but many will end up with a pirated version of Windows, report says. Linux may be shipping on a growing number of PCs sold in the emerging markets of Asia, Latin America, and Eastern Europe.",Sci/Tech,Sports
"Bulldogs shock K-State MANHATTAN, Kan. -- Paul Pinegar threw two touchdown passes to Matt Rivera and ran for another score, and Fresno State upset No. 13 Kansas State, 45-21, yesterday.",Sports,Business
"Icing call Out of money, out of patience, out of time, and for the foreseeable future, out of business.",Sports,Sci/Tech
"Kansas, Oklahoma State cruise to easy victories NO. 2 KANSAS 85, NEVADA 52: At Lawrence, Kan. - Wayne Simien had his third double-double in as many games and Kansas routed Nevada on Monday night, avenging an embarrassing loss of a year ago.",Sports,Sci/Tech
"Mars Rovers Relay Images Through Mars Express European Space Agency -- ESAs Mars Express has relayed pictures from one of NASA's Mars rovers for the first time, as part of a set of interplanetary networking demonstrations. The demonstrations pave the way for future Mars missions to draw on joint interplanetary networking capabilities...",Sci/Tech,World
"U.S.: Korea Cloud Not From Nuclear Blast (AP) AP - A huge mushroom cloud that reportedly billowed up from North Korea was not caused by a nuclear explosion, South Korean and U.S. officials said Sunday, but they said the cause was a mystery.",World,Sci/Tech
EU to talk through asylum plans Key EU interior ministers are to meet in Florence to discuss plans for migrant holding centres outside Europe.,World,Sci/Tech
Signs of a Glut and Lower Prices on Thin TV's Dont buy that high-definition TV yet. Competition may force the prices down further.,Sci/Tech,Business
"For Jobs, Brazilians Desert Their Cities A growing number of Brazilians are finding it increasingly difficult to get good jobs in big metropolitan areas like So Paulo and Rio de Janeiro, and are looking elsewhere.",Business,Sports
Collaboration suite to help secure tonight's Bush-Kerry debate The U.S. Secret Service and a throng of police and emergency management officials in Missouri will for the first time use a customized Microsoft-based collaboration portal to share security information during tonight's presidential debate.,Sci/Tech,Sports
"Scaffold collapse survivors improving One of the men who survived Friday #39;s fatal scaffold collapse is in guarded condition at Detroit Receiving Hospital and the two other survivors were released on Sunday, a hospital spokeswoman said.",Business,Sports
"Orthodox patriarch killed in Greek air crash ATHENSEgypt #39;s Patriarch of Alexandria, whose post traces its lineage to one of Christ #39;s disciples, was killed with his Greek Orthodox retinue yesterday in a helicopter crash, Greek authorities confirmed.",World,Sports
"Informed and Awaiting a St. Helens Eruption The people who remember the eruption of Mount St. Helens in 1980 are not as fearful as they were then, with scientists predicting a less powerful eruption.",Sci/Tech,Sports
Environment check from crab urine Crabs' urine and changes in snails' sex hormones are helping UK scientists to monitor the environment.,Sci/Tech,World
Feyenoord make most of early fortune HEARTS UEFA Cup adventure may have been derailed in Rotterdam but coach Craig Levein can take comfort from the fact he has three more games to get it back on track.,Sports,Sci/Tech
"Agilent Guides Sharply Lower Agilent #39;s (A:NYSE - news - research) fiscal fourth quarter came up light, and the company slashed first-quarter guidance. Blaming a weak chip business, the Palo Alto, Calif.",Business,World
"Halliburton Set for Spotlight in VP Debates (Reuters) Reuters - A name likely to come up in\Tuesday's vice presidential debate is Halliburton, the Texas\company once run by Dick Cheney that Democrats say is an\example of cronyism because of its lucrative Iraq deals.",World,Sports
"New Rainbow Six Franchise for Spring 2005 SAN FRANCISCO, CA - November 30, 2004 -Ubisoft, one of the world #39;s largest video game publishers, today announced its plans to launch the next installment in the Tom Clancy #39;s Rainbow SixR franchise for the Sony PlayStationR2 computer entertainment system",Sci/Tech,Sports
"EPA: U.S. Waterways Contain Polluted Fish (AP) AP - One of every three lakes in the United States, and nearly one-quarter of the nation's rivers contain enough pollution that people should limit or avoid eating fish caught there.",Sci/Tech,Sports
Amelie's final footsteps retraced Detectives have staged a reconstruction of the final steps of murdered French student Amelie Delagrange.,World,Business
Time Warner Shares Idle Ahead of Report Shares of Media giant Time Warner Inc. were little changed Monday ahead of the company #39;s third-quarter earnings report as investors wonder exactly what chairman Dick Parsons might say about its troubled America Online unit.,Business,World
Canada defends submarine fleet Canada has defended its decision to buy second-hand submarines after a crewman died from injuries sustained on one of the vessels that had broken down.,World,Sci/Tech
Anti-Doping Agency Is Boosted By Ban of Sprinter in Balco Case The United States Anti-Doping Agency received an important validation yesterday in its attempt to punish athletes who were suspected of doping in the Balco steroids scandal but who had not failed a drug test.,Sports,World
"For Now, Unwired Means Unlisted. That May Change. In October, most major cellphone carriers plan to start compiling a publicly accessible listing of wireless phone numbers.",Business,Sci/Tech
"GM, Daimler Go Green Team-up will help the companies compete and fill gaps in both firms' portfolios.",Business,Sci/Tech
"Spitzer launches music industry probe Eliot Spitzer, fresh from rocking the insurance industry, has now asked the music business to uncover the secrets behind how radio stations decide what records they play.",Business,World
"Yahoo Debuts Mobile Search SAN FRANCISCO -- Yahoo (Quote, Chart) expanded its search empire to the mobile arena with the launch of some additional services. The company was one of the original content providers for mobile devices running",Business,Sci/Tech
"After a decade of silence, Cambodia's cinema enjoys resurgence (AFP) AFP - After a decade of silence, Cambodia's movie industry is enjoying a boom due to a dash of Hollywood attention, burgeoning nationalism and cheaper production costs, industry insiders say.",World,Sci/Tech
"Vladimir Putin: Claims of authoritarian drift quot;total nonsense quot; President Vladimir Putin rejected concern that he is beating a path toward authoritarianism, calling such criticism quot;total nonsense quot; in an interview published Friday and saying Russia needs time to build democracy after centuries of heavy",World,Sports
Nikkei Up 2.5 Pct in Afternoon Tokyo #39;s Nikkei average jumped 2.5 percent by mid-afternoon on Monday as semiconductor-related stocks such as Advantest Corp. mirrored a rally by their US peers while banks and brokerages extended last week #39;s gains.,Business,World
"Israel OKs More West Bank Settlement Homes JERUSALEM Aug. 23, 2004 - Israel announced plans Monday to build hundreds of new housing units in the West Bank, following an apparent US policy shift on settlements that the Palestinians warned quot;will destroy the peace process.",World,Sports
"New pension 'would help millions' Britain's pension system could easily be replaced by a new payment that would make millions better off, a report says.",Business,Sci/Tech
Lycos offers people and discussion search Terra Lycos SA introduced two search tools on its Lycos U.S. Internet site on Monday as part of a recently announced strategy to focus on services that allow users to connect with others.,Sci/Tech,World
News: FBI seizes computers in first-ever criminal action against P2P network The Associated Press By Curt Anderson,Sci/Tech,Sports
"Same-sex divorce rules still hazy Now that an Ontario couple has been given Canada #39;s first same-sex divorce, experts are divided over just how easy it will be for gays and lesbians in other provinces to end their marriages.",World,Sci/Tech
"Shelling, shooting resumes in breakaway Georgian region (AFP) AFP - Georgian and South Ossetian forces overnight accused each other of trying to storm the other side's positions in Georgia's breakaway region of South Ossetia, as four Georgian soldiers were reported to be wounded.",World,Business
"Britain Charges Cleric Sought by US for Aiding Terrorism A radical Muslim cleric who is wanted on terrorism charges in the United States was accused by British prosecutors Tuesday of encouraging others to murder non-believers, including Jews, and inciting racial hatred.",World,Sports
"I.B.M. Sought a China Partnership, Not Just a Sale Inside I.B.M., the issue of whether to stay in the personal computer business has been debated for a decade. The issue was put to rest last week.",Business,Sci/Tech
"World #39;s smallest digital camera with zoom lens Come September, Japanese electronics giant Casio Computer will launch the world #39;s smallest digital camera with a zoom lens. Casio #39;s palm-sized Exilim camera is much smaller than others as, for the first time, it uses a ceramic lens.",Sci/Tech,Sports
"Sun acquisition to boost IT services portfolio Sun Microsystemshas agreed to purchase Ashburn, Virginia, IT services company SevenSpace, the companies announced Monday. With the purchase, Sun takes a further step away from its traditional focus on supporting only its Solaris operating system platform and beefs up its support for competing operating systems like Windows, HP-UX and AIX.",Sci/Tech,Business
"Two hurricanes = two deductibles Many homeowners in the Orlando area suffered a double blow when hurricanes Charley and Frances struck in quick succession. Now, they #39;re smarting from a financial one-two punch - two insurance deductibles.",Business,Sci/Tech
"Amazon.com net sales jump 29; Google reports \$52M in net income OCTOBER 22, 2004 (IDG NEWS SERVICE) - Amazon.com Inc. fell a penny short of analysts #39; per-share earnings expectations, while reporting net sales of \$1.",Sci/Tech,Business
"Yukos considers self-destruction Shareholders in Yukos are considering liquidation or filing for bankruptcy, after deciding against a rescue plan for the embattled Russian oil firm.",Business,Sci/Tech
"Fund pessimism grows NEW YORK (CNN/Money) - Money managers are growing more pessimistic about the economy, corporate profits and US stock market returns, according to a monthly survey by Merrill Lynch released Tuesday.",Business,Sports
"Lucent's history a case study in wild rides If you've ever wondered what ignited America's late-1990s obsession with telecom and tech stocks, you could well argue it all started with Lucent Technologies .",Business,World
Key Martha Witness Gets Wrist Slap (CBS/AP) A former brokerage assistant who helped Martha Stewart make her fateful stock trade and later emerged as a key government witness was spared both prison and probation Friday for accepting a payoff during the government #39;s investigation.,Business,Sports
"NASA Scientists Find Surface of Titan 'Very Alien' (Reuters) Reuters - The surface of Saturn's moon Titan\may be covered by thick drifts of combustible organic ""snow""\floating on lakes of liquid methane or water and ammonia ice\flows, NASA scientists said on Friday.",Sci/Tech,World
"Seahawks Take NFC West The Seahawks deny a Falcons' two-point try for the tie with no time remaining to wrap up the NFC West, 28-26, on Sunday.",Sports,Sci/Tech
Iran pledges to halt nuclear work The head of Iran #39;s nuclear energy organisation said work would stop at two nuclear facilities in the central cities of Isfahan and Natanz.,World,Business
"German teenager charged with creating Sasser virus German student, Sven Jaschan, has been formally charged with computer sabotage, data manipulation and disruption of public systems by German prosecutors.",Sci/Tech,Sports
Amazon sues spammers for misleading consumers SEATTLE -- Amazon.com has filed three lawsuits in King County Superior Court against unidentified defendants who allegedly forged e-mails and Web sites to fool consumers into thinking they are doing business with the Internet retailer.,Business,Sci/Tech
"French minister returns empty handed Leaving behind two French reporters still held hostage in Iraq, France #39;s foreign minister headed home from the Middle East but said they were still believed to be alive and that efforts to free them would continue.",World,Business
"Yemeni Ambassador to United Nations Dies (AP) AP - Abdullah Saleh al-Ashtal, who served as Yemen's ambassador to the United Nations for nearly 30 years, died in New York on Thursday after a long illness, Yemen's Foreign Ministry and its U.N. Mission said Friday. He was 66.",World,Sports
"AL Capsules Vernon Wells hit a go-ahead, two-run triple off Orlando Hernandez in the seventh inning, and the Toronto Blue Jays rallied past the New York Yankees 5-4 on Wednesday night.",Sports,Sci/Tech
"Leyland has emerged as a managerial candidate Jim Leyland just might be ready to manage a Major League Baseball team again, and he will reportedly interview for jobs with the Philadelphia Phillies and New York Mets, according to the NY Daily News.",Sports,World
Dell Debuts Color Laser Printers Three new models are designed for businesses and home office users.,Sci/Tech,Sports
"Dare you fight the possessed tomatoes? Quirky, stick-figure ""Kingdom of Loathing"" shows continued promise of independent game-writing.",Sci/Tech,Business
"For the First Time, an African Woman Wins the Nobel Peace Prize Wangari Maathai, a Kenyan who has worked tirelessly to protect the environment, improve the lives of women, and fight crime, Friday became",World,Sports
Nikkei Sinks Due to Exporters TOKYO (Reuters) - Tokyo's Nikkei average fell 2 percent at the opening on Monday as investors shied away from exporters including Toyota Motor Corp. after a fall in the dollar below 107 yen stoked concerns about their earnings.,Business,World
Hague Court Imposes Defense Counsel on Milosevic THE HAGUE (Reuters) - Judges at The Hague tribunal on Thursday imposed a defense counsel on former Yugoslav President Slobodan Milosevic to avoid further delays in his war crimes trial.,World,Sports
"Royal Dutch/Shell merges holding companies with unified board LONDON, October 28 (newratings.com) - Royal Dutch/Shell Group has announced its plans to merge its two holding companies in the Netherlands and the UK, Royal Dutch Petroleum (ROY.",Business,Sci/Tech
Cal Extends Tedford California Bears head coach Jeff Tedford agrees to a five-year contract extension through 2009 on Monday.,Sports,Sci/Tech
"NASA Picks May 2005 Shuttle Launch Date (AP) AP - NASA is aiming for a mid-May launch of the first shuttle flight since the Columbia tragedy almost two years ago. The launch date was the latest of several set by the space agency, and just as subject to change.",Sci/Tech,Business
"HP Wins Defense Contract HP (Quote, Chart) was awarded a \$290 million, 10-year outsourcing contract with the Defense Logistics Agency #39;s (DLA) Enterprise Data Center (EDC) program, officials announced Wednesday.",Business,Sports
Group E: Arsenal mystery continues Arsenal wasted a golden opportunity to virtually guarantee themselves a place in the knockout phase of the Champions League when they were held to a 1-1 draw by Panathinaikos at Highbury on Tuesday.,Sports,Sci/Tech
"Montgomerie, Donald named as Ryder Cup wildcards European Ryder Cup captain Bernhard Langer named Britons Colin Montgomerie and Luke Donald as his wildcard picks on Sunday for next month #39;s match against the United States.",Sports,World
In The News: Instant Recall Oct. 11 issue - Last week Merck pulled its blockbuster arthritis-and-pain-relief drug Vioxx from the market. This week the 1.27 million Americans who were taking it are wondering what to do.,Business,Sports
Russian Parliament Ratifies Kyoto Pact (AP) AP - The Kyoto Protocol overcame its final legislative hurdle in Russia when the upper house of parliament ratified the global climate pact Wednesday and sent it on to President Vladimir Putin for his signature #151; setting the stage for the treaty to come into force next year.,World,Sports
Mourinho happy after 3-0 win Chelsea manager Jose Mourinho was delighted with his side #39;s performance in the 3-0 win in the Champions League against Paris Saint Germain.,Sports,Sci/Tech
"Mortgage Rates Across the US Climb Mortgage rates around the country went up this week, although 30-year mortgages still were below 6 percent for a sixth straight week.",Business,Sci/Tech
Iran to shun Europe nuclear deal Iran says it will reject any European proposal which requires it to halt its nuclear activities completely.,World,Sci/Tech
Senate Bill Aims at Makers of File-Sharing Software The Senate Judiciary Committee is considering a copyright bill that stands at the center of the file-sharing debate.,Sci/Tech,Sports
"Web domains approved for Posties, travel The Internet Corporation for Assigned Names and Numbers (ICANN) has approved two new sponsored Internet domains, .post and .travel, specifically for the post and travel industries.",Sci/Tech,Business
Hu issues certificates to two new generals Chinese President Hu Jintao presented on Saturday certificates to two nearly promoted generals in his capacity as chairman of the Central Military Commission (CMC) of the Communist Party of China.,World,Sci/Tech
King Pong Draws Fans Spike TV's Video Game Awards Show attracts big-name celebrities and bands but gives the fans the votes.,Sci/Tech,World
"Britain's Not-So-Civil War: Hunters Outfoxed? If hunting is banned in Britain, the pro-hunt lobby says its supporters will continue to hunt illegally.",World,Sports
"Dow Chemical reports 86 percent increase in profit DETROIT - Dow Chemical Co. #39;s third-quarter earnings soared 86 percent to beat Wall Street forecasts, thanks largely to improved margins.",Business,Sci/Tech
"Swimmer, 77, believed killed in shark attack CAPE TOWN -- A great white shark estimated to be at least 18 feet long attacked and presumably killed an elderly South African woman yesterday off a beach near Cape Town, officials said. Tyna Webb, 77, who lived in the area, was swimming off Sunny Cove in Fish Hoek when the massive shark circled her and then attacked, witnesses and ...",World,Business
Dell Axim X50v Large VGA screen; great graphics; included gaming bundle; Windows Media Player 10.0 Mobile; fast processor and ample memory; integrated Wi-Fi and Bluetooth; sleek design; user-replaceable battery.,Sci/Tech,Sports
Your PC May Be Less Secure Than You Think Most users think their computer is safe from adware and spyware--but they #39;re wrong. A survey conducted by Internet service provider America Online found that 20 percent of home computers were infected by a,Sci/Tech,World
"Bad Day for Drug Companies - and Patients LONDON (Reuters) - Investors in pharmaceuticals were dealt a triple whammy on Friday as Pfizer Inc, AstraZeneca Plc and Eli Lilly and Co all shocked the market with bad news about key products.",Business,Sports
"China Shuts Down 1600 Internet Cafes Between February and August of this year, China has shut down 1,600 internet cafes, and handed out 100 million yuan fines (US\$12 million) to cafe operators, for allowing children access to violent or adult-only content and games.",Sci/Tech,World
"US Open Tennis: Henin-Hardenne falls to Petrova and blunders NEW YORK The rivalry match at the United States Open fizzled, but the mismatch sizzled. After Lindsay Davenport defeated Venus Williams, 7-5, 6-4, in a match that was ho-hum until the last game, Nadia Petrova",Sports,Business
Ross Stores Profit Plummets 40 Percent (AP) AP - Discount retailer Ross Stores Inc. Wednesday said its profit fell about 40 percent in the latest quarter due to problems with a new computer system that limited the company's ability to respond to changes in customer demand.,Business,Sci/Tech
"China succeeds in cooling economy, but 2005 likely to prove just as tough (AFP) AFP - China can claim some success in the battle to cool its roaring economy in 2004 with a series of macro policies helping prevent another boom-bust cycle, but much remains to be done if Beijing is to avoid increasing wrangles with trade partners.",Business,World
SEO #39;s Multiplying Effect on Paid Inclusion Paid inclusion (PI) has always been a hot potato. It #39;s not quite SEO (define) and not quite search advertising. No one wants to touch it.,Sci/Tech,Sports
"Adams quits as Leicester boss LEICESTER: Mickey Adams has quit as manager of English Championship side Leicester City, the club announced yesterday. Adams #39; resignation was accepted at an emergency meeting of the board of directors at the",Sports,Sci/Tech
"Conservationists Meet to Plan Global Green Agenda (Reuters) Reuters - More than 5,000 scientists,\conservationists and politicians meet in Thailand over the next\week to hammer out a blueprint for saving some of the world's\most endangered species and fragile ecosystems.",Sci/Tech,Business
Swedes beam poetry into outer space (Reuters) Reuters - Swedish poets have broadcast their work into outer space by radio to give alien life forms -- if they exist -- a taste\of earthling literature.,World,Business
"REVIEW: 'Half-Life 2' a Tech Masterpiece (AP) AP - It's been six years since Valve Corp. perfected the first-person shooter with ""Half-Life."" Video games have come a long way since, with better graphics and more options than ever. Still, relatively few games have mustered this one's memorable characters and original science fiction story.",Sci/Tech,Sports
"Montie Brewer appointed CEO of Air Canada MONTREAL - Montie Brewer has been appointed president and CEO of Air Canada, the airline announced Wednesday. Robert Milton remains CEO of Air Canada #39;s parent company, ACE Aviation Holdings.",Business,World
VeriSign sues ICANN in state court VeriSign is asking a California court to order the Internet Corporation for Assigned Names and Numbers to butt out of its business.,Sci/Tech,Business
"Ford to Return Electric Cars to Norway (AP) AP - Ford Motor Co. agreed to return about 300 Norwegian-built electric cars to the Nordic country after protests about plans to scrap them, the country's transport minister said Thursday.",World,Sports
"Anglican claims he was misquoted over attack on Archbishop of Canterbury (AFP) AFP - Anglican Dean of Sydney Phillip Jensen, whose reported attacks on the Archbishop of Canterbury and Prince Charles sparked a storm of protest last week, claims he never made the comments attributed to him by the media.",World,Business
"Tom Ridge sets all-age record in winning World Trotting Derby Tom Ridge set an all-age record of 1 minute 50.2 seconds in winning the \$530,000 World Trotting Derby at the DuQuoin (Ill.) State Fair yesterday.",Sports,World
Novell sees a 'both-source' future CEO asserts the future of software development will not be found in the open-source or proprietary models.,Sci/Tech,Business
"RSS Feeds Hunger for More Ads There's no such thing as a free lunch. And soon, there may be no such thing as an ad-free RSS feed, either, as publishers add advertisements to their feeds in hopes of making money through the popular content-aggregating technology. By Cyrus Farivar.",Sci/Tech,Sports
"Einstein Is Proved Right Again An experiment using two orbiting satellites has proved that as the Earth turns it drags space and time around itself, like a spinning top in treacle.",Sci/Tech,World
"Eras blend together perfectly As the final seconds ticked down on the last home game of his high school career, Larry Abare glanced up the hill at the far end of Edward M. Leary Field and watched all the little boys in blue jeans and Acton-Boxboro jerseys, one of them scrambling through the leaves with a football tucked carefully under his arm. ...",Sports,Sci/Tech
Microsoft signs two Indian deals The announcement came as Microsoft chief executive Steve Ballmer opened the group #39;s new Indian headquarters in the city of Hyderabad.,Business,Sci/Tech
Cosatu to meet over conflict with ANC The Congress of South African Trade Unions (Cosatu) said that it will hold a lunchtime press conference on Tuesday to discuss the controversial public spat between its leader Zwelinzima Vavi and the African National Congress (ANC) national spokesperson,World,Business
"Half of men on Pitcairn Island on trial for alleged sex abuse a small, prefabricated affair, consisting of just six cells. They have an incentive to build it well: seven of them could soon be living there.",World,Business
"He's His Own Adu Georgetown Prep defender Fro Adu is proud of brother Freddy, a forward for D.C. United, but wants to step out on his own.",Sports,World
"Karzai's Running Mate Survives Attack KABUL, Afghanistan - Campaigning for Afghanistan's first direct presidential election ended with a burst of violence Wednesday as attackers set off a bomb in a failed effort to kill interim Afghan leader Hamid Karzai's vice presidential running-mate. Despite persistent violence, the United Nations declared this hard-luck nation ready for Saturday's vote, a historic experiment with democracy after more than two decades of unrelenting ruin, from Soviet occupation to civil war to the repressive Taliban and the thunderous U.S...",World,Sports
"Argentina Beats U.S. Men's Basketball Team Argentina defeated the United States team of National Basketball Association stars 89-81 here Friday in the Olympic semi-finals, dethroning the three-time defending champions.",World,Sports
"UNLV Names Utah's Sanford As Head Coach (AP) AP - Calling UNLV ""a gold mine,"" Mike Sanford took over as coach of the Runnin' Rebels on Monday after two years as offensive coordinator at high-scoring Utah.",Sports,World
"U.S. Misses Cut in Olympic 100 Free ATHENS, Greece - Top American sprinters Jason Lezak and Ian Crocker missed the cut in the Olympic 100-meter freestyle preliminaries Tuesday, a stunning blow for a country that had always done well in the event. Pieter van den Hoogenband of the Netherlands and Australian Ian Thorpe advanced to the evening semifinal a day after dueling teenager Michael Phelps in the 200 freestyle, won by Thorpe...",World,Sports
Bon-Ton's Succession Success The transition atop the department store company looks like a pleasant non-story.,Business,World
"ESPN.com news services Six months ago, Scottie Pippen issued a quot;This is probably it for me quot; declaration, that last season was looking more and more like his last in an NBA uniform.",Sports,Business
"IBM Quitting Computer Business An era will come to an end when IBM sells off its computer manufacturing business, according to The New York Times. A Chinese company seems the likely buyer and the deal should fetch upward of \$2 billion.",Business,Sci/Tech
Medtronic Quarterly Net Up CHICAGO (Reuters) - Medtronic Inc. MDT.N on Wednesday said its quarterly earnings rose on brisk demand for devices that manage irregular heart beats and products used to treat the spine.,Business,World
AL moves to stop Israeli attacks against the Palestinians The Arab League AL has assigned the Arab group at the UN to call for convening an urgent meeting for the UN General Assembly or the UN Security Council to halt the quot;Israeli war of extermination against the Palestinian people.,World,Sports
"ASCAP Shakes Down Burning Man for Music Royalties LOS ANGELES, CA -- Officials from ASCAP today indicated they intend to pursue music royalties from the organizers of Burning Man, an artist's gathering and celebration held over the Labor Day holiday near Reno, NV. The unconventional event, held annually since 1986, has never paid fees for any of the music played at the event, says ASCAP. ""We intend to pursue all available avenues to get this issue resolved,"" said Tony Wilcox, ASCAP spokesperson.",Sci/Tech,World
"Siemens in 2.69bn deal with BBC German industrial giant Siemens has signed a 2.69bn contract to deliver technology services around the world to the BBC, a deal that will see it acquire the broadcasters technology subsidiary.",Business,Sports
"Modified mice help explain nicotine addiction WASHINGTON - Researchers in California, using genetically modified mice, say they #39;re closing in on understanding exactly what makes nicotine in tobacco so addictive.",Sci/Tech,Sports
"No quick fix in Boeing-Airbus talks World Trade Organization (WTO) talks on a transatlantic row over plane subsidies will bring no quick fix for what could be the biggest commercial dispute in WTO history, officials and analysts warned on Wednesday.",Business,World
Ryanair names Liverpool airport as 12th base Ryanair is making Liverpool #39;s John Lennon Airport its 12th European base. The low fares airline is investing \$240m in four new Boeing 737-800 aircraft and will launch nine new European routes from the airport.,Business,World
US sends marines to Philippines The US is sending up to 600 marines and relief supplies to flood-ravaged areas of the Philippines.,World,Business
"Australia comdemns apparent killing of aid worker in Iraq Australia #39;s Foreign Minister, Alexander Downer, says the apparent murder in Iraq of aid worker, Margaret Hassan, is a heinous and inexcusable crime.",World,Business
"Forsyth Forges Clear He may be 120 places lower in the world, but it was advantage Alastair Forsyth in his Volvo Masters duel with Sergio Garcia today before a thunderstorm suspended play.",Sports,Sci/Tech
"MND confirms China pulling troops from drill The Ministry of Defense confirmed yesterday that China #39;s military had withdrawn most of its troops from Dongshan Island where it was to hold an annual war game, but would not say if the action indicated Beijing was calling off the maneuvers that simulate",World,Business
Plea for Kidnapped Aid Worker Meets with Silence Charity workers were still facing an agonising wait for news of Iraq aid worker Margaret Hassan tonight after a televised plea to her kidnappers was met with silence.,World,Business
"Intel Sheds Light on 2005 Desktop Strategy Intel #39;s products for the digital home and digital office in 2005 will give consumers and IT managers more capabilities than just raw performance, and the company plans to highlight those products as it did with its Centrino mobile technology, Intel",Sci/Tech,World
Subsidy ruling a sweet victory for sugar producers The Federal Government has hailed a World Trade Organisation ruling that European subsidies for sugar producers are in breach of international trade rules.,Business,Sports
"Mesic Set to Recapture Croat Presidency (Reuters) Reuters - Croatia's liberal President Stjepan\Mesic looked set to win a second term in elections on Sunday,\exit polls released by state television showed.",World,Business
"Scientist Uses Whey to Protect Food (AP) AP - Oxygen, water, seeping oils #151; they're all out to get your food, turning sweet nuts sour and tasty confections rancid. Food scientist John Krochta is fighting back with an unlikely weapon, edible food coatings derived from whey, the dairy byproduct favored by protein-conscious athletes and Miss Muffet.",Sci/Tech,World
"Schumacher escapes high-speed practice crash SAO PAULO, Oct 23 (AFP) - World champion Michael Schumacher was involved in a high-speed crash in Saturday #39;s practice for the Brazilian Grand Prix.",Sports,Sci/Tech
Land Rover aims new model at US Land Rover will launch a sports tourer next year in a what is likely to be a test of British carmakers #39; ability to compete in the US.,Business,Sci/Tech
"Pay Adviser Talks of Role in Ovitz Deal The outside adviser who helped draft the 1995 employment agreement for the president of Walt Disney, Michael S. Ovitz, testified on Tuesday that he had reservations",Business,World
"Martin signals new flexibility to reach health deal with provinces (Canadian Press) Canadian Press - KELOWNA, B.C. (CP) - The federal government will seek a flexible medicare-reform agreement that could include individual deals with provinces, Prime Minister Paul Martin said Wednesday.",World,Sci/Tech
"Israel Announces West Bank Housing Plans (AP) AP - Israel announced plans Monday for 500 new housing units in the West Bank, after an apparent U.S. policy shift that has infuriated the Palestinians. The Palestinians oppose all Jewish settlement in the West Bank and Gaza Strip, lands where they hope to establish an independent state.",World,Sports
"Deal in Congress to Keep Tax Cuts, Widening Deficit Republican and Democratic leaders agreed to extend \$150 billion worth of tax cuts sought by President Bush without trying to pay for them.",World,Business
"India will never become an international liability: Manmohan Singh ... India News gt; The Hague: The Indian Prime Minister, Dr Manmohan Singh, has said that despite three changes in government in the past 14 years since the economic reforms were introduced in the country, there has been no roll back in the reforms programme.",World,Sci/Tech
"Iraq Oil Exports Still Halved After Basra HQ Attack BAGHDAD (Reuters) - Iraq continued to export oil at one million barrels per day on Friday after an attack on the South Oil Company headquarters took sabotage operations to a new level, an official at the state-owned entity said.",World,Business
"September Retail Sales Up by 1.5 Percent WASHINGTON - Shoppers got their buying groove back last month, propelling sales at the nation's retailers by a strong 1.5 percent. It was the best showing since March...",World,Business
"Software giant Microsoft rings up multibillion dollar profit gain REDMOND, Washington, Oct 21 (AFP) - The world #39;s biggest software company, Microsoft Corp, said Thursday that its first quarter profits swelled to 2.9 billion dollars as consumers and businesses pumped up demand for new computers.",Business,Sci/Tech
"SpaceShipOne,take two The SpaceShipOne team will attempt to win the \$10 million Ansari X Prize on Monday, the 47th anniversary of the start of the first space race when the Soviet Union launched its Sputnik satellite.",Sci/Tech,Business
"Strangers in Life Join Hands in Death as the Web Becomes a Tool for Suicide in Japan About once a month since January 2002, Japan has recorded a group suicide, successful or attempted, where participants met on the Internet.",Sci/Tech,World
"Durable Goods Fall, Aircraft Orders Slump (Reuters) Reuters - Orders for long-lasting U.S. durable\goods slipped unexpectedly in August as civilian aircraft\demand plunged, but beat forecasts once transportation was\stripped out, government data showed on Friday.",Business,World
"Tests Show James Died of Heart Attack LOS ANGELES - Toxicology and other tests determined that funk singer Rick James died last month from a heart attack due to an enlarged heart, with numerous drugs including methamphetamine and cocaine contributing factors, the county coroner announced Thursday. The death was declared an accident, said coroner's spokesman David Campbell, who emphasized that none of the drugs were found to be at life-threatening levels...",World,Business
Justices hear cases on shipping wine (USATODAY.com) USATODAY.com - States that block direct shipments of wine to consumers from out-of-state wineries faced skeptical comments from Supreme Court justices on Tuesday.,World,Business
"Wreckage of Navy helicopter found The wreckage of a Royal Navy helicopter, which disappeared with four crew members on board, has been found off the coast of Cornwall, the Ministry of Defence says.",World,Business
"Good Luck and Bubblewrap.com Collard greens and black-eyed peas, a New Years tradition, on a chefs site; Virtual-Bubblewrap.com lets you punch holes with your mouse; KnowItAllVideo.com, where amateur instructional videos are posted and rated.",Sci/Tech,Sports
"Sadr aide freed as Iraq seeks pre-election calm could help the interim government #39;s efforts to calm rebel-held strongholds before elections due in January. colleague, Sheikh Mahmoud Sudani, after he got out of jail on Thursday.",World,Sports
"UPDATE 1-Bayern rein in Wolfsburg with Pizarro double Bayern Munich reined in Bundesliga leaders Wolfsburg on Tuesday with a 2-0 victory, courtesy of a double strike from Peruvian striker Claudio Pizarro in his first match in a month.",Sports,World
"Sharman begins defense in Kazaa case Sharman Networks, the company behind the Kazaa peer-to-peer file sharing software, began its defense in a Sydney court room on Tuesday against charges by members of the music industry that the company aided music piracy and copyright infringement.",Sci/Tech,World
"Viruses keep on growing Most IT Managers won #39;t question the importance of security, but this priority has been sliding between the third and fourth most important focus for companies.",Sci/Tech,Business
"Conn. Man, 70, Oldest to Swim Channel LONDON - A retired Connecticut pilot has become the oldest person to swim the English Channel. George Brunstad, 70, left Dover, England, Saturday morning heading for the French Coast...",World,Sci/Tech
Branson: Virgin Billionaire Eyes China Telecom Deal Can you hear him now: Virgin Group Chairman Richard Branson said in Hong Kong that his company has earmarked \$300 million for a cell phone joint venture in China.,Business,Sci/Tech
"Caterpillar snaps up another remanufacturer of engines PEORIA - Caterpillar Inc. said Wednesday it will acquire a South Carolina remanufacturer of engines and automatic transmissions, increasing its US employment base by 500 people.",Sci/Tech,World
"Ravens Star Jamal Lewis Pleads Guilty to Drug Charge (Reuters) Reuters - Baltimore Ravens football star Jamal\Lewis pleaded guilty on Thursday to using a cell phone to try\to broker a cocaine deal, avoiding more serious federal drug\charges that could have sent him to prison for life.",Sports,Sci/Tech
"30,000 More Sudanese Threaten to Cross to Chad -UN (Reuters) Reuters - Some 30,000 Sudanese, victims of fresh\attacks by Arab militia inside Darfur, have threatened to cross\into Chad, the U.N. refugee agency warned on Friday.",World,Business
"Kashmiris reject Indian PM #39;s offer MUZAFFARABAD, Nov 17: A multi-party alliance fighting Indian rule in Kashmir rejected on Wednesday the economic package offered by Indian Prime Minister Dr Manmohan Singh during",World,Sports
"Spanish teenager pleads guilty in first trial stemming from Madrid ... MADRID, Spain There #39;s been a guilty plea in the first trial stemming from the Madrid train bombings earlier this year. A 16-year-old has pleaded guilty to charges he helped transport dynamite used in the attack.",World,Sports
"Halliburton Suffers Loss on Asbestos Claims HOUSTON - Oilfield services giant Halliburton Co. on Tuesday swung to a loss in the third quarter ended Sept. 30, hurt by hefty charges from discontinued operations related to the settlement of asbestos and silica claims.",Business,Sci/Tech
"Petronas pursues China LNG supply opportunities Petroliam Nasional Bhd., or Petronas, Malaysias national oil and gas firm, is in discussions with Chinas State-owned oil and gas firms for potential liquefied natural",Business,World
"Texas Instruments Plans Buyback (Reuters) Reuters - Texas Instruments Inc., the\largest maker of chips for cellular phones, on Thursday said it\plans to buy back #36;1 billion in stock and boost its quarterly\dividend by more than 17 percent, becoming the latest\technology company to return extra cash to investors.",Sci/Tech,Business
"Car Seats Measured for Whiplash Safety Using a new dynamic test and a dummy designed especially for rear impact testing, the Insurance Institute for Highway Safety has rated 73 seat/head restraint combinations available in 63 car models sold in the US market.",Sci/Tech,Sports
"Edwards: I Won't Raise Retirement Age (AP) AP - Seizing on a report that a plan to privatize Social Security includes raising the retirement age for full benefits to 72, vice presidential candidate John Edwards on Saturday renewed a promise that the Democrats would never raise the retirement age.",World,Sci/Tech
"Oracle expected to push on content management at OpenWorld Oracle is expected to unveil updates to its software's content management and business intelligence functions, as well as other enhancements at next week's Oracle OpenWorld user event.",Sci/Tech,Business
Powell for Arab democracy but Middle East no ready convert IT WAS first unveiled to the world as the American dream for spreading democracy right across the Middle East. But by the time US secretary of state Colin Powell came to launch the administrations quot;big,World,Sports
"Foxfire Browser Adoption Accelerating as IE Wains Usage of Microsoft Internet Explorer continues to fall in the United States, dropping 1.09 percentage points to 91.80 percent of the browser market last month, more than triple the rate",Sci/Tech,Business
"Some Democrats Believe the Party Should Get Religion Bested by a Republican campaign emphasizing Christian faith, some Democrats are stepping up efforts to organize the ""religious left.""",World,Sports
Kerr happy with Irish win Republic of Ireland manager Brian Kerr said he was delighted with the 3-0 win over Cyprus after so many players had pulled out of his squad.,Sports,Sci/Tech
"OU puts exclamation point on season No apologies, no justifications, no excuses necessary. Oklahoma isn #39;t slinking into the BCS championship game through the back door this year.",Sports,Business
"Briefly: T-Mobile sells Sidekick II roundup Plus: Spyware bill moves to Senate...Supercomputer center gets new No. 2...MIT, Caltech offer low-tech voting advice.",Sci/Tech,Business
Fusion reactor decision must wait Six nations planning to build the world's biggest nuclear fusion reactor fail to agree where to site the facility.,Sci/Tech,Business
"Shoppers return in September, sales up 1.5 Shoppers were out last month, propelling sales at the nation #39;s retailers by a strong 1.5, best showing since March. The sizable gain reported by the Commerce Department on Friday came",Business,Sports
Pulitzer shares surge on possible sale ST. LOUIS Pulitzer Incorporated shares spike more than 17 percent on news that the publisher of the St. Louis Post-Dispatch and two Arizona newspapers is considering a possible sale.,Business,World
"European spacecraft prepares to orbit Moon Europes first lunar spacecraft is set to go into orbit around the Moon on Monday. SMART-1 has already reached the gateway to the Moon, the region where its gravity starts to dominate that of the Earth.",Sci/Tech,Business
"'Wikis' Offer Knowledge-Sharing Online (AP) AP - Taran Rampersad didn't complain when he failed to find anything on his hometown in the online encyclopedia Wikipedia. Instead, he simply wrote his own entry for San Fernando, Trinidad and Tobago. Wikipedia is unique for an encyclopedia because anybody can add, edit and even erase. And the Wikipedia is just one #151; albeit the best known #151; of a growing breed of Internet knowledge-sharing communities called Wikis.",Sci/Tech,World
APEC Leaders Vow to Scrap Trade Barriers Pacific Rim leaders pledged Sunday to shore up global security and push ahead with the World Trade Organization's negotiations on lowering global trade barriers.,World,Business
"Patron Saint of the Nerds St. Expedite might not even be a true saint, but that doesn't stop programmers and job seekers from asking for his help. Michelle Delio reports from New Orleans.",Sci/Tech,Business
Ruling delayed in Peoplesoft case A crucial legal ruling in Oracle's takeover bid for Peoplesoft is delayed after a judge says he needs to hear more evidence.,Business,Sci/Tech
Cal Quarterback to Enter NFL Draft (AP) AP - California quarterback Aaron Rodgers will skip his senior season to enter the NFL draft.,Sports,Sci/Tech
"Russell moving on, away from Lakers Bryon Russell doesn #39;t plan to read Phil Jackson #39;s book on the Lakers #39; tumultuous 2003-04 season. Russell doesn #39;t need to; he saw it all himself, as part of the not-quite Team of the Century.",Sports,Business
"South Korea, Singapore seal free-trade pact Korea and Singapore sealed a free-trade agreement yesterday that covers nine broad areas, including electronics, finance and intellectual property rights.",Business,Sci/Tech
"Cuts offered, issue remains tax or cap The union #39;s proposal to end the lockout, made Thursday at the league #39;s Canadian headquarters, calls for a tax that would penalize -- and perhaps deter -- high-end payrolls.",Sports,Business
"PeopleSoft Raises Revenue Forecasts NEW YORK (Reuters) - PeopleSoft Inc. PSFT.O, fresh from firing its chief executive amid a hostile takeover bid from Oracle Corp. ORCL.O, on Monday said quarterly revenue would exceed Wall Street's expectations, helped by an increase in customers making larger orders for its business software.",Business,Sci/Tech
Alert shuts Los Angeles airport Parts of Los Angeles international airport are temporarily closed down amid reports of a security breach.,World,Business
"A conspiracy theory : In the aftermath of Arafats passing AH Jaffor Ullah. Yasser Arafat, the acknowledged leader of Palestinian people, lived amidst controversy all through his life. The cause of his death has now become a source of controversy amongst the departed leaders people all over Middle East.",World,Sci/Tech
"Zurich abandons bid for 2014 Winter Olympics Zurich has decided to quit the bid for the 2014 Winter Olympics, according to a statement released bythe Swiss Olympic Association on Tuesday.",Sports,Business
"Iraq to widen arms amnesty success, could point to the government #39;s ability to organise nationwide polls by the end of January. The interim government has vowed to crack down on insurgents and pacify Iraq before the January election.",World,Business
"Nike Co-Founder Knight Steps Down as CEO (Reuters) Reuters - Nike Inc. co-founder\Philip Knight, who helped transform a small-start up business\into the world's biggest athletic shoe company, will step down\as chief executive officer, the company said on Thursday.",Business,World
"Calif. Lawmaker Wants to Privatize State Pensions Hoping to stem a tide of rising pension debt, a California legislator will propose a controversial overhaul on Monday that would convert traditional public employee retirement plans to privately managed 401(k)-style plans, the Los",Business,Sci/Tech
US-European mission explores Saturn #39;s moon mysteries This Nasa image shows Saturn #39;s lonely moon Mimas (R) seen against the blue-streaked backdrop of Saturn #39;s northern hemisphere.,Sci/Tech,Business
"Ulmer storms to gold New Zealand #39;s Sarah Ulmer stormed to gold in the women #39;s individual pursuit in a new world record time. Ulmer, fourth in Sydney four years ago, beat Australia #39;s Katie Mactier in a time of three minutes 24.",Sports,Sci/Tech
"Florida Upsets No. 10 Florida State 20-13 Florida State #39;s Chauncey Stovall, left, comes down with a fourth-quarter-touchdown catch as Florida defender Vernell Brown, right, falls down, Saturday, Nov. 20, 2004, in Tallahassee, Fla.",Sports,Sci/Tech
"Ivory Coast violence deals economic blow Burned, looted shops dot the commercial capital. European airlines have suspended flights. And only a few ships remain in what was one of West Africa #39;s busiest ports.",World,Sci/Tech
"Jerry Graybeal quits as Weber State coach OGDEN, Utah -- Weber State football coach Jerry Graybeal resigned Tuesday after a 1-10 season, the worst in the program #39;s 43-year history.",Sports,Sci/Tech
"Mobile phone #39;deafness #39; risk p2pnet.net News:- Defects in Siemens 65 series mobile phones could cause deafness, says the company. quot;In extreme cases, this volume could lead to hearing damage.",Sci/Tech,Sports
Braves' Smoltz May Rejoin Team's Rotation (AP) AP - John Smoltz might rejoin the Braves' rotation if Atlanta finds another closer.,Sports,World
Yellowknife parole officer found dead after visiting client in apartment (Canadian Press) Canadian Press - YELLOWKNIFE (CP) - The case of a parole officer apparently killed while she was visiting a client has devastated her colleagues.,World,Sports
"He picked right time to start making shots Insecurity is a great motivator. Facing increasing criticism about his shot selection and the prospect of losing his starting job because of the return of two-time All-Star Allan Houston, young",Sports,Sci/Tech
"PalmSource Promises Linux OS PalmSource today promised a Linux version of its operating system, together with a cut-down offering for use in budget mobiles, after buying mobile phone developer China Mobilesoft.",Sci/Tech,Business
"Juniper Takes Security to Endpoints Juniper Networks (Quote, Chart) has launched a new initiative designed to improve interoperability of popular third-party antivirus and firewall measures with its own Secure Socket Layer (define) Virtual Private Network (define) appliances.",Sci/Tech,Business
"SHANGHAI ATP: Canas struggles to first round win SHANGHAI: A tired but determined Guillermo Canas of Argentina held off a strong early charge from Spains Guillermo Garcia-Lopez to win his first round Shanghai ATP match 7-6, 6-1 on Monday.",Sports,Sci/Tech
"SEC Delays Reviews for Some Firms Securities regulators gave more than 2,000 public companies a brief reprieve from new rules requiring them to assess the strength of their financial safeguards.",Business,Sci/Tech
"Kenyan activist plants tree to mark Nobel prize Crying with delight, Kenyan environmentalist Wangari Maathai planted a tree to celebrate winning the Nobel Peace Prize on Friday and vowed to use the money",World,Sports
"Scandal won #39;t go away ATHENS -- It was telling yesterday that the majority of the dozens of journalists who asked questions and attended a news conference into a Greek doping scandal were mostly Canadian. Question after question came from Canadians. We were all there, I think, ...",Sports,Business
"Judge Indicts 2 Former Parmalat Auditors MILAN, Italy Oct. 5, 2004 - Two former auditors at Parmalat were ordered to stand trial for market rigging under a fast-track procedure, the first indictments since the massive fraud scandal at the Italian-based dairy giant.",Business,World
"Putin Seeks More Control Over Regions, Governors In an address to the countrys top officials on Monday Russian President Vladimir Putin announced initiatives that would further strengthen the federal centers control over political life.",World,Business
"Microsoft plays up growth, dividend They were preaching to the choir, but Bill Gates and Steve Ballmer still did their best to sell the virtues of Microsoft stock at the company #39;s annual shareholder meeting yesterday in Bellevue.",Business,Sci/Tech
"Sihamoni ready to take over: PHNOM PENH, Oct. 10. - King Norodom Sihanouk declared on Sunday that his son, Crown Prince Norodom Sihamoni is ready to accept kingship.",World,Business
"Angels 5, Rangers 3 Chone Figgins and Troy Percival saved the Anaheim Angels, and gave them a little boost in the AL West race. Figgins had RBI hits in the last two innings and scored the go-ahead run on an infield grounder.",Sports,Business
"Neck stents boosted in two studies Boston Scientific Corp. and Medtronic Inc. , competing to enter the US market for stents that keep neck arteries open, said separate studies showed their devices prevent complications including stroke after 30 days.",Business,Sci/Tech
Schering-Plough and Bayer form strategic alliance Schering-Plough Corporation has announced that it has entered into a strategic agreement with Bayer designed to maximize the companies #39; pharmaceutical resources while maintaining each company #39;s own strategic interests.,Business,Sci/Tech
"Bloglines aims for simplicity (SiliconValley.com) SiliconValley.com - There's been a lot of innovation in online publishing lately, but regular Internet users might be scratching their heads at some of the lingo. Social software, blogs and RSS technology? What does it all mean?",Sci/Tech,World
"Elbaradei, Environmentalist Tipped for Nobel (Reuters) Reuters - Among those tipped to win the 2004 Nobel\Peace Prize on Friday are the U.N. nuclear watchdog and its\leader Mohamed ElBaradei, a Kenyan environmentalist and a\Russian anti-nuclear activist.",World,Sports
European Press Review: Climate Change European editorials on Monday commented on the results of the local elections in the western German state of North Rhine-Westphalia.,World,Sci/Tech
"UK Recording Industry Sues File Swappers Over Piracy Following the lead of their American counterparts, the leading music industry groups in the UK and Europe have launched scores of lawsuits against dozens of individuals they say swapped copyrighted music illegally.",Sci/Tech,Business
Powell accuses Iran of trying to develop nuclear missiles The Bush administration yesterday accused Iran of attempting to develop missiles with nuclear warheads - a charge that could derail the European arms-control agreement struck earlier this week.,World,Sci/Tech
"Groups Eager to Meet With Bush, Kerry (AP) AP - Organizations representing the nation's 3 million scientists, engineers and doctors have invited both presidential candidates to have a word with them #151; online.",Sci/Tech,Sports
Fears for T N pension after talks Unions representing workers at Turner Newall say they are 'disappointed' after talks with stricken parent firm Federal Mogul.,Business,Sports
"Giants Hold On to Warner Eli Manning, sleepy-eyed and tousled-haired, dropped off his playbook at his locker Thursday. Four television crews swarmed around him.",Sports,Business
"Tropical Storm Slams Into Coastal S.C. CHARLESTON, S.C. - Tropical Storm Gaston blasted the South Carolina coast with rain and near-hurricane strength wind early Sunday, flooding roads and knocking out power to at least 75,000 homes...",World,Business
"Motorola buys wireless network developer, eyes defense contracts CHICAGO - Motorola Inc. is acquiring MeshNetworks Inc., developer of a Wi-Fi based technology that is expected to help land more contracts for its growing government contracting business.",Business,Sci/Tech
"Asia-Europe Forum Grows, Myanmar Irritates HANOI (Reuters) - An Asia-Europe forum accepted Myanmar and 12 other new members on Thursday ahead of a summit strained by Yangon's human rights record and detention of democracy icon Aung San Suu Kyi.",World,Sci/Tech
"E-mail scam targets police chief Wiltshire Police warns about ""phishing"" after its fraud squad chief was targeted.",Sci/Tech,World
"'Miracle baby' a victim - judge A ""miracle baby"" was the victim of child traffickers motivated by financial greed, a judge rules.",World,Sci/Tech
Mexican columnist murdered A prominent Mexican journalist known for his reports on organised crime is killed on the US border.,World,Sci/Tech
"France, Ivory Coast relations worsen Nine French peacekeepers were killed during an air raid by Ivorian bombers more than a week ago. France responded by destroying most of the Ivorian air force.",World,Sports
"Lonely whale #39;s song remains a mystery A lone whale with a voice unlike any other has been wandering the Pacific for the past 12 years. Marine biologist Mary Ann Daher of Woods Hole Oceanographic Institution in Massachusetts, US, and her colleagues",Sci/Tech,Sports
"Grizzlies make Swift move Memphis, TN (Sports Network) - The Memphis Grizzlies Friday re-signed forward Stromile Swift to a one-year contract. Terms of the deal were not released.",Sports,World
"MLB: NY Yankees 7, Minnesota 6 (12 inn.) Hideki Matsui drove in Derek Jeter with a 12th-inning sacrifice fly Wednesday night, giving the New York Yankees a dramatic, 7-6 win over Minnesota.",Sports,Sci/Tech
"Source: Dolphins, Bears on Verge of Deal (AP) AP - The Chicago Bears agreed Saturday to trade receiver Marty Booker to the Miami Dolphins for unsigned Adewale Ogunleye #151; if the Bears can reach a contract agreement with the Pro Bowl defensive end, a source close to the negotiations said.",Sports,World
"Mother of Jackson Accuser Testifies SANTA MARIA, Calif. - The mother of the boy accusing Michael Jackson of molestation testified Friday she does not remember a private investigator telling her that he was working for one of the pop star's attorneys, but believed he worked directly for the singer...",World,Sci/Tech
Congress Members Seek Officer's Dismissal (AP) AP - A group of congressional Democrats is asking President Bush to dismiss a senior military intelligence officer who made church speeches that included inflammatory religious remarks while discussing the war on terrorism.,World,Sports
Florida deaths blamed on Hurricane Frances State and local officials Tuesday said nine people have died in Florida because of Hurricane Frances. The following describes those deaths: - A 15-year-old grandson and a former son,Sports,Business
"Keck telescope confirms important exoplanet discovery Hawaii #39;s Keck Observatory has confirmed the existence of a Jupiter-sized planet orbiting a distant star, the first one spotted by a network of astronomers using telescopes no larger than the ones you can buy in stores.",Sci/Tech,Sports
Goldcorp Says It Will Review Glamis Bid Gold miner Goldcorp Inc. on Friday said its board is willing to review and evaluate a takeover offer from Glamis Gold Ltd. that would break up its friendly merger agreement with Wheaton River Minerals Ltd.,Business,Sports
"Group Seeks Ways to Prosecute Cybercrime (AP) AP - Governments and private sector officials from around the world sought ways Thursday to jointly combat cybercrime, whose growth mirrors the phenomenal rise of the Internet's popularity.",Sci/Tech,Business
"Challenger disappoints with writedown The Kerry Packer-backed Challenger Financial Services Group has reported its first net loss since incorporating, impacted by a massive writedown of goodwill.",Business,Sports
Australia in grip of water crisis There is a warning that some of Australia's major cities could run out of drinking water.,Sci/Tech,Business
Mutant book wins Guardian prize A book about the evolution of mutants and the science of abnormality has won the Guardian First Book Award 2004.,Sci/Tech,Sports
Wall Street Looks Set for a Mixed Start (Reuters) Reuters - Wall Street looked set for a mixed start\on Thursday as oil prices remained near two-week highs and\investors braced for a clutch of economic data and earnings\from high-profile firms like Goldman Sachs and Nike\.,Business,World
"Stock Prices Climb Ahead of Google IPO NEW YORK - Investors shrugged off rising crude futures Wednesday to capture well-priced shares, sending the Nasdaq composite index up 1.6 percent ahead of Google Inc.'s much-anticipated initial public offering of stock. In afternoon trading, the Dow Jones industrial average gained 67.10, or 0.7 percent, to 10,039.93...",World,Business
EU launches graphic tobacco ads The European Commission launches graphic images showing the damage smoking can do to people's health.,World,Sci/Tech
"Hamm should support Yang Paul Hamm needs a new marketing strategy. Either that, or he needs a clue. One harmless gesture separates him from lionization in America and canonization in South Korea, and",Sports,Sci/Tech
Europe compromises with US on Iran nuke deadline charge Iran vehemently denies. The IAEA has found many previously concealed nuclear activities in Iran. but no quot;smoking gun quot; backing the US view.,World,Sci/Tech
"Ethiopia Agrees to Demarcate Most of Border ADDIS ABABA (Reuters) - Ethiopian Prime Minister Meles Zenawi said on Friday demarcation of most of the country's 600 mile border with Eritrea could begin immediately, raising hopes a long-simmering border dispute could be resolved.",World,Business
Sparks fly in Gold Fields bid battle The bitterly fought \$8.1bn (4.5bn) bid battle for control of Gold Fields is set to become even more acrimonious this week when Harmony Gold Mining launches a fresh attack on its target #39;s track record.,Business,Sports
"Seattle Mariners Minor League Report - August 23rd TACOMA RAINIERS - The Rainiers just missed a perfect week when they suffered their only setback on Sunday August 22nd, a 13-6 loss to the Portland Beavers.",Sports,Sci/Tech
"Plan B Proposes Its Own Alternatives Donnie Downs, president and chief executive of Plan B Technologies Inc., said the company itself is a ""plan B.""",Sci/Tech,Sports
Officials: Boston #39;s Big Dig highway project full of leaks ... But taxpayers won #39;t have to foot the bill -- Massachusetts Turnpike managers say the repairs are the responsibility of the private contractors who built the nearly 15 (b) billion dollar tunnel project.,Business,Sci/Tech
Columnists: Simple and Secure isn't so Simple Simple to code does not always mean simple for the user. And simple for the user is often not easy to code.,Sci/Tech,Sports
"FCC expected to keep states off VoIP's back Sources expect that on Tuesday, the FCC will exempt more Net phone calls from state telephone rules and taxes, even as the cable industry tries to grab VoIP's coattails.",Sci/Tech,Business
"AMD pushes desktop performance with new chips Advanced Micro Devices Inc. (AMD) is expected to unveil its most powerful desktop processors to date on Tuesday, a few days after rival Intel Corp. disclosed changes to its desktop processor road map.",Sci/Tech,Business
PM and Latham target Sydney Prime Minister John Howard and Opposition Leader Mark Latham will target key marginal seats around Sydney as the election campaign hits its second week.,World,Sports
"Auto suppliers feel squeeze DETROIT -- New car and truck sales rose more than two per cent during the first 10 months of 2004, but many of the companies that supply parts to the big automakers have little to celebrate -- their profits are shrinking as raw materials costs rise and",Business,Sci/Tech
"Top Court Upholds Visa, MasterCard Ruling WASHINGTON/NEW YORK (Reuters) - The Supreme Court on Monday let stand a ruling that the Visa and MasterCard credit card associations violated U.S. antitrust law by barring member banks from issuing credit and charge cards on rival networks owned by American Express Co. and Morgan Stanley.",Business,Sci/Tech
"Dial M for Music Mobile-phone makers scored a surprising hit four years ago when they introduced handsets equipped with tiny digital cameras. Today, nearly one-third of the cell phones sold worldwide do double duty as cameras",Sci/Tech,Sports
"Singh Takes Two-Shot Lead, Woods Tied for Second NORTON, Massachusetts (Reuters) - Fiji's Vijay Singh fashioned an eight-under par 63 Saturday to take a two-shot second-round lead on 131 in the Deutsche Bank Championship.",Sports,Business
"Klitschko wins in 8th LAS VEGAS -- If Vitali Klitschko made one thing clear last night about the heavyweight division, it's how finished Mike Tyson really is.",Sports,World
"Yanks shock Twins, earn date with Sox: Another late rally erases 4 ... Just when you think you #39;ve seen it all, the Yankees devise a new way to win a game and torture their opponents. Last night, they somehow landed a spot in the American League",Sports,Sci/Tech
Voters Checking Out Other Sides' Sites Are right-leaning voters spending all their online time on Rushlimbaugh.com? Are left-leaning voters locked into the like-minded Talkingpointsmemo.com?,Sci/Tech,World
"RAP OVER DANGER DRUG BAN A PAINKILLER for arthritis sufferers should have been banned four years ago, experts said yesterday. Vioxx, used by 400,000 Brits, was taken off the market by its US makers last month due to potentially deadly side-effects.",Business,Sports
"Colombia Says Irish Fugitives Have Fled Country BOGOTA, Colombia (Reuters) - Three Irish fugitives convicted of teaching leftist Colombian guerrillas how to make bombs have escaped the Andean country and are at large outside its borders, Colombia's attorney general said late on Thursday.",World,Sci/Tech
"Relations with India not at Pakistans expense: China BEIJING: Chinas improving relations with India will not come at the expense of Pakistan, Chinese Premier Wen Jiabao said in his meeting with Prime Minister Shaukat Aziz here on Wednesday.",World,Sports
Calif. Energy Panel Criticized for Crisis An appeals court ruled Thursday that federal energy regulators shirked their duty when they declined to order power companies to refund consumers for overcharges during,Business,Sci/Tech
"96 Processors Under Your Desktop Roland Piquepaille writes quot;A small Santa Clara-based company, Orion Multisystems, today unveils a new concept in computing, #39;cluster workstations.",Sci/Tech,Business
"Iran Agrees to Suspend Uranium Enrichment (AP) AP - Iran has agreed to fully suspend uranium enrichment and linked activities that Washington asserts are part of a nuclear weapons program, diplomats said Sunday.",World,Sports
"San Diego fiscally sound, mayor says SAN DIEGO - In the wake of another downgrading of San Diego #39;s credit rating, Mayor Dick Murphy today reassured the public that the city is fiscally sound.",Business,Sci/Tech
"NATO to send staff to Iraq NATO will send military trainers to Iraq before the end of the year in response to appeals by Iraqi leaders for speedy action, US ambassador to NATO Nicholas Burns said today.",World,Business
"How Serious Is Pfizer #39;s Condition? The stock is feeling some pain these days. However, this drugmaker has enough going for it that the illness shouldn #39;t last. Amid nervousness over the future of Pfizer #39;s arthritis pain treatment Celebrex and",Business,Sci/Tech
"Bovina upsets Williams at Kremlin Cup Unseeded Elena Bovina upset error-prone Venus Williams, 6-3, 6-2 Friday to advance to the Kremlin Cup semifinals. Bovina, 19, will be playing in her third semifinal this season.",Sports,Sci/Tech
"Cisco #39;s Q1 Profit Leaps 29 Percent Cisco Systems has reported first-quarter profits of \$1.4 on sales of \$6 billion. Despite cautious spending by its corporate customers, softness in the global economy and a lingering uncertainty over whether",Business,Sci/Tech
"Amazon Burning Makes Brazil a Leading Polluter By Axel Bugge BRASILIA, Brazil (Reuters) - Burning of the Amazon andother forests accounts for three quarters of Brazil'sgreenhouse gas emissions and has made the country one of theworld's leading polluters, a long-delayed government reportshowed on Wednesday.",World,Sci/Tech
"Study: Wild Monkeys Resort to Use of Tools (AP) AP - Wild South American monkeys routinely use fist-sized rocks to crack open seeds and to dig in dry Brazilian soil for grubs and edible tubers, researchers report in the journal Science.",Sci/Tech,Sports
"#39;Blog #39; To Be Included in 2005 Dictionary The most requested online definition this year was quot;blog quot; -- a word not even yet officially in the dictionary, Merriam-Webster says.",Sci/Tech,Sports
"Needham nips Framingh As Carey Division rivals in the Bay State Conference, the Needham and Framingham field hockey teams met twice already this fall, with the clubs splitting a pair of 1-0 decisions.",Sports,Sci/Tech
"Rate hikes by Fed dull ARMs #39; luster 30-year fixed home loans remain appealing, but variable rates have been on the move up. By Sandra Block. If you #39;re hoping an adjustable-rate mortgage will help you afford your dream house, you may want to rethink those granite countertops.",Business,Sports
"Economic Indicators Declined in July A closely watched measure of future economic activity fell in July for the second consecutive month, reinforcing evidence that the nation's financial recovery is slackening.",Business,Sci/Tech
"Chirac, in Beijing, Signs Accords to Increase French Investment President Jacques Chirac of France declared Saturday that France was a natural trade partner for China and, during a flurry of air, rail and energy deals, he played down",World,Business
"US troops accelerate operations against Sunni insurgents _ US troops are on the offensive in Iraq ahead of the holy month of Ramadan, which is expected to start at the end of the week. The operations appear aimed at preventing a repeat of the",World,Business
Pornsters face life in China smut crackdown China is stepping up its hard line against internet pornography by threatening life imprisonment for anyoner caught peddling porn.,Sci/Tech,World
Halliburton Says It May Separate KBR Unit NEW YORK (Reuters) - Halliburton Co. HAL.N said on Thursday it would restructure its KBR unit and may shed the business if the company's stock performance continues to lag behind peers.,Business,Sci/Tech
Oram shuns Cairns comparisons Brisbane - New Zealand batting hero Jacob Oram shunned comparisons with one of his country #39;s great all-rounders Chris Cairns after he bludgeoned the Kiwis into contention against Australia here on Friday.,Sports,Sci/Tech
"UPDATE 2-Cricket-Malik reported for suspect action Cricket-ICC clears Zimbabwe Cricket Union of racism October 17, 2004 14:05:37 LAHORE, Pakistan, Oct 17 (Reuters) - A special report by an International Cricket Council (ICC) inquiry commission has ruled there is no evidence of racism within the",Sports,World
"Two Michigan St football players arrested EAST LANSING, Michigan (Ticker) - Two Michigan State football players were arrested Tuesday morning for planting three homemade quot;MacGyver bombs quot; outside a campus apartment.",Sports,Sci/Tech
"Crooks slither into Net's shady nooks and crannies (USATODAY.com) USATODAY.com - Organized crime rings and petty thieves are flocking to the Internet like start-ups in the go-go '90s, establishing a multibillion-dollar underground economy in just a few years. The Internet's growth as an economic engine, particularly for financial transactions, is feeding the felonious frenzy.",Sci/Tech,Sports
"Japan executes child killer Japan has hanged a man convicted of stabbing to death eight elementary school children in a rampage that shocked the nation and severely shook its sense of security, local media have said.",World,Business
"Charting East Asias milestones IT is a special honour for me to be speaking before such a distinguished gathering, including my illustrious predecessor and his colleagues from Korea and Japan who are all well-known for their visionary ideas and as proponents of East Asian cooperation.",World,Sci/Tech
"Crazy fan disrupts Weir #39;s round IN AN unpleasant repeat of the Athens Games marathon fiasco, Mike Weir was grabbed by a fan as he walked to the 11th tee during the final round of the Canadian Open on Sunday.",Sports,Sci/Tech
"U.S. Seeks Reconciliation with Oil-Rich Venezuela SAO PAULO, Brazil (Reuters) - The United States said on Monday it will seek better ties with oil-rich Venezuela in the clearest sign since President Hugo Chavez won a recall referendum in August that Washington is looking for reconciliation with the firebrand populist.",World,Sci/Tech
"Life without numbers in a unique Amazon tribe 11=2. Mathematics doesn #39;t get any more basic than this, but even 11 would stump the brightest minds among the Piraha tribe of the Amazon.",Sci/Tech,Business
"Veterans Committee counts for little The Hall of Fame released the latest Veterans Committee ballot yesterday. As you might (or might not) remember, there #39;s a (nearly) new committee in town.",Sports,Sci/Tech
IBM #39;to sell PC business #39; IBM is reportedly in talks to sell its personal computer business. It would mark the end of an era for the company that brought the computer into the mainstream when it began selling its desktop PC to corporations and consumers in 1981.,Business,Sci/Tech
Zambrano right at home No one has been more dominating against National League hitters at home than Cubs starter Carlos Zambrano. And Zambrano looked as if he would be at his finest Monday night at Wrigley Field.,Sports,World
"Marquee Matchup With apologies to Arizona and San Francisco, there are only two teams in the NFC West again this year, and that means the division has just two truly meaningful games: This one, and Seattle at St.",Sports,Business
"Diebold Cuts Forecast NEW YORK (Reuters) - Diebold Inc. DBD.N, the leading maker of automated teller machines, on Monday reduced its third-quarter and full-year earnings forecasts as it absorbs costs for recertifying its electronic voting machines in California and for expenses related to a pending civil action in that state.",Business,Sci/Tech
Court Overturns Nigerian Woman's Stoning Sentence (Reuters) Reuters - A young Nigerian mother\sentenced to death by stoning for having sex outside marriage\was acquitted and discharged by an Islamic appeals court on\Thursday.,World,Sci/Tech
"Spimming for Dollars Today #39;s new word, for all you dictionary freaks, is quot;spim quot;. Spam IM (Instant Messaging) = Spim. IM Spam. And for many IM companies it is the bane of their existence requiring increasingly aggressive filtering and block list capabilities.",Sci/Tech,Sports
"Mariners' Ichiro Breaks Hits Record, Adds Single SEATTLE (Reuters) - The Seattle Mariners' Ichiro Suzuki registered three singles to tie, break and then add to the Major League hits record with his 259th of the season in a game against the Texas Rangers Friday.",Sports,Sci/Tech
"Odyssey Warns of Weak Quarter, CEO Quits CHICAGO (Reuters) - Odyssey Healthcare Inc. ODSY.O on Monday warned of an earnings shortfall, announced the resignation of its chief executive and said it was the subject of a Justice Department probe, sending shares of the hospice care provider plummeting 42 percent.",Business,World
Top Cyber News 12/9 It #39;s a clash between the film industry and a consumer electronics company over a home theater jukebox. The legal battle is over something called the Kaleidescape System.,Sci/Tech,Sports
"Could Newer Browsers Dethrone IE? Every time a new IE security flaw is announced, or whenever someone gets fed up with hackers manipulating their Web browser, Firefox and other Mozilla-based browsers get a bump in the marketplace.",Sci/Tech,World
"Radcliffe withdrawal not due to injury World record holder Paula Radcliffe #39;s tearful withdrawal from the women #39;s Olympic marathon yesterday was not due to injury, the British team says.",Sports,Business
Hughes allowed to speak to Rovers The Football Association of Wales have given national boss Mark Hughes permission to speak to Blackburn over their vacant managerial post.,Sports,Business
"Share price no basis for lawsuit COLLINS STEWART was the first company to try to base libel damages on a falling share price. Had the broker succeeded, it would have threatened the Financial Times with a huge liability - and",Business,Sports
Putin signs up Russia for Kyoto pact The Kremlin said Putin signed a parliament bill late on Thursday confirming Russia #39;s ratification of the protocol. Both chambers of Russia #39;s parliament approved ratification of the pact last month after Putin pointed the way.,World,Sports
"Early Voters Transform Campaign Landscape (AP) AP - In an election year when just a few thousand votes in a few states could decide the winner, the growing number of voters who cast ballots weeks before Election Day is transforming the landscape for political campaigns.",World,Sports
Jerkens makes right call with Society Selection Trainer Allen Jerkens hemmed and hawed this past week over running Society Selection in Saturday #39;s Grade 1 Alabama at Saratoga.,Sports,Sci/Tech
"Murdoch novel reveals Alzheimer's The last novel by the author Iris Murdoch reveals the first signs of Alzheimer's disease, experts say.",World,Business
9:22 am: Missing explosives have experts wondering what else is ... Revelations that nearly 400 tons of conventional explosives have gone missing in Iraq have experts wondering what other weapons might be in jeopardy of falling into insurgent or terrorist hands.,World,Sci/Tech
PalmOne to play with Windows Mobile? Rumors of Treo #39;s using a Microsoft operating system have been circulating for more than three years. Now an investment bank reports that PalmOne will use a,Sci/Tech,Business
"Nothing doing Well, that didn #39;t go very well, did it? Everybody knew the NHL planned on turning down the NHLPA #39;s latest offer yesterday, but the hockey world still held its breath when the two adversaries met face to face",Sports,Business
"Princess Di's Ex-Bodyguard Disputes Claim (AP) AP - A former bodyguard of Princess Diana on Tuesday dismissed her claim that one of her lovers was ""bumped off.""",World,Sports
"Saddam #39;s aides set to go on trial Trials of some of Saddam Hussein #39;s aides will begin next week, Iraqi interim Prime Minister Iyad Allawi said. Speaking to Iraq #39;s National Council, he did not name the lieutenants that would go on trial or say when Saddam himself would appear in court.",World,Sci/Tech
"Mamma Search is Buying Copernic Mamma Search is Buying Copernic\\Mamma.com Inc., the paid search company, and Copernic Technologies Inc. announced that Mamma has signed a letter of intent where they will acquire all of the shares of Copernic Technologies for a combination of cash and shares of Mamma.com Inc. The closing of the acquisition will ...",Sci/Tech,Business
Shareholders Toast Brewers' Merger BRUSSELS/SAO PAULO (Reuters) - Shareholders gave their blessing on Friday for Belgium's Interbrew INTB.BR to buy Brazil's AmBev AMBV4.SA in a \$9.7 billion deal that will create the world's largest brewer.,Business,Sci/Tech
"ConocoPhillips boosts LUKoil stake to 10 percent (AFP) AFP - US oil major ConocoPhillips has boosted its stake in Russia's second-largest oil producer LUKoil to 10 percent, giving Conoco at least one representative on LUkoil's board.",World,Sci/Tech
"Disney takes sides in battle for next generation DVD (AFP) AFP - Hollywood movie powerhouse Walt Disney has taken sides with Japan's Sony Corp. in a bitter battle between studios to define a technical standard for next generation DVDs, it said.",Sci/Tech,Sports
"Amazon #39;s A9 Search Evens Out Google results with links to books at Amazon.com, the Internet Movie Database, Google Images, and GuruNet.com, plus site information, including similar links that others have followed.",Sci/Tech,Sports
"Keep quiet on U.S. election, Martin tells loose-lipped cabinet (Canadian Press) Canadian Press - OTTAWA (CP) - Prime Minister Paul Martin served notice to his Liberal cabinet Thursday to clam up with their personal opinions on the U.S. presidential election.",World,Business
Cyprus says could support Turkey EU bid Cypriot President Tassos Papadopoulos said Monday he would not oppose Turkish European Union accession talks provided Turkey met European standards.,World,Sci/Tech
"British grocer Tesco sees group sales rise 12.0-percent (AFP) AFP - Tesco, Britain's biggest supermarket chain, said that group sales grew by 12.2 percent in the third quarter, driven by strong performances from its stores at home and abroad.",Business,Sci/Tech
"U.S. Gymnasts Win 3 Medals; Hamm Angry (AP) AP - Terin Humphrey and Annia Hatch got silver. Courtney Kupets got bronze. And Paul Hamm got mad. The United States upped its gymnastics medal haul to seven Sunday night, the most since the Americans won 16 at the boycotted Los Angeles Games in 1984. And they might not be finished yet.",Sports,Sci/Tech
Iraqis Fearing a Sunni Boycott of the Election Leaders of Iraq's Sunni minority say they have failed to generate any enthusiasm for nationwide elections scheduled for January.,World,Business
Mich. Rep. to Head Intelligence Panel (AP) AP - Republican Rep. Peter Hoekstra of Michigan was picked Wednesday to head the House Intelligence Committee amid a heated election-year debate over how to carry out a major overhaul of the nation's intelligence system.,World,Sci/Tech
"ERA Congratulates Nobel Peace Prize Winner The Environmental Rights Action/Friends of the Earth Nigeria (ERA/FoEN) has congratulated Kenya born Nobel Peace Prize winner, Dr.",World,Sci/Tech
"Board with Mukesh: Reliance Mumbai, Nov. 26: Mukesh Ambani apparently commands the full support of the board on all recent decisions, including the controversial one that elevated him to the final authority in the group.",Business,Sports
Blair is #39;Using Our Troops to Boost Bush #39; Tony Blair last night stood accused of conspiring to use British troops in Iraq as a quot;political gesture quot; to help George W Bush in the US presidential election.,World,Sports
Atheros reaches into electronics devices Chipmaker announces new chipset and reference design for consumer devices and PCs.,Sci/Tech,Business
Particle lab celebrates 50th birthday The European research facility which helped shape our view of matter and invented the world wide web is exactly 50 years old.,Sci/Tech,Sports
Hurricane Ivan blows Courts #39; profits away MILLIONS of pounds are likely to be wiped off profits at the Caribbean arm of furniture retailer Courts following the devastating impact of Hurricane Ivan.,Business,Sci/Tech
"Karzai Uncle Sam #39;s man WASHINGTON, October 08 (Online): As Afghans prepare for their first presidential elections on October 9, President Hamid Karzai, a Pashtun, is being challenged by over a dozen factional leaders, but most Afghans and international officials expect him to",World,Sports
"GlobeTrotter: Mandrake-based 40GB Linux Mobile Desktop joestar writes quot;Mandrakesoft amp; LaCie have just launched quot;GlobeTrotter quot;, a ultra-compact 40 GB bootable USB hard-drive pre-loaded with Mandrakelinux 10.",Sci/Tech,Sports
all in the beak: scientists find secret of homing pigeons #39; ... The sensitivity of a homing pigeon #39;s beak could provide an answer to the complicated story of how it finds its way home. Scientists have shown for the first time that homing,Sci/Tech,Sports
"Productivity Growth Slowest in 2 Years (AP) AP - The productivity of America's workers grew at a 1.8 percent annual rate in the third quarter, the slowest pace in nearly two years, the government reported Tuesday.",Business,World
"Seattle Times business columnist admits plagiarism, resigns A business columnist has resigned from the Seattle Times after admitting he plagiarized the work of other journalists, said the newspaper.",Business,Sci/Tech
"Intel shelves plans for Wi-Fi access point Due to lack of demand, the chipmaker postpones plans to build Wi-Fi access points into desktop PCs this year.",Sci/Tech,Business
"A Canadian Invasion A few weeks ago, in a story on Nortel (NYSE: NT), I asked people to submit a Canadian joke to me. This is as good a place as any to reveal the winner.",Business,Sci/Tech
"Mortgage Rates Rise Around the Country Mortgage rates around the country rose this week but are still at levels that should continue to provide support to the vibrant housing market, analysts say.",Business,Sports
"Russia Next to get Windows XP Starter Edition The Windows XP Starter Edition Pilot program has expanded to add a fourth country, Russia, which now becomes the fourth market to join Thailand, Malaysia and Indonesia.",Sci/Tech,Business
Court imposes lawyer on Milosevic The UN tribunal in The Hague says it will impose a defence lawyer on former Yugoslav leader Slobodan Milosevic.,World,Business
"Dream Team Leads Spain 44-42 at Halftime ATHENS, Greece - As expected, the U.S. men's basketball team had its hands full in a quarterfinal game against Spain on Thursday...",World,Sports
"Temasek May Buy Stakes in Minsheng Bank, Medco to Expand Abroad Temasek Holdings Pte, a \$53 billion Singapore government fund, may buy stakes in China #39;s first private bank and Indonesia #39;s biggest listed oil company as it steps up investments abroad.",Business,World
Nikkei hits 5-week closing high on upbeat capital spending data TOKYO - Japan #39;s benchmark Nikkei stock index hit a five-week closing high Monday on upbeat capital spending figures for the April-June quarter by Japanese companies.,Business,World
Yahoo! Ups Ante for Small Businesses Web giant Yahoo! is gambling that price cuts on its domain name registration and Web hosting products will make it more competitive with discounters in the space -- which means that small businesses looking to move online get a sweeter deal through ...,Business,Sci/Tech
Study Suggests Bloodletting May Actually Work By LAURAN NEERGAARD WASHINGTON (AP) -- Could that ancient practice of bleeding patients really have done some good? A scientist says new research on how germs thrive in the body suggests it just may have - for some people. Bacteria need iron to cause infections...,Sci/Tech,Business
Kidnappers may extend deadline Militants holding three UN workers hostage in Afghanistan have offered to consider extending a three-day deadline for their beheading.,World,Sci/Tech
"Reliance battle seen getting messier in days ahead: Business India: Mumbai, Nov 26 : The much talked about family feud over the control of Reliance Industries, India #39;s largest industrial house, is set to turn into a full-fledged boardroom battle that may entail a revamp of the company #39;s management.",Business,World
"Ljubicic Downs Hanescu at Open De Moselle Top-seeded Ivan Ljubicic of Croatia beat Victor Hanescu of Romania 6-4, 6-4 Tuesday in the first round of the Open de Moselle.",World,Sports
"Ancient fungus 'revived' in lab Fungus from a deep-sea sediment core that is hundreds of thousands of years old will grow when placed in culture, scientists discover.",World,Sports
"Israel Apologizes for Killing Egyptian Officers The Israeli prime minister, Ariel Sharon, apologized to Egypt today after an Israeli army tank crew fired on an Egyptian patrol near the border with Gaza, killing three Egyptian police officers.",World,Sports
"Cause of Indonesian Plane Crash Probed (AP) AP - Investigators picked through the wreckage of an Indonesian passenger plane that crashed in stormy weather, killing at least 32 people in the county's worst air accident in six years.",World,Sci/Tech
Shares surge to all-time high as results exceed forecasts NEW YORK (CBS.MW) -- Toll Brothers reported fiscal fourth-quarter earnings that nearly doubled over year-earlier results as demand continued to outstrip supply in the homebuilder #39;s affluent markets.,Business,World
"Atlantic City settlement In an agreement that could have significant implications for locked- out San Francisco hotel workers, striking casino workers in Atlantic City today are expected to ratify a deal that offers lucrative benefits but abandons the union #39;s strategy to",Business,Sports
Chercher dans toute l #39;actualit Italy ground to a halt as millions of workers observed a general strike in protest against the economic policies of Prime Minister Silvio Berlusconi #39;s centre-right government.,World,Sci/Tech
"A great catch? Lobsters How does he like lobster? Boiled, steamed, broiled, baked, grilled? Newburg? Bahar Uttam prefers his with a capital L -- Lobsters -- and sees them frolicking on a tennis court rather than laid out on a plate. In Uttam's mind lurks a tasty dish for the town's sporting crowd, one that could satisfy the five-year hunger of tennis junkies, a ...",Sports,Sci/Tech
"Japan earthquakes kill 23, leave thousands in shelters (AFP) AFP - Thousands of people were spending the night in emergency shelters after the deadliest quakes to hit Japan in nearly a decade killed 23 people and injured more than 900, police and reports said.",World,Business
"Update 1: London Exchange Rejects German Proposal The London Stock Exchange PLC has received and rejected a bid proposal from Germany #39;s main stock exchange, Deutsche Boerse AG , the exchanges said Monday.",Business,Sports
"Pitcairn mayor pleads guilty to sex attack The mayor of Pitcairn Island has changed his plea to guilty and faces sentencing for sexually assaulting young girls, The Telegraph reported Tuesday.",World,Sports
Yahoo and SBC extend partnership and plan new services Yahoo and SBC Communications have agreed to collaborate to extend some of the online services and content they currently provide to PC users to mobile phones and home entertainment devices.,Business,Sci/Tech
"#39;Somebody please save my dad #39; Nick du Toit #39;s wife and stepdaughter are distraught that there is nothing they can do to help him. On Monday his stepdaughter, Marilise Bezuidenhout, was forced to convey the news of his possible death sentence",World,Sports
"Web TV Start-Ups Show Programs Outside the Box (washingtonpost.com) washingtonpost.com - Internet TV is a mirage, seeming so close yet turning out to be far away or downright unreal when you try to watch it. At least that's my take on the many past plans for zapping motion pictures over the Internet.",Sci/Tech,Business
"BlackRock to buy State Street Research from MetLife NEW YORK, August 26 (New Ratings) - BlackRock Inc (BLK.NYS), a leading US-based fixed-income asset management company, has reportedly agreed to buy State Street Research amp; Management Company, a unit of MetLife Inc, for \$375 million in a cash and stock",Business,Sci/Tech
"AMD et Chartered signent des contrats d #39;approvisionnement et de ... SUNNYVALE, Calif. and SINGAPORE--(BUSINESS WIRE)9 Novembre 2004--Chartered adopte la fabrication de prcision automatise d #39;AMD et prvoit de fabriquer des processeurs AMD64 en 2006.",Sci/Tech,Business
"Ex-Guard Speaks Out About Di Tapes (CBS) Newly-surfaced videotapes of the late Princess Diana address her sometimes bizarre relationship with Prince Charles. The tapes were recorded by Diana #39;s voice coach, Peter Settelen.",World,Sports
"Now It's Official: U.S. Growth Slowed WASHINGTON (Reuters) - The U.S. economy slowed more sharply in the second quarter than first thought as oil prices rose and the trade gap swelled, the government said on Friday in a report that confirmed momentum faltered in the spring.",Business,Sci/Tech
"Faces From The 1929 Crash NEW YORK - The people who will forever be associated with the Great Crash of 1929 were all white, male and wealthy, but their occupations and ethics varied considerably.",Business,Sports
"Nursery rhymes more violent than TV (Reuters) Reuters - Children's nursery rhymes contain 10 times more violence than television shows broadcast before the\9 p.m. ""watershed"" after which more adult content can be shown, research has said.",World,Business
"One in four servers to run Linux by 2008 In a report, the research firm painted a bright future for the open source operating system, claiming that shipments of servers running Linux -- and revenues from those shipments -- will rise significantly over the next five years.",Sci/Tech,Sports
"US Says Ukraine Can Still Salvage a Free and Fair Election The United States says Friday Ukraine still has an opportunity to conduct a free and fair presidential election Sunday, despite a campaign marred by charges of pro-government bias.",World,Business
"Australia better prepared, says Gilchrist Mumbai - Australia #39;s stand-in captain Adam Gilchrist said on Saturday his team was seeking a momentous Test series triumph in India.",Sports,Sci/Tech
Irish eyes turn to Clements ; Notre Dame interested in Bills ... Buffalo Bills offensive coordinator Tom Clements has emerged on a short list of candidates whom Notre Dame has targeted for its head coaching vacancy.,Sports,Sci/Tech
Climax to show off Avalon to US publishers #39;Project Avalon #39; becomes just plain Avalon; developer will show playable prototype of next-generation shooter to American execs.,Sci/Tech,Business
"Reeling Pack sends McKenzie to New Orleans Green Bay #39;s front office apparently had seen enough of cornerback Mike McKenzie. His holdout and mystery hamstring injury, which had kept him out of the past",Sports,World
"Clearest view yet of Saturn #39;s largest moon Scientists controlling the cameras aboard the Cassini spacecraft in orbit around Saturn have just recovered two extraordinary, contrasting images of the planet #39;s most intriguing moons.",Sci/Tech,Sports
"GOP Jamboree May Give Stocks Brief Lift NEW YORK (Reuters) - Fasten your seatbelts. The Republicans are in town. If things go smoothly at the Republican National Convention, the stock market could get a brief boost this week, experts say.",Business,World
"Four Hurricanes Hurting Florida Economy (AP) AP - Normally at this time of the year, labor contractor Jose Luis Avalos would be assembling a crew of workers who could each earn #36;1,500 to #36;2,000 a week in the area's abundant citrus groves.",Business,Sports
"EU to Pursue Legal Action Against Greece BRUSSELS, Belgium -- The European Union #39;s executive commission said Wednesday it would open legal proceedings against Greece for its sloppy bookkeeping and underreporting its budget deficit by billions of euros between 1997 and 2003.",Business,Sci/Tech
"Munch masterpiece 'The Scream' stolen from Oslo museum (AFP) AFP - A version of Edvard Munch's masterpiece ""The Scream"" and another famous painting by the great Norwegian artist were stolen from an Oslo museum by armed and hooded robbers, police said.",World,Sports
"Mark it down: Notre Dame is back Shaking down the thunder from a puffy gray-white sky on a gorgeous Saturday afternoon, Notre Dame reminded the usual 80,795 suspects that an opening loss to Brigham Young was an aberration.",Sports,Sci/Tech
"Viet Nam deeply regrets Palestinian leader #39;s death Ha Noi, Nov. 11 (VNA) - quot;We are deeply moved and grieved by the death of President Yasser Arafat, President of the Palestinian State and President of the Palestine Liberation Organisation, quot; Foreign Ministry spokesman Le Dung has said.",World,Sports
Key Areas of Sainsbury #39;s Revival Strategy Sainsburys chief executive Justin King today unveiled his long-term plan to return the UKs third largest supermarket chain to its former glory.,Business,Sci/Tech
IBM reported to be exiting PC business IBM #39;s possible exit from the personal-computer business would be the latest move in what amounts to a long goodbye from a field it pioneered and revolutionized.,Business,Sci/Tech
"Kerry to reverse stem cell policy US presidential candidate John Kerry says he will make stem cell research a priority, dropping George Bush's policy.",World,Business
"Will your phone become your credit card? Motorola is working with MasterCard to introduce a ""lifestyle changing"" credit card phone by year's end.",Sci/Tech,Sports
"Peru Rebel Chief Scores Publicity Coup in Court CALLAO NAVAL BASE, Peru (Reuters) - Punching the air with a fist and chanting rebel slogans, Peru's Shining Path founder Abimael Guzman scored a propaganda coup on Friday and forced his terrorism retrial to be postponed for a week.",World,Business
"Carter finishes fourth in 400 hurdles James Carter of Baltimore finished fourth in the finals of the 400-meter hurdles today, missing out on a medal. Felix Sanchez, of the Dominican Republic, won the gold medal.",Sports,Sci/Tech
"US doctor says evacuations, body armor has helped save lives in ... The commander of the biggest US military hospital abroad said Tuesday that American troops body armor and speedy evacuations appear to be helping save lives in the",World,Business
"Swap Your PC, or Your President The producer of ads featuring PC users who switched to Macs is applying the same tactic to political commercials. This time, he'll focus on former backers of President Bush, recruited online, who've changed their political allegiance. By Louise Witt.",Sci/Tech,World
"German Far-Right Profits from Anger Over Reforms German far-right parties surged in eastern state elections Sunday, riding public anger against government welfare cuts and fanning fears among mainstream parties that the country #39;s image could suffer.",World,Sci/Tech
"Airbus denies backing Microsoft in EU case Aircraft maker Airbus insisted on Thursday it had no intention of taking sides in a Microsoft antitrust case, even though it filed a brief in an EU court on the software giant #39;s side.",Business,Sci/Tech
"China Lays Into #39;Bush Doctrine #39; Ahead of US Poll On the eve of the US election, China laid into what it called the quot;Bush doctrine, quot; said the Iraq war has destroyed the global anti-terror coalition and blamed arrogance for the problems dogging the United States worldwide.",World,Sports
"Bush signs \$136 billion tax-cut bill with no fanfare WASHINGTON President Bush has signed into law the most sweeping rewrite of corporate tax law in nearly two decades. Bush signed the bill today with no fanfare, during a flight on Air Force One to a campaign stop in Pennsylvania.",Business,World
"Four players shoot opening-round 66 SEMMES, Ala. -- Grace Park, looking to clinch second place in the Player of the Year race, birdied the final hole Thursday to gain a share of the lead after the first round of the Tournament of Champions.",Sports,Sci/Tech
Intel cuts Pentium 4 prices The newest P4 chips drop in price by 18 percent to 35 percent; a host of other chips are cheaper now as well.,Sci/Tech,Business
Royal Wedding Lures International Media To Brunei Bandar Seri Begawan - Bruneis Royal Wedding between His Royal Highness the Crown Prince Haji Al-Mutahdee Billah and Yang Mulia Dayangku Sarah binti Pengiran Salleh Ab Rahaman has attracted some 170 foreign journalists to the Sultanate.,World,Sci/Tech
"Dyke reopens WMD row Former BBC chief Greg Dyke has reopened the row over Tony Blair #39;s decision to go to war with Iraq. Dyke was forced to resign from his post, along with former BBC chairman Gavyn Davies, last January after Lord",World,Sports
"Holiday Shoppers Off to a Fast Start Holiday shoppers spent 10 percent more Friday than they did a year ago, according to early reports, but Wal-Mart Stores Inc. dampened hopes for a strong start to the key retail season by",Business,Sports
"Grenada In Crisis - Friday 10, September-2004 DESPAIR is setting in among the 80 000 homeless Grenadians who, ravaged and traumatised by the damage done to them by Hurricane Ivan, exist each day with no food, no water and no hope.",World,Sci/Tech
"Russian school death toll tops 340 The death toll in the Russian schoolhouse siege soared to more than 340 yesterday, and the horrifying human cost is likely to keep climbing.",World,Sci/Tech
ACC Loses 2 Ranked Teams; Big East Get 2 (AP) AP - The Atlantic Coast Conference's record run of seven ranked teams came to an end Monday.,Sports,Business
"Court Hears Interstate Wine Sales Case (AP) AP - The Supreme Court considered Tuesday whether state alcoholic beverage regulations put in place 70 years ago, after Prohibition was lifted, should remain the law of the land in the Internet age.",World,Sports
"US ponders \$250,000 bounty on spammers Authorities in the US are considering a \$250,000 bounty on spammers in an attempt to close them down. The US Federal Trade Commission (FTC) has suggested rewards of anything from \$100,000 to \$250,000 for information.",Sci/Tech,Business
"Sims 2 plays with life addicts The Sims 2 adds DNA into the mix and much more realistic 3D graphics, which gives the game an eerie feeling of reality.",Sci/Tech,Sports
"Volkswagen May Be Close to Settling Its Wage Talks Volkswagen and its workers entered a critical week in their wage negotiations on Monday, with signs that a compromise was taking shape even as protests flared at factories across Germany.",World,Sports
Broadband charges set to tumble The cost of broadband internet access is likely to fall after Ofcom ordered British Telecom to cut the amount it charges internet providers.,Business,Sci/Tech
"German court rules out Barbie monopoly (AFP) AFP - Germany's federal court of justice ruled against giving Barbie a monopoly in the themed doll market, saying that a German rival called Steffi Love had every right to compete with her.",World,Sci/Tech
"Oracle considers lower PeopleSoft offer Oracle Corp could reduce its offer for PeopleSoft Inc by as much as a third, to \$2.5 billion or \$14 a share, to reflect declining performance at the rival company, an Oracle executive reportedly testified yesterday.",Business,Sci/Tech
Why I will clone human cells: Dolly creator THE scientist who made his name by cloning Dolly the sheep said yesterday that he was quot;very optimistic quot; about gaining a licence to clone human embryos to aid understanding of motor neurone disease.,Sci/Tech,World
"On Wall Street: Dominic Rushe: Disney trial is more than a Mickey ... WILMINGTON, Delaware, isnta popular spot with the Hollywood crowd. I imagine they would be a bit sniffy about what passes for local entertainment.",Business,Sci/Tech
Del Monte Needs 9Lives The leading private and branded food and pet products marketer is spending to revamp its image.,Business,Sports
"Q amp;A : Merger changes little for now Here are answers to some questions arising from the closing of Cingular Wireless #39; acquisition of AT amp;T Wireless. Q: With the merger, how will the combined company rank in the industry?",Business,Sci/Tech
"Save the Hubble The Issue: Space telescope was condemned to a lingering death. Our View: New report gives support to a manned rescue mission. The Hubble telescope may well be the most successful observatory ever built, producing",Sci/Tech,Business
"NTT DoCoMo, Motorola tie up on 3G handsets NTT DoCoMo will release a handset compatible with non-Japanese cellular networks and with its own 3G (third generation) mobile network early next year.",Sci/Tech,Business
"Legendary all-rounder Miller dies Keith Miller, arguably Australia's greatest all-rounder in Test cricket, has died in Melbourne aged 84.",World,Sports
"Stewart #39;s Prison Chosen That prison is located in West Virginia which means that she is not headed to a facility in Connecticut or Florida, as she had hoped.",Business,Sports
Avon Third-Quarter Profit Rises CHICAGO (Reuters) - Avon Products Inc. AVP.N on Friday posted higher quarterly earnings as business in Latin America and Europe helped offset weakness in the United States for the direct seller of cosmetics.,Business,World
Creative Sound Blaster Wireless Music Review From PC to hi-fi via Wi-Fi,Sci/Tech,Business
News: Mac OS X rootkit surfaces One of the first pieces of malicious code targeting Apple's Mac OS X operating system has been discovered.\,Sci/Tech,Sports
"BT to buy Infonet for US\$965mil BERLIN: BT Group Plc, Britain #39;s largest phone company, plans to buy Infonet Services Corp. for US\$965mil to add a data network spanning more than 180 countries.",Business,Sci/Tech
"Protesters Denounce APEC Summit in Chile Thousands of protesters marched peacefully through downtown Santiago on Friday, expressing anger at a weekend summit of Pacific Rim leaders, particularly President Bush. But violence later erupted at a rock concert.",World,Sci/Tech
IBM as PeopleSoft #39;s Hero? Hardly Big Blue --a white knight? It #39;s easy to see how industry watchers got carried away with speculation that IBM (IBM ) might be riding to rescue of beleaguered PeopleSoft (PSFT ). On Sept.,Business,Sci/Tech
"Global sales of mobile phones hit record levels PARIS Global cellphone sales rose to record levels in the second quarter as Nokia clawed back some of its lost market share, according to figures released Thursday.",Sci/Tech,Business
"Jewish state fears world isolation An internal report prepared by Israel #39;s foreign ministry paints a gloomy picture for the future of the country #39;s global standing, giving warning that in the coming decade it could",World,Sci/Tech
"South Korea planning huge spending to revive economy: report (AFP) AFP - The South Korean government is preparing a huge quot;New Deal quot; spending package in the next few years to revive the country's sagging economy, Yonhap news agency said.",Business,Sci/Tech
"ASEAN to push Australia, New Zealand to sign non-aggression pact (AFP) AFP - Southeast Asian foreign ministers said they would encourage Australia and New Zealand to accede to a non-aggression pact with their 10-nation ASEAN group that South Korea signed.",World,Business
Nuggets Knock Off Hornets 76-67 (AP) AP - Earl Boykins scored 22 points to help the Denver Nuggets overcome the absence of Carmelo Anthony and defeat the New Orleans Hornets 76-67 on Monday night.,Sports,World
MITTERAND PHONE-TAP TRIAL OPENS Proceedings are due to begin on a case that has scandalised France for over two decades. Twelve Mitterand-era government officials and senior police officers will face trial in Paris for running a phone tapping,World,Sci/Tech
"Airlines Agree to Cut Flights at Chicago O'Hare CHICAGO (Reuters) - U.S. airlines have agreed to limit flights into Chicago's O'Hare International Airport to 88 arrivals per hour between 7 a.m. and 8 p.m. in an effort to cut congestion that has slowed the whole U.S. aviation system, federal officials said on Wednesday.",Business,World
Overtime Goal Puts Canada in World Cup Hockey Final Vincent Lecavalier #39;s goal 3:45 into overtime earned Canada a nail-biting 4-3 victory over the Czech Republic on Saturday and a place in the final of the World Cup of Hockey.,Sports,World
"AOL pushes into Internet shopping Looking for new ways to boost its revenue, America Online is launching an online shopping service that won #39;t require an AOL account to access.",Business,Sci/Tech
Terreblanche challenges SA arrest White supremacist Eugene Terreblanche is detained after allegedly breaking the terms of his parole.,World,Sci/Tech
"Careening Indians Fall Slumping Cleveland lost a three-run lead while Derek Jeter homered and stole two ninth-inning bases as New York sent the Indians to their ninth consecutive loss, 5-4, Tuesday.",Sports,Sci/Tech
"Bonds's Excuse Has the Scent of Snake Oil, Not Arthritis Balm Barry Bonds's ignorance of the substances obtained by his trainer from Balco is more childish than a youngster's excuse that ""the dog ate my homework.""",Sports,Business
Barrick Acquires Stake in Celtic Resources Canada #39;s Barrick Gold Corp. said Thursday it was acquiring a 9 percent stake in London-based Celtic Resources Holding Ltd. - a deal that potentially gives the Canadian gold giant major clout ahead of next year #39;s auction of Russia #39;s biggest gold deposit.,Business,Sci/Tech
CTIA shines spotlight on mobile middleware Mobility will take center stage this week as San Francisco plays host to the Cellular Telecommunications Internet Association's (CTIA) Wireless I.T. Entertainment 2004 fall conference.,Sci/Tech,Business
"Microsoft Ends Decade of Antitrust Suits SEATTLE/NEW YORK (Reuters) - Microsoft Corp. MSFT.O said on Monday it had agreed to settle antitrust lawsuits with Novell Inc. NOVL.O and an industry trade group, marking the end of a decade-long antitrust battle.",Business,Sci/Tech
Bush Scraps Most U.S. Sanctions on Libya (Reuters) Reuters - President Bush on Monday formally\ended the U.S. trade embargo on Libya to reward it for giving\up weapons of mass destruction but left in place U.S.\terrorism-related sanctions.,Sci/Tech,World
"Sun Unveils Next Generation Client Technology SANTA CLARA, Calif., Dec. 13 /PRNewswire-FirstCall/ -- Sun Microsystems, Inc. (NASDAQ:SUNW) today unveiled its next generation Sun Ray(TM) Server Software 3.0 an interoperable, platform that enables instant",Sci/Tech,Business
J.E. Robert Assembles New Investment Fund J.E. Robert Cos. completed raising \$823 million from about 40 institutional and private equity investors this week.,Business,Sci/Tech
SBC calling on cable SBC is teaming up with Microsoft to provide consumers with a new way to view television -- a move that puts it in direct competition with the cable TV industry.,Business,Sci/Tech
Sports: Braves 6 Rockies 4 ATLANTA Mike Hampton hit an RBI single and Atlanta stretched its lead in the NL East by winning its fourth in a row 6-to-4 over Colorado.,Sports,World
"Polygon shapes on Mars rock add to evidence of water Curious polygon shapes on the surface of Mars are among the latest evidence clearly suggesting the presence of water, and some of it may have appeared there even after the surface was bombarded by objects from distant space.",Sci/Tech,Business
"Knicks: Crawford hits the one that counts The old axiom is that it doesn #39;t matter how many shots you miss; if you #39;re a shooter, you have to keep shooting. Jamal Crawford missed 21 shots against the Atlanta Hawks last",Sports,Sci/Tech
"Infocus: Deploying Network Access Quarantine Control, Part 2 This article discusses Network Access Quarantine Control in Windows Server 2003, which allows administrators to quarantine mobile users and verify their security posture before giving them full access to the network. Part 2 of 2.",Sci/Tech,Sports
"Hard Drive: SP Your XP, RSN Don #39;t have Windows XP? Listen up anyway, because there #39;s a lesson to learn, not to mention sly put downs you can use to annoy your Windows-XP-using-friends so they #39;ll finally break down and admit",Sci/Tech,Sports
"McCain Optimistic About Steroid Test Deal (AP) AP - Sen. John McCain is ""guardedly optimistic"" that major league baseball and its players could reach an agreement on tougher testing for steroids.",Sports,Sci/Tech
"Something Positive in Zanu Pf BELIEVE it or not, I still have personal friends who are ardent Zanu PF supporters with whom I socialize now and then. With one of them however, our political differences were beginning to affect our personal relationship.",World,Sports
"Deutsche Bank Defends Role in Collapse of Company in Singapore Deutsche Bank defended today its role in the collapse of a Chinese government-controlled company in Singapore early last week, as investigators continued to study what went wrong.",Business,World
"Day 3: Dravid, Ganguly take charge India lost two wickets on the third day of the second Test against South Africa at the Eden Gardens in Kolkata today. South Africa bounced back from a miserable day on the field yesterday to remove the dangerous",Sports,Sci/Tech
Courses to help teach you SAN FRANCISCO (CBS.MW) -- Shares of Sirius Satellite Radio declined as much as 22 percent Wednesday following two analyst downgrades.,Business,Sports
MOTOR RACING: FERRARI IN TALK FURY FERRARI are to snub crucial talks at Heathrow today aimed at revolutionising Grand Prix racing. The Italian giants are the only team blocking radical changes that could save the leading outfits,Sports,World
"Ninety million Bagle worms kill the Windows XP2 firewall Earlier this year Microsoft released a major security update for Windows XP, which was designed to strengthen the operating systems defences against attack from viruses and hackers.",Sci/Tech,Business
"The battle for DR Congo's wildlife As donors pledge \$40m to save DR Congo's wildlife, life in Virunga Park remains a battle ground.",Sci/Tech,Sports
Football: Brazil legend's UK debut Brazil football great Socrates is set to make his debut for non-league Garforth Town on Saturday.,World,Business
"Stock Futures Flat Before GDP, Fed Speech NEW YORK (Reuters) - U.S. stock futures were nearly unchanged on Friday as investors awaited key data on the economy that could determine the market's early direction.",Business,Sci/Tech
"Intel Taps Otellini As Next CEO Intel #39;s board, as expected, has named Paul Otellini to succeed Craig Barrett as CEO effective next May 18, the company announced Thursday.",Business,World
"Detailed View of Dione Summary - (Nov 25, 2004) Cassini took this amazing photograph of Dione, one of Saturn #39;s larger moons, on October 27 when it was 1.2 million km (746,000 miles) away.",Sci/Tech,Sports
"McDonald #39;s earnings beat forecasts McDonald #39;s third-quarter earnings rose a higher-than-expected 42 percent, the world #39;s largest restaurant chain says, citing strong sales in the United States and a lower tax rate.",Business,Sports
"Mazu scores VC lifeblood from Symantec, others Mazu Networks, the Cambridge, Massachusetts, network intrusion prevention system (IPS) technology company, has secured another round of venture capital funding, including a stake from security software giant Symantec.",Sci/Tech,Business
"HP targets China with low-cost PC SAN FRANCISCO (CBS.MW) - Personal computer stocks were relatively quiet Friday as the sector focused more attention on China where Hewlett-Packard introduced a new, low-priced PC.",Business,Sci/Tech
"DAILY DIGEST RealNetworks Inc. has sold about 3 million songs online during a three- week, half-price sale designed to promote an alternative to Apple Computer Inc.",Sci/Tech,Business
"Keeping Mad Cow Out of Cosmetics Since mad cow disease turned up in the United States late last year, traced to a cow imported from Canada, federal regulators have issued rules to prevent the spread of the fatal disease, focusing on limiting beef imports, testing and other measures to protect the domestic herd.",Business,Sports
"India test-fires surface-to air missile India has successfully test-fired a surface-to-air missile from a site in the eastern Orissa state on Friday, a government official said on condition of anonymity.",World,Sports
Eck: A court would have cleared Novo Rangers manager Alex McLeish claims Nacho Novo would have been vindicated had his case been dealt with as a civil hearing. The striker was banned for one game and had 12 penalty points added to his record,Sports,Sci/Tech
Teenage T. rex's monster growth Tyrannosaurus rex achieved its massive size due to an enormous growth spurt during its adolescent years.,Sci/Tech,World
"FDA OKs Scientist Publishing Vioxx Data (AP) AP - The Food and Drug Administration has given a whistle-blower scientist permission to publish data indicating that as many as 139,000 people had heart attacks that may be linked to Vioxx, the scientist's lawyer said Monday.",World,Sports
"Clarett accuses Ohio State of improprieties; school denies claims Former Ohio State star Maurice Clarett accused coach Jim Tressel, his staff and school boosters of arranging for him to get passing grades, cars, and thousands of dollars, including for bogus summer jobs.",Sports,Sci/Tech
KERR CRUISES INTO LEAD Cristie Kerr carded a nine-under-par 63 to take a four-stroke lead after the third round of the State Farm Classic in Illinois. Kerr entered the day four shots behind Christina Kim but showed the youngster that Tour veterans must never be underestimated.,Sports,Sci/Tech
Russias strange bedfellows Ministers from the Commonwealth of Independent States (CIS) gathered in the Ukrainian capital Kiev on September 29 to formulate a common anti-terrorism strategy.,World,Sci/Tech
"Porn Processor Settles Deceptive-Billing Charges WASHINGTON (Reuters) - A pornography bill-processing company has agreed to forego \$17 million that it billed computer users in order to settle deceptive-business charges, the U.S. Federal Trade Commission said on Monday.",Sci/Tech,Sports
"TV war puts tour of India in doubt Australian cricket chiefs fear a battle over television rights could cause next month #39;s Test series in India to be cancelled, and last night were seeking clarification from Indian board president",Sports,World
"Serena falls to Capriati after chair ump #39;s miscue Unfairly, unbelievably, Serena Williams was robbed of a point by an umpire #39;s mistake at the US Open, just like her sister was at Wimbledon.",Sports,World
Downer dismisses #39;sexed up #39; Iraq warning claims SYDNEY : Foreign Minister Alexander Downer dismissed newspaper claims the Australian government was repeatedly warned its support for the Iraq war would impede the fight against terrorism.,World,Sports
"Cassini-Huygens Fly-By at Titan / ESA TV Live / 27-10-2004 Since it arrived at Saturn in mid-2004, Cassini has already sent us back fascinating images of Titan, Saturn #39;s largest satellite.",Sci/Tech,Sports
"Exporters Lead Nikkei Up, Trade Slow TOKYO (Reuters) - The Nikkei average was up 0.37 percent in mid-morning trade on Thursday as a recovery in the dollar helped auto makers among other exporters, but trade was slow as investors waited for important Japanese economic data.",Business,Sports
"Business Glance SOMERS, NY - Pepsi Bottling Group Inc., the largest bottler of PepsiCo Inc. beverages, Tuesday said its profit for the latest quarter rose 4.4 percent as volume improved.",Business,Sci/Tech
Press review 0850CET--The seizure of fake Nike sportswear by the Customs Department was one of the main stories on Wednesday #39;s newspapers. L-Orizzont published,Sci/Tech,Sports
"Nokia stamps out bad batteries Helsinki - Nokia, the world #39;s largest handset maker plans to mark its original batteries with a hologram as part of the fight against unsafe, counterfeit mobile phone batteries - some of which have exploded in users #39; hands.",Sci/Tech,Sports
"Discovery Channel Tests Power of Licensing By rushing more than 700 products under the American Chopper brand as part of a new in-house licensing program, the cable channel is relying more heavily on licensing to market shows.",Business,Sci/Tech
"Linux: Paris weighs a shift to open-source camp PARIS The open-source computer system known as Linux won a tough battle over Microsoft earlier this year when the city of Munich decided to change the operating software of 14,000 government computers, despite the personal intervention of Steve Ballmer",Business,Sci/Tech
"Israelis Trudge Home, in Shock After Bombings At least 29 people were killed and more than 160 were injured in what Israeli officials believed were terrorist bombings.",World,Sports
"O2 to roll out i-mode The deal, which was leaked to the press last week, will see the UK-based mobile operator deliver data services -- such as games, ringtones and entertainment -- through a platform that has been credited with making NTT DoCoMo the force that it is in",Sci/Tech,Sports
"Spaceport Mum on Frances Shuttle Delays (AP) AP - The director of the hurricane-ravaged Kennedy Space Center refused to speculate Tuesday whether the damage will thwart plans to resume shuttle flights next spring, but his words offered little hope of an on-time launch.",Sci/Tech,World
"Senator Criticizes Europe #39;s Boeing Stance European leaders have been making false claims in a commercial-aircraft trade dispute pitting Boeing Co. (BA.N: Quote, Profile, Research) against its Europe-based rival Airbus, a US senator close to Boeing said on Thursday.",Business,Sports
"Action Game 'Halo 2' Sold Early on EBay (AP) AP - Advance copies of the aliens-versus-space marines video game ""Halo 2"" have already fetched as much as #36;265 on Internet auction site eBay, days before the official launch.",Sci/Tech,Sports
"Kenyan tree planter wins Nobel Peace Prize: report LONDON (CBS.MW) -- Kenyan tree planter and government minister Wangari Maathai has won the Nobel Peace Prize, Agence France-Presse said.",World,Sports
"Singapore Shares End Up on Wall St. Gains Singapore shares ended higher Tuesday boosted by modest overnight gains on Wall Street and easing oil prices, traders said. The United States is a major trading partner and the local stock market traditionally",Business,World
Sri Lanka batsman fined as Pakistan tie series Sri Lanka #39;s Kumar Sangakkara has been fined 30 of his match fee for showing dissent during the fourth day of the second Test against Pakistan in Karachi.,Sports,World
Exhausted Massu Outlasts Fish for Gold ATHENS (Reuters) - An exhausted Nicolas Massu reeled in Mardy Fish in five tortuous sets on Sunday to win Chile their second gold medal at an Olympic Games less than 24 hours after helping them to their first.,Sports,Business
Injection Flaw Found in Browsers Danish security research firm Secunia has reported a vulnerability that occurs in most browsers that can be exploited by hackers looking to spoof the content of Web sites.,Sci/Tech,World
Scientists to Study Dairy Going Organic (AP) AP - Cornell researchers will watch five upstate New York dairy herds to learn about the problems and challenges of converting from conventional to organic farming.,Sci/Tech,Sports
Ontario Securities Commission accuses 4 fund mangers of improper ... TORONTO (CP) - The Ontario Securities Commission is warning four Canadian mutual fund managers of quot;potential enforcement proceedings quot; for improper trading.,Business,World
"Product Previews palmOneUpgrades Treo With Faster Chip, Better Display\With more than 600,000 units shipped, the Treo 600 is one of the big smartphone success stories. Last week, palmOne introduced the follow-on Treo 650 with a higher resolution 320-by-320-pixel TFT screen, which the company claims increases the visible area of the display and makes pictures and documents much clearer. The 650 also carries a removable battery; 32MB of flash memory, and a faster 312MHz, Intel XScale processor. Improved multimedia features include a built-in MP3 player, a digital camera with improved low-light capabilities, as well as video capture and playback functionality. Products are expected to ship by years end from some carriers who will add their own services, and will be priced at about \$499.\ Treo 650, palmOne",Business,Sci/Tech
"Go save Hubble NASA should use the space shuttle and spacewalking astronauts to mount one last repair flight to the Hubble Space Telescope, and extend the life of one of the greatest scientific instruments ever made.",Sci/Tech,Business
"2004 Signals More Global Warming, Extreme Weather: UN (Reuters) Reuters - Global warming is set to continue, and\bring with it an increase in extreme weather such as hurricanes\and droughts, scientists from the United Nations' World\Meteorological Organization warned on Wednesday.",Sci/Tech,Business
"Verizon, Bain Near Canada Directory Deal NEW YORK (Reuters) - Verizon Communications Inc. VZ.N is near an agreement to sell its Canadian telephone directory business to private equity firm Bain Capital, the New York Post said on Wednesday.",Business,Sci/Tech
"Phishing on the increase, group says (InfoWorld) InfoWorld - Online phishing schemes increased significantly in October as financial institutions struggled to combat attempts to steal private account information from online consumers, according to the Anti-Phishing Working Group (APWG).",Sci/Tech,World
"Australia #39;s Seven FY Net Jumps 59 To A\$93.3M -2- SYDNEY (Dow Jones)--Australian television broadcaster Seven Network Ltd. (SEV) said Tuesday net profit jumped 59 to A\$93.3 million for the fiscal year ended June 26, boosted by profit proceeds from the sell down of its stake in B Digital.",Business,Sports
AL Wrap: Oakland's Durazo Piles on Misery for Baltimore (Reuters) Reuters - Erubiel Durazo's three-run homer in\the second inning helped the Oakland Athletics remain top of\the American League (AL) West with a 9-4 win over the reeling\Baltimore Orioles Thursday.,Sports,Sci/Tech
Powell backpedals on Taiwan remarks US Secretary of State Colin Powell yesterday carefully avoided repeating a suggestion he made earlier this week of an eventual reunification of China and Taiwan.,World,Business
SC to hear Zee petition tommorrow Five judges of the top court will hear a petition filed by Zee Telefilms on Tuesday. A three-judge panel of the Supreme Court said a five-judge bench would hear the dispute that threatens the rights of India #39;s,Sports,Sci/Tech
"Bank sits tight on rates as house price inflation eases off By Malcolm Moore, Economics Correspondent (Filed: 10/09/2004). The Bank of England held interest rates at 4.75pc yesterday after a series of recent surveys showed the housing market was slowing down.",Business,World
"Man Sought #36;50M From McGreevey, Aides Say (AP) AP - The man who claims Gov. James E. McGreevey sexually harassed him was pushing for a cash settlement of up to #36;50 million before the governor decided to announce that he was gay and had an extramarital affair, sources told The Associated Press.",World,Sports
Gamers hit stores for release of quot;PlayStation Portable quot; Computer-game enthusiasts flocked to software retailers across the country to buy quot;PlayStation Portable quot; (PSP) that hit store shelves Sunday.,Sci/Tech,Sports
"Gay Marriage Issue Motivates Conservatives WASHINGTON - Gay marriage is emerging as a big enough issue in several states to influence races both for Congress and the presidency. Ballot initiatives on banning same-sex marriages are expected to propel social conservatives to the polls in 11 states, including four presidential battlegrounds: Arkansas, Ohio, Michigan and Oregon...",World,Business
EU Wants U.S. Aid to Boeing Clarified (AP) AP - The European Union on Thursday demanded Washington explain more clearly how it subsidizes Boeing Co. and warned it would counter any U.S. challenge targeting EU rival Airbus SAS before the World Trade Organization.,World,Sci/Tech
"What Do Women Want in a Presidential Candidate? (Reuters) Reuters - Tammy Hough is a life-long\Republican, a socially conservative stay-at-home mother and a\woman who puts American security as a top priority, so many\pundits see her vote as an easy one for President Bush. But\she's not so sure.",World,Sports
"Study: CEOs rewarded for outsourcing NEW YORK (CNN/Money) - The CEOs of the top 50 US companies that sent service jobs overseas pulled down far more pay than their counterparts at other large companies last year, a study said Tuesday.",Business,Sports
Lippi Wants Azzurri Improvement Italy boss Marcello Lippi is counting in his charges to make the country forget their weekend loss to Slovenia when they face Belarus in UEFA World Cup qualifying action on Wednesday.,Sports,Business
Shifting signs in North Korea Kim Jong Il dials back his personality cult as protest activities pick up.,World,Sports
"Approval Expected for Big Cellphone Deal Federal regulators will formally approve Cingular Wireless #39;s \$41 billion purchase of AT amp;T Wireless today, company officials briefed on the matter said over the weekend.",Sci/Tech,Sports
"It takes 6 Gators to match Bowden There is no shortage of ways to measure Bobby Bowden #39;s stellar career as Florida State #39;s football coach. There are the 277 of his Division IA leading 350 wins here, which is",Sports,Business
"U.S. Seeking NATO Help in Afghanistan Washington will ask NATO\to devise a blueprint by February to have the alliance take\over operations in Afghanistan, now split between an American\force and NATO contingent, officials said on Tuesday.",World,Sci/Tech
"Quincy Carter being released by the Cowboys NEW YORK -- Tim Henman #39;s quarterfinal victory at the US Open was a microcosm of his career - long and brilliant in spurts, with an expected disappointment on the horizon.",Sports,Sci/Tech
"Jeanne Heads for Bahamas After Killing 3 SAMANA, Dominican Republic - Threatening to regain hurricane strength, Tropical Storm Jeanne headed for the Bahamas on a track for the southeastern United States after killing three people and causing extensive damage in the Caribbean. The storm forced the evacuation of thousands on Thursday as it slammed into the Dominican Republic after punishing Puerto Rico with flash floods and deadly winds...",World,Sci/Tech
England humble Sprinboks Charlie Hodgson scores 27 points as England overwhelm the Springboks at Twickenham.,World,Sports
Remark on Homosexuality Delays Seating of European Panel The European Union #39;s normally yawn-inducing institutions raised eyebrows on Wednesday when a spat over comments about homosexuality made by an Italian bureaucrat led to the,World,Business
"NVIDIA and Intel sign broad cross-license and chipset license ... quot;NVIDIA and Intel Corporation announced that the companies have signed a broad, multi-year patent cross-license agreement spanning multiple product lines and product generations.",Sci/Tech,Business
"4 nations lobby jointly for permanent seats UNITED NATIONS - Japan, Brazil, Germany and India formed a lobbying group to help one another get permanent seats on the United Nations Security Council and head off proposals that might work against them.",World,Sports
"Venus gets revenge, Mauresmo withdraws ZURICH, Switzerland (Ticker) - Venus Williams got a measure of revenge against Karolina Sprem of Croatia at the Swisscom Challenge on Tuesday.",Sports,Business
"Racing: Jockey Club abandons inquiry into Fallon Kieren Fallon can now look forward to a Christmas of giggling children, mince pies and roaring log fires following the announcement that the Jockey Club have abandoned their inquiry into",Sports,Sci/Tech
"Times to go completely compact The Times newspaper has announced that it is to move on from its tradition of publishing in a broadsheet format and will appear in a compact size only, starting on Monday.",Sci/Tech,Business
"NEWS CORP. NET PROFIT SOARS 27 News Corp. saw healthy gains in profit and revenue in the fiscal first quarter - helped by growth in advertising at the Fox News Channel and the Fox broadcast network, as",Business,Sports
"Olympics: Hansen still strong enough to take bronze Every ounce of his energy was expended, leaving an empty fuel tank. But, even in a depleted state, Brendan Hansen found a way to bolster his ever-growing swimming legacy.",Sports,Sci/Tech
"Pew Weblog Statistics \\Interesting data this morning (thanks Dan ) on weblogs:\\""Blog readership shoots up 58 in 2004 6 million Americans get news and\information fed to them through RSS aggregators But 62 of online Americans do\not know what a blog is""\\Read the PDF for more stats (man I hate PDF).\\""27 of internet users say they read blogs, a 58 jump from the 17 who told us\they were blog readers in February. This means that by the end of 2004 32\million Americans were blog readers. Much of the attention to blogs focused on\those that covered the recent political campaign and the media. And at least\some of the overall growth in blog readership is attributable to political\blogs. Some 9 of internet users ...\\",Sci/Tech,Business
"Exit Polls: Hong Kong Democrats Win Limited Gains HONG KONG (Reuters) - Pro-democracy candidates won limited gains in Hong Kong's Legislative Council election on Sunday and the pro-Beijing camp achieved a better-than-expected showing, exit polls showed.",World,Sci/Tech
Inzamam happy with win Captain Inzamam-ul-Haq praised his spinners after Pakistan knocked Kenya out of the Champions Trophy with a seven-wicket win at Edgbaston.,Sports,World
"In Athens, the other Olympics It was a sight the Greeks had never seen: Beneath the ancient temples of the Acropolis, dozens of international visitors maneuvered",Sports,Sci/Tech
No. 17 Rutgers Stops South Dakota State (AP) AP - Freshman guard Matee Ajavon scored 29 points to lead Rutgers over South Dakota State 68-50 on Thursday in the opening game of the Paradise Jam tournament in the U.S. Virgin Islands.,Sports,World
BSkyB sees profits rise after strong subscriber growth (AFP) AFP - British satellite broadcaster BSkyB said profit rose by 16 percent in the first quarter as the group enjoyed strong subscriber growth in the run-up to the key Christmas trading period.,World,Sci/Tech
FCC says allowing cable TV subscribers to choose their channels ... Federal regulators rejected on Friday the idea that allowing cable TV subscribers to pay only for channels they want would lower high cable bills.,Business,Sci/Tech
"Peruvian Maoist trial thrown into chaos The first hearing in the re-trial of former leaders of Peru #39;s Shining Path guerrilla group has ended in chaos. The judge suspended the hearing after the group #39;s founder, Abimael Guzman, and his 15 co-defendants",World,Business
"Internet Emerging As Potent Terrorist Tool By THOMAS WAGNER LONDON (AP) -- The images coming out of the latest hostage crisis in Iraq - capped by dramatic video of British captive Kenneth Bigley begging for his life - have transfixed Britons, left governments looking helpless, and revived a classic dilemma about whether to negotiate with terrorists. But the plight of the British construction worker and his two murdered American colleagues has also raised new concerns about terrorists' tremendous ability to set agendas in an Internet age that makes their messages - even in the form of shocking beheading videos - all but impossible to stop...",Sci/Tech,World
"NEC Tops IBM with Speedier Supercomputer NEC has unveiled its latest supercomputer, which is almost twice as fast as the BlueGene/L machine rolled out by IBM in September.",Sci/Tech,Sports
"Casio Shows Off Slim, Trim Digicams New Exilim models include the thinnest version yet, featuring a new ceramic lens.",Sci/Tech,Sports
This week in security news The U.S. government's drive for homeland security has produced a boom in antiterror technologies--as well as industry confusion and privacy concerns.,Sci/Tech,Sports
"American shoppers splurge in September WASHINGTON (AFP) - Shoppers -- the dynamo in the US economy -- shrugged off rising energy prices and splurged in malls and car showrooms in September, a government report showed.",Business,Sci/Tech
"For Many Airline Pilots, the Thrill Is Gone While pilots still feel in command in the air, they increasingly are feeling slighted on the ground, as airlines extract salary and benefits concessions from them.",World,Sports
"Google Wins Trademark Victory Over GEICO ALEXANDRIA, Va. (Reuters) - A federal judge on Wednesday handed online search engine Google Inc. GOOG.O a victory in a trademark infringement case on Wednesday, ruling that when users searched for insurer GEICO, Google could display rivals as well.",Business,Sci/Tech
"Tough Talks Ahead After EU Is Criticized Efforts to forge the world's largest free trade zone between the European Union and South America's Mercosur economic bloc are unlikely to be concluded by an Oct. 31 deadline, the EU said Thursday, with both sides declaring each other's trade offers insufficient.",World,Sports
Stern: #39;I #39;m tired of censorship #39;; switches channels The local radio galaxy tilted on its axis Wednesday when New York shock jock Howard Stern announced he would abandon the radio dial in 2006 for satellite subscriber radio.,Business,Sports
"Alamosa Offers to Buy AirGate (Reuters) Reuters - Alamosa Holdings Inc. said\on Monday it made an unsolicited bid for AirGate PCS Inc.\ worth about #36;380 million, which would create one of\the largest sellers of wireless telephone service under the\Sprint brand.",Sci/Tech,Business
"Japan Won't Have U.S. Beef Anytime Soon (Reuters) Reuters - Japan's lucrative market for U.S.\beef, ruptured by mad cow disease worries, is likely to remain\closed for the rest of this year, U.S. meat industry officials\said on Thursday.",World,Business
"Dell Comes Up With Novell Idea To Sell Servers Novell has given its recently acquired Linux distro, SuSE, a push, by signing an agreement with Dell to offer SuSE Linux Enterprise Server (SLES) 9 on select PowerEdge servers worldwide.",Sci/Tech,Sports
"Prized Fossil Just a Rock? With positive and negative results, it remains to be seen what type of Fossil this company really is.",Business,Sports
"Swing and a Miss for Asteroid An asteroid the size of a large storage shed came within 4,100 miles of Earth this spring, making it the closest near miss ever recorded, US astronomers said this week.",Sci/Tech,Sports
"The servers cannot take the strain, captain! A San Francisco startup plans to boldly go where no game developer has gone before with an online game based on the cult TV series quot;Star Trek.",Sci/Tech,Business
"U.S. Factory Growth Eases NEW YORK (Reuters) - Expansion in the U.S. factory sector slowed in August as higher costs for energy and raw materials squeezed manufacturers, a report showed on Wednesday, but analysts said growth remained relatively robust.",Business,Sci/Tech
McLeish upset by Novo punishment Rangers manager Alex McLeish has criticised the punishment handed out to Nacho Novo by the Scottish Football Association. Novo and Celtic striker Henri Camara were both given one-match bans,Sports,Business
"Serial blasts rock NE: 19 killed GUWAHATI: A string of powerful bomb blasts rocked Nagaland and Assam on the birth anniversary of Mahatma Gandhi Saturday, killing at least 19 people and injuring more than 50.",World,Sports
"No negotiation and no retreat, vows Bush When it came, the statement broadcast by the al-Jazeera Arabic news channel from Qatar was as chilling as it was ghoulish: A second American captive, Jack Hensley, 48, had",World,Sports
"Two gored to death in Spanish bull-run Two Spanish men were gored to death by fighting bulls yesterday during the bull-run at the local fiestas in Ampuero, a town 30 miles east of the northern port city of Santander.",World,Business
"Going ballistic: Agni-II test fired NEW DELHI: Indias quest to develop a solid missile defence took a step forward today when it successfully test-fired the surface-to-surface Agni-II missile, which can cover targets in the 2000-2500 kms-range, from the Integrated Test Range (ITR) at",World,Sci/Tech
"South African Miner in Hostile Bid for Gold Fields Harmony Gold Mining, the largest miner of South African gold, made a hostile bid yesterday to acquire Gold Fields Ltd., another South African miner, for 52.",Business,Sci/Tech
U.S. Military Arrests an Iraqi Commander The arrest of a commander of the Iraqi National Guard raises concerns about the loyalty and reliability of the new security forces.,World,Sci/Tech
"Putin the power broker Last Wednesday, at the stroke of noon, one of the most lucrative prizes in Russia #39;s oil industry went under the hammer. Russia #39;s Federal Property Fund, which controls sales of state assets, auctioned a 7.6",Business,Sports
IBM announces Lenovo deal IBM Corp. is selling its personal computer business to China #39;s largest PC maker in a \$1.25 billion deal that marks the end of an era for the company that made quot;PC quot; a household word.,Business,Sci/Tech
"WTO Hits EU Again Over Sugar Sales GENEVA (Reuters) - The World Trade Organization (WTO) has again declared some European Union sugar exports illegal, dealing a new blow to the bloc's lavish system of farm subsidies, a trade source close to the case said Wednesday.",Business,World
"AOL to cut 700 jobs America Online Inc. (AOL) plans to lay off 700 employees, about 5 percent of its US workforce, by the end of the year, several news organizations reported Tuesday.",Business,Sci/Tech
Baby for ovary transplant woman A Belgian cancer patient made infertile by chemotherapy has given birth following revolutionary treatment.,Sci/Tech,Sports
"Ahold, Ex-Execs Settle with Regulators (Reuters) Reuters - Ahold NV , the Dutch\grocery operator, and three former top executives have agreed\to settle U.S. securities fraud charges related to massive\overbooking of profits, the company and U.S. regulators said on\Wednesday.",Business,Sci/Tech
"UConn awaiting invite to Motor City Bowl Theres still one more domino to fall, but today the University of Connecticut football team is expected to be invited and accept an invitation to play in the Motor City Bowl in Detroit on Dec. 27.",Sports,Sci/Tech
South Korea Seeks to Play Down Nuclear Disclosure SEOUL (Reuters) - South Korea said on Friday it did not expect a shock declaration that government scientists enriched uranium four years ago to upset international efforts to end North Korea's nuclear ambitions.,World,Business
"Mortgage Applications Rose Last Week NEW YORK (Reuters) - Applications for U.S. home mortgages rose last week, as mortgage rates fell, an industry group said on Wednesday.",Business,Sci/Tech
"Thaksin in the Firing Line After Massacre BANGKOK/JEDDAH, 29 October 2004 - A bomb ripped through two bars in southern Thailand yesterday, killing two people and wounding about 20, in what could be the first reaction to the deaths of 78 Muslims in police custody this week.",World,Sports
"Rally demands aid worker #39;s release COLLEAGUES of aid worker Margaret Hassan, kidnapped a week ago today, gathered at a rally in Baghdad to demand her release. More than 200 people staged the protest as the Foreign Office dismissed claims that",World,Sports
"Second Acts Former House speaker Thomas M. Finneran is the new president of the Massachusetts Biotechnology Council, a trade group that counts more than 400 members, including Genzyme Corp. and Biogen Idec Inc., the two largest biotechnology companies in the state. Its previous president left under pressure earlier this year, and some members say they chose Finneran, who quit his legislative post ...",Business,Sports
"Soldiers face death after refusing to bomb Darfur Fifteen armed men in blue uniforms guard the metal stairs leading to the Sudanese court. Among the people massed at the bottom, only those who look official and scream loud",World,Business
British Minister to Visit North Korea in September The British government has announced plans to send a top Foreign Office representative to North Korea in September. Junior Minister for East Asia Bill Rammell will become the first British minister to visit,World,Business
Financial planning an option for Coles COLES Myer Ltd chief executive Mr John Fletcher yesterday said he was interested in branching out from the retail business into financial planning services for the groups customers.,Business,Sports
"Public warning over letter bombs The discovery of 10 letter bombs has prompted a police warning to the public to exercise caution. Bedfordshire Police said none of the improvised devices - containing lighter fluid - had ignited, despite the fact that some had been opened.",World,Sci/Tech
"Diamondbacks Fire New Manager Backman Wally Backman is introduced as the new manager of the Arizona Diamondbacks during a news conference on Nov. 1, 2004, in Phoenix. Backman was fired Friday, Nov. 5, by the club.",Sports,Sci/Tech
"Pot charge dropped against Anthony In a case that his lawyer said quot;has received more prosecutorial scrutiny than any petty offense in Denver history, quot; Nuggets forward Carmelo Anthony saw the marijuana charge he faced dropped by the Denver City Attorney #39;s office today.",Sports,World
Chip Giant UMC Reports Higher Profits (AP) AP - United Microelectronics Corp. #151; the world's No. 2 producer of made-to-order chips #151; on Wednesday reported that its third-quarter net profit more than doubled on year as shipments of chips for mobile phones and other gadgets increased.,Sci/Tech,Business
Disney Foes Want Eisner Out Now Disgruntled former Disney directors Roy Disney and Stanley Gold told Disney #39;s board Monday that CEO Michael Eisner should hit the road by early 2005 at the latest.,Business,Sports
"Blue Chips Unchanged, Wal-Mart Weighs NEW YORK (Reuters) - U.S. blue chips were near the unchanged mark on Monday as a disappointing sales forecast from retailer Wal-Mart Stores Inc. WMT.N dampened sentiment, offsetting the benefit of easing oil prices.",Business,Sci/Tech
West Japan on Guard for Aftershocks After Quakes TOKYO (Reuters) - Residents of western Japan were warned of possible aftershocks on Monday after two strong earthquakes the previous day but authorities said the tremors were not directly linked to a cycle of major seismic activity that hits the region every century or so.,World,Business
Cambodia Prince Moves Closer to Throne (AP) AP - The son of King Norodom Sihanouk moved closer Monday to becoming Cambodia's new monarch after legal hurdles were cleared in the complicated succession process triggered by the surprise abdication of his father last week.,World,Sports
"Spaniards to run Luton airport after 551m deal Luton, Cardiff and Belfast International airports are to fall into the hands of a Spanish toll motorways operator through a 551m takeover of the aviation group TBI by a Barcelona-based Abertis Infrastructure.",Business,Sci/Tech
"China cracks down on quot;phone sex quot; services BEIJING, Aug. 17 (Xinhuanet) -- China is carrying out a nationwide campaign to crack down on quot;phone sex quot; services, paralleling another sweeping operation against Internet pornography, Minister of Information Industry Wang Xudong said here Tuesday.",Sci/Tech,World
"POLITICAL POINTS 1:27 PM Sorry Is the Hardest Word It did not go unnoticed among the press corps traveling with President Bush that British Prime Minister Tony Blair apologized this week to fellow Labor Party officials for the fact that, as it",World,Sports
Putin #39;s policies at fault The spate of terrorist attacks in Russia illustrates that President Vladimir V. Putin #39;s hard-line policy in Chechnya is failing to resolve that conflict or to make Russians safer.,World,Sports
New planes fly to battle locusts The United Nations is flying six more aircraft to combat swarms of crop-devouring locusts in west Africa.,World,Sci/Tech
"US Men Have Right Touch in Relay Duel Against Australia THENS, Aug. 17 - So Michael Phelps is not going to match the seven gold medals won by Mark Spitz. And it is too early to tell if he will match Aleksandr Dityatin, the Soviet gymnast who won eight total medals in 1980. But those were not the ...",Sports,Business
"Spears, Stosur advance to quarterfinals American Abigail Spears advanced to the quarterfinals of the Korea Open on Wednesday with a 6-3, 1-6, 6-3 win over second-seeded Shinobu Asagoe of Japan.",Sports,Sci/Tech
MPs back Putin plan for regions The Russian Duma backs President Putin's plan to replace elected regional bosses with his own appointees.,World,Business
"Children #39;s Place to buy Disney stores In effort to expand market share, firm says it will invest \$100M in Disney #39;s money-losing business. NEW YORK (Reuters) - Children #39;s Place Retail Stores Inc.",Business,Sports
India seeks new TV bids The Indian Board re-opens the bidding for TV rights after Australian threaten to cancel their tour.,World,Sci/Tech
"Cardinals make it to the World Series CHAMPIONSHIP SERIES: Albert Pujols and Scott Rolen brought St. Loius past Houston during the sixth inning, giving them the win and the pennant.",Sports,Business
"FSB FUD over FOI, you cry Letters The postbag, and your miscellaneous musings",Sci/Tech,Business
Hayden walks into strife Spirit of Australia was on the skids last night after another example of double standards by the home side marred the opening day of the second cricket test against New Zealand in Adelaide.,Sports,Business
"One-Two Economic Punch Proposals for two major league sports stadiums that would face each other across the Anacostia River evolved independently, D.C. officials said Friday.",Sports,World
The Crusade Against Evolution In the beginning there was Darwin. And then there was intelligent design. How the next generation of 'creation science' is invading America's classrooms. By Evan Ratliff from Wired magazine.,Sci/Tech,Sports
Sandia Motor Speedway for Sale on eBay (AP) AP - And the race is off! Only 29 days and some odd hours left to place your bid on eBay to buy the Sandia Motor Speedway.,Sci/Tech,World
"US suspends helicopter flights after Japan crash (AFP) AFP - The United States suspended flights of CH-53D military helicopters in Japan, bowing to protests over a crash in an Okinawa university campus.",World,Business
Blues Misfit Joins Villarreal Former Birmingham striker Luciano Figueroa has returned to the elite of European football with a move to Spanish club Villarreal. The Argentina international was signed by the Blues for 2.5million before,Sports,Business
"Oracle v. Peoplesoft: the joke is on... Opinion I thought it was a joke when Oracle first announced that it was going to try to buy PeopleSoft; or, at best, a spoiling tactic over PeopleSoft #39;s acquisition of JD Edwards.",Business,Sci/Tech
"Owens Explains Ravens Snub Baltimore Ravens linebacker Ray Lewis took a deep breath as he prepared to answer yet another question about Terrell Owens, the wide receiver who spurned an",Sports,Business
"Tressel discounts replay COLUMBUS - Ohio State head coach Jim Tressel admitted it was a stretch to point to a videotape review of an apparent fumble by Wisconsin early in the third quarter of yesterday #39;s 24-13 loss to the Badgers, but a live microphone created some talk in the",Sports,Sci/Tech
"Caribbean Braces for Another Hurricane (AP) AP - Islanders scrambled to put up storm shutters and stock up on supplies as the fourth major hurricane of the season churned closer to the Caribbean, packing sustained winds of 105 mph.",World,Sci/Tech
Gujarat riot murder retrial opens The retrial of 16 Hindus charged with the murder of 12 Muslims in the Gujarat riots of 2002 opens in Mumbai.,World,Sci/Tech
EU offering economic incentives to Iran to suspend uranium ... CARROT AND STICK: The EU is hoping Iran will cease its nuclear program before the IAEA meets later this month. Another option could be economic sanctions.,World,Business
"Transactions BASEBALL Cincinnati (NL): Announced OF John Vander Wal declined an outright assignment and elected free agency. Cleveland (AL): Designated INF Ivan Ochoa, P Jake Robbins, and OF Ernie Young for assignment. Montreal (NL): Declined to exercise its 2005 option on C Einar Diaz; assigned OF Matt Cepicky outright to Edmonton (PCL). Oakland (AL): Claimed P Tim Harikkala off waivers from ...",Sports,Sci/Tech
"Recording Industry, File-Share Face Off The next chapter in the global legal battle between the recording industry and file-sharing services is due to unfold here Monday when the owners of the hugely popular Kazaa software go on trial on civil copyright infringement charges.",Sci/Tech,Sports
Fans Honour Legend Clough Thousands of football fans fell silent today to honour the life and achievements of legendary manager Brian Clough. A public tribute was held in Nottingham city centre and a minute,Sports,World
"EBay Expands PayPal Buyer Protection Up to \$1,000 PayPal, eBay Inc. #39;s (EBAY.O: Quote, Profile, Research) online payment service, will expand its US buyer protection program to cover up to \$1,000 for qualified transactions, the company said on Thursday.",Sci/Tech,Business
"Five Blasts Reported in Spain After ETA Threats MADRID (Reuters) - Five explosions were reported in different parts of Spain Monday after the Basque separatist group ETA threatened to set off a total of seven bombs, Spanish media reported.",World,Sports
"Adobe updates RAW plug-in with digital negative format Adobe has updated Photoshop #39;s support for digital cameras #39; RAW image formats. The new plug-in adds to the number of camera models supported and includes a utility for converting images into the DNG, digital negative format.",Business,Sports
"Coke Loses Quiznos Sandwich Account Quiznos Sub, the third-largest US sandwich chain, said on Wednesday it signed a deal to serve PepsiCo Inc. (PEP.N: Quote, Profile, Research) drinks in its US outlets, ending a 23-year relationship with Coca-Cola Co.",Business,Sports
ECB quot;consensus quot; kept rates steady today European Central Bank president Jean-Claude Trichet has said that today #39;s decision to leave euro interest rates unchanged reflected a broad consensus on the governing council of the bank.,Business,Sports
"Germany's New Reality Undercut by vastly cheaper labor in neighboring Poland and by increasing global competition, the union at Adam Opel AG acceded to a plan by General Motors Corp. to cut 12,000 jobs throughout Europe.",Business,Sports
"Johnson to request release or trade Brad Johnson, who earlier in the week was replaced at quarterback by Buccaneers second-year pro Chris Simms, will ask the team to trade or release him, sources have told ESPN #39;s Chris Mortensen.",Sports,Sci/Tech
"LIBERIA: Religious riots erupt in Monrovia, curfew imposed MONROVIA, 29 October (IRIN) - Religious riots between Christians and Muslims erupted in the Liberian capital Monrovia on Thursday night and continued on Friday morning until UN peacekeeping troops restored order and the government imposed an indefinite",World,Sci/Tech
"Oil exports flow as strike woes ease A general strike in Nigeria, which has raised fears over oil supply from the world #39;s seventh-largest exporter, will likely end its first phase on Thursday quot;all going well quot;, union leaders said.",World,Business
"We Are Using 20 More Resources Than The Earth Can Produce The human race is plundering the planet at a pace that outstrips its capacity to support life, according to a report by WWF. The Living Planet Report 2004 shows that humans currently consume 20 per cent more",Sci/Tech,Business
Stuttgart Closing on Qualification VfB Stuttgart went clear at the top of UEFA Group G with a convincing 3-0 win over Portuguese giants Benfica. Brazilian striker Cacau put Matthias Sammers side ahead and further,Sports,World
"Quarterback Brady enjoyed a field day FOXBOROUGH -- Though more than \$300 million was invested in the construction of Gillette Stadium, part of it going to a state-of-the-art drainage system, the playing surface reminds Tom Brady of his high school field in San Mateo, Calif.",Sports,Sci/Tech
"Sudan backtracks on aid workers Sudan reverses its decision to expel Oxfam and Save the Children's local heads, accused of political meddling.",World,Business
"SBC and Yahoo! extend pact to offer Internet service SAN ANTONIO SBC Communications and Yahoo are expanding their high-speed Internet service partnership to link video, wireless phone, Internet and other services.",Business,Sci/Tech
"CE giants #39;readying Blu-ray camcorders #39; Sony, Sharp and Matsushita plan to offer camcorders based on a cut-down version of the Blu-ray Disc, and could announce product as early as next year.",Sci/Tech,Sports
"CERN to Probe Life, the Universe and Everything (Reuters) Reuters - It has revolutionized physics, made",Sci/Tech,Business
"Lockheed Profit Jumps on IT, Jet Demand \ NEW YORK (Reuters) - No. 1 U.S. defense contractor Lockheed\Martin Corp. reported a 41 percent rise in quarterly\profit on Tuesday, beating Wall Street forecasts, as demand\soared for its combat aircraft and information technology\services.",Sci/Tech,Business
"Nets 96, Bobcats 89 EAST RUTHERFORD, NJ - In some ways, the New Jersey Nets are searching for an identity as much as the expansion Charlotte Bobcats. It #39;s the price of being dismantled in the offseason.",Sports,Sci/Tech
"Giga counters They #39;re bold, brash and break most rules of business -- so why are the Google guys multi-billionaires? GOOGLE Inc had plenty to celebrate at its recent annual summer picnic -- its debut as a public company",Sci/Tech,World
"Sharon, with Party Backing, Invites Labour Into Govt JERUSALEM (Reuters) - Israeli Prime Minister Ariel Sharon on Friday invited the opposition Labour Party to begin talks to form a unity government, a move that would avoid early elections and pave the way for a withdrawal from Gaza.",World,Business
"George: Loss evicts Marlins #39; playoff hopes MIAMI GARDENS - Monday was supposed to be moving day for the Florida Marlins, a playoff contender already marked extremely fragile.",Sports,Sci/Tech
Australian Bookies Gutted After Betting Splurge AUSTRALIA - As reported by the Sydney Morning Herald: quot;The biggest betting plunge in recent memory ensured bookmakers at Randwick were #39;stripped out #39; of more than \$3 million by Makybe Diva #39;s Melbourne Cup romp yesterday.,Sports,Business
"Panathinaikos 2, Arsenal 2 Arsenal keeper Jens Lehmann was left red-faced in Athens as two costly mistakes ensured that a Champions League victory slipped through his side #39;s fingers again.",Sports,World
"Jones Advances in Long Jump; Johnson Out ATHENS, Greece - Marion Jones made her Athens debut in virtual anonymity, quietly advancing to the long jump final. Allen Johnson had the attention of everyone in the stadium, for all the wrong reasons...",World,Sports
"A Painful Mistake In a world in which the fortune OF a pharmaceutical company can rise and fall on the strength of a handful of blockbuster drugs, Vioxx was a giant.",Business,World
Congress Sends 'Net Access Ban to White House The U.S. Congress on Friday reinstated a ban on Internet access taxes after the House of Representatives agreed to extend it for another three years rather than make it permanent.,Sci/Tech,Sports
"Agent: Extortion Plot Targeted Sheffield (AP) AP - New York Yankees slugger Gary Sheffield and his wife were the targets of a blackmailer who claimed to have embarrassing sexual videotapes of her and a musician, Sheffield's business agent said Tuesday.",Sports,World
"Orbitz's Michael Sands Is Named President (AP) AP - Travel-reservations Web site Orbitz Inc. Tuesday said it named its former chief marketing officer, Michael Sands, as president.",Sci/Tech,World
"Novell launches Linux for desktop computers Novell, one of the popular names in the open-source community, has launched Linux Desktop 9 OS for enterprise computer systems today for lower deployment and management prices.",Sci/Tech,Sports
"Glory Comes Amid Empty Seats and Closed Shutters HERE in Old Europe, people install shutters outside their windows to keep out the heat, the pollution, the daylight, the noise. They also lock the shutters tight when they go away on holiday.",Sports,Sci/Tech
"Plant a tree at Easter urges Nobel laureate world to plant trees at Easter as a symbol of renewal and to protect the planet. planted, quot; Maathai told Reuters Television in Oslo, where she received the 2004 Nobel Peace Prize.",World,Sci/Tech
Siebel looks to midmarket to bolster revenues CRM software giant Siebel Systems said yesterday that it is launching a new program that will cater to small and midsize businesses in a bid to help it boost flat revenues.,Sci/Tech,Business
Israel scrambled warplanes #39;in case of hijacking threat #39; Israeli warplanes scrambled as soon as news broke of the Taba bombings. Military sources would not elaborate but analysts suggested the most likely reason was to intercept any hijacked,World,Sports
"U.S. Brokers Cease-fire in Western Afghanistan KABUL (Reuters) - The United States has brokered a cease-fire between a renegade Afghan militia leader and the embattled governor of the western province of Herat, Washington's envoy to Kabul said Tuesday.",World,Sci/Tech
"AMD's Q3 led by strong Opteron, Athlon 64 sales SAN FRANCISCO - As expected, Advanced Micro Devices Inc.'s (AMD's) third-quarter revenue came in a little under the company's earlier predictions, but strong increases in sales of its 64-bit desktop and server processors led to the company's fourth straight profitable quarter.",Sci/Tech,Business
"Iran Rejects Any Deal to End Uranium Enrichment TEHRAN (Reuters) - Iran said on Saturday it would reject any proposal to halt uranium enrichment, a step European Union diplomats are proposing to end a row over whether Iran is seeking atomic weapons.",World,Business
"Is this the end of IT as we know it? Halsey Minor, CEO of hosted integration provider grand central Communications, has a powerful message for IT: In four years, ... basically the whole notion of enterprise application software is going to be dead. He believes application functionality will instead be available as hosted, pay-per-use services delivered by companies such as Salesforce.com. Putting his money where his mouth is, Minor has recently launched a \$50 million venture capital fund with his own money to fuel on-demand startups. For its part, Grand Central will handle data and process integration between enterprises and multiple on-demand services.",Business,Sports
To learn more LNM Holdings has steelmaking operations in eight countries with an annual steel production capacity of more than 32 million tons. ISG was formed in 2002 and bought the assets of bankrupt Bethlehem Steel Corp,Business,World
Blair to put British troops under US control Critics of the Iraq war have slammed the prime minister following a decision to allow British troops to move into dangerous territory around Baghdad under US military command.,World,Business
"Smart phones to make up 16 of market LONDON-A new study shows that the market for smart phones will continue to increase during the next several years, with global shipments growing from 14.",Sci/Tech,Business
Column: Alabama fans should take responsibility for their own ... Tennessee and Alabama fans needed extra reasons to hate each other about as much as Deion Sanders needs more reasons to love himself.,Sports,Sci/Tech
Sri Lanka army blames Tamil Tigers of failing to keep pledge Sri Lanka #39;s army Sunday blamed theTamil Tigers for failing to attend a meeting Saturday which they had agreed to attend during a meeting with the international trucemonitors and the government troops.,World,Sci/Tech
"Gates Says Broadcast TV Model Faces Irrelevancy Bill Gates predicts a\future for the entertainment industry in which traditional\broadcast television is rendered irrelevant. It's a positive\vision, however, because new and better business models made\possible by technology are emerging.",Sci/Tech,World
"Is fair trade coffee a beachhead for bananas? GUILDERLAND, NY Socially conscious consumers have made fair trade brews a rapidly growing niche of the coffee market. The beans can now be found on supermarket shelves next to the Folgers and in the espresso at Dunkin #39; Donuts.",Business,Sports
"Experts Predict Mount St. Helens Eruption (AP) AP - The flurry of earthquakes at Mount St. Helens intensified further Thursday, and one scientist put the chance of a small eruption happening in the next few days at 70 percent.",Sci/Tech,Sports
"Telephone Tag (Forbes.com) Forbes.com - ARRIS GROUP (5, ARRS) saw its market cap unjustifiably halved recently when Comcast, a huge customer (24 of Arris' sales), hinted it might buy next-generation technology from Cisco Systems. Arris supplies the technical guts that cable companies use to provide phone service. (For the reverse phenomenon, see story on p. 162.)",Business,Sci/Tech
"SIA: Chip sales to hit record, flatten Worldwide semiconductor sales will hit an all-time high in 2004 but stay relatively flat in 2005 before climbing again over the next two years, according to the Semiconductor Industry Association.",Business,Sci/Tech
"United Airlines Seeks Staff Concessions NEW YORK (Reuters) - United Airlines is expected to ask a bankruptcy judge to let it extract new concessions worth \$725 million a year from employees as it seeks to reorganize, the Wall Street Journal reported on Friday, citing unnamed sources.",Business,World
"Something Oozed on Titan #39;s Surface Summary - (Nov 8, 2004) NASA #39;s Cassini spacecraft took this image of Titan as it sped past the moon on Oct. 26, 2004. It was taken from an altitude of 2,500 km (1,553 miles) using the spacecraft #39;s aperture",Sci/Tech,Sports
"Analysis: Iran #39;s missile capabilities Iran has announced it has improved its missile capabilities by developing a medium-range ballistic missile, with abilities to work on longer range systems -- a steady progress that",World,Sports
Econ Edge: The Economic Week Fed Governor Speaks (12:45 pm ET) Federal Reserve Governor Mark Olson speaks about his economic outlook at a roundtable lunch in Toronto.,Business,Sports
Fortune's 100 Most Doomed? Your company made it to Fortune's 100 Fastest Growing Companies list. Is that a good thing?,Business,World
"UK satisfied with peace process, says Hoon ISLAMABAD, Oct 5: British Defence Secretary Geoff Hoon said on Tuesday that history would judge the pace of the peace process between Pakistan and India.",World,Sports
"Former musician and Hells member sentenced to 15 months for threatening judge (Canadian Press) Canadian Press - TROIS-RIVIERES, Que. (CP) - A former Hells Angels member who played trumpet with the Quebec City Orchestra was sentenced Friday to 15 months in jail for uttering death threats against a judge.",World,Sports
"PM backs indigenous alcohol ban CURFEWS and alcohol bans may be necessary in Aboriginal communities, Prime Minister John Howard said today, adding that civil liberties were less important than staying alive.",World,Sci/Tech
"Saddam, Aides to Go on Trial Within Weeks - Daoud Iraq #39;s toppled leader Saddam Hussein and his top aides will go on trial within weeks, Iraqi Minister of State Kasim Daoud said on Sunday.",World,Business
"Baseball's Homeless Franchise Bud Selig, the Major League Baseball commissioner, didn't realize he was gambling when he awarded the Expos to Washington.",Sports,Sci/Tech
"Fresh Fighting Shatters Short-Lived Ceasefire Deal Renewed clashes in South Ossetia, which resulted in death of two Georgian soldiers, erupted late on August 17, several hours after the South Ossetian and Georgian officials agreed on ceasefire. As a result Tbilisi has already announced that it will not ...",World,Sci/Tech
"Survey: Surge in layoffs, hiring Challenger survey finds most job cuts in 6 months; seasonal hiring by retailers lifts new jobs. NEW YORK (CNN/Money) - Employers increased both hiring and layoff plans in August, according to a survey released Tuesday by an outplacement firm.",Business,Sci/Tech
Greenpeace #39;shocked #39; over death of anti-nuclear protestor PARIS - The international environment watchdog group Greenpeace said Monday it was quot;shocked and very saddened quot; by the death of a French protestor who was struck and killed Sunday by a train transporting nuclear waste to Germany.,World,Sports
"Iran official warns of NPT pull-out if West presses Iran will pull out of the nuclear Non-Proliferation Treaty (NPT) and develop its atomic programme in secret if Western nations threaten or put pressure on Tehran, a senior Iran diplomat was quoted as saying on Wednesday.",World,Sports
"Maddux Wins No. 302, Baker Wins No. 1,000 Greg Maddux pitched the Chicago Cubs into the lead in the NL wild-card race and gave Dusty Baker a win to remember. Maddux threw seven shutout innings for his 302nd career win, Baker got his 1,000th victory as a manager and Chicago beat the Montreal Expos 5-2 on Monday night...",World,Sports
"Alaska Wildfires Grow to Record 5 Million Acres (Reuters) Reuters - Wildfires have scorched over\5 million acres in Alaska as of Tuesday, forestry officials\said, a new record that signals possible changes in climate\conditions and the composition of the vast forests.",Sci/Tech,Business
"Carnival crowds likely to top 1m As the Notting Hill Carnival enters its final day, police say they are pleased with how it has gone so far. About 250,000 people took to the streets on Sunday - more than double the first day last year - to celebrate 40 years of the west London event.",World,Sports
"You Say Sell, I Say Potato Disgruntled shareholders file suit to force talks with Oracle while PeopleSoft's two largest shareholders agree to disagree.",Business,World
"Industrial output falls in Japan Japan's industrial production falls in October while unemployment rises, providing more evidence of a slowdown in the world's second largest economy.",Business,World
"Commission backs 5bn British Energy deal British Energy, the nuclear generator, yesterday welcomed a decision by the European commission to approve a government-backed 5bn rescue plan.",Business,World
"Music file-sharing case heads to high court eeding the pleas of the entertainment industry, the US Supreme Court has agreed to consider calling a halt to Internet file-sharing that allows millions of computer users to obtain free copies of movies and music.",Sci/Tech,Business
"PM edges ahead in latest poll JOHN Howard #39;s plea for voters to trust him with the economy is paying early dividends, an exclusive Herald Sun poll shows. The Coalition has moved ahead of Labor by 52 per cent to 48 per cent as the Prime Minister #39;s interest rates campaign takes hold.",World,Sports
"Upstarts Guatemala, Panama Face Crunch Qualifiers RIO DE JANEIRO (Reuters) - Upstarts Guatemala and Panama face crunch matches against more experienced CONCACAF opponents Saturday as they continue their quest to qualify for a first World Cup.",Sports,Business
Hassan: #39;Abhorrent act #39; says Blair Western political leaders have united to condemn the kidnappers of charity worker Margaret Hassan after a video surfaced apparently showing a militant firing a pistol into the head of a blindfolded woman wearing an orange jumpsuit.,World,Sports
"Vivendi surprises with rise in revenue Vivendi Universal, the French media group that almost collapsed into bankruptcy two years ago, yesterday surprised investors with strong third-quarter revenues driven by soaring music sales in the Britain and North America.",Business,Sports
"Column: Who will stop genocide in Sudan? This time, world leaders and their people cannot claim they knew nothing of the tens of thousands of murders of black Africans and massive gang rapes in Darfur perpetrated by the Arab Janjaweed",World,Sports
"P2P Services in the Clear In a major setback for the music and movie industries, a federal appeals court upholds a lower court's decision in the infamous Grokster case, ruling peer-to-peer services Morpheus and Grokster are not liable for the copyright infringement of their users. By Katie Dean.",Sci/Tech,Sports
"Austrian warning on Turkey #39;s EU hopes MEISE, Belgium, Dec 16 (AFP) - The EU must be sure it has the quot;capacity to absorb quot; Turkey before it gives a green light to the vast Muslim country #39;s hopes of joining the bloc, Austrian Chancellor Wolfgang Schuessel warned Thursday.",World,Sports
"Massachusetts 61, No. 7 Connecticut 59 Massachusetts made sure its first home game against a defending national champion was one to remember. The Minutemen stunned seventh-ranked Connecticut 61-59 on Rashaun Freeman #39;s layup with 4.3 seconds to play Thursday night.",Sports,Sci/Tech
"PA #39;s Abbas rules out interim deal with Israel The Palestinians will not accept an interim settlement with Israel, Palestine Liberation Organization chief Mahmoud Abbas told the Arab League during a visit to Egypt yesterday.",World,Sports
"Ohio Sues Best Buy, Alleging Used Sales (AP) AP - Ohio authorities sued Best Buy Co. Inc. on Thursday, alleging the electronics retailer engaged in unfair and deceptive business practices.",Business,Sci/Tech
"Japan's army works out plan to cope with North Korean terror attack (AFP) AFP - Japan's army has worked out a secret plan to deal with possible large-scale terror attacks by North Korea, a press report said.",World,Business
"World awaits Chinese Grand Prix A quarter of a billion dollars to build the track. Tens of millions in racing fees. More than 150,000 live spectators and a television audience of hundreds of millions.",Sports,Business
England's Lawyers Try to Get Photos Thrown Out Lawyers for Pfc. Lynndie R. England sought Wednesday to throw out evidence at the heart of the Abu Ghraib prison scandal -- the now-infamous photos showing her smiling and pointing at naked Iraqi detainees.,World,Business
"Fossil Pushes Upright Walking Back 2 Million Years, Study Says quot;Dating the beginnings of bipedalism is very important in the human story because, for many experts, it would mark a clear divergence from the ancestral/ape pattern and show that the human lineage had really begun, quot; said Chris Stringer, director of the",Sci/Tech,Sports
"Westpac delivers \$2.5b profit Westpac Bank has reported a record after-tax profit of \$2.54 billion, a 16 per cent increase on the previous year #39;s results. The bank has also announced a final dividend of 44 cents, taking the full-year dividend to 86 cents fully franked.",Business,Sci/Tech
"Tennis: Leading Brits go marching on TIM HENMAN showed he was on top form despite being diagnosed as suffering from magnesium deficiency, with a straight-sets win over Antony Dupuis in the first round of the Davidoff Swiss Masters.",Sports,Sci/Tech
"mmO2: i-mode launch looks certain mmO2 and NTT DoCoMo are reportedly planning to launch a UK i-mode mobile service. November 26, 2004 4:35 PM GMT (Datamonitor) - The much-touted tie-up between NTT DoCoMo and mmO2 to bring i-mode mobile content to the UK looks to be a done deal.",Sci/Tech,Sports
"HAYLEY MICK: Hayley Mick is a journalist currently based in Vancouver. She has broadcast experience with CBC Radio #39;s Quirks and Quarks and has reported for the Vancouver Sun, CBC Online, and the Canadian Press #39;s Ontario and Vancouver bureaus.",World,Sci/Tech
Staying or Going? Some Possibilities if Bush Wins President Bush plans major changes in his Cabinet if he wins a second term -- perhaps nominating the first female defense secretary and first black attorney general -- but very little change among the small group of his closest advisers.,World,Sports
"Kodak eliminating nearly 900 jobs in England, France _ Eastman Kodak Co. announced Tuesday it will cut nearly 900 jobs at three of its manufacturing facilities in Europe as part of the company #39;s shift from traditional film production to digital photography.",Business,World
New EU Executive Chief Announces Revamped Team The incoming head of the European Union #39;s executive body has announced changes to his group of commissioners and says he is ready to go to the European Parliament to seek its approval of his team.,World,Sci/Tech
First Look: Intuit's QuickBooks for Newbies New Simple Start Edition accounting software targets small businesses still using pencil and paper.,Sci/Tech,World
Unit Trust Fan Targets Health Care NEW YORK (Reuters) - Businessman Sam Katz tried to tap into Warren Buffet's gravy train a decade ago with a plan to make the legendary investor's lofty Berkshire Hathaway shares more accessible to the small investor.,Business,Sci/Tech
Rain threatens triangular final (AFP) AFP - Organisers were left banking on the Dutch weather to spare Saturday's final of the triangular cricket tournament after deciding against altering the fixture schedule in a bid to beat the rain that has marred this warm-up event for next month's ICC Champions Trophy in England.,World,Sci/Tech
Brown calls for Labour unity Chancellor Gordon Brown has sought to quell speculation over who should run the Labour Party and turned the attack on the opposition Conservatives.,World,Business
"Chiquita slips on higher Q3 costs CHICAGO (CBS.MW) -- Higher operating costs are canceling out expense reductions and cutting into Chiquita Brands #39; profit expectations for the third quarter, the company said Tuesday.",Business,Sci/Tech
"CBS #39;s Moonves Gives Loyalists a Piece of the Eye #39;s Pie Viacom co-president and CBS Chairman Leslie Moonves officially whacked the head of the media conglom #39;s television studio yesterday, and divvied up the job among loyal CBS staffers.",Business,Sports
Fed Panel Lifts Rates and Says More Increases Are Probable The Federal Reserve raised short-term interest rates on Tuesday for the fifth time this year and suggested that more rate increases are in order in the months ahead.,Business,Sci/Tech
"They #39;re not on same side Unable to reach an agreement on a one-year deal that pleases both sides, Al Leiter and the Mets finally were able to come to terms on something: It #39;s time both sides stop talking to each other and start looking elsewhere.",Sports,Sci/Tech
"CarMax Earnings Fall, Stock Up on Outlook (Reuters) Reuters - CarMax Inc. on Friday posted\lower quarterly profit, but the used-car retailer said its\sales have been steadily improving, sending its shares up as\much as 14 percent.",Business,Sci/Tech
"South Korean court blocks relocation of capital Yun Young-Chul (C-back), president of the Constitutional Court, speaks as the court ruled against President Roh Moo-Hyun #39;s plan to relocate the country #39;s capital at the court, in Seoul, October 21.",World,Sci/Tech
"Munro, Morris Face Off in NLCS Game 2 ST. LOUIS - The Houston Astros put their hopes in a pitcher untested in the postseason when they give Pete Munro the ball to start Game 2 of the NL Championship series on Thursday, one night after dropping the opener to the St...",World,Sports
"New Report Links Reputed Kingpin to Murder Fifteen years ago, American journalist Todd Smith was brutally beaten and executed after he ventured into Peru's jungle to investigate links between Shining Path guerrillas and the cocaine trade.",World,Sci/Tech
Success For Spaceship One MOJAVE -- Burt Rutan #39;s space ship one made its first trip into sub-orbital outer space in pursuit of the \$10 million Ansari X Prize.,Sci/Tech,Sports
"Kyocera Battery Recall Kyocera Battery Recall By guest contributor Josh Pereira. Kyocera, a leading manufacturer of CDMA phones, has announced a voluntary and precautionary recall of the batteries found in their KE/KX 400 Series, 3200 Series, and Slider Series phones.",Sci/Tech,Sports
"US women avoid disaster, advance ATHENS -- Preliminary-round elimination would have been a disaster for the United States women. Desperate for a victory, the Americans avoided embarrassment by finally playing like a gold medal contender -- and like a team.",Sports,Business
A new Golden Girl It took only 49.41 seconds for Tonique Williams-Darling to etch her name in the annals of Bahamian history. Williams-Darling crossed the finish line,Sports,Sci/Tech
"India and Pakistan wind up talks, deadlock on Kashmir (AFP) AFP - The foreign ministers of India and Pakistan held a closing round of talks amid reports of progress on peripheral issues, but the nuclear rivals remained deadlocked on Kashmir.",World,Sports
China Sighs in Relief as Yao Scores High BEIJING (Reuters) - China breathed a measured sigh of relief after the skills of its basketball giant Yao Ming dwarfed New Zealand to sweep his team nearer to their goal of reaching the Athens Olympics semi-finals.,Sports,World
"Universal, Warner Bros, Paramount, and New Line Support HD-DVD Major movie studious Paramount, Universal Pictures, Warner Bros., and New Line Cinema all said today that they have adopted the new high definition DVD disc format (HD-DVD), and will begin issuing movie titles in the new format in 2005.",Sci/Tech,Sports
India must recognize international realities: PM Prime Minister Manmohan Singh has responded to the Left #39;s criticism of his congratulatory call to US President George W. Bush by saying India must recognise international realities.,World,Sci/Tech
"Astronauts Briefly Fix Oxygen Generator (AP) AP - The astronauts aboard the international space station got their broken oxygen generator running after three tries Friday, but the machine shut down again after barely an hour of operation.",Sci/Tech,Sports
"Sudan vows to restore order to Darfur but calls for African peacekeepers (AFP) AFP - Sudan will take the lead in restoring order to its rebellious Darfur region but needs the support of African peacekeepers and humanitarian aid, Foreign Minister Mustafa Osman Ismail said.",World,Business
"The OQO Should Run Linux \\This little OQO machine is certainly pretty cool. The biggest problem\though is that it doesn't run Linux.\\This leaves you with a device heavier than your PDA and all the insecurity and\bloat of Windows and with a price tag of only sub \$2000.\\People don't care what OS their PDA/Handtop runs. It can run an alternative OS\and for the most part consumers don't care. WinCE hasn't exactly been a stellar\market success. While Microsoft does have significant market share PalmOS,\Symbian, and Linux are doing just fine. Also most of the WinCE devices never\have the fit and finish of their Palm and Symbian counterparts.\\I don't know where OQO thinks they are going to fit in. If they were to ...\\",Sci/Tech,Business
"Capriati unnerves Serena It was just about a year ago that Jennifer Capriati had this very same feeling. There she was, in Arthur Ashe Stadium, the lights glaring, more than 20,000 fans screaming. Only the opponent was different, as Capriati faced Justine Henin-Hardenne, serving for what would become one of the most important matches of her career. But that night, ...",Sports,World
"Plane crash kills 10 close to racing MARTINSVILLE, Va. -- A Hendrick Motorsports plane crashed yesterday on its way to a NASCAR race, killing all 10 people aboard, including the son, brother and two nieces of the owner of one of auto racing's most successful organizations.",Sports,Sci/Tech
"Xybernaut sews up bright-light mobile PC The flat-panel Atigo T/HB, designed for use in bright outdoor lighting, works as a wearable computer or as a wireless display.",Sci/Tech,Business
"Colombia Accuses Cos. of Illegal Imports The Colombian government has filed a lawsuit accusing Pernod Ricard SA, Diageo PLC and Seagram Export Sales Co. of illegally importing spirits via Colombian companies that launder drug money.",World,Sci/Tech
"May have been transmitted between humans- report Thailand confirmed its second death from bird flu Tuesday, and said the fatal case might have been transmitted by a human victim rather than a bird, according to published report.",World,Sports
"Baseball-Ichiro Breaks Hits Record, Adds Single The Seattle Mariners #39; Ichiro Suzuki registered three singles to equal, break and then add to the Major League hits record with his 259th of the season in a game against the Texas Rangers Friday.",Sports,Sci/Tech
"At least 25 bodies at Sadr #39;s religious court NAJAF, Iraq : At least 25 charred and bloated bodies were discovered in the basement of a religious court set up by rebel cleric Moqtada Sadr in Najaf #39;s Old City, police said.",World,Sports
Schumacher in uncharted territory MICHAEL Schumacher doesn #39;t need to win the Belgian Grand Prix on Sunday to nail his unprecedented seventh Formula One drivers title.,Sports,World
Journalist: I just kept talking BAGHDAD - Iraqi militants threatened to kill an Australian journalist and interrogated him for more than 20 hours after kidnapping him outside a Baghdad hotel.,World,Sci/Tech
"New Trojan Targets Adware New Trojan Targets Adware\\Antivirus maker Symantec has reported the arrival of a spooky Trojan Horse online, which does something unique. Codenamed Downloader.Lunii, it attacks and even removes advertisement enabled softwares, which are generally considered harmful for the system. On execution of the code, it tries to kill the processes associated ...",Sci/Tech,World
U.N. War Court Transfers First Case to Serbia BELGRADE (Reuters) - The U.N. war crimes prosecutor sent the first case to the Serbian judiciary Friday in a move that could warm ties between the Hague-based court and Belgrade.,World,Sci/Tech
"Cavanagh, Crimson roll by Union Tom Cavanagh scored two goals, leading Harvard to a 4-1 win over visiting Union last night.",Sports,Sci/Tech
"World Population to Rise to 8.9 Billion Although world families are getting smaller in many regions, the 50 poorest countries are expected to triple in size to 1.7 billion people by 2050, posing many challenges for world countries.",World,Business
"ATI launches chipset for AMD desktops ATI Technologies on Monday delivered the Radeon Xpress 200, a new chipset for desktops using Advanced Micro Devices #39; Athlon 64 and other eighth-generation processors.",Sci/Tech,Sports
EU transport chief hails Alitalia accord (AFP) AFP - EU transport and energy commissioner Loyola de Palacio hailed the accord reached between Alitalia management and staff on a major restructuring plan aimed at keeping the struggling airline in the air.,World,Sci/Tech
LIPPI LAMENTS LACK OF FIXTURES Italy coach Marcello Lippi claimed he was frustrated that the Azzurri had no more World Cup qualifiers before the new year after the 4-3 win over Belarus saw the Italians claim top spot in Group Five.,Sports,Sci/Tech
"U.S. Bishops Reviewing Sex Abuse Policy The nation's Roman Catholic bishops said Friday they will spend the next nine months deciding whether to make any changes in the policy they enacted at the height of the clergy sex abuse crisis that includes permanently barring guilty priests from church work. The review was mandated in the ""Charter for the Protection of Children and Young People,"" the document the bishops adopted at an emotional June 2002 assembly in Dallas...",World,Sci/Tech
"Australia cancels 80pc of Iraqi debt Nineteen countries, including Australia, have agreed to cancel 80 per cent of the debt Iraq owes them. The deal secured for the Paris Club of creditor nations ends a trans-Atlantic dispute and probably sets",World,Sci/Tech
"Ireland #39;s National Carrier Seeks Govt. Aid Ireland #39;s state-owned carrier, Aer Lingus, has asked the government for a grant worth euro200 million to euro300 million (US\$250 million to US\$375 million) to begin buying 10 or more long-haul aircraft from either Boeing or Airbus.",Business,Sports
"Novell reaffirms open source strategy Novell is putting open source and identity management centre stage at its European user conference this week. The networking firm announced that Novell Open Enterprise Server (OES), which includes Novell #39;s",Sci/Tech,Business
Seoul allies calm on nuclear shock South Korea's key allies play down a shock admission its scientists experimented to enrich uranium.,World,Business
"49ers tickets are available Since just before the start of the NFL #39;s regular season two months ago, television viewers in the Bay Area have been seeing commercials for a product that for years has sold itself.",Sports,Business
Court to hear Microsoft appeal to \$521M Eolas ruling A panel of judges on Thursday is scheduled to hear Microsoft's appeal in a case where a jury ordered the software maker to pay \$520.6 million in damages after finding that Internet Explorer (IE) infringed on a patent.,Sci/Tech,Business
"Milosevic Defense Team Asks to Withdraw from Case THE HAGUE (Reuters) - Former Yugoslav President Slobodan Milosevic's two court-assigned defense lawyers have asked to be withdrawn from his case, The Hague war crimes tribunal said Wednesday.",World,Sports
"Cold War deserter jailed after 40 years The long, strange journey of Charles Robert Jenkins reached a tearful climax with a 30-day sentence in a military prison and a dishonourable discharge from the United States Army he deserted for North Korea almost 40 years ago.",World,Sci/Tech
"Microsoft vs Sendo: It #39;s over The legal battle between UK phone manufacturer Sendo and Microsoft has been settled, the companies announced on Monday morning. Sendo had been suing Microsoft for the alleged theft of trade secrets, fraud",Business,Sci/Tech
Study: Mobile phone use increases brain tumor risk But researchers say data based on analogue phone usage may not yield same results as digital phone usage.,Sci/Tech,Sports
"AMD signs up for extra 64-bit production capacity Advanced Micro Devices Inc. will use Chartered Semiconductor Manufacturing Ltd.'s manufacturing services to produce AMD's Opteron and Athlon 64 processors starting in 2006, adding production capacity as the company starts building chips at its second Dresden, Germany, plant, the companies said Monday.",Sci/Tech,Business
"Moderate Republicans Criticize Bush (AP) AP - A group of moderate Republicans, many long out of office, called on President Bush and the Republican party to ""come back to the mainstream"" on the eve of the Republican National Convention.",World,Sports
Shares of Large Drug Makers Fall NEW YORK (Reuters) - Shares of large drug makers fell on Thursday after a top U.S. cardiologist questioned the safety of new arthritis drugs and the performance of U.S. regulators in monitoring drug safety.,Business,Sci/Tech
"Lesbians fight to retain post-Soviet freedom (AFP) AFP - Since emerging from the shadow of the prudish Soviet Union a decade ago, sexual minorities have fought to gain a foothold in Russian society. But Russian lesbians now say they are facing growing pressure from authorities to return to the closet.",World,Sci/Tech
Feed-Tube Law Is Struck Down in Florida Case The court said that Gov. Jeb Bush violated separation of powers when he signed a law to keep Theresa Schiavo alive.,World,Business
"BT Group set to buy US Infonet for \$1bn LONDON: Britains BT Group is hoping to make a dramatic return to the US with a \$1bn acquisition of Californian telecoms group Infonet Services, the Sunday Times reported.",Business,Sci/Tech
"Cheap airfares help BAA profits Britain #39;s biggest airport operator BAA posted a 16 percent jump in first-half earnings on Tuesday, meeting expectations as cheap airfares and stronger economies drove up passenger numbers.",Business,Sports
Travelzoo Shares Rise as Offering Rumor Fades (Reuters) Reuters - Shares of Internet travel site\Travelzoo Inc. rose nearly 4 percent on Wednesday as\market rumors of a secondary stock offering faded.,Sci/Tech,Business
"E-commerce still booming Online retail sales continue to show significant growth, according to the latest figures released by the US Department of Commerce.",Sci/Tech,Business
"Plan Would Turn Restore Wash. Estuary NISQUALLY NATIONAL WILDLIFE REFUGE, Wash. - A 15-year plan would restore salt marshes and mudflats for migrating salmon at the Nisqually National Wildlife Refuge, more than 100 years after the farmland was drained and diked.",Sci/Tech,Business
"Thousands Hit NYC Streets; Cheney Arrives NEW YORK - Tens of thousands of demonstrators marched past the Madison Square Garden site of the Republican National Convention on Sunday, chanting, blowing whistles and carrying anti-war banners as delegates gathered to nominate President Bush for a second term. On the eve of the convention, the demonstrators packed the street from sidewalk to sidewalk for 20 blocks as they slowly filed past...",World,Business
"5 EU ministers back digital passports FLORENCE Interior ministers from the five largest West European countries have agreed to adopt digital fingerprinting on passports, officials here said, but a second day of talks on Monday found them still deadlocked on a plan to create migrant holding",World,Sports
"Morningstar Faces Possible SEC Lawsuit NEW YORK (Reuters) - U.S. securities regulators may file suit against Morningstar Inc., a provider of mutual fund and stock research, over incorrect data it published about a mutual fund, the company said on Friday.",Business,Sci/Tech
"Seagate claims storage record Seagate claims to have broken the record for the most storage on a single disc platter, managing to store 133GB per disc in its newly released 400GB hard drive.",Sci/Tech,Business
Sachin ready for Nagpur Sachin Tendulkar will play in the third Test against Australia beginning Tuesday. That the master batsman has been declared fit to play in the Test was announced by physio Andrew Leipus of the Indian cricket team.,Sports,World
"UK broadband usage doubles in past six months New research from NOP, shows that more of the UK Internet population are progressing to broadband - with usage at 41 per cent up from 27 per cent just six months ago, and an increase in females using the internet.",Sci/Tech,World
"Army To Meet Navy In Sprint Football WEST POINT, NY - Army #39;s sprint football team will conclude its 2004 campaign Friday evening when the Black Knights take on Navy with the Collegiate Sprint Football League title hanging in the balance.",Sports,Business
Sri Lanka off to positive start Kumar Sangakkara's unbeaten fifty revives Sri Lanka's chances against Pakistan.,World,Business
"Airbus will move forward on 7E7 competitor Airbus has been given the go-ahead to develop a new jet designed to compete with The Boeing Co. #39;s new 7E7, according to reports by The Associated Press Friday.",Business,World
"Lynch triumphs at Redcar Fergal Lynch had a good win at Redcar as he returned to action yesterday along with champion jockey Kieren Fallon, fellow rider Darren Williams and trainer Karl Burke, after their shock",Sports,Sci/Tech
"Yudhoyono's Apparent Win Boosts Markets (AP) AP - Former General Susilo Bambang Yudhoyono took a seemingly unassailable lead Wednesday in Indonesia's presidential election, cheering investors amid hopes he will introduce much-needed economic reforms and provide firm leadership in the war on terror.",World,Sports
"Slew of Lawsuits Will Target Vioxx Maker Throngs of lawyers who represent people allegedly hurt or killed by the withdrawn painkiller Vioxx will gather in California and Las Vegas next week to discuss preparing class-action lawsuits against the drug #39;s maker, Merck amp; Co.",Business,Sci/Tech
Woman's death probed Public health officials are investigating why a 38-year-old woman died two weeks after undergoing gastric bypass surgery at Saint Anne's Hospital in Fall River. The hospital has stopped offering the surgery during the state probe and an internal review.,Business,Sci/Tech
Date with destiny for private rocketeers LAS VEGAS - A three-seat rocket plane with stubby wings and a nose studded with round windows will try to blast out of Earth #39;s atmosphere above the Mojave Desert today to qualify for a US\$10 million (\$15.,Sci/Tech,Sports
"Netopia to Restate Results (Reuters) Reuters - Netopia Inc. a maker of\networking gear, on Thursday said its auditor KPMG LLP\resigned, and said it will restate two years of results and\revise the results in its most recent fiscal quarter.",Sci/Tech,Business
"System X supercomputer speeds up almost 20 percent Virginia Tech #39;s all-Mac System X supercomputer, installed at the university #39;s Terascale Computing Facility, made headlines last year when it was determined to be the third-fastest supercomputer in the world.",Sci/Tech,Sports
The upper hand: McNabb and Eagles down Vikings Breaking free: Philadelphia quarterback Donovan McNabb pushes away Minnesota cornerback Antoine Winfield before scrambling for more yards in the third quarter Monday night.,Sports,Sci/Tech
"Wal-Mart Move Ominous Sign for Retailers (AP) AP - Weaker-than-expected holiday shopping forced Wal-Mart Stores Inc. on Saturday to cut its projected sales increase for November by more than half, an ominous announcement for retailers as their busiest time of year begins.",Business,Sports
Mediation efforts to end Ukraine crisis step up as Solana due in Kiev (AFP) AFP - Attempts to mediate the political crisis in Ukraine are gathering pace with EU foreign policy chief Javier Solana and Polish President Aleksander Kwasniewski expected in Kiev.,World,Business
"They've caught his eye In quot;helping themselves, quot; Ricky Bryant, Chas Gessner, Michael Jennings, and David Patten did nothing Friday night to make Bill Belichick's decision on what to do with his receivers any easier.",Sports,Business
"UEFA Introduces Anti-Doping Program SOFIA (Reuters) - UEFA will enforce a new anti-doping program at all levels in and out of competition, a meeting of the European soccer body's executive committee decided Thursday.",Sports,World
"Sunni clerics urge election boycott Religious and political leaders gather at the Umm al-Qura Sunni Muslim mosque outside Baghdad, where clerics called for their followers to boycott Iraq #39;s January elections.",World,Sci/Tech
"True Colors With 48 editions in 19 different languages available in over 60 countries, Reader #146;s Digest is a publishing phenomenon: the world #146;s top-selling magazine. And wherever you buy your copy, at least one thing will remain constant #151; the quality and color balance of the images. See how a Mac-based workflow ensures this color consistency.\ Nov 09",Sci/Tech,Sports
Mount St. Helens Sprouts Magma Extension (AP) AP - The new lava lobe inside Mount St. Helens' crater has sprouted a piston-like protrusion the size of a 30-story building #151; glowing red at night.,Sci/Tech,Sports
Dow falls on Wal-Mart update and rise in producer costs DISAPPOINTMENT over Wal-Marts third-quarter sales performance and news of a sharp rise in October producer prices sent shares in the United States on a downward path yesterday.,Business,World
"Some Dire Talk From Yukos Lifts Oil Prices OSCOW, Sept. 2- World oil prices rose on Thursday after Russia #39;s largest oil producer, Yukos, said a court ruling quot;paralyzes #39; #39; the company #39;s operations.",Business,Sci/Tech
Sadr Aide Tells Iraq Militia to Cease Fire -TV A top aide to Iraq #39;s rebel Shi #39;ite leader Muqtada al-Sadr Monday called on the Mehdi Army militia to cease fire across Iraq and said Sadr was preparing to announce plans for a major political program.,World,Sports
"Hicks Muse Pays for ConAgra's Swift Stake NEW YORK (Reuters) - ConAgra Foods Inc. CAG.N on Tuesday said private equity firm Hicks, Muse, Tate Furst Inc. exercised its option to buy the company's minority stake in Swift Foods, and that ConAgra received \$194 million in the transaction.",Business,Sports
Judge: MCI may have violated court order on certain fees NEW YORK A federal judge in Manhattan says MCI may have violated a court order by paying more than 25 (m) million dollars in professional services fees as part of its bankruptcy proceedings in excess of caps on such fees.,Business,World
"NJ Transit Riders Get A quot;Fare quot; Warning (1010 WINS) (NEWARK) NJ Transit #39;s executive director on Thursday said the agency #39;s 400,000 daily riders should expect fare hikes of up to 15 percent starting in July to offset a projected \$50 million deficit caused by higher fuel and security costs and",Business,Sports
"Shareholders Approve Aether Changeover Shareholders approved Aether Systems Inc.'s sale of one of its two remaining operating divisions Wednesday, a deal that will take the Owings Mills company out of the wireless business and nearly complete its transformation into a mortgage investment fund.\-The Washington Post",Sci/Tech,Business
"Techs extend Nikkei #39;s rally Technology shares edged up in Asia on Tuesday, as crude oil prices hovered near \$44 a barrel and the dollar languished ahead of key US economic data.",Business,Sci/Tech
"Ex-teller wins bias case against Citizens A former part-time teller and Mexican immigrant won more than \$100,000 after the Massachusetts Commission Against Discrimination determined Citizens Bank discriminated against her when it bypassed her for a full-time job in favor of a less experienced white co-worker.",Business,Sports
"Conversion Rates Between PPC (Paid) and Organic (Free) Results Conversion Rates Between PPC (Paid) and Organic (Free) Results\\In a thread over at Cre8asite Forums named Organic vs Paid traffic ROI?, there is a discussion going on about the different conversion rates and ROI seen between the pay per click traffic (paid traffic) and organic traffic (free traffic). I have ...",Sci/Tech,Sports
"Wenger vows no repeat of frailties against Bayern ARSNE WENGER was raised in Alsace, near the German border, with an affinity for the Bayern Munich football machines of the Seventies.",Sports,Business
Florida Denies Contact With Spurrier (AP) AP - Florida athletic director Jeremy Foley denied a report Tuesday that school officials have contacted former coach Steve Spurrier about replacing Ron Zook.,Sports,World
"Sorrell and WPP rise ever closer to the top LONDON With its agreement to buy Grey Global Group, Sir Martin Sorrell has placed his London-based WPP Group in position to rival Omnicom Group as the world #39;s largest advertising company.",Business,Sports
UPDATE:James Hardie 1H Net Disappoints; Cuts FY Forecast SYDNEY (Dow Jones)--Australian building products manufacturer James Hardie Industries NV (JHX) surprised investors Monday by reporting a 9.5 drop in net profit for,Business,Sci/Tech
"Putin doubts date of the elections, Allawi confirms it will be ... The Russian President Vladimir Putin has expressed his doubt that the Iraqi elections will be held at their due time. Putin said during his meeting with the Interim Iraqi prime minister Eyad Allawi that he",World,Business
"U.S. Treasuries Inch Up, Await Data LONDON (Reuters) - U.S. Treasury prices inched higher on Friday, with a rally in Japanese government bond (JGB) prices helping the market recover some ground from the previous day's sell-off.",Business,Sci/Tech
"Web Still in Early Days, Tech Leaders Say The Internet is only in its early adolescence with a raft of improvements on the horizon, and the venture capitalists who helped fund the early boom are",Sci/Tech,Sports
"Sears gets a boost from Vornado Vornado Realty Trust gave Sears, Roebuck amp; Co. #39;s stock a big boost Friday when it said it bought a 4.3 percent stake in the famous but struggling chain.",Business,Sports
Connecticut joins California in Spitzer probe Connecticut is going to join California amid New York Attorney General Eliot Spitzers probe over the US insurance industry scandal.,Business,World
"Game on as Sony puts 100 tag on PSP system SONY is going head-to-head with Nintendo in the battle for the handheld games console market. The company will price its long-awaited PlayStation Portable (PSP) at about 100 for its launch in Japan, when",Sci/Tech,World
"Office Depot Chairman, CEO Nelson Resigns Office Depot Inc. (ODP.N: Quote, Profile, Research) , the No. 2 US office supply chain, on Monday said Chairman and Chief Executive Officer Bruce Nelson has resigned and a search for his successor is underway.",Business,Sci/Tech
"Labor situation deserves honest talk For a moment last week, President Bush escaped the White House spin chamber and was the plainspoken man much of the nation came to like four years ago.",Business,Sports
"The Kremlins Leviathan In Putins Russia Gazprom is by no means a mere natural monopoly, nor a newly established ministry for oil and gas. Gazprom is an instrument of public administration just like the pro-Kremlin United Russia",Business,Sci/Tech
AMD Sheds Light on Dual-Core Plans Upcoming Opteron chips will occupy the same space as single-core models.,Sci/Tech,Business
"Study: 400K Fewer Tech Jobs Since 2001 The US information tech sector lost 403,300 jobs between March 2001 and this past April, and the market for tech workers remains bleak, according to a new report.",Business,Sci/Tech
"Cubs brushed back Chicago loses wild-card lead after ninth-inning ... Austin Kearns knows he #39;ll be back home in Louisville, Ky., once the regular season ends on Sunday. The Cincinnati Reds outfielder did his best Wednesday to keep the Chicago Cubs",Sports,Sci/Tech
"Gunfire Erupts During Powell Visit to Haiti PORT-AU-PRINCE, Haiti (Reuters) - Shooting erupted on Wednesday outside Haiti's presidential palace while Secretary of State Colin Powell was inside talking with the interim leaders of the violence-plagued country.",World,Sports
Africa takes tough stand on coups The arrest of Margaret Thatcher's son last week is the latest example of a crackdown on overthrows.,World,Business
Producer sues for Rings profits Hollywood producer Saul Zaentz sues the producers of The Lord of the Rings for \$20m in royalties.,World,Sci/Tech
ANOTHER VOICE Sugary drinks bad for you Many studies have linked the consumption of nondiet soda and fruit juices with added sugars to obesity and attendant risks of diabetes.,Sci/Tech,Sports
Bereft Indian pilots leaving Andamans are saluted by air force (AFP) AFP - The Indian air force saluted pilots who rescued hundreds on the remote Nicobar islands despite losing family and colleagues when their base was destroyed by last week's deadly tsunami.,World,Business
"Dutch Retailer Beats Apple to Local Download Market AMSTERDAM (Reuters) - Free Record Shop, a Dutch music retail chain, beat Apple Computer Inc. to market on Tuesday with the launch of a new download service in Europe's latest battleground for digital song services.",Sci/Tech,Business
"Argentine court acquits bombing suspects An Argentine court acquitted five suspects in the 1994 bombing of a Jewish community center that killed 85 people, La Nacion newspaper reported Friday.",World,Sci/Tech
"Briefly: Sun expands pay-as-you go supercomputing roundup Plus: SGI works on Linux performance software...Good Technology supported by HP, Samsung...RealNetworks loss widens on litigation.",Sci/Tech,Sports
"Second seed Dementieva hammered in New Haven The French Open runner-up, who had progressed to the last four with ease, was completely out of sorts as seventh seed Bovina wrapped up victory in only 56 minutes.",Sports,Sci/Tech
Sony Taps NVIDIA for Playstation 3 Graphics Sony entertainment has chosen NVIDIA as the supplier for the powerful graphics chips required for Sonys upcoming Playstation 3 video game console.,Sci/Tech,World
"America's Best Airline? Hawaiian Airlines is putting up impressive numbers, including some that really matter to travelers.",Business,Sci/Tech
Next Big Hit at the Modern: Its Reopening The buzz over the greatly enlarged museum is expected to turn into a cacophony on Saturday.,World,Sci/Tech
"UK Train Line to Be Closed for Days #39; After Fatal Derailment A main rail line between London and southwest England will remain closed for a number of days #39; #39; as UK police investigate the weekend derailment of a FirstGroup Plc train, in which seven people lost their lives.",World,Sports
"Is Google the Next Netscape? Is Google the Next Netscape?\\To draw a parallel between Netscape #038; Google in their fight against Microsoft, it is necessary to examine the various similarities between the two situations and see if the tactics that worked then will work now. \",Sci/Tech,Business
British couple shot dead in Thailand A Thai policeman was today being hunted after being accused of killing a British couple near a popular tourist destination last night.,World,Sci/Tech
Sharon Seeks Wider Govt. to Save Gaza Pullout Plan JERUSALEM (Reuters) - Israeli Prime Minister Ariel Sharon launched new efforts Tuesday to widen his shaky coalition after a stinging setback in parliament that complicated his plan to withdraw from some occupied territory.,World,Business
Dell recalls 4.4m notebook power adaptors Dell today asked 4.4m notebook users to return their power adaptors after it admitted these peripherals pose both a fire and electric shock hazard.,Sci/Tech,Sports
US unemployment claims slip but picture still murky NEW YORKFewer Americans lined up to claim first-time jobless benefits last week but analysts said the modest decline said very little about the current state of the labour market.,Business,Sports
"New Zealand bank raises key interest rate WELLINGTON New Zealand #39;s central bank raised the benchmark interest rate by a quarter point on Thursday, to 6.5 percent, and said the sixth increase this year may be the last as economic growth slows.",Business,Sci/Tech
"Living legends left their marks PASADENA, Calif. -- The first football meeting between Michigan and Texas in yesterday's Rose Bowl brought together two coaching legends -- Bo Schembechler and Darrell Royal .",Sports,Business
"Iran says it will stop enriching uranium WASHINGTON -- Iran pledged yesterday to temporarily suspend its uranium enrichment program in an attempt to ease suspicions that it is trying to develop nuclear weapons. The move could defuse a longstanding showdown with the United States over Iran's nuclear activities, diplomats said.",World,Sports
NASCAR mourns plane crash victims Crews on all-terrain vehicles yesterday recovered the bodies of all 10 people killed in the crash of a Hendrick Motorsports plane that was carrying family and friends of one of NASCAR's top syndicates.,Sports,Sci/Tech
Police Join Probe Into Pistons-Pacers Mass Brawl Police launched an investigation on Saturday into an extraordinary mass brawl involving players and fans at a game between the Detroit Pistons and Indiana Pacers.,Sports,World
"Cyber-Security to Get Higher-Profile Leader Homeland Security Secretary Tom Ridge said yesterday that the role of overseeing computer security and the Internet should have a higher profile at the agency, in the face of increasing concern from technology executives and experts that cyber-security is getting inadequate attention.",Sci/Tech,Business
"Reclusive Amish could be thrown into election battleground (AFP) AFP - Martha Lapp hopes to vote for the first time in the US presidential election, in which the reclusive Amish sect that her family belongs to could play a key role.",World,Sci/Tech
Kodak accepts \$92 million from Sun SUN MICROSYSTEMS will pay Kodak \$92 million to settle a patents infringement case after a jury found it guilty of using Java patents.,Sci/Tech,Business
"NEC Unveils World #39;s Fastest Vector Supercomputer NEC Corporation has announced the worldwide launch and availability of the SX series model quot;SX-8, quot; the world #39;s most powerful vector supercomputer with a peak processing performance of a whopping 65 TFLOPS (trillion floating point operations per second).",Sci/Tech,Sports
"PeopleSoft gets closer to IBM As the threat of a hostile takeover by Oracle rumbles on, PeopleSoft has announced a \$1bn partnership with IBM. Speaking at PeopleSoft #39;s user conference in San Francisco yesterday, the company #39;s chief executive",Business,Sci/Tech
Spanish flyer: Markko Martin steers his Ford Focus during the ... MARKKO MARTIN won his second event in succession as he held off a late charge from Marcus Gronholm to come out on top in the Rally of Catalunya.,Sports,Sci/Tech
"BA flight makes emergency landing in Amsterdam, escorted by F-16 ... A British Airways passenger plane flying from Berlin to London reported an unspecified security threat and made an emergency landing in Amsterdam on Thursday, escorted by two Dutch F-16 jet fighters, the airline said.",World,Sports
"Poes condition worsens--doctors (2nd UPDATE) MOVIE actor Fernando Poe Jr. #39;s condition has deteriorated, according to a bulletin his doctors issued on Monday. He is still in a coma and has multiple organ system involvement.",World,Sci/Tech
Junqueira sets up Champ Car final Bruno Junqueira won Sunday #39;s Lexmark Indy 300 ahead to retain hopes of winning the Champ Car title. The Brazilian #39;s Newman-Haas team-mate Sebastian Bourdais needed to win seven more points than Junqueira in Surfers Paradise to secure the title.,Sports,Sci/Tech
Last minute name change for Nvidia #39;s new GeForce 6200 with ... PCI Express allows Nvidia to tap into system memory to save expensive on-board graphics memory and achieve high performance at the same time.,Sci/Tech,World
"US star slams sweet-rustlin', phone beepin' theatre crowd (AFP) AFP - Kevin Spacey, the US screen star who is spending a season working for one of London's top West End theatres, lashed out at members of the audience who rustle sweet wrappers and forget to turn off their mobile phones during performances.",Sci/Tech,Business
"Next gen games prove a challenge Making games for the future consoles is going to take a lot of time and money, a games conference is told.",Sci/Tech,Sports
Slovaks and Czechs reject French minister #39;s suggestion over EU ... The Slovak and Czech governments Monday rejected a proposal by French Finance Minister Nicolas Sarkozy to axe structural funds for new EU members whose taxes were lower than the European average.,Business,Sports
Scammers Could Hijack Pop-Ups Security researchers warned this week of a vulnerability in most Web browsers which could potentially allow scammers to launch phishing attacks from pop-up windows on trusted Web sites.,Sci/Tech,Sports
"Winter on Saturday: Peace initiative in Spain shows Beckham #39;s ... David Beckham prevented a major incident between England #39;s fired-up players and their aggrieved Spanish counterparts in Madrid, according to an England insider yesterday.",Sports,World
"Nintendo moving into online within 3 to 4 years Comments attributed to Nintendo #39;s Shigeru Miyamoto in this week #39;s Famitsu magazine indicate that the company is planning to bring its systems online within a three to four year timescale, with DS leading the way.",Sci/Tech,Business
"Authorities shut down UK-based news Web sites US authorities, participating in an international investigation, have shut down 20 independent news Web sites run by the Independent Media Center (Indymedia) by seizing two UK-based Web servers, the group said on Friday.",Sci/Tech,Business
Jet lands in UK after bomb alert An Olympic Airlines flight on its way from Athens to New York is diverted to Stansted Airport after a security alert.,World,Business
Arctic team finds ship remains A team retracing the route of a group of Victorian Arctic explorers have found parts of their 172-year-old ship.,Sci/Tech,Sports
"The relief of shedding a big ball and chain: HHG sale of its ... which owns fund manager Henderson, - yesterday escaped a ball and chain that has dragged at it ever since it came to the stock market a year ago.",Business,Sci/Tech
"Forest Says Drug Trial Misses Goal Forest Laboratories Inc. (FRX) on Tuesday said its experimental hypertension drug failed to meet all its goals in an effectiveness study, an outcome that will delay development and may lead to a new trial.",Business,Sci/Tech
Sex Toy Shuts Down Australian Airport A scare triggered by a vibrating sex toy shut down a major Australian regional airport for almost an hour on Monday. The vibrating object was discovered on Monday morning inside a garbage can at the terminal,World,Business
U.S. Says N.Korea Miscalculating by Stalling on Talks TOKYO (Reuters) - The United States accused North Korea Tuesday of miscalculation by refusing to resume talks on its nuclear programs before the U.S. presidential election while China renewed a diplomatic drive to end the stalemate.,World,Sci/Tech
LG Electronics-Matsushita PDP battle TOKYO (CBS.MW) -- South Korea #39;s LG Electronics Inc. said Tuesday it would file a counter measure against Japan #39;s Matsushita Electric Industrial Co.,Business,Sci/Tech
CBI calls for cuts in spending to reduce borrowing GORDON BROWN faces a new warning today that he will have to raise taxes by 7 billion or cut swaths of government spending if Labour wins next years general election.,Business,World
Hobbit-finding Boffins in science top 10 AP - Australian scientists who helped discover a species of tiny humans nicknamed Hobbits have been hailed for making the second most important scientific achievement of 2004.,Sci/Tech,Sports
"The Russians are back St. Paul, Minn.Outclassed and completely humiliated by the Russians here last night, the reeling and desperate Americans are planning wholesale lineup changes to get back on track in the World Cup.",Sports,Sci/Tech
Carly Patterson Wins Gymnastics All-Around Gold ATHENS (Reuters) - Carly Patterson upstaged Russian diva Svetlana Khorkina to become the first American in 20 years to win the women's Olympic gymnastics all-round gold medal on Thursday.,Sports,World
"Bush Picks Kellogg CEO for Commerce President Bush on Monday chose Carlos Gutierrez, the Cuban-born CEO of Kellogg Co (KN: Quote, Profile, Research) , as his nominee to be commerce secretary, his second selection of a Hispanic for a second-term Cabinet.",Business,World
"Zimbabwe will not invite imperialists to observe elections ... HARARE - The Zimbabwe government will not invite imperialist countries to observe its elections due to be held in March next year, a Saturday newspaper quoted President Robert Mugabe as saying.",World,Sci/Tech
"PeopleSoft CEO Ousted for #39;Situational Ethics #39; AccountingWEB.com - October 06, 2004 - The opening of a trial related to Oracle #39;s takeover bid of PeopleSoft featured the revelation that CEO Craig Conway was fired last week for making misleading statements about PeopleSoft #39;s sales.",Business,Sports
IU researchers helping to study video game-violence link Researchers from the Indiana University School of Medicine are trying to determine whether violent video games such as Grand Theft Auto can make players more prone to violent behavior.,Sci/Tech,Business
Nepal Seeks Talks to End Rebel Blockade of Capital KATHMANDU (Reuters) - The fear of attack kept most vehicles off roads leading to Nepal's capital for a second day on Thursday as authorities sought talks to end a siege called by Maoist insurgents.,World,Business
"Big Tax Plans, Big Tax Risks Reforming the tax system is more politically risky and economically complex than the president let on during the campaign.",Business,World
Danish group #39;s gift criticized A Danish group has caused controversy in Colombia by publicly donating money to the country #39;s largest Marxist guerrilla organization.,World,Sports
"Verity, ClearForest add structure to data Verity this week will unwrap a software add-on to its search system, designed to make unstructured content more usable in corporate applications. The announcement follows activity from ClearForest, which last month introduced Version 6.0 of its Text Analytics platform for systematically structuring unstructured data so it can be processed with enterprise data in business intelligence systems.",Sci/Tech,Business
Flight Diverted to UK After Bomb Threat A Singapore Airlines passenger jet from Frankfurt to New York was diverted to Manchester Airport in northern England on Monday after a bomb threat that police said may have been a hoax.,World,Sci/Tech
Durable Goods Orders Up Orders for durable goods rose in September for the third time in four months. Home sales also increased. Orders for goods intended to last more than three years increased 0.2 percent to \$195.,Business,Sports
"Today's schedule College soccer: MEN -- Curry at Emerson, 4 p.m.; WOMEN -- Mount Ida at Curry, 3:30 p.m.",Sports,Sci/Tech
"Toyota reports a silicon carbide breakthrough Move over silicon chips, there is a new semiconductor king on the horizon. Silicon carbide #39;s (SiC) potential has been known since the 1950 #39;s, but the properties that make is attractive also make it hard to work with.",Sci/Tech,Sports
"Court to hear case in gymnastics flap One way or another, Paul Hamm #39;s gold-medal odyssey is about to end. Whether he gets to keep the medal and the title he won a month ago in the Olympic men #39;s gymnastics all-around will be up to the sporting world #39;s highest authority.",Sports,Business
"Music sharing continues to thrive A steady growth in legal music downloads continues while illegal file sharing networks also flourish, analysts say.",Sci/Tech,Business
"Report: Construction boom ahead A report released on Monday by the Washington-based Brookings Institution says that half of the residential, commercial and industrial buildings that will be up in 2030 in the largest metropolitan areas don #39;t yet exist.",Business,Sports
Hubble heats debate over ionised universe Astronomers poring over the deepest image ever taken of the universe are coming to different conclusions about what made space transparent to light billions of years ago.,Sci/Tech,Business
Bucks' Zendon Hamilton Has Knee Surgery (AP) AP - Milwaukee Bucks forward Zendon Hamilton will miss six weeks after undergoing arthroscopic surgery on his right knee.,Sports,World
"Indonesia Furious Over Australia #39;s New Maritime Surveillance Zone Australia #39;s plan to establish a maritime surveillance zone that would cover much of Indonesia has provoked a furious response from Jakarta, which says the policy contravenes both national sovereignty and international law.",World,Sci/Tech
"So Long XMLHack! \\""It's been a lot of fun writing XMLhack since 1999, but it's time for us to take\a rest.""\\""XMLhack has always been run by volunteers writing in their spare time, and now\most of us have so little of that precious commodity it's infeasible to keep the\site going at anything like the rate we want it to be.""\\""As editor, I'd like to extend my grateful thanks to all the contributors over\time, a list of whom you can see on the contributors page. My special thanks go\to Simon St.Laurent, my co-conspirator from the start.""\\So long guys!\\I've been a subscriber to XMLHack for probably > 3 years now. They were one of\the earlier blog-like sites to have RSS in what I'd call a 'modern' and rich\f ...\\",Sci/Tech,Sports
"Bullies move online Singapore - More complaints of cyberbullying are emerging from youngsters in Singapore than any other country except the United States, an international safety group said in a report on Monday.",Sci/Tech,World
"Wrigley bites into Kraft WRIGLEY is buying the Life Savers and Altoids sweet and mint businesses from Kraft Foods for 800 million. The deal allows Wrigley to expand in the sweet section, while leaving Kraft to focus on the rest of its food business.",Business,Sports
"Bush Tries to Mend Ties With Latin America President Bush, trying to mend relations with Latin America, pledged Sunday to make a fresh push for stalled immigration reforms and defended the U.S. invasion of Iraq, saying that ""history will prove it right.""",World,Business
Japan #39;s NTT DoCoMo sees Europe embracing hi-tech mobile phones TOKYO : Japan #39;s top mobile operator NTT DoCoMo believes Europe will embrace hi-tech telephones and expects a major boost in subscribers on the continent of its i-mode Internet service.,Sci/Tech,Sports
"Boston Marathon champ Johnny Kelley dies Johnny Kelley, a two-time Boston Marathon champion who became a beloved figure in the history of the race by running it a record 61 times, died at 97.",Sports,Business
"Pfizer: Celebrex Safe After News Report NEW YORK/OTTAWA (Reuters) - Pfizer Inc. PFE.N said on Thursday its arthritis drug Celebrex was safe after a report in a Canadian newspaper linked it to 14 deaths,",Business,Sci/Tech
US MNT Streaking Into Final Round The US mens national team will look to extend their record unbeaten streak to 13 matches when the take on Jamaica at Columbus Crew Stadium in its final match of semifinal-round qualifying for the 2006 FIFA World Cup.,Sports,Business
"Cash America shuffles assets, sets special dividend WASHINGTON (CBS.MW) -- Cash America International (PWN) said it #39;s reached a deal to acquire privately owned SuperPawn, operator of a 41-store chain of pawn shops in the US including 21 locations in Las Vegas.",Business,Sci/Tech
"Europe Clears Pay TV Deal, Creating Rival to BSkyB The European Commission approved a joint venture that would group two Hollywood movie studios with a video-on-demand company to compete with Rupert Murdoch's BSkyB company.",Business,Sci/Tech
"SpaceShipOne ready for X Prize Designer Burt Rutan #39;s SpaceShipOne cracked through Earth #39;s atmosphere and into outer space Sept. 29. Pilot Mike Mevill guided the aircraft to an altitude of 102,870 meters.",Sci/Tech,World
Orange Crush Bears Sixth-ranked Syracuse scores the first 24 points of the game and cruises to a 104-54 victory over Northern Colorado on Thursday night in the first round of the Coaches vs. Cancer Classic.,Sports,Sci/Tech
Grand Central spiffs up integration service Company enhances online service for moving business information between corporations.,Sci/Tech,Business
"Pound soars amid wider currency fears Sterling rose to its highest level against the dollar since Black Wednesday, the day in September 1992 when the pound was forced out of the Exchange Rate Mechanism, the forerunner of the euro.",Business,World
Forecast Frosty for U.S.-Canadian Ties TORONTO -- The weather won't be the only thing that's cool when President Bush visits neighboring Canada next week.,World,Business
"Wrigley gets into the candy business CHICAGO (CBS.MW) -- Wm. Wrigley Jr. Co. said Monday that it #39;s getting into the candy business via a \$1.48 billion acquisition of the Life Savers and Altoids brands, among others, from Kraft Foods Inc.",Business,Sports
"U.N.: N.Korea Sends Positive Message on Nuke Talks SEOUL (Reuters) - North Korea gave a visiting U.N. official a ""very positive message"" about resuming stalled six-way talks on its nuclear programs, the South Korean Unification Ministry said Wednesday.",World,Sci/Tech
Milosevic war crimes trial suspended The war crimes trial of the former Yugoslav president Slobodan Milosevic was today adjourned for a month after key witnesses refused to appear in protest at the court #39;s decision to appoint defence lawyers.,World,Business
Ft: Birmingham 2 Newcastle 2 Newcastle almost regained the lead when Bellamy headed a corner from Robert back across goal but Elliotts close range effort was somehow kept out by a pack of Blues bodies guarding the goal-line.,Sports,Sci/Tech
"Jays power up to take finale Contrary to popular belief, the power never really snapped back at SkyDome on Sunday. The lights came on after an hour delay, but it took some extra time for the batting orders to provide some extra wattage.",Sports,Business
"Harrowing footage shows Hassan pleading for her life Margaret Hassan, the kidnapped British aid worker, appeared in a new and harrowing video yesterday, weeping and asking Tony Blair to save her life by halting the deployment of British",World,Sci/Tech
Attorney general is on target with aim at insurance industry ills State Attorney General Eliot Spitzer has embarked on another crusade against an industry whose wealth-fueled influence makes most politicians cower.,Business,World
"South Africa Intervenes in Ivory Coast South African President Thabo Mbeki flew to Ivory Coast on Tuesday to launch an African effort to rein in four days of violence that have killed at least 20 people, wounded more than 600 and shut down cocoa exports from the world's largest producer.",World,Sports
"Chargers to start Brees in Houston, beyond com. The San Diego Chargers announced on Monday that Drew Brees will start the 2004 opener against the Houston Texans at Reliant Stadium.",Sports,Business
"MOM 2005 Released to Manufacturing Microsoft on Wednesday announced the release to manufacturing of Microsoft Operations Manager (MOM) 2005 and MOM 2005 Workgroup Edition, a new edition that the company previously called MOM 2005 Express.",Business,Sci/Tech
"Dell upgrades high-performance cluster line To boost performance for high-end users, Dell Inc. is upgrading its high-performance computing clusters by adding support for larger Topspin InfiniBand switches and PCIe host channel adapters.",Sci/Tech,World
"French Internet provider Wanadoo will build Dutch broadband network (AFP) AFP - The French Internet provider Wanadoo will construct its own broadband network in the Netherlands and hopes to reach 55 percent of Dutch homes, a spokesman told the Financieele Dagblad.",Sci/Tech,Business
"Scientists find Arctic is warming quickly A four-year-long study of the Arctic climate confirms what many in Canada #39;s North have been saying for years -- the Arctic is melting, and faster all the time.",Sci/Tech,Sports
"Fable; Nascar 2005: Chase For The Cup Fable comes with a big reputation behind it -- it was developed by Peter Molyneux, creator of such involved, engrossing games as Populous and Black and White.",Sci/Tech,Sports
"Indonesia at a crossroad At midnight on Saturday, the dance floor in the Hard Rock Cafe (HRC) in Bali was heaving. Apart from a careful pat down at the door for guests, the scene was no different from two years ago, before Islamist",World,Sci/Tech
Bangladesh bars female swim Pressure from an Islamic group halts a women's swimming contest in Bangladesh.,World,Sci/Tech
FDA stifled dangerous Vioxx results - expert Washington - An expert with the United States Food and Drug Administration (FDA) has said on Thursday he was pressured by his agency to stifle study results showing the potential dangers of the anti-inflammatory drug Vioxx.,Business,Sci/Tech
Iran #39;committed #39; to nuke freeze Iran #39;s chief negotiator to the United Nations nuclear agency says Tehran is committed to the freeze on uranium enrichment agreed earlier this month.,World,Sports
"Citigroup #39;s Krawcheck Named Finance, Strategy Chief (Update2) Citigroup Inc., the world #39;s biggest bank, named Sallie Krawcheck chief financial officer and head of strategy, making her the highest-ranking woman on Wall Street and giving her responsibilities outside the brokerage industry.",Business,Sports
"How airlines stand Here #39;s where some of the largest US and Canadian airlines stand in terms of restructuring their operations: - Air Canada: Will emerge from bankruptcy protection by end of September, with a smaller workforce, a reduced fleet, a focus on the no-frills",Business,Sci/Tech
"A Fair Tax Some say a ""fair tax"" that removes the need to file tax returns from the vast majority of the citizenry is a national sales tax. This doesn't seem to be very fair to people trying to feed, house and clothe themselves and seems to subsidize large land holders (Bush's favorite constituency). There is a tax that lives up to the promises broken by Bush's proposal for a national sales tax.",Sci/Tech,Business
"US planes again hit Sadr City BAGHDAD US warplanes fired on targets in the east Baghdad slum of Sadr City on Thursday, the second day of fighting in the Shiite militia stronghold.",World,Business
"HK banks to adopt different prime rates HSBC, Standard Chartered, Hang Seng bank announced Thursday that they will cut their lending and saving rates despite the 25 points rate hike in the United States overnight.",Business,Sci/Tech
"Sports ; IHF awaiting invitation for Champions Trophy Sports News, New Delhi, Oct 12 (IANS) The Indian Hockey Federation (IHF) is expecting a formal letter of invitation from the game #39;s world governing body to replace Olympic champion Australia in the Champions Trophy at Lahore in December.",Sports,World
"Open-source spat triggers legal threat Company says it paid for the code that was contributed, against contract, to free Mambo publishing software.",Sci/Tech,Business
"Skybox updates risk management wares BOSTON - New software from Skybox Security will help companies monitor their networks and comply with U.S. federal and state data security regulations, and even help them prepare networks for dangerous new Internet worms, according to the company.",Sci/Tech,Sports
"Nestle Confirms Targets After Rivals Warn Nestle confirmed its 2004 guidance on Tuesday, a day after competitors Unilever and Colgate-Palmolive cast doubts over the consumer goods industry #39;s outlook by issuing profit warnings.",Business,Sports
"S Leone takes control of Freetown UN peacekeepers hand control of security in the Sierra Leone capital, Freetown, to local forces after the end of a brutal war.",World,Business
US welcomes speech by Taiwan president WASHINGTON -- The State Department is welcoming what it describes as quot;the positive and constructive points quot; in a speech on China policy by Taiwanese President Chen Shui-bian.,World,Business
"Legal Loophole Inflates Profits in Student Loans The White House could have closed a loophole through which student loan companies are billing the federal government nearly a billion dollars, but chose not to.",Business,Sports
The king who courted the Khmer Rouge (and survived) The career of King Norodom Sihanouk of Cambodia has been a bewildering trail of political twists and expedient turns. Now the man they call the #39;mercurial monarch #39; has announced his abdication.,World,Sports
"UK gov #39;t report cites merits of open source Open source software proponents received a potential boost from the UK government Thursday with a release of a report citing the well-documented advantages on the server side, but also growing maturity on the desktop front.",Sci/Tech,World
Mexico Struggles to Preserve Ancient Ruins (Reuters) Reuters - The majestic pyramids and\temples of the ancient Zapotec kingdom of Monte Alban sit\spectacularly atop a hill in Mexico's southern state of Oaxaca.,Sci/Tech,Business
"Lawmakers Try to OK Hurricane-Drought Aid (AP) AP - Lawmakers scrambled to approve a #36;14 billion package to aid hurricane and drought victims Thursday, driven by warnings that relief money was running out and a need to pass legislation before the planned departure of Congress at the end of this week for the election.",World,Business
"Sun looks for props with new server, storage hardware Sun Microsystems will hold its quarterly product launch this week, unleashing a raft of new hardware offerings spanning servers to storage.",Sci/Tech,Sports
"Haas, Dent win openers at Madrid Masters Tommy Haas of Germany and Taylor Dent of the United States advanced to the second round of the Madrid Masters after easy wins Tuesday.",Sports,World
A PC in the toaster? How mod! photos There's also room in the humidor and the Darth Vader helmet. Take a gander at some strange and wonderful creations.,Sci/Tech,Sports
"Vietnam Marks Independence with Pardons for Prisoners HANOI (Reuters) - Vietnam has released nearly 9,000 prisoners, including 10 inmates whose cases it says had drawn international attention, as part of traditional pardons granted ahead of independence celebrations on September 2.",World,Sports
"Students crazy about iPod follow the music to Apple laptops (USATODAY.com) USATODAY.com - Apple's trendy iPod digital music player, which has revitalized the company, is giving laptop sales a boost during back-to-school season.",Sci/Tech,Business
Efficient Germany Sweep Past Japan Two goals from Miroslav Klose helped Jrgen Klinsmann #39;s experimental Germany side breeze to a 3-0 win over Japan in Yokohama this afternoon.,Sports,Business
"UPDATE 2-UK #39;s Linx drops ITW offer after Danaher steams in British company Linx Printing Technologies Plc (LPT.L: Quote, Profile, Research) dropped its backing for an earlier takeover offer on Wednesday after US firm Danaher Corp (DHR.",Business,World
"America West Pulls From Race for ATA America West Holdings Corp., parent of America West Airlines Inc., on Thursday said it does not plan to submit a bid to acquire bankrupt ATA Holdings Corp.",Business,Sci/Tech
"Anwar launches bid to clear name Lawyers for Anwar Ibrahim, the former deputy prime minister of Malaysia, have launched a bid to clear his name. Mr Anwar was freed from jail on Thursday, after a conviction for sodomy was quashed by a Malaysian court.",World,Business
"Solar spacecraft set to launch next year The \$4 million Cosmos 1 project is backed by The Planetary Society, co-founded by Carl Sagan. By The Associated Press. A solar sail spacecraft designed to be propelled by the pressure of sunlight will be launched",Sci/Tech,Sports
"Merck plans 5,100 job cuts by year-end Merck amp; Co. plans to cut its workforce by 5,100 jobs by the end of the year--about 700 more than originally planned. Whitehouse Station, NJ-based Merck said in materials filed with the Securities and Exchange",Business,Sports
"Static over RFID A key patent holder wants royalties. If that starts a trend, adoption of radio frequency identification technology could suffer.",Sci/Tech,World
"PeopleSoft Execs Defend Bid Rejection PeopleSoft Inc. #39;s (PSFT.O: Quote, Profile, Research) chief financial officer on Wednesday said the company #39;s customer assurance program might not force liabilities on Oracle Corp.",Business,Sci/Tech
Busch Takes Over Kurt Busch dominates Sunday's Sylvania 300 and comes away tied with Dale Earnhardt Jr. for the lead after the first race of the new 10-race championship showdown.,Sports,World
Needham downgrades Apple on valuation NEW YORK (Dow Jones/AP) -- Apple Computer Inc. shares fell Friday after Needham amp; Co. downgraded the stock to hold #39; #39; from buy.,Business,Sci/Tech
"Saudi setback hurts BAE Systems BAE Systems shares slid more than 4 per dcent in early trade after the company, while announcing quot;good progress quot; on its Eurofighter contracts, admitted further troubles in the controversial al-Yamamah programme.",Business,Sci/Tech
"Walgreen 4th-Qtr Net Rises 18 Percent on Drug Sales (Update1) Walgreen Co., the largest US drugstore chain, said fourth-quarter profit rose 18 percent, helped by sales of prescription drugs. Net income had its biggest gain in almost two years, climbing",Business,World
Update 1: Passengers Stranded by Canceled Flights Thousands of disgruntled vacationers were stranded at Heathrow Airport Tuesday after British Airways canceled scores of flights because of staff shortages and technical hitches.,World,Business
"USA : Textile industry to renew request to place embargo on ... The US textile industry officials would plead for blocking Chinese imports to the Bush administration this month. Earlier this year, the White House had rejected a similar request made by 130 Republican and Democratic members of Congress.",Business,Sci/Tech
"Cox brings VoIP service to more cities Company also plans to launch a business-class Net phone service in Roanoke, Va., as cable providers battle to gain market share.",Sci/Tech,Business
"Germans Use Nokia Phones in Wireless Ticket Trial The world #39;s top mobile phone maker Nokia said on Tuesday its phones would be used in a project to test wireless public transport fares in Hanau, near Frankfurt in Germany, beginning early next year.",Sci/Tech,Sports
"French Govt., Muslims Appeal for Reporters' Release PARIS (Reuters) - France's government and leaders of its Muslim minority urged Iraqi militants Sunday to free two French journalists they were holding hostage in a bid to force Paris to revoke its ban on Muslim headscarves in schools.",World,Business
"Big East braces for growth spurt It #39;s hard to imagine, but the league that gave us college basketball #39;s last two national champions is about to get a lot better.",Sports,Sci/Tech
"Alcoa Warns Earnings to Miss Forecasts (Reuters) Reuters - Alcoa Inc. , the world's largest\aluminum producer, on Thursday warned that third-quarter\results would fall far short of Wall Street expectations, hurt\by plant shutdowns, restructuring costs and weakness in some\markets.",Business,World
"Polycom announces desktop videoconferencing software Polycom made several announcements today, including software that puts videoconferencing capability on standard desktops with third-party cameras.",Sci/Tech,Business
"Navy streamlines NMCI contract Officials at the Navy and contractor EDS said they have reached an agreement to revise performance measurements on the Navy Marine Corps Intranet contract, which EDS called a critical step toward billing NMCI seats on a 100 percent basis.",Sci/Tech,Sports
"Solar Minimum is Coming Soon Something strange happened on the sun last week: all the sunspots vanished. This is a sign, say scientists, that solar minimum is coming sooner than expected.",Sci/Tech,Sports
"Firm develops all-purpose memory cards A leading Japanese electronics company is developing memory cards that can be used to make cashless payments, open locks and read identification with a simple flick.",Sci/Tech,Sports
"SUSAN TOMPOR: Stores turn paper into e-checks I picked up my 6-year-old son from school last week, and we drove to Wal-Mart to see the future for paper checks. We grabbed a few of life #39;s staples: some Legos, a pack of 3x5 cards to create",Business,Sci/Tech
Iran #39;not obliged #39; to allow military site inspections Iran says it is not obliged to allow UN atomic energy agency inspectors to visit military sites alleged to be involved in secret nuclear weapons work but that it is willing to discuss the issue.,World,Sports
"Family takes helm at Bombardier Canada #39;s Bombardier family has taken back management control of the troubled transport equipment maker that bears its name following the sudden departure of Paul Tellier, chief executive.",Business,Sci/Tech
ADV: Hassle-Free Car Financing Don #146;t let less-than-perfect credit prevent you from driving the car you want. Fill out a free loan application at Auto Net Financial and we #146;ll pre-arrange financing at a dealer near you.,Business,Sports
Indonesian police release video tape of embassy blast Indonesian police have released video footage of the explosion outside the Australian embassy in Jakarta. At the same time they say there is no evidence to support the Australian Foreign Minister #39;s claim that,World,Sci/Tech
"Up, down and away: NASA #39;s #39;Weightless Wonder #39; makes final flight HOUSTON -- The NASA turbojet notoriously known as the quot;vomit comet quot; for its use in training astronauts for weightlessness made its final flight Friday.",Sci/Tech,Sports
"Yahoo! Hires Chief Data Officer In a move that has implications for ad targeting and reporting, Yahoo! has hired Usama Fayyad, a co-founder of the company now known as Revenue Science, to the newly-created position of Chief Data Officer.",Sci/Tech,Sports
"Report: EADS Could Link With Thales The French government is considering a linkup of European Aeronautic Defence amp; Space Co. with Thales SA to create an aerospace giant, the financial daily Les Echos reported Friday.",Business,Sports
"Old Bones Give New Date for Giant Deer Demise (Reuters) Reuters - Many large mammals were wiped out in the\last Ice Age but the Eurasian giant deer managed to survive,\scientists said on Wednesday.",Sci/Tech,Business
"11th-hour highlights too late NBC's prime-time Olympic coverage is taped and shaped, the television version of a Reader's Digest condensed book. We get all the US highlights, the big news stories, and a well-edited drama building to the 11 p.m. hour. It's a formula that's been proven to hold an audience and pull ratings. The big downside: You have to stay up until midnight ...",Sports,World
"Acquittal Boosts Berlusconi Ahead of Vote (AP) AP - Premier Silvio Berlusconi, an important ally for President Bush in Iraq, was acquitted of corruption charges that have dogged his government from the start. The verdict was a boost to the conservative leader ahead of 2006 elections. Berlusconi, 68, has long insisted he was the victim of left-wing prosecutors.",World,Sports
"Vt. sues over importing drugs Vermont's Republican governor challenged the Bush administration's prescription drug policy in federal court yesterday, marking the first time a state has chosen a legal avenue in the expanding battle over Canadian imports.",Business,World
Lebanon political drama plays out Syrian scipt The stage is Beirut and the actors are Lebanese; but the audience knows the drama surrounding selection of the countrys president is being produced in Lebanons powerful neighbour Syria.,World,Sports
"Spyware opponents win another battle The Federal Trade Commission won an important victory last week in its fight to protect consumers from spyware, the software that tracks unsuspecting Web surfers, bombards them with advertisements and sometimes even steal login information and passwords.",Business,World
Treasury Prices Crawl Higher Before Data NEW YORK (Reuters) - Treasuries prices crawled ahead on Tuesday as a hesitant market awaited the latest reading on consumer sentiment and an auction of new U.S. government debt.,Business,Sci/Tech
Butt facing ban Newcastle midfielder Nicky Butt is facing up to the possibility of a three-match European ban for his moment of UEFA Cup madness. The 29-year-old England international lost his cool with Hapoel Bnei Sakhnin,Sports,Sci/Tech
"Without Batting An Eyelash : A very French welcome for a new ... THAT night, it seemed as if three or four parties were going on at once in Cosmo Manille. Wrong, palanggas. Actually, there were five in Makati alone, and one of them had a stream of traffic",Business,Sports
Iranian nuclear plans #39;unclear #39; The head of the UN #39;s nuclear watchdog says he has seen no firm evidence Iran is secretly developing nuclear weapons. But International Atomic Energy Agency chief Mohamed El-Baradei said he could not yet give,World,Sports
"Auction for Yukos core set for Dec. 19 A planned sale of Russian energy giant Yukos #39; main asset has become clouded by confusion over the price, the participants and the legality of the sale.",Business,Sports
"Auburn's Obomanu Recalls 'The Drop' (AP) AP - Ben Obomanu used to be curious about the goats of the sports world, the guys who had the game in their hands and failed. ""Wow, I wonder how that guy feels,"" he'd ask himself. He doesn't have to ask anymore. Not since ""The Drop,"" his own moment of infamy when a chance to beat Mississippi last season slipped through his hands in the end zone, turning his dream game into a nightmare.",Sports,World
"Brockton upset makes Waltham's day WALTHAM -- Paul Mayberry was dripping, Luis Cotto was weeping, and Alex Russo was kneeling on the sideline.",Sports,Business
"FACTBOX-US Fed policymakers #39; recent comments The Federal Reserve is widely expected to raise the federal funds rate at its policy meeting on Tuesday, Sept. 21, despite recent mixed economic news.",Business,Sci/Tech
Twists give Game 3 added weight NEW YORK -- The nature of this American League Championship Series fundamentally changed when it turned out that the supposed ankle tendinitis suffered by Curt Schilling was actually a displaced ankle tendon.,Sports,Sci/Tech
"National Registry Push Could Ease Drug Study Hunt By LAURAN NEERGAARD WASHINGTON (AP) -- Scientists are conducting thousands of medical experiments that can offer tantalizing hope to the ill, but tracking them down and getting enrolled can be incredibly difficult. It might get easier, thanks to a growing push by doctors and lawmakers to force drug companies to list on a national registry every study they conduct...",Sci/Tech,Sports
US troops move toward Fallujah Insurgents and American forces clashed briefly Thursday near the Iraqi city. A large US assault is expected.,World,Business
Touchy Times at Midas The auto maintenance company has a simple business but a complicated prognosis.,Business,Sports
Google shares down ahead of first lockup expiry Shares in newly public Google Inc. fell 2 percent on Wednesday as investors braced for the expiration of a lockup period that has kept insiders at the Web search company from selling stock.,Business,Sci/Tech
Chiefs Have Opportunity to Get Back on Track Kansas City needs a win in the worst way. Thats obvious but tonight they face a tough Baltimore Ravens team that has as many question marks as our hometown Chiefs.,Sports,Sci/Tech
"Knicks' Baker on rebound NEW YORK -- Putting a slight spin on Frank Sinatra , Gary Payton figures that if former teammate Vin Baker quot;can do it in New York, with a city like that, then he can do it anywhere. quot;",Sports,Sci/Tech
Bangladesh seeks US intelligence cooperation Bangladesh is willing to sign a protocol with the United States to set up a joint working group like India and Pakistan did to enhance Dhaka #39;s capability to effectively deal with future terrorist acts in the country.,World,Sports
"Barbarians at the Digital Gate How spyware, a program that creeps onto a computers hard drive unannounced, is wrecking the Internet.",Sci/Tech,Sports
"A mixed economic bag in July Factory orders in July for costly manufactured goods recorded the biggest gain in four months. New home sales, meanwhile, slid, according to a pair of reports",Business,Sci/Tech
"BBC 'must keep up' BBC boss Mark Thompson says the corporation must keep up with change, after announcing nearly 3,000 job cuts.",World,Business
The Great Vegetarian Scam Ive written before about my struggle to remain a vegetarian on Tuesday - when I abjure meat for religious reasons -hile travelling.,Sci/Tech,Sports
"Iceland Offers Shelter to Fugitive Chess Player Fugitive chess master Bobby Fischer has been offered a new home in Iceland, where he won a classic victory in 1972, but it is unclear whether he will be able to make the move from his detention in Japan.",World,Business
Brewers buyer expected to step out of the shadows Monday MILWAUKEE - Paul Attanasio says the story of his brother buying a baseball team is like a script straight out of Hollywood. He should know.,Business,Sci/Tech
"Help wanted by IT services firms The growing services industry is hiring, but tech workers looking for a job may need to do more than brush up on their coding.",Sci/Tech,Sports
Thai Airways orders six Airbus superjumbos Thai Airways International plans to buy six Airbus A380 double-decker aircraft that will be delivered in 2008 and 2009. The airline is also ordering two additional A340 aircraft.,Business,World
Record Breaking Supercomputer Performance US Secretary of Energy Spencer Abraham announced that a supercomputer developed for the nation #39;s Stockpile Stewardship Program has attained a record breaking performance of 70.,Sci/Tech,Business
"New federal law ends check floating A new federal law that went into effect yesterday will eventually eliminate the days of check floating.. However, some Sumner County bankers say it depends on where you bank and",Business,Sci/Tech
"Volkswagen #39;s talks with union move forward LONDON, November 2 (newratings.com) - The German automotive giant, Volkswagen AG (VOW.ETR), continued its negotiations with the labour union today on its planned labour cost reductions.",Business,Sports
"Hurricane Watch Issued for Gaston Off S.C. COLUMBIA, S.C. - A hurricane watch was issued for the South Carolina coast Saturday as forecasters predicted Tropical Storm Gaston would make landfall near Charleston on Sunday night...",World,Business
"Former Dot-Com Commerce One Eyes Closure Commerce One Inc., an Internet software maker valued at \$20 billion at the peak of dot-com mania, is poised to go out of business as a pauper.",Sci/Tech,Business
U.S. Impressive in World Cup Qualifying (AP) AP - Just because the United States has stormed through its regional qualifying for the next World Cup does not mean the Americans are a world soccer power.,Sports,World
"Meanwhile Bud tells DC, a deal is a deal Two days after city officials gave preliminary approval to finance a ballpark for the Nationals, Major League Baseball Commissioner Bud Selig said he would not renegotiate part of the stadium agreement with the DC Council.",Sports,Business
"Mosley Unable to Escape Winkys Jab Las Vegas, NV: You have to give credit to Sugar Shane Mosley. For the second time in his career, the former world champion valiantly tried to reverse a thorough beating by jumping headfirst into an immediate rematch.",Sports,Business
"New Zealand Court Rejects Air NZ-Qantas Alliance (Update1) New Zealand #39;s High Court rejected a proposed alliance between Air New Zealand Ltd., the nation #39;s largest airline, and Australia #39;s Qantas Airways Ltd.",Business,Sci/Tech
"New Game in Town: ESPN Phone ESPN will launch its own branded wireless phone service next year, the first in a series of branded cell-phone services planned by Walt Disney (DIS), which owns the cable sports channel.",Sci/Tech,Sports
"Reports: China Will See More Shortages Shortages of coal and electricity are expected to fail to keep up with demand this winter, state media reported Monday. The National Power Regulatory Commission reported high demand for virtually every region",Business,Sci/Tech
"Oil prices bubble to record high The price of oil has continued its sharp rise overnight, closing at a record high. The main contract in New York, light sweet crude for delivery next month, has closed at a record \$US46.75 a barrel - up 70 cents on yesterday #39;s close.",World,Business
Ex-Pentagon Official Gets 9 Months for Conspiring to Favor Boeing The former official was sentenced after acknowledging that she had favored the Boeing Company in Pentagon contracts while seeking a job at the company for herself.,Business,World
"The power of radio helps to end Uganda #39;s long war When Kenneth Banya heard the voices of his former rebel colleagues on the radio calling for an end to Uganda #39;s 18-year civil war, he knew it was time to surrender.",World,Sports
"God help us, Yuvi replaces Akash The Team India think tank has put its foot in the mouth again by replacing a specialist opener Akash Chopra by the ODI specialist Yuvraj Singh.",Sports,Business
"NETS 96, BOBCATS 89 Nets Win but They Still Look Out of Sorts One night after they were pounded by 19 points in a preseason game in Cleveland, the Nets looked like a much different team against the expansion Charlotte Bobcats",Sports,Sci/Tech
"With work, Dana-Farber learns from '94 mistakes Nurse Teresa Mazeika has known the woman knitting in the blue reclining chair for months. But she asks Carolyn Harlow her name and birthday anyway, as she approaches with chemotherapy for Harlow's blood cancer. Mazeika, a 17-year nursing veteran at Dana-Farber Cancer Institute, isn't taking any chances that she is about to give the drug to the wrong patient.",Business,Sports
Changing of the Guard in US Track and Field Description: NPR #39;s Steve Inskeep talks with USA Today sports columnist Christine Brennan about the latest news in track and field at the Athens Olympics.,Sports,Sci/Tech
Modified US space shuttle ready to fly next spring NASA said Thursday it had corrected flaws that caused the destruction of the space shuttle Columbia in February 2003 and that a modified shuttle would be ready to resume flights sometime next Spring.,Sci/Tech,Business
"Porn producers face severe punishment Those who are engaged in the profit-oriented production and dissemination of pornographic materials through the Internet, mobile communication terminals and quot;phone-sex quot; services in China are subject to punishment as severe as life imprisonment, according",Sci/Tech,Sports
Sony Shows Smaller PlayStation 2 (AP) AP - Sony Corp. on Tuesday showed a smaller book-size PlayStation 2 going on sale worldwide next month that will help the Japanese electronics and entertainment giant cut costs as video-game consoles continue to drop in price.,Sci/Tech,World
"Around the world Ukrainian presidential candidate Viktor Yushchenko was poisoned with the most harmful known dioxin, which is contained in Agent Orange, a scientist who analyzed his blood said Friday.",World,Sports
"Dragging the Net for Cyber Criminals In an attempt to stem the growing tide of online scams, identity theft and the proliferation of junk e-mail, the Justice Department and state law enforcement officials have initiated what seems to be the largest dragnet yet against spammers, so-called ""phishers"" and other Internet con artists. -washingtonpost.com",Sci/Tech,Sports
"Czech Republic's Cell Operators Fined (AP) AP - All three cell phone operators in the Czech Republic were fined a total of #36;1.7 million for breaching competition rules, officials said Thursday.",Sci/Tech,Sports
"Microsoft Lawyer Says Company Able To Comply with EU Antitrust ... Microsoft attorney Brad Smith, said: quot;We will certainly be prepared to comply with the court #39;s order whatever it may be. We have invested a tremendous amount of time and energy and spent millions",Business,Sci/Tech
"Blue Chips Drop After Merck Announcement NEW YORK (Reuters) - U.S. blue chips were lower on Thursday after drug company and Dow component Merck Co.MRK.N said it was withdrawing a key drug, casting a dark mood over the market as oil prices remained above \$49 a barrel.",Business,Sci/Tech
D.C. to Face K.C. for MLS Championship (AP) AP - Peter Nowak has played in two MLS Cups #151; he liked the first a lot better #151; and gets another crack at the championship this year. The rookie coach will guide D.C. United in Sunday's title game against Kansas City.,Sports,Sci/Tech
Qatar Defense Show Focuses on Videogame Technology DOHA (Reuters) - Rick Bracewell is driving through Baghdad when gunmen open fire. Then a nearby dead dog strapped with explosives blows up and his vehicle goes up in flames.,Sci/Tech,World
"Ford: Monthly Sales Drop, Company Looks To New Vehicles Cruising along the ever-stretching road of decline. Auto giant Ford Motor (nyse: F - news - people ) reported vehicle sales in October that fell 5 from a year ago.",Business,Sci/Tech
"No. 6 Syracuse Crushes N. Colo. 104-54 Syracuse #39;s Hakim Warrick dunks against Northern Colorado during the first half in Syracuse, NY, Thursday, Nov. 11, 2004. (AP Photo/Kevin Rivoli).",Sports,Sci/Tech
"Jets, Pennington Talk The New York Jets and quarterback Chad Pennington are looking to finalize a contract extension by next Wednesday.",Sports,Sci/Tech
"Global server sales on the rise Sales of server systems rose 7.7 percent globally in the second quarter to \$11.55 billion as demand for Information Technology remained strong after a three year downturn, market research firm Gartner said in a statement.",Sci/Tech,Business
"Global Warming May Spur Fiercer Hurricanes - Experts (Reuters) Reuters - As Hurricane Ivan and its powerful\winds churned through the Gulf of Mexico, scientists told\Congress on Wednesday that global warming could produce\stronger and more destructive hurricanes in the future.",Sci/Tech,Business
"Social Security Reform a Boon for Funds? (Reuters) Reuters - The bonanza many believe President\Bush has handed the mutual fund industry with his plans to\reform Social Security may be a mirage, industry leaders said\on Friday.",Business,World
"Armitage holds talks with Pakistani leaders: World News: Islamabad, Nov 9 : US Deputy Secretary of State Richard Armitage Tuesday met top Pakistani leaders to exchange views on a wide array of issues, including the dialogue between Pakistan and India and the war on terror.",World,Business
Australia Babcock amp; Brown To Pursue Listed Investment Co SYDNEY (Dow Jones)--Babcock amp; Brown Ltd. (BNB.AU) said Monday it plans to raise as much as A\$1 billion for an externally managed investment company to target long-term investments.,Business,Sports
"The Lowdown on Downloading Music The digital music space is changing, with more songs and a growing number of places to download music legally. Realizing that the time was ripe to see how we were doing, I took some song recommendations and sat down to see what I could download.",Sci/Tech,Business
Sprint is chock full of potential heros It would be nice to see this week #39;s 100-meter sprint as simply the best footrace of all time. We could witness four sub-10-second sprints for the first time ever. It would be nice to watch with raised eyebrows instead of furrowed ones. It ...,Sports,Business
"Rubens bad Brazilian luck visits Michael Rubens Barrichello appears to have rid himself of his bad luck in Brazil only for it land on his team-mate Michael Schumacher. Barrichello last finished the Brazilian GP in 1994, which means even seeing the",Sports,Sci/Tech
"Movies in a snap: Netflix and TiVo discuss downloads Bee Staff Writer. The high-tech ground is shifting underfoot again, amid rumblings of a new Silicon Valley alliance that would let owners of TiVo Inc.",Business,Sports
"Wright ready to cash in after win Shane Mosley gave Winky Wright his big chance. After beating Mosley a second time, Wright is now ready to cash in on it. Wright pronounced himself one of boxing #39;s elite contenders Saturday night after beating",Sports,Business
"All the world #39;s a web page as the Bard goes online The earliest editions of Shakespeare #39;s plays provide a fascinating insight into how the playwright reworked his masterpieces over time, but until now, due to their age and",Sci/Tech,Sports
"#NAME? From the Department of Dualing Rhetoric: In his story regarding the launch of two new IBM pSeries servers, News.com #39;s Stephen Shankland quotes IBM Unix vice president Karl Freund as saying quot;Our goal is to beat Sun and perhaps become the No.",Sci/Tech,Sports
"On an old road to Damascus: An ancient city finds new life DAMASCUS -- The crowd begins filling the courtyard of Opaline, a trendy restaurant, as late evening teeters toward early morning. Many arrive by golf cart, whisked through alleys to the wooden doors of a centuries-old Arab home within Old City walls.",World,Business
"FCC Mulls Airborne Mobile Phone Use Although there may have been technical limitations at the time the cell phone ban was established, according to IDC #39;s Shiv Bakhshi, it is unclear why the ban has remained in place, given that",Business,Sci/Tech
"India cool on Kashmir proposals India responded coolly yesterday to suggestions by the Pakistani president, Pervez Musharraf, on how to solve the Kashmir dispute between the two countries.",World,Sci/Tech
"Sources: Sprint, Nextel closing in on \$36B deal Sprint Corp. is in advanced talks to buy Nextel Communications Inc. for more than \$36 billion in a mostly stock deal, sources familiar with the situation said today.",Sci/Tech,Business
"Former Banker Quattrone Faces Sentencing NEW YORK (Reuters) - Frank Quattrone, a former star investment banker who once earned \$120 million in a year, will be sentenced on Wednesday for obstructing a federal investigation into some of the most popular stock offerings of the 1990s.",Business,Sci/Tech
"Howard Stern Says He Plans to Jump to Satellite Radio After heavy F.C.C. fines, Howard Stern expects to deliver ""my show my way"" in the mostly unregulated medium.",World,Sci/Tech
"Pantano replaced by Glock Jordan have terminated the contract of Italian driver Giorgio Pantano and called in Timo Glock as a replacement. The team said contractual difficulties were behind the split, and confirmed German Glock would race in Sunday #39;s inaugural Chinese Grand Prix.",Sports,Business
Fox to push Bush on migration at APEC Mexico President Vicente Fox said Wednesday he will meet with US President George W. Bush in Chile during the economic summit of Pacific Rim nations.,World,Sports
Bobcats Trade Drobnjak to Hawks for Pick (AP) AP - The Charlotte Bobcats traded center Predrag Drobnjak to the Atlanta Hawks on Monday for a second round pick in the 2005 NBA draft.,Sports,Sci/Tech
Court considers textbook stickers downplaying evolution A Georgia school board is in court this week over quot;disclaimer quot; stickers it placed on biology textbooks stating that the theory of evolution has not been proven as fact.,Sci/Tech,Sports
CSKA Moscow 2 Paris St Germain 0 CSKA Moscow clinched their first-ever Champions League win on Wednesday as Paris St Germain #39;s revival came to a shuddering halt at the Lokomotiv Stadium.,Sports,World
"United to seek more cuts from labor, elsewhere United Airlines says it #39;ll need even more labor cuts than anticipated to get out of bankruptcy. United told a bankruptcy court judge in Chicago today that it intends to start talks with unions next month on a new round of cost savings.",Business,Sci/Tech
"National Business Briefs ALEXANDRIA, Va. - Google Inc. won a major legal victory yesterday when a federal judge ruled that its advertising policy does not violate federal trademark laws.",Business,Sci/Tech
Iranian bill backs nuclear drive has passed a bill obliging the government to continue efforts to develop a nuclear energy programme. Uranium enrichment can be used both for nuclear power and to make atomic bombs.,World,Business
Decaying Pig Corpses Reveal Forensic Secrets (Reuters) Reuters - Decaying pig corpses deposited\in secret locations around London are providing scientists with\forensic information that may help them solve crimes.,Sci/Tech,Business
"Not quite high Tech Virginia Tech just couldn't seem to get going. There were turnovers. There were botched plays. There were missed opportunities. Then, in the last 5 1/2 minutes, Bryan Randall and the Hokies turned it all around.",Sports,Business
"Hynix, Samil Face Sanctions for Bookrigging Hynix Semiconductor, formerly Hyundai Electronics, was engaged in accounting fraud totaling 2 trillion won in 1999, financial regulators reported Monday.",Business,Sports
"Senate Resolves Corporate Tax Bill Delay Sen. Mary Landrieu, D-La., is shown in Washington in this Nov. 11, 2003, file photo. Known as one of the Senate #39;s more moderate Democrats, Landrieu undertook a fiery defense Sunday, Oct. 10, 2004, of military",Business,Sports
"Stern to Join Sirius Satellite Radio NEW YORK - Howard Stern has long had two words for the Federal Communications Commission - and in 15 months, he can finally utter them on the air. The self-proclaimed ""King of All Media,"" perhaps the most influential radio voice of the last 20 years, is shifting his salacious act to satellite radio and freeing himself from the increasingly harsh glare of federal regulators...",World,Sci/Tech
"Sadr #39;s men cash in their guns BAGHDAD: Members of radical cleric Moqtada al-Sadr #39;s militia began handing back their weapons yesterday under a deal with the interim Iraq Government, while two US soldiers were killed in a Baghdad rocket attack.",World,Sports
"Consumer Confidence Hits 7-Month Low NEW YORK (Reuters) - U.S. consumers turned more gloomy in October, beset by soaring energy prices, relentless violence in Iraq and the increasingly bitter end of the presidential election campaign.",Business,Sci/Tech
Glazer raises stake in United to close on buy-out trigger point Malcolm Glazer edged closer to triggering a mandatory bid for Manchester United last night by increasing his stake in the club to 27.,Sports,Business
"Emmons loses gold medal after aiming at wrong target American shooter Matt Emmons fired at the wrong target on his final shot Sunday, blowing a commanding lead in the Olympic 50-meter three-position rifle event and allowing Jia Zhanbo of China to take the gold.",Sports,Sci/Tech
"Health Insurance Costs Soar, Workers Hit (Reuters) Reuters - Health insurance premiums rose five\times faster than U.S. workers' salaries this year, according\to a survey released on Thursday that also showed slippage in\the percentage of American workers covered by employer health\plans.",Business,Sci/Tech
"Jack In The Box profit surges 32 percent, helped by sales jump SAN DIEGO San Diego-based Jack in the Box says profit for its latest quarter soared 32 percent. The fast-food chain says net income for the fourth quarter rose to 21-point-7 (m) million dollars from 16-point-4 (m) million a year ago.",Business,Sci/Tech
"Stocks Sink on Coke's Gloomy Forecast NEW YORK - Stocks headed lower Wednesday after beverage giant Coca-Cola Co. issued a gloomy forecast, and a lower-than-expected reading on industrial production for August threw the nation's broader economic outlook into question...",World,Business
"Eisner blocked big ideas, Ovitz tells court Former Walt Disney Co. president Michael Ovitz insisted Tuesday that he worked tirelessly to better the company but frequently ran into resistance from CEO Michael Eisner and a handful of senior executives who refused to report to him.",Business,Sci/Tech
"Our crowds are up, say Blues Chelsea today shrugged off concerns about their attendances this season and insisted they are delighted with the support for Jose Mourinho #39;s side.",Sports,Sci/Tech
"Fitful Mauresmo Through to Linz Semifinals VIENNA (Reuters) - Top seed Amelie Mauresmo reached the semifinals of the Linz Open when she continued her run of success against Ai Sugiyama by beating the defending champion 6-2, 6-4 Friday.",Sports,Business
"Pakistan not for open-ended arms race: spokesman A Pakistani Foreign Office spokesman Sunday said Islamabad does not favor an open-ended arms race in South Asia, according to the official Associated Press of Pakistan (APP).",World,Sports
"Strong Earthquake Strikes Central Calif. PARKFIELD, Calif. - A strong earthquake struck Central California on Tuesday that was felt from San Francisco to the Los Angeles area...",World,Sci/Tech
"Immigrants settled in big cities, but less likely to find work: StatsCan (Canadian Press) Canadian Press - OTTAWA (CP) - Most of the nearly two million immigrants who arrived in Canada during the 1990s settled in one of the country's 27 census metropolitan areas, but still found it harder to find work than natural-born citizens, Statistics Canada reported Wednesday.",World,Sports
"Bush Makes Fourth Trip of Year to N.M. (AP) AP - The ranks of independent voters in New Mexico have grown by nearly 20,000 in the last 10 months, a prize pulling President Bush and rival John Kerry to the state again and again.",World,Sci/Tech
"Media center at your fingertips Apple #39;s splashy digital music player has emboldened Microsoft and other technology titans to move quickly to the next frontier in portable entertainment: the video iPod, so to speak.",Sci/Tech,Sports
"Apology, refund from cruise line In a move almost unheard of in its industry, Norwegian Cruise Line has apologized for service problems during the Pride of Aloha #39;s first two months of sailing around Hawaii, and is refunding a portion of the service charge to everyone who has cruised on",Business,World
"Philip Morris, plaintiffs fighting again SPRINGFIELD, Ill. Philip Morris and lawyers who won a ten-(B)billion-dollar judgment against the company are fighting again. The cigarette maker on Monday asked the Illinois Supreme Court to disqualify a Chicago",Business,Sci/Tech
"Molson Will Pay Dividend to Push Through Coors Merger (Update6) Molson Inc., Canada #39;s biggest beermaker, said it will pay minority shareholders a special dividend to overcome opposition to its planned C\$3.",Business,Sports
3 US boxers punched out of Games Athens -- Vanes Martirosyan became the second American to bow out of the Olympic boxing tournament Thursday when he was defeated 20-11 by Lorenzo Aragon of Cuba in their welterweight bout at 152 pounds.,Sports,Business
Ryder Cup: Europe close on victory Another good day at Oakland Hills sees Europe move 11-5 clear of the USA going into Sunday's Ryder Cup singles.,World,Business
"Durable Goods Orders Up 0.2 Percent (Reuters) Reuters - U.S. orders for long-lasting durable\goods rose by a smaller-than-expected 0.2 percent in September,\held back by another sharp fall in commercial aircraft,\government data showed on Wednesday.",Business,World
"Remote Control Could Save Soldiers' Lives (AP) AP - Unmanned aerial vehicles and other so-called ""stand-off"" weapons, whether currently used or in secret testing, belong to a developing high-tech arsenal that the U.S. military says will help minimize casualties as it battles insurgents.",Sci/Tech,Sports
Gold belongs to Hamm Maybe there #39;s some technical justification for why Paul Hamm was forced to defend his gymnastics gold medal Monday before a sports court in Switzerland.,Sports,Business
"Zambrano zeroes out Bucs Carlos Zambrano picked up his career high 15th win, combining with two pitchers on a six-hit shutout to lift the Chicago Cubs to a 1-0 victory on Wednesday night over",Sports,World
Excess chips a drag on 3rd-quarter Intel results Intel on Tuesday released third-quarter financial results showing that it continues to struggle to sell a substantial stockpile of computer chips as demand for personal computers remains slow.,Business,Sci/Tech
Nortel to Release Delayed Financial Results Nortel Networks said today that it will begin releasing restated and delayed financial results dating back to 2001 next week after a nine-month delay.,Business,Sports
"HP to tempt holiday shoppers with sights and sounds The computer-hardware giant, best known for products such as PCs and printers, on Friday laid out its plan to become a brand-name in consumer electronics products such as flat-screen TVs, music players and the devices that move content between them.",Business,Sci/Tech
"FasTrak Toll Bridge Discounts End Monday About 70,000 motorists signed up for FasTrak, the electronic toll collection system, since July 1, when tolls went up from \$2 to \$3.",Business,Sci/Tech
"Dinosaurs May Have Been Doting Parents -Report (Reuters) Reuters - Dinosaurs may not all have been the\terrifying creatures portrayed in blockbuster films but could\have had a more caring, loving nature.",Sci/Tech,Business
Samples From Genesis Craft Sent to Calif. (AP) AP - The first solar-wind samples recovered from the crashed Genesis space capsule have been sent to researchers in California.,Sci/Tech,Sports
"Plane crashes into Venezuelan mountain killing 25 : A military plane crashed into a mountain in Central Venezuela, killing 25 people, including five children, the Air Force rescue team said in a statement.",World,Sci/Tech
"Injury brings Brown down Troy Brown didn't play any defense against Carolina in Saturday night's exhibition game. Thing is, he didn't play much offense or special teams, either.",Sports,Sci/Tech
"Polese steps into open-source fray Former Sun and Marimba executive Kim Polese takes the helm of SpikeSource, a start-up which will offer services around open source software.",Sci/Tech,Business
"Lloyds TSB cashes in on VoIP Lloyds TSB is gearing up to roll out one of the largest converged networks in Europe, a 500m 70,000 phone VoIP infrastructure linking all the bank #39;s branches and cash points.",Sci/Tech,Business
"HGS Picks Watkins as New Chief Executive Human Genome Sciences Inc. plans to announce today that it has hired a 20-year product development veteran from Abbott Laboratories Inc. as chief executive. H. Thomas Watkins, 51, will face the challenge of completing the Rockville company's makeover from gene hunter to drug marketer.",Business,Sci/Tech
"Afghans rocky road to historic elections KALAKAN, Afghanistan There were toothless old men, turbaned and gray-bearded, and young men not yet old enough to shave. There were mullahs and mujahedeen, and the presidential candidate #39;s 3-year-old son.",World,Sports
"A #39;Plan B #39; for PeopleSoft customers com September 20, 2004, 6:13 PM PT. This fourth priority #39;s main focus has been improving or obtaining CRM and ERP software for the past year and a half.",Sci/Tech,Sports
"Hamm flap, Dream Team just wrong ATHENS, Greece -- Look at it this way: At least the US basketball team won #39;t be asked to give back its gold medal. On a day that was Olympic in scope both for its shock value and its intrinsic weirdness, the",Sports,Sci/Tech
"AL Wrap: Indians, Twins Split Unique Doubleheader NEW YORK (Reuters) - Ben Broussard belted a two-run homer to give the Cleveland Indians a 5-2 win over the Minnesota Twins to salvage a split of a unique doubleheader on the final day of the regular season on Sunday.",Sports,Sci/Tech
"New Brussels blow for Turkey #39;s EU hopes EU farm commissioner Franz Fischler on Friday became the latest Brussels critic to raise doubts over Turkey #39;s hopes of joining the bloc, as wrangling over Ankara #39;s EU bid heats up.",World,Sports
"UN Signs Pact with New World Court Opposed by U.S. UNITED NATIONS (Reuters) - The United Nations signed a cooperation agreement on Monday with the new International Criminal Court, despite objections to the tribunal from the United States.",World,Sci/Tech
"ICANN Gives Preliminary OK to 2 Domains NEW YORK Dec 13, 2004 - The Internet #39;s key oversight agency gave a preliminary nod Monday to new domain names targeting mobile services and the jobs market.",Sci/Tech,Business
"UConn Avoids Loss in Overtime The eighth-ranked Connecticut Huskies narrowly avoided their first two-game losing streak in 12 seasons, beating South Florida, 75-65, last night with Barbara Turner getting 8 of her 23 points in overtime.",Sports,Sci/Tech
"Adobe Gets High Marks for Photo Fixes Among three digital photography repair programs, Adobe Elements is cited as providing the right amount of features and commands while maintaining user simplicity.",Sci/Tech,World
"South Africa #39;s Mbeki Leaves Ivory Coast Rebel Zone South African President Thabo Mbeki left Ivory Coast #39;s rebel town of Bouake after talks Sunday, saying mediators would prepare proposals to end the crisis in the world #39;s top cocoa grower.",World,Sports
Japanese Bank Makes Hostile Bid in Takeover Battle The biggest-ever takeover battle in Japan got even bigger today as Sumitomo Mitsui sought to disrupt a rival's expansion plans with a \$29 billion hostile bid for UFJ.,Business,Sports
"Bush: Americans Expect Bipartisanship (AP) AP - President Bush is striking twin themes for a second term, vowing to fight hard for his political agenda while reaching across the aisle to Democrats.",World,Sports
England may have lost initiative I appreciated Michael Vaughan #39;s honesty when he said England were complacent after their seven-wicket defeat to South Africa A last week.,Sports,Sci/Tech
"Admirers look to 2008 But as far as swim greats Rowdy Gaines and John Naber are concerned, what Phelps did in Athens exceeded what Spitz did in Munich in 1972.",Sports,Sci/Tech
"Caminiti, 41, dies of heart attack SAN DIEGO - Ken Caminiti was never short of fearless on a baseball field. He made incredible stops at third base, swatted home runs from both sides of the plate and played through pain that would wither most men.",Sports,Sci/Tech
"MEPS APPROVE REVAMPED COMMISSION Ending three weeks of stalemate, European lawmakers have approved a new executive commission for the European Union. European MPs had refused to accept a new team of commissioners proposed by Commission President Jose Manuel Barroso.",World,Sports
"Gluecode delivers open source BPM engine (InfoWorld) InfoWorld - Hoping to put in place the last missing piece of the Java stack, Gluecode Software and the Apache Software Foundation this week unwrapped Project Agila, which the companies claim is the first embeddable open source BPM engine.",Sci/Tech,Sports
"Consumer spending jumped in September WASHINGTON - Consumers, who substantially slowed down their spending in late summer, roared back to life in September, boosting their purchases by 0.6 percent.",Business,World
"Viduka Brace Helps Boro To Win After a spell without scoring, Mark Viduka grabbed two goals as Middlesbrough beat Manchester City 3-2. Boro went ahead when Viduka took Stewart Downings pass, brought it sweetly under control and chipped it over onrushing City keeper David James.",Sports,World
PIRES UNFAZED BY FRANCE EXCLUSION Robert Pires admits his current form does not merit inclusion in the French national side but has made it clear he has no plans to retire from international football.,Sports,Sci/Tech
"NTL sells broadcast unit for 1.27bn to Macquarie NTL, the UKs largest cable company, has agreed to sell its radio and television broadcasting business for 1.27bn to a fund managed by Australias Macquarie Bank.",Business,Sports
Clash of the unpredictables: WI-Pak tie What would happen when two of the worlds most talented and unpredictable sides rub shoulders and that too in an ICC Champions Trophy semi-final?,Sports,Sci/Tech
"India, Russia must join hands to develop new tech: Putin Mr Vladimir V. Putin, President of the Russian Federation, Mr NR Narayana Murthy, Chief Mentor and Chairman, Infosys, and Mr Nandan Nilekani, CEO and Managing Director, at the Infosys campus in Bangalore on Sunday.",World,Sci/Tech
First Flight of a Wild Condor Chick in California A wild-born condor chick has taken flight -- the first wild chick to fly in California in 22 years. The chick slowly began the process of fledging (first flight) by leaving the nest in early September and,Sci/Tech,Sports
"On TV -- from the Internet SAN MATEO, Calif. -- The promise of Internet-based video has long been hamstrung by copyright and piracy worries, slow dial-up connections, technical challenges, and consumer disdain for watching blotchy videos on their home computers.",Business,Sports
"Sanpaolo and Dexia in merger talks By Reuters - November 18 2004 ... Italian bank Sanpaolo and Dexia, the Franco-Belgian group, confirmed they were in preliminary talks after a report that they were considering a merger to create a major cross-border lender.",Business,Sci/Tech
"IAAF to increase anti-doping measures The IAAF will increase testing and funding as well as cooperation with the World Anti-Doping Agency in its bid to detect and stem the use of new performance-enhancing substances, the sport #39;s governing body said Sunday.",Sports,Business
"Badgers ride early surge MADISON, Wis. -- Anthony Davis ran for 124 yards and two touchdowns, and quarterback John Stocco threw for a career-high 297 yards and a touchdown as No. 5 Wisconsin remained unbeaten with a 38-14 rout of archrival Minnesota. Stocco also ran for two touchdowns as the Badgers, 9-0 for the third time in school history, moved into a first-place tie ...",Sports,Sci/Tech
#39;Kind of a creepy thing #39;: Clues to human origins turn up in head ... Lice genes have been a head-scratcher for experts in human origins who now suspect that we humans picked up some parasites from our more primitive ancestors.,Sci/Tech,Sports
Update 2: US Cybersecurity Chief Abruptly Resigns The government #39;s cybersecurity chief has abruptly resigned from the Homeland Security Department amid a concerted campaign by the technology industry and some lawmakers to persuade the Bush administration to give him more authority and money for,Sci/Tech,Business
"New Star-Type Resembles Stillborn Star When a binary star system starts to transfer mass, one of the twins may well win out, leaving its companion to occupy a strange region half way between a star and a planet. A new star-type of this sort has been found, which resembles the infrared ash of a stillborn star.",Sci/Tech,Sports
"Sharon orders 1,000 homes in West Bank Israel announced plans for 1,000 houses in the West Bank yesterday, accelerating the expansion of the settlements.",World,Business
"Dell Takes Another Cut at Blade Market quot;The biggest danger to HP and IBM is a price war, quot; said John Enck of Gartner. quot;Blades are still premium-priced products from IBM and HP.",Sci/Tech,Business
"FEC Wants Campaign Finance Decision Stayed (AP) AP - Federal election officials have asked a judge to stay a ruling striking down several government regulations on political fund raising, arguing that rules interpreting the nation's campaign finance law are crucial as the election approaches.",World,Sports
"Gatlin sprints from unknown to 100m gold Reuters Athens Aug 23: American Justin Gatlin roared from virtual unknown to win the blue ribband Olympic mens 100 metres race yesterday, upstaging defending champion Maurice Greene and other more illustrious rivals.",Sports,Business
"EU: Coke Anti-Trust Deal Not Set in Stone BRUSSELS (Reuters) - A proposed settlement between Coca-Cola Co. and the European Commission to end a long-running antitrust case over fizzy drinks is not yet set in stone, the European Union's executive said on Monday.",Business,World
Disappearance of baby Azaria to remain Australia's greatest mystery (AFP) AFP - The disappearance of baby Azaria Chamberlain 24 years ago is expected to remain one of Australia's most celebrated mysteries after the coroner's office ruled here that there was no new evidence to justify reopening the case.,World,Business
"U.S. Men's Hoops Team Finally Gets a Rout ATHENS, Greece - The Americans got a taste of what it was like in the good ol' days. They finally played an opponent they were able to beat easily, routing Angola 89-53 Monday in their final preliminary game of the Olympic men's basketball tournament...",World,Sports
"SBC Bundles Up for Long Term (The Motley Fool) The Motley Fool - The lure of bundling services has been hanging over the communications industry for the past six years or so, although many companies have been unable to perfect a winning strategy. Bundling brings together services such as wired (local and long distance) and wireless phone service, Internet access, and satellite or cable television services.",Sci/Tech,Sports
US got complaints about security guards The US State Department Wednesday noted quot;aggressive quot; behavior by some DynCorp contractors hired to protect Afghan President Hamid Karzai.,World,Business
"Oracle #39;s Catz Sees PeopleSoft Profit Declining (Update1) PeopleSoft Inc. #39;s profit may drop significantly #39; #39; this year, and the company may have trouble surviving on its own, Oracle Corp.",Business,Sci/Tech
"PeopleSoft gives in to Oracle, takes bid PeopleSoft Inc. capitulated to Oracle Corp., accepting a sweetened \$10.3 billion takeover offer to end an 18-month battle that pitted PeopleSoft against its investors and led to the ouster of its chief executive.",Business,Sci/Tech
"Westwood up for challenge The course is a back-breaking 7,800 yards long off the tips, the rough is up, it #39;s 100F out there, the greens are fast and firm and refusing to hold, and yesterday there was a tricky wind to contend with.",Sports,Business
"Top US spammer is bound for the slammer Washington - A man convicted of violating anti-spam laws by sending out tens of thousands of unsolicited emails using fake addresses faces nine years in prison in Virginia, authorities said on Thursday.",Sci/Tech,Sports
"Congo Ex-Rebel Group Pulls Out of Government (Reuters) Reuters - The former main rebel group during\Congo's civil war pulled out of a power-sharing transitional\government on Monday, dealing a major blow to the country's\already fragile peace process.",World,Sci/Tech
"Echoes Repeats Success Don't junk that GameCube: Metroid Prime 2 provides gorgeous atmosphere, a sweet score and fun gameplay to create a winner. By Chris Kohler.",Sci/Tech,Sports
Corporate Failures Hurt Pension Guaranty Group Description: A flurry of corporate bankruptcies in the past few years leaves a public agency strapped for cash: the Pension Benefit Guaranty Corporation.,Business,Sports
"Turkey unlikely to join EU before 2015: commissioner Verheugen (AFP) AFP - Turkey is unlikely to join the European Union before 2015, EU enlargement commissioner Guenter Verheugen said in an interview.",World,Sci/Tech
"Verizon Wireless to Add 16 Cities to Broadband (Reuters) Reuters - Verizon Wireless, the largest U.S.\wireless company, will expand its high-speed data service to 16\markets by the end of the year, the chairman of Verizon\Communications Inc. said on Monday.",Sci/Tech,Business
"Gunmen ambush Chalabi #39;s convoy, wound 2 BAGHDAD - Gunmen ambushed the convoy of former Iraqi governing council president Ahmed Chalabi on Wednesday, wounding two of his bodyguards, aides said.",World,Sports
Button decision delayed Jenson Button must wait until next month before discovering which Formula One team he can race for next season. He wants to leave BAR for Williams but both teams claim to have a deal with the British driver,Sports,World
"Anti-Spyware Spending Set To Skyrocket The spyware plague will trigger a 2,500 percent increase in enterprise spending by 2008, a market-research firm reports. By Gregg Keizer.",Sci/Tech,World
"Iran Seeks to Amend Nuclear Freeze Deal (AP) AP - Iran sought on Wednesday to partially roll back its commitment to freeze all uranium enrichment programs, demanding the right to run some equipment that can be used to produce nuclear arms.",World,Business
"Protests in Canada over Ukraine crisis (AFP) AFP - Hundreds of Canadians, many of Ukrainian descent, braved freezing temperatures to protest what they consider to be the fixed outcome of the Ukrainian presidential election.",World,Business
"Cubs plate three runs in ninth inning, fall a run short The Chicago Cubs need more than rally caps, good-luck charms or curse-busters now. Mike Hampton and Dewayne Wise each hit two-run homers to lead the Atlanta Braves to",Sports,World
"Corus makes first profit as UK steel plants return to the black Corus, the Anglo-Dutch steel maker, celebrated its first ever profit yesterday and said its UK plants had contributed to the turnaround.",Business,Sci/Tech
"Michigan St. Beats Central Conn. St. Michigan State #39;s Liz Shimek (52) starts a fast break trailed by Central Connecticut State #39;s Gabriella Geugbelet, left, and Michigan State #39;s Kelli Roehrig, right, during the second half Saturday, Nov. 20, 2004, in East Lansing, Mich.",Sports,Sci/Tech
Government gets tough as South Korea's labor reform sparks protests (AFP) AFP - The South Korean government is warning of tough action against union militancy as legislation aimed at increasing flexibility in South Korea's labor market triggered a head-on collision with labor groups.,World,Business
Sex Drive With Gina Lynn Wired News introduces a new column by Regina Lynn Preciado. It's about sex. And technology. You'll dig it.,Sci/Tech,Sports
"Australian guilty of backpacker murder Australian Ian Previte has been found guilty by a Queensland jury of murdering 19-year-old British backpacker Caroline Stuttle in 2002, when he threw her from a bridge in a botched attempt to steal her handbag.",World,Business
"Globus inventors go commercial The creators of Globus open source grid software have set up a software and services company, Univa, to capitalise on their work on grid computing.",Sci/Tech,Business
"Yankees' Holding Pattern Is Sure to Change Brian Cashman, the general manager of the Yankees, on Friday looked as if he had been up deep into the night plotting how to improve the team.",Sports,Sci/Tech
"Rebel threat on the roads leaves Katmandu isolated KATMANDU, Nepal The Nepali capital was largely cut off from the rest of the country on Wednesday after Maoist rebels threatened to attack any vehicles traveling on main roads, in a virtual blockade of Katmandu to press their demands for the release of ...",World,Sports
Hong Kong #39;s LegCo Elections: Overcoming the System The 1.784 million voters that participated in Hong Kong #39;s 2004 Legislative Council Election gave a clear signal that they want democracy sooner rather than later.,World,Sports
Third Month of Slow Sales for Retailers The August start of the back-to-school shopping season was a disappointment for major retailers.,Business,Sci/Tech
"UAE Founding Father Buried, Elder Son Likely Successor ABU DHABI, November 3 (IslamOnline.net amp; News Agencies) - Arab and Muslim leaders converged on Abu Dhabi Wednesday, November 3, and joined the people of the United Arab Emirates in burying Sheikh Zayed bin Sultan Al-Nahayan, president and founding father",World,Business
Skyboxes May Reach A Limit Verizon Communications Inc. would seem to be a prime candidate to snap up a luxury suite at the \$440 million ballpark being planned for Washington's Major League Baseball team.,Business,Sci/Tech
"Attacks disrupt some credit card transactions Flood of data interrupts Authorize.net's credit card processing for Internet merchants, leaving the company scrambling.",Sci/Tech,Business
"Peru Launches Offensive to Retake Siege Town LIMA, Peru (Reuters) - Peruvian authorities on Monday launched an offensive to retake a police station and end a three-day siege by former soldiers in a southern Andean town.",World,Business
"Armed Athens Bus Hijackers Release Five Hostages (Update2) Hijackers who took as many as 26 people hostage on a commuter bus on the outskirts of Athens released five of the captives. Police are in negotiations to free the remaining hostages, a spokeswoman said.",World,Sports
Dutch Film Director Theo Van Gogh Killed Dutch film director and columnist Theo van Gogh was shot and killed yesterday morning in Amsterdam. The company Gogh owned and worked explained that he was attacked and murdered in the morning at Lineaustraat Street.,World,Business
"Sharon, Under Pressure, Snubs Gaza Referendum Call JERUSALEM (Reuters) - Israeli leader Ariel Sharon rejected calls from within his divided cabinet on Wednesday for a referendum on leaving Gaza after winning parliament's support to uproot settlements from land claimed by Palestinians.",World,Business
"Berlin ties Miami mark RALEIGH, N.C. -- Brock Berlin tied a Miami record shared by Bernie Kosar, Steve Walsh, and Ken Dorsey with five touchdown passes, and Devin Hester returned the opening kickoff 100 yards for another score, helping the No. 4 Hurricanes hold off North Carolina State, 45-31, last night.",Sports,Sci/Tech
Woman drops sexual assault suit vs. Colorado One of the three women suing the University of Colorado for what they said was the school #39;s failure to protect them against sexual assault by football players has dropped her federal lawsuit.,Sports,Sci/Tech
This week in game news They risked hypothermia and fought off the effects of sleep deprivation so they could be among the first to achieve their quest in the wee hours of the morning.,Sci/Tech,Sports
"Boeing casts eyes on live TV over Connexion service The Boeing Co. is planning to add live television to its Connexion by Boeing service during 2005, a company executive said in a recent interview.",Sci/Tech,Business
Monsanto Says Justice Dept Closes Inquiry NEW YORK (Reuters) - Monsanto Co. MON.N on Wednesday said the U.S. Justice Department has closed an inquiry into potential antitrust issues regarding a key ingredient used in its Roundup herbicide.,Business,Sci/Tech
Ruud double lifts Dutch Amsterdam - Goals in either half from Manchester United striker Ruud van Nistelrooy lifted the Netherlands to a 3-1 win over Finland in their European Group One qualifier for the 2006 World Cup here on Wednesday.,Sports,World
"It's Cleanup Time at Citi Charles O. Prince, the chief executive of Citigroup, is on a campaign to revamp the banking giant's culture after a financial scandal in Japan tainted its reputation.",Business,Sci/Tech
"Deadly fire sweeps through China mines SHAHE, CHINA - Nine people were confirmed dead and 57 remained missing late Sunday after a fire swept through five iron ore mines in northern China, the Xinhau news agency said.",World,Sci/Tech
Regulator clears Abbey takeover The Financial Services Authority has cleared Spanish bank Santander Central Hispano's 9bn takeover of Abbey National.,Business,Sports
"Cardinals unable to solve Schilling The first at-bat of the game seemed to go on and on, with Red Sox starting pitcher Curt Schilling aiming to end the inning with little damage, and St. Louis leadoff batter Edgar Renteria aiming to throw a wrench is his game plan. Twelve pitches later, after several fouls, Schilling got Renteria to ground out to shortstop.",Sports,Sci/Tech
5000 rally against James Hardie MORE than 5000 building workers and asbestos victims have rallied outside a general meeting for embattled building products company James Hardie in central Sydney today.,Business,Sci/Tech
Erdogan Believes European Council #39;s Decision Will Be A Milestone PARIS - Turkish PM Recep Tayyip Erdogan expressed belief on Thursday that the decision that the European Council would make on December 17th (on whether and when to open negotiations with Turkey) would be a milestone for not only Turkey-(EU) relations,Business,World
Cardinals Outslug Astros to Take Opening Game NEW YORK (Reuters) - Jim Edmonds hit a three-run double to key a six-run sixth inning as the St Louis Cardinals beat the Houston Astros 10-7 in the opening game of the National League Championship Series at Busch Stadium on Wednesday.,Sports,Sci/Tech
Millwall to complain to UEFA The Lions lost 3-1 to Ferencvaros - failing to progress to the next round of the UEFA Cup - on a night that saw four visiting fans suffering stab wounds and numerous other incidents of inter-fan violence.,Sports,Business
"FDA Approves Lens Implant to Sharpen Sight WASHINGTON - There's a new option for people who suffer from extreme nearsightedness, whose world loses its crisp edge just a few inches from their noses. The first implantable lens for nearsightedness was approved Monday by the Food and Drug Administration...",World,Sci/Tech
"Hamm hopes to get on a roll Paul Hamm takes another shot at history tonight, when he'll try to become the first American to win the Olympic men's all-around in gymnastics.",Sports,Business
"N. Korea and U.S. Met Twice This Week (AP) AP - North Korea on Saturday said its U.N. diplomats met U.S. officials in New York twice in the past week but concluded that Pyongyang should hold off on nuclear negotiations until the U.S. administration changes its ""hostile"" policy toward the country.",World,Sci/Tech
"Upsets Shake Up College Football Poll (AP) AP - The upsets have begun and the little guys are moving into The Associated Press poll. After ranked teams started the season 21-0, five fell to unranked opponents this weekend, shaking up media poll released Sunday.",Sports,Business
This week in merger news This week saw three merger deals worth about \$60 billion--including one that ranks as the largest software merger in history.,Sci/Tech,Sports
O #39;Neill backs Juninho to excel Celtic manager Martin O #39;Neill believes striker Juninho is benefiting from the support of the Parkhead crowd as he settles into life in the Bank of Scotland Premier League.,Sports,Sci/Tech
U.S.-Australia Swimming Rivalry Set to Heat Up INDIANAPOLIS (Reuters) - The rivalry between the U.S. and Australia is set to heat up at the short course world championships with most of the five finals later Sunday featuring head-to-head clashes by the two swimming powerhouses.,Sports,Sci/Tech
"Prime minister says Australia faces tough economic year in 2005 (AFP) AFP - Prime Minister John Howard warned that Australia's strong dollar, high world oil prices and the lingering effects of prolonged drought would dampen the country's long-buoyant economy in 2005.",World,Sci/Tech
"FDA Warns Cyberonics on Manufacturing CHICAGO (Reuters) - U.S. regulators warned Cyberonics Inc. CYBX.O of manufacturing deficiencies at the Houston plant that makes its sole product, an implantable device to treat epilepsy, the company said on Monday.",Business,Sci/Tech
Finnish Watchdog Raps TV Game Operators (Reuters) Reuters - Finland's consumer watchdog said on\Monday it had reprimanded broadcasters for causing children to\run up huge mobile phone bills with interactive television game\and chat programs.,World,Sports
"When outsourcing, don't forget security, experts say When outsourcing IT operations offshore, companies often focus on lower costs and more productivity -- and fail to keep in mind the cultural differences that could affect their security, said experts at the Gartner IT Security Summit.",Sci/Tech,Sports
"China at G-7 Meeting for First Time China made its debut last night in the club of the world's leading economic powers, asinternational pressure mounts to change a decade-old currency peg that critics accuse of giving Chinese products an unfair competitive edge.",Business,World
"Jamaica Searches for Dozens of Fishermen After Ivan Jamaican military forces searched on Wednesday for dozens of fishermen feared missing after Hurricane Ivan #39;s strike on the Caribbean island last weekend, officials said.",World,Business
"Lakshmi Mittal is Britain #39;s richest man London: NRI business tycoon Lakshmi N Mittal, who is set to control the world #39;s largest steelmaker, has emerged as the richest man in Britain.",Business,Sports
"Halliburton suffers loss on asbestos claims HOUSTON -- Oilfield services giant Halliburton Co. on Tuesday swung to a loss in the third quarter ended Sept. 30, hurt by hefty charges from discontinued operations related to the settlement of asbestos and silica claims.",Business,Sci/Tech
230m claim against FT struck out The High Court in London has struck out the bulk of a record 240m libel damages claim brought against the Financial Times by investment bank Collins Stewart Tullet.,Business,Sports
"House OKs Bill Imposing 'Spyware' Fines Companies and others that secretly install ""spyware"" programs on people's computers to quietly monitor their Internet activities would face hefty federal fines under a bill the House passed Tuesday.",Sci/Tech,Sports
Robot eats flies to make power A ROBOT that will generate its own power by eating flies is being developed by British scientists. The idea is to produce electricity by catching flies and digesting them in special fuel cells that will break,Sci/Tech,Business
GI #39;s in Talks With Rebels of Sadr Stronghold in Baghdad The American military met for five hours on Sunday with representatives of the rebellious cleric Moktada al-Sadr in the volatile Baghdad Shiite neighborhood of Sadr,World,Sports
"Coping With the Common Cold By Karen Pallarito, HealthDay Reporter HealthDayNews -- Determined this cold season to nip your sneezing, runny nose and scratchy throat in the bud before those nasty respiratory symptoms sideline you? There's a broad array of cold remedies you might want to try, ranging from over-the-counter preparations to basic ingredients tucked away in your kitchen pantry. So what'll it be? A combination pain reliever and nasal decongestant? Vitamin C and echinacea? Tea with honey? A brimming bowl of chicken soup? It turns out the best advice for dealing with the misery of a cold is the same principle mothers often apply when trying to coax their unruly toddlers to take a nap: Whatever works...",Sci/Tech,Sports
"What they said about ... ... Cherie Blair Cherie Blair cast aside her treasured privacy this week, touring newspapers offices and television studios to promote The Goldfish Bowl, her new book, which focuses on Downing Street spouses.",World,Sci/Tech
"Toshiba claims Hollywood backing in war for next DVD standard (AFP) AFP - Toshiba said four major Hollywood studios had thrown their crucial weight behind High Definition DVD (HD-DVD), one of two disc formats contending to be the standard in next-generation DVDs.",World,Sci/Tech
"McDonald #39;s boosts annual dividend 38 McDonald #39;s (MCD) Tuesday raised its annual dividend by 38, a move the world #39;s largest restaurant chain said is another sign of its revitalization.",Business,Sports
"Gatlin Sprints from Unknown to Olympic Gold ATHENS (Reuters) - American Justin Gatlin roared from virtual unknown to win the blue ribband Olympic men's 100 meters race on Sunday, upstaging more illustrious rivals in a pulsating final.",Sports,Business
"Polish PM Tries to Head Off Dispute Over WW2 Claims KRYNICA, Poland (Reuters) - Polish leader Marek Belka tried to head off a controversy with Berlin over World War II reparations after Poland's parliament caused anger in Germany by declaring Poles were still owed for wartime losses.",World,Business
"Putin faults Georgia on #39;90s tactics in 2 regions TBILISI, Georgia The separatist conflicts in Georgia resulted from the quot;foolish quot; move by Georgia to strip South Ossetia and Abkhazia of their autonomous status during the Soviet collapse, President Vladimir Putin of Russia was quoted as saying on ...",World,Sports
"US Cautious On Progress Toward Enriching Uranium The United States is responding carefully to Iran #39;s announcement that it has taken a major step toward enriching uranium, a key ingredient in nuclear weapons.",World,Business
"Nebraska Player Charged With Assault An arrest warrant was issued Friday, Nov. 19, 2004, for Nebraska offensive lineman Darren DeLone, shown in this undated handout photo.",Sports,Sci/Tech
Google creators in share sell-off Google founders Larry Page and Sergey Brin have announced plans to sell millions of shares in the web search company they launched in 1998.,Business,Sci/Tech
SEC's Gaston Admits Official Missed Call (AP) AP - The Southeastern Conference's supervisor of officials said an LSU player should have been called for pass interference on a pivotal interception against Alabama.,Sports,World
Soweto township marks centenary South Africa's historic Soweto township marks its 100th birthday on Tuesday in a mood of optimism.,World,Sci/Tech
"IRA Willing to Disarm by Month #39;s End The Irish Republican Army abandoned its longtime opposition to disarmament on Thursday, pledging to get rid of its weapons by the end of the month.",World,Sports
"Bush Selects E.P.A. Head to Be Secretary of Health With the selection of Michael O. Leavitt, a former governor of Utah, the shape of the cabinet in President Bush's second term has become clear.",World,Business
"Briefly: China interest in key Yukos unit China is interested in participating in the bidding for Yuganskneftegaz, the top oil-producing subsidiary of the Russian oil giant Yukos, a Chinese economic official was quoted as saying in a report Thursday by the Russian news agency Interfax. The ...",Business,World
"Singapore govt extends third-party war risk insurance SINGAPORE : The government is extending third-party war risk insurance cover to the Civil Aviation Authority of Singapore and SATS Security Services, a unit of the Singapore Airlines group.",Business,World
"Six Shot Dead in New Northeast India Violence GUWAHATI, India (Reuters) - Suspected separatist rebels stormed a village in India's northeast on Monday and shot dead six people, police said, taking the toll in the worst violence in years in the troubled region to 62.",World,Sports
"CNH Global workers in Racine go on strike after contract stalemate CNH Global NV workers in Racine and three other cities went on strike Wednesday, six months after rejecting the company #39;s final contract offer.",Business,World
"COLUMN: Many Struggle to Comply with Sarbanes Rules A flurry of companies may miss the deadline to comply with new regulations brought in after the corporate scandals of 2002, but the key for investors will be to judge how serious the underlying problems really are.",Business,Sci/Tech
"Walking link to low dementia risk Walking may protect the elderly from developing dementia, research suggests.",World,Business
Officials to be quizzed in Aragones row Spanish Football Federation president Angel Maria Villar will appear before the National Anti-Violence Commission tomorrow to explain why he has defended Spain coach Luis Aragones.,Sports,World
Delaney keen to quot;put things right quot; Mark Delaney wants Aston Villa to quot;stamp their authority on midlands football quot; by finally overcoming Birmingham in Sunday #39;s derby.,Sports,Sci/Tech
Dubai first to breed at-risk bird A zoo in the Gulf has bred a bird which is threatened by the fast pace of development in the region.,Sci/Tech,Sports
"Bluetooth SIG completes Core Specification 2.0 The Bluetooth Special Interest Group (SIG) has announced the successful completion of the first stage in its three-year roadmap for the wireless technology, with the release of Bluetooth Core Specification 2.0 EDR (Enhanced Data Rate).",Sci/Tech,Sports
"Supernova Warning System Will Give Astronomers Earlier Notice Duke University -- A Supernova Early Warning System (SNEWS) that detects ghostlike neutrino particles that are the earliest emanations from the immense, explosive death throes of large stars will alert astronomers of the blasts before they can see the flash. SNEWS ""could allow astronomers a chance to make unprecedented observations of the very early turn-on of the supernova,"" wrote the authors of an article about the new system in the September issue of the ""New Journal of Physics."" They also noted that ""no supernova has ever been observed soon after its birth."" Big stars end their lives in explosive gravitational collapses so complete that even the brilliant flashes of light usually announcing these extremely rare ""supernova"" events stay trapped inside, unseen by astronomers, for the first hours or days...",Sci/Tech,Sports
Football: Spanish FA apologises The Spanish FA apologises to its English counterparts following racist chanting.,World,Sports
"Today's schedule College hockey: MEN -- Stonehill at UMass-Dartmouth, 7:30 p.m.; Franklin Pierce at Assumption, 7:30 p.m.; WOMEN -- Sacred Heart at Holy Cross, 7 p.m.",Sports,Sci/Tech
"Witnesses to Confront Cali Cartel Kingpin Thirteen years into their probe, U.S. investigators have assembled a team of smugglers, accountants and associates to testify against Colombian cartel kingpin Gilberto Rodriguez Orejuela.",World,Sci/Tech
US urges Israel to help Palestinian vote US Secretary of State Colin Powell has launched a new Middle East peace drive by saying he will press both Israeli and Palestinian leaders for steps to help Palestinians elect a successor to Yasser Arafat.,World,Business
"Don #39;t Answer the Cell Phone, it #39;s Spam Again It figures...and just when it looked like some major email spammers were going to jail, too. So far, it #39;s only in Russia, but it #39;s nasty.",Sci/Tech,Sports
"New home ice looks slick If playing for one of college hockey's most storied programs wasn't enticing enough for potential recruits, Boston University's new \$97 million Harry Agganis Arena should do the trick.",Sports,World
Gateway reports smaller net loss as restructuring continues Gateway Inc. reported a narrowed net loss in the first quarter as it continues to restructure its operations and integrate its acquisition of eMachines.,Business,World
"William Watkins, 78, Recorder of Marine Mammals' Calls, Dies A leading researcher of marine mammal acoustics, William A. Watkins created a database of thousands of underwater calls from more than 70 species.",Sci/Tech,Business
"Red Sox on Brink of World Series Victory ST. LOUIS (Reuters) - Pedro Martinez pitched seven shutout innings and Manny Ramirez hit a home run as the Boston Red Sox beat the St. Louis Cardinals 4-1 Tuesday, moving to the brink of their first World Series title since 1918.",Sports,World
"Intel to delay product aimed for high-definition TVs SAN FRANCISCO -- In the latest of a series of product delays, Intel Corp. has postponed the launch of a video display chip it had previously planned to introduce by year end, putting off a showdown with Texas Instruments Inc. in the fast-growing market for high-definition television displays.",Business,Sci/Tech
"New Namath Book Is Fact, Not Fiction If you read the recent excerpt of ""Namath"" in Sports Illustrated and were put off by the apparent focus on the iconic Broadway Joe's personal life, be comforted in the knowledge that Mark Kriegel's 441-page biography includes plenty of football, too. The book is exhaustively researched and includes telling anecdotes from Beaver Falls, Pa., to Tuscaloosa, Ala., to New York.",Sports,Sci/Tech
"Video Games Used to Relax Kids in Hospital (AP) AP - Letting children play video games on a Game Boy in the operating room before undergoing surgery can help relax them better than tranquilizers or holding Mommy's hand, researchers say.",Sci/Tech,Sports
"Exeter uni cans chemistry department In a move that has been dubbed as #39;disastrous #39; by the Royal Society of Chemistry, Exeter University is to drop the teaching of chemistry as a subject.",Sci/Tech,World
"Ocean Spray to Buy Northland Assets Looking to expand its fruit receiving and concentrating operations in the nation #39;s largest cranberry-producing state, Ocean Spray Cranberries Inc.",Business,Sci/Tech
Ralf ready for racing return in China Ralf Schumacher is adamant memories of his horror crash at Indianapolis three months ago will not hamper his comeback in this weekends Chinese Grand Prix.,Sports,World
"NTL to shed broadcasting arm Britain #39;s biggest cable company, NTL, agreed yesterday to sell its radio and television broadcasting business for 1.27bn to a consortium led by a fund managed by Australia #39;s Macquarie Bank.",Business,Sports
"Local group joins suit to de-list endangered species Bob Briggs wifes family has owned about 1,000 acres of redwood forest off Waddell Creek since 1913. He doesnt clearcut, and logs about once a decade.",Business,Sci/Tech
"Spears' Fiance to Star in Her New Video NEW YORK - Britney Spears' former backup dancer and current fiance Kevin Federline can add another title to his resume: co-star. On Wednesday, a Jive Records publicist confirmed Federline is featured in Spears' upcoming ""My Prerogative"" video, set to debut in mid-September...",World,Sci/Tech
"Internet access is free on ferries during tests Tests of high-speed wireless Internet service on one of the region #39;s busiest ferry runs have been canceled, but the service, referred to as Wi-Fi, might still become available on that run, between Seattle and Bremerton, the ferry service said.",Sci/Tech,Business
"HP Moves Deeper Into Consumer Electronics Personal computer giant Hewlett-Packard Co. is stepping deeper than ever into the consumer electronics arena with its fall product lineup - so don't be surprised if you hear about ""HP TV"" along with ""HDTV"" when shopping for your next television.",Sci/Tech,Business
"Official: FARC Sought Bush Assassination Colombia's main rebel group asked followers to mount an assassination attempt against President Bush during his visit to Colombia last week, Defense Minister Jorge Uribe said. There was no evidence Saturday that rebels even tried to organize such an attack.",World,Sports
"Democrat Seeks to End Iowa, N.H. Power (AP) AP - If Simon Rosenberg decides to run for Democratic Party chairman, he won't be able to count on much support from Iowa and New Hampshire.",World,Business
US football: Patriots' historic win New England win a record-tying 18th straight game - plus an NFL round-up.,World,Sci/Tech
Fall Classic plus NEW YORK -- A short sacrifice fly by Hideki Matsui in the bottom of the 12th inning scored an alert Derek Jeter from third and gave the Yankees a 7-6 victory over the Minnesot Twins in Game 2 of their AL playoff series.,Sports,Sci/Tech
"US Supreme Court to Decide Grokster Case The US Supreme Court on Friday agreed to consider whether Internet file-trading networks should be held responsible when their users copy music, movies and other protected works without permission.",Sci/Tech,Business
"Old Labor Tactics Resurface in New Union Labor experts say Unite Here, the newly merged union that is representing the DC hotel workers in their current contract dispute, is one of the most outspoken and toughest unions under the AFL-CIO umbrella.",Business,World
"French Students Face New Head Scarf Ban PARIS - Millions of French students returned to school Thursday as a new law that bans Islamic head scarves from classrooms went into effect amid demands by Islamic radicals holding two French hostages in Iraq that the law be scrapped. Muslim leaders in France, who had largely opposed the law, urged calm for the return to class...",World,Sports
UAL and Its Creditors Agree to 30-Day Extension UAL's United Airlines will have a 30-day extention on the period in which it can file an exclusive bankruptcy reorganization plan.,Business,Sports
"Hurricane loss 'less than feared' Hurricane Frances could cause \$3-6bn in insured losses in the US, less than experts first predicted.",Business,Sci/Tech
"Teenager Charged With Creating Sasser Informants, seeking a reward from Microsoft, led police to the German student.",Sci/Tech,Business
Seagate to Ship 400 GB HDD SL: Seagate Technology has announced that it will begin shipping the world #39;s highest capacity PC hard drive to retail stores and resellers.,Sci/Tech,Sports
"Qualcomm: A quot;Wireless Intel quot;? Qualcomm began life in 1985 in a very unremarkable way -- in founder Irwin Jacobs #39; den. The space was small and crowded. The founding crew consisted of seven people, who were enthusiastic but low key.",Sci/Tech,Sports
"Nepal capital under curfew for 3rd day; violators ordered to be ... A shoot-on-sight curfew imposed to prevent riots and violent protests over the killing of 12 Nepalese workers in Iraq entered its third day Friday, while officials said they were trying to recover the bodies of the slain hostages.",World,Sci/Tech
Poll: I was right to let Henry score Referee Graham Poll has insisted that he acted within the laws of the game when he allowed Thierry Henry to take a quick free-kick yesterday.,Sports,Sci/Tech
"Remains of New Species of Hobbit-Sized Human Found Scientists in Australia have found a new species of hobbit-sized humans who lived about 18,000 years ago on an Indonesian island in a discovery that adds another piece to the complex puzzle of human evolution.",Sci/Tech,Business
"Thatcher case twist as list of alleged coup backers vanishes THE Thatcher saga took a dramatic twist last night when it emerged a key witness in the police investigation has disappeared, taking with him a list of wealthy individuals who supposedly bankrolled an alleged coup attempt in oil-rich Equatorial Guinea.",World,Business
"Thailand to prosecute 300 Muslims detained in deadly riot BANGKOK : Thai Prime Minister Thaksin Shinawatra said the government would prosecute 300 Muslims detained at a riot this week that led to the deaths of 87 protesters, while another 900 would be released.",World,Business
"NHL Must Determine if It Is Certain About Cost Certainty After Gary Bettman was introduced as the commissioner of the National Hockey League 12 years ago, he was handed a fax from Bob Goodenow, the executive director of the players association.",Sports,Sci/Tech
"CA, Partners Move On As Kumar Faces Charges Concern over the fate of former Computer Associates International chairman and CEO Sanjay Kumar accompanied the collective sigh of relief felt by CA partners last week when federal prosecutors settled a two-year-old accounting fraud investigation with the",Business,World
"Singingfish Floats New Multimedia Search With broadband and desktop media fueling consumer interest in digital media content, video and audio search provider Singingfish has launched an improved search portal to help the world find more multi-media online.",Sci/Tech,Sports
"Backgrounder: Basic facts about ASEAN Leaders from members of the Association of Southeast Asian Nations (ASEAN) are gathering in Vientiane, capital of Laos, for a summit meeting among themselves and a series",World,Sci/Tech
"Telekom Austria taps the Bulgarian market Telekom Austria, Austrias largest telecoms operator, obtained access to the relatively underdeveloped East European mobile services market by winning the right to purchase the Bulgarian mobile operator MobilTel for 1.6billion (\$2.12billion).",Business,Sci/Tech
"Woods struggling to cope with body changes: Singh St Andrews, Oct 07 - Vijay Singh thinks the main reason he has replaced Tiger Woods as world number one is the American #39;s failure to adapt to changes in his body.",Sports,Business
"Options expensing delay not enough,say US senators A group of Republican senators vowed on Thursday to use the closing days of Congress this year to try and stop accounting rulemakers from requiring the expensing of stock options.",Business,World
"SpaceShipOne Rolls Toward Victory MOJAVE, California -- A Southern California aerospace team took a big step toward capturing the \$10 million Ansari X Prize Wednesday, but not without surviving a scary moment when the pilot found himself in a rapid spin as he roared across the threshold",Sci/Tech,Business
"Red Robin Perched Higher The company beats third-quarter estimates and raises yearly guidance, but Wall Street doesn't seem to care.",Business,Sci/Tech
"Judge blocks record libel claim against Financial Times LONDON (AFP) - A judge at the London High Court struck out the bulk of a record libel damages claim of 240 million pounds (345 million euros, 434 million dollars) against the Financial Times by stockbroker Collins Stewart Tullet.",Business,Sci/Tech
"Unknown Nesterenko Makes World Headlines (Reuters) Reuters - Belarus' Yuliya Nesterenko won the top\women's athletics gold medal at the Olympics on Saturday,\triumphing over a field stripped of many big names because of\doping woes to win the 100 meters.",World,Sci/Tech
Four in court over SQL theft FOUR former Microsoft employees have been charged with stealing \$US32.4 million (\$42.71 million) worth of software and selling it on the side.,Sci/Tech,Sports
US vetoes Gaza resolution The United States on Tuesday vetoed an Arab-backed resolution demanding an immediate end to military operations in Gaza and a pullout of Israeli forces.,World,Business
"Music industry group sues 750 for file sharing Los Angeles, October 29: A trade group representing the US music industry said on Thursday it has filed lawsuits against 750 people it claims used online file-sharing networks to illegally trade in copyrighted songs.",Sci/Tech,Business
"Video game pioneer shoots for next level with cell phones (USATODAY.com) USATODAY.com - Video game pioneer Trip Hawkins is going mobile. His latest act, a Silicon Valley company called Digital Chocolate, is developing games and ""lifestyle"" applications for portable phones. He hopes the new venture will turn out like the first he founded, Electronic Arts, the leading video game maker. His most recent gaming company, 3D0, went out of business after a decade. Hawkins spoke with USA TODAY's Edward C. Baigat last week's DemoMobile conference in La Jolla, Calif.",Sci/Tech,Sports
"FCC Proposes \$1.2M Indecency Fine for Fox WASHINGTON - Federal regulators proposed a record indecency fine of nearly \$1.2 million Tuesday against Fox Broadcasting Co. for an episode of its reality series ""Married by America"" that included graphic scenes from bachelor and bachelorette parties...",World,Business
"Hendrick Motorsports Plane Crash Kills 10 Jimmie Johnson, center, winner of the NASCAR Subway 500 race, is escorted to a NEXTEL Cup trailer after the race at Martinsville Speedway in Martinsville, Va.",Sports,Sci/Tech
"Academics get NSF grant for Net security centers National Science Foundation grants \$12.6 million to university scientists to study worms, viruses and the Net's ecology.",Sci/Tech,Business
"Italian Woman's Veil Stirs More Than Fashion Feud The case of a Muslim woman fined for wearing a veil has created a dispute involving politicians, civil rights groups and a fashion designer.",World,Sci/Tech
"Column: CEO Pay Stays High NEW YORK (Reuters) - U.S. executives are reaping another year of abundant pay, and the rich rewards are likely to stir demands for greater disclosure on how and why heads of companies are compensated.",Business,Sci/Tech
"Forget Bextra NEW ORLEANS - This morning, Pfizer was blindsided as The New York Times reported information about a reanalysis of old data that say the drug giant #39;s Bextra, which is similar to Merck #39;s Vioxx, increased the risk of heart attacks and strokes.",Business,Sports
"Astronauts arrive at space station A RUSSIAN spacecraft has delivered three astronauts to the International Space Station, overcoming docking system problems which had delayed its launch.",Sci/Tech,World
Seahawks Receiver Robinson Suspended by NFL NEW YORK (Sports Network) - Seattle Seahawks wide receiver Koren Robinson has been suspended without pay for four games by the league for violating the NFL's substance abuse policy.,Sports,Sci/Tech
"Sharon acknowledges ignoring road map Prime Minister Ariel Sharon acknowledged that Israel was not following the moribund Mideast peace plan, and said an Israeli pullout from the Gaza Strip was unlikely to revive it, according",World,Sci/Tech
Web Founder Says Cooperation Needed (AP) AP - The inventor of the World Wide Web told a technology conference on Wednesday that making the Web more useful hinges on a familiar challenge: Getting the players behind the technology to agree on standards governing how computers communicate with one another.,Sci/Tech,World
"Accord on restoring rail link reached: Khokhrapar-Monabao route ISLAMABAD, Dec 3: Pakistan and India have agreed to an early resumption of rail link between Khokhrapar and Monabao suspended since the 1965 war.",World,Sports
SAY NEIGHBORS #39; WEAPONS LEAVE THEM VULNERABLE Electrical engineering student Roozbeh Rahimi reflects a common sentiment among Iranians when he expresses hope that this famous tourist city will gain fame soon for its nuclear technology.,World,Sports
"UK #39;s Jaguar Workers Vote Against Strike Workers at Ford Motor Co. #39;s luxury British car unit, Jaguar, voted against a strike over plans to cut jobs and scale back production, unions said on Monday.",Business,Sci/Tech
Pinochet questioned by investigative judge An investigative judge has questioned former Chilean dictator Augusto Pinochet for half an hour to decide whether to indict him in one of hundreds of human rights cases stemming from his 1973-1990 rule.,World,Sports
Lazarus-like virus hits computers A new computer virus is catching people out by coming back from the dead.,Business,Sci/Tech
CBA to purchase local lender #39;s share Commonwealth Bank of Australia (CBA) said yesterday it was in talks with the Jinan City Commercial Bank (JNCCB) about buying a stake in the regional lender.,Business,World
Calif. Official Backs Anthem-WellPoint LOS ANGELES/PHILADELPHIA (Reuters) - California's insurance commissioner on Tuesday ended his opposition to Anthem Inc.'s ATH.N proposed \$16.5 billion acquisition of WellPoint Health Networks Inc. WLP.N after Anthem agreed to hike its funding of state health projects.,Business,Sci/Tech
"Indians Trade Lawton A small-markets swap takes place on Saturday as the Indians send outfielder Matt Lawton to the Pirates for left-handed reliever Arthur Rhodes, sources say.",Sports,Business
"Xstrata puts \$5.8bn bid to shareholders Xstrata yesterday took its \$5.8 billion (3.1 billion) cash bid for Australian miner WMC hostile, laying the ground for another major takeover clash between the old guard and the new of the mining world.",Business,Sci/Tech
"Today's schedule Pro baseball: AL Division Series -- Anaheim vs. Red Sox at Fenway Park (Game 3), 4 p.m.",Sports,Sci/Tech
"Metropolitan Life Mandates Banks For Sterling Bond LONDON (Dow Jones)--Metropolitan Life Global Funding has mandated HSBC, Deutsche Bank and Royal Bank of Scotland to lead-manage its forthcoming sterling-denominated bond issue, one of the lead managers said Thursday.",Business,Sports
Longhorn to put squeeze on gadgets SAN FRANCISCO--Windows makes it easy to quickly download files to iPods and other portable storage devices--a little too easy in the minds of many IT managers.,Sci/Tech,Business
Man United Midfielder Roy Keane Charged (AP) AP - Manchester United midfielder Roy Keane was charged with assault and criminal damage Tuesday over an alleged confrontation with a 16-year-old boy.,Sports,World
VeriSign Touts Childrens' Online Identity Token WASHINGTON (Reuters) - VeriSign Inc. VRSN.O and a children's safety group unveiled a new technology on Thursday that they said would make it easier for children to avoid child predators online.,Sci/Tech,Business
Swedes Blast Gov't Response to Tsunami (AP) AP - Hours after a tsunami flattened south Asia beaches #151; a magnet for thousands of vacationing Swedes #151; the Swedish foreign minister went to the theater.,World,Business
"Travelocity Says Speed Is the Ticket For Growth Sam Gilliand, the chief executive of Travelocity, talks about the online travel industry, the Cendant-Orbitz merger and the woes of the airline industry.",Sci/Tech,World
"SEC Charges Hollinger's Black with Fraud WASHINGTON (Reuters) - U.S. regulators filed fraud charges on Monday against former Hollinger International Inc. HLR.N Chairman Conrad Black and his deputy, David Radler, moving to bar the two from serving as officers of a public company.",Business,World
"Aussie ruling party leads in election polls, but gap narrows The government of Prime Minister John Howard had a narrow lead in opinion polls heading into the final week of campaigning ahead of the Australian federal election, but the opposition Labor party was narrowing the gap, according",World,Sports
"Streamlined Cable TV in a Card An innovation called the CableCard, which slides into a slot on the back of many new TV sets, is meant to eliminate the cable box. So why aren't cable customers hearing more about it?",Sci/Tech,Sports
"Dow Jones Agrees to Buy MarketWatch in \$519 Million Deal Dow Jones Company, the publisher of The Wall Street Journal, has agreed to buy MarketWatch, the parent company of the financial news Web site CBS MarketWatch, for approximately \$519 million, the companies said today.",World,Sci/Tech
"UK gives blessing to open source With most organizations that planned to move already moved to Microsoft Server 2003, OS migration has dropped to the bottom ranks after making its",Sci/Tech,Business
"Holiday Stamps to Be Issued in Oct. (AP) AP - Holiday postage stamps celebrating Christmas, Hanukkah and Kwanzaa will be issued next month, the U.S. Postal Service announced Monday.",World,Business
"Guidant merges with Johnson and Johnson Indianapolis, Dec. 16 - An announcement Thursday morning ends weeks of speculation and means that if Guidant shareholders sign off, Indiana will lose one of its few Fortune 500 companies.",Business,Sports
"Wonder Bread, Twinkies maker files for bankruptcy Interstate Bakeries Corp. , the purveyor of lunch box staples Wonder Bread and Twinkies, filed for bankruptcy protection yesterday, felled by the combination of a more health conscious public and smothering operational costs.",Business,Sports
Sluman shoots course-mark 62 Consistency was the key to Jeff Sluman #39;s record-breaking round on Thursday on the difficult Copperhead Course at the Westin Innisbrook Resort.,Sports,Sci/Tech
"German investor confidence slumped in September BERLIN - German investor confidence dropped sharply in September, a key economic indicator released Tuesday showed amid concerns about the impact of high oil prices on consumer demand and the outlook for the global economy.",World,Sci/Tech
"Survey finds #39;web withdrawal #39; NEW YORK: Nearly half of US Internet users say they could not go without the Web for more than two weeks, with many suffering quot;withdrawal quot; symptoms while offline, according to a recent survey.",Sci/Tech,Sports
China admits it #39;s worried over stalled N.Korean nuclear talks China admitted Tuesday it was worried about the apparent stalling of six-party talks about North Korea #39;s nuclear weapons program and blamed the lack of trust between Pyongyang and Washington.,World,Sports
"#39;Throttle #39; viruses with software Early next year, the computer maker will begin selling software designed to slow the spread of viruses from its ProLiant servers and ProCurve networking equipment, an HP executive said on Tuesday.",Sci/Tech,Sports
"SMART-1 makes lunar orbit The SMART-1 probe has entered its lunar orbit, and the history books as the first European mission to have done so. Professor David Southwood, director of science for the European Space Agency (ESA), said: quot;Europe",Sci/Tech,Sports
Sony plans dual-DVD for Mac The DRX-710UL-T external DVD burner supports both FireWire 400 and USB 2.0. It ships with Roxio Toast 6 Lite. Double-layer support means users can burn up to 8.5GB of data on a single DVDR DL disc.,Sci/Tech,Sports
"EC presses for safer internet The EU Telecommunications Council today today launched Safer Internet Plus, a scheme to help parents and teachers control what children view online.",Sci/Tech,Business
"Redskins lose, Kerry hopes for win TAMPA. Fla. First it was the Boston Red Sox World Series win that had John Kerry grinning, now another sports event has him feeling good.",Sports,World
"Boeing gets downpayments Boeing has received downpayments for up to 200 of its new 7E7 planes in addition to the known 52 orders it has gained, Chief Executive Harry Stonecipher said in an interview published on Thursday.",Business,World
Bush Backs US Tariffs on Shrimp Foreign shrimp producers have denied they are selling shrimp at artificially low prices as a way to win a larger share of the US market.,Business,World
"Singapore #39;s unemployment rate eases to 3.4 as economy expands SINGAPORE : Singapore #39;s unemployment rate has fallen to its lowest level in five years on the back of strong economic growth in the first half of the year, the government said Monday.",Business,Sports
"Cavs to Go Bowling in Boise The University of Virginia football team has accepted an invitation to the MPC Computers Bowl at 2 pm (EST) on Dec. 27 in Boise, Idaho.",Sports,Business
"Norman looking to post a low score Greg Norman will be looking to post a low score to give the leaders a target in the final round of the Australian PGA Championship at Coolum #39;s Hyatt Resort, north of Brisbane.",Sports,Sci/Tech
"Saddam #39;s jailed top aides hold food protest Eight of 11 detainees briefly refuse food over prisoner rights including family visits, access to media. BAGHDAD - The US army said eight of toppled Iraqi leader Saddam Hussein #39;s jailed lieutenants had briefly",World,Sci/Tech
"As hockey clock strikes 12, Canada reclaims World Cup The message board in Canada #39;s dressing room spoke volumes: quot;Practice canceled tomorrow, quot; it read. quot;No one else to beat.",Sports,Sci/Tech
Ravens Stumble to Loss Cleveland holds Jamal Lewis to just 57 yards on 20 carries and Jeff Garcia accounts for two touchdowns to lead the Browns to a 20-3 victory over the Ravens on Sunday.,Sports,Business
"Batman visits Buckingham Palace A security officer stands by as father #39;s rights campaigner Jason Hatch (R), dressed as Batman, protests on a balcony at Buckingham Palace in London, September 13, 2004.",World,Sci/Tech
"Mauritania coup kingpin held Nouakchott, Mauritania - Authorities said on Saturday they arrested the alleged ringleader of a string of foiled coup and assassination attempts against Mauritania #39;s leaders.",World,Business
"Flight From Hong Kong Diverted in UK LONDON Oct. 14, 2004 - A Virgin Atlantic plane heading from Hong Kong to London was diverted to an airport north of London on Thursday after receiving a bomb threat, police said.",World,Sports
"Rights activist, environmentalist wins peace prize Wangari Maathai, a Kenyan woman who started an environmental movement that has planted 30 million trees in Africa and who has campaigned for women #39;s rights and greater democracy in her home country, won the 2004 Nobel Peace Prize yesterday.",World,Sports
"Netflix, TiVo Promise New Service The two companies say they will jointly develop a set-top box to download movies over the internet. Netflix will arrange the movie licensing from Hollywood studios, and TiVo will take care of the product technology.",Sci/Tech,Business
"Smith says Harmison is the weakest link The South Africa captain Graeme Smith has stirred things up before today #39;s first Test against England by claiming that Steve Harmison, the world #39;s leading bowler, is mentally vulnerable and can be disarmed for the rest of the five-Test series if the",Sports,Business
"Kenyan tree planter wins peace prize Wangari Maathai, a Kenyan environmentalist, today became the first African woman to win the Nobel peace prize. Ms Maathai, 64, Kenya #39;s deputy environment minister, heads the Green Belt movement, a group that",World,Business
EMC unveils 'Storage Router' EMC has unveiled long-awaited storage virtualization technology that the company said will allow users to manage its arrays -- and high-end boxes from major competitors -- through a single interface.,Sci/Tech,World
"American Eagle Reaches Deal With Pilots Union leaders representing pilots at American Eagle, the commuter division of American Airlines, have accepted a tentative contract agreement that includes pay raises.",Business,Sports
"Japan Ministers Resign Ahead of Reshuffle TOKYO (Reuters) - Japanese cabinet ministers tendered their resignations on Monday, setting the stage for Prime Minister Junichiro Koizumi to make new appointments aimed at boosting his popularity and tightening his grip on power after a set-back in July's upper house elections.",World,Business
"Major teams bounce back in World Cup soccer qualifiers LONDON: After a mixed bag of results in the weekend #39;s soccer qualifiers, Europe #39;s major countries asserted their authority this morning with France, England and Italy all winning away.",Sports,World
"Office Depot Chairman, CEO Nelson Resigns Office Depot Inc. (ODP.N: Quote, Profile, Research) on Monday said Chairman and Chief Executive Bruce Nelson resigned quot;by mutual agreement quot; with the board, after four years at the helm.",Business,Sci/Tech
News: Sluggish movement on power grid cyber security Industry cyber security standards fail to reach some of the most vulnerable components of the power grid.\,Sci/Tech,Business
"CA to buy Netegrity for \$430 million com October 6, 2004, 7:36 AM PT. This fourth priority #39;s main focus has been improving or obtaining CRM and ERP software for the past year and a half.",Business,Sci/Tech
"Ken Caminiti, 1996 NL MVP, Dies at Age 41 NEW YORK - Ken Caminiti, the 1996 National League MVP who later admitted using steroids during his major league career, died Sunday. He was 41...",World,Sports
"Restoring an Original At Charles Schwab, executives plan a return to the firm's original mission of serving mom-and-pop, buy-and-hold investors.",Business,Sci/Tech
"Lazard Meeting Ends Without IPO Decision PARIS (Reuters) - Lazard's board on Tuesday failed to decide on a share sale that would end over 150 years of private ownership at the independent investment bank but most partners seemed to back the plan, sources close to the matter said.",Business,Sci/Tech
"Web Gaming Changes Social Interactions (AP) AP - Not so long ago, in a galaxy not so far away, Chip Collier was on a mission. ""I really gotta stop bleeding and dying,"" the 24-year old said as he slouched in front of his computer in his ninth-floor Chicago apartment. ""I'm really horrible about not paying attention to my battle fatigue.""",Sci/Tech,World
"Beyond solar system, planets that look familiar The universe looked a little more familiar and friendlier on Tuesday. The roll call of planets beyond the solar system swelled significantly with the announcement of a trio of newly discovered worlds much",Sci/Tech,Business
"Using DNA to stop elephant poachers It #39;s like doing cold-case detective work on elephants, but University of Washington scientist Samuel Wasser has devised an innovative method for pinpointing the DNA fingerprints of poached elephant tusks.",Sci/Tech,Business
"Coke CEO gives pep talk as company lowers outlook Coca-Cola #39;s top executive said Wednesday the beverage maker needs to work harder, better execute its business strategy and improve its culture as he warned that third-quarter per-share income will drop at least 24 percent from a year ago.",Business,Sports
"Vornado Buys 4.3 Pct. Sears Stake Vornado Realty Trust said on Friday it has acquired a 4.3 percent stake in the retailer Sears, Roebuck amp; Co.. Sears #39; stock rose as high as \$45.",Business,Sports
"Queen Urges Thais to Help Govt. Fight Muslim Unrest BANGKOK (Reuters) - Revered Queen Sirikit has urged all Thais to work with the government in its fight against the violence in the largely Muslim south, where almost 500 people have been killed since January.",World,Business
NASA braces for Frances Thousands of automobiles clogged Florida #39;s highways during the largest evacuation in state history as residents anticipated the arrival of Hurricane Frances.,Sci/Tech,Business
"ATA: Customers Won #39;t Be Affected By Bankruptcy INDIANAPOLIS -- ATA says it will honor all tickets and maintain its full schedule, after filing for Chapter 11 bankruptcy Tuesday.",Business,Sports
Final respects paid to Arafat Palestinians pay their last respects to Yasser Arafat after chaotic scenes at his burial in Ramallah.,World,Sports
US Supreme Court To Hear File-Sharing Case WASHINGTON -- The US Supreme Court will take up one of the key arguments about the use of file-sharing services. The justices will consider whether peer-to-peer Internet file-sharing services can be held responsible,Sci/Tech,Business
"Utes Pile It On Alex Smith throws for three touchdowns, rushes for two more and finishes with 435 yards of offense, and No. 20 Utah backs up its first preseason ranking with a 41-21 win over Texas A M.",Sports,Business
Nepal blockade 'blow to tourism' Nepal tour operators say tourists cancelled millions of dollars of bookings due to the rebel blockade of Kathmandu.,Business,Sci/Tech
OPM Delving Deeper Into Employees #39; Backgrounds which sets hiring and employment standards for the government -- is reviewing its employees to ensure that they are suitable for jobs involving the quot;public trust.,Sci/Tech,Sports
"Dell Offers SUSE on Servers Dell (Quote, Chart) officials announced Wednesday an agreement with Linux distributor Novell (Quote, Chart) to distribute and support SUSE Enterprise Server 9 on its single- and dual-processor line of servers.",Sci/Tech,Business
"Singapore Shares End Lower Singapore shares ended lower Monday, hurt by below-expected third-quarter economic data that added to ongoing concerns over high oil prices and weakness on Wall Street.",Business,World
Start-up OQO to launch hand-size PC Want a full-fledged Windows XP computer that's about the size of a Pocket PC? Tiny machine debuts after two years of delay.,Sci/Tech,Business
Police use stun gun to subdue T-Wolves #39; Olowokandi Minnesota Timberwolves center Michael Olowokandi was arrested early yesterday after police used a stun gun to subdue him when he refused to leave an Indianapolis club.,Sports,World
Surrey poised to sign Harbhajan Surrey are waiting for approval from the Board of Control for Cricket in India before announcing Harbhajan Singh as an overseas signing for 2005.,Sports,Business
"PeopleSoft CEO Conway maintains defiant tone SEPTEMBER 21, 2004 (IDG NEWS SERVICE) - With 15,000 attendees at PeopleSoft Inc. #39;s Connect 2004 user show waiting to hear how the company would handle Oracle Corp.",Business,Sci/Tech
"Residents Protest Nation #39;s First Hydrogen Refueling Station Two dozen protesters greeted Mayor Tony Williams and top executives of Shell, who came to open North America #39;s first hydrogen refueling station.",Business,Sports
"Nigerian oil flows despite rebel threat-companies Oil should continue to flow from Nigeria, the world #39;s seventh largest exporter, despite a rebel threat to attack foreign oil workers in an quot;all-out war quot; due to start on Friday, multinational energy companies said.",World,Business
"New trade war erupts over Boeing, Airbus A decades-long struggle between the world #39;s two largest aircraft makers escalated into a new trade war between the United States and Europe, just as France-based Airbus stepped",Business,Sci/Tech
Putin Says Plane Crashes Involved Terrorists Linked to Al-Qaeda Russian President Vladimir Putin today said the explosions that brought down two airliners in Russia a week ago were the work of terrorists linked to the al- Qaeda terrorist network.,World,Sci/Tech
#39;Marathon mouse #39; doubles stamina Scientists in the United States have genetically engineered mice which can run twice as far as normal before becoming exhausted. The researchers say their finding could lead to drugs or gene,Sci/Tech,Sports
"Boeing thinks Airbus is too optimistic on sector recovery The head of US aircraft maker Boeing, Harry Stonecipher, said Friday that the recovery in the sector would not be as strong as arch-rival Airbus was anticipating.",Business,World
"US economic growth slips to 2.8 Annual US economic growth fell to 2.8 in the second quarter of 2004, marking a slowdown from the 3 estimated a month ago.",World,Business
Stelco Financing by Deutsche Bank Gets Court Approval (Update2) Deutsche Bank AG #39;s C\$900 million (\$759 million) proposal to provide financing to Stelco Inc. was approved by an Ontario judge over the objections of rival bidders and Stelco #39;s unions.,Business,Sports
"Girls 'observe' French scarf ban Only about 100 French Muslim girls are breaking the new ban on headscarves at school, the education minister says.",World,Sci/Tech
Ukraine awaits election-deal details The Supreme Court is expected to rule Friday on rerunning the country's disputed presidential election.,World,Sci/Tech
TiVo loss widens SAN FRANCISCO (CBS.MW) - TiVo said its second-quarter loss widened from a year earlier on higher customer acquisition costs. Free!,Sci/Tech,Sports
"Australia, US seal free trade agreement (AFP) AFP - Australia and the United States sealed a free trade agreement to start January 1, 2005 after clearing last-minute obstacles.",World,Business
"Pinault-Printemps Redoute to sell holding in Rexel LONDON, November 30 (newratings.com) - Pinault-Printemps Redoute SA (PPX.FSE) plans to sell its controlling stake in the electrical parts distributor, Rexel (RXL), to a group of private firms for 1.92 billion (\$2.55 billion).",Business,Sci/Tech
"Steelers' Staley Downgraded to Doubtful (AP) AP - Pittsburgh Steelers running back Duce Staley was downgraded to doubtful Friday with a sore hamstring, meaning he will almost certainly miss a third consecutive game Sunday.",Sports,World
Federal CISOs Rank Patch Management As Biggest Obstacle Survey by Intelligent Decisions indicates that patch management leaves less time for chief information security officers to work on improving overall security.,Business,Sports
Spam on the menu at annual virus conference BOSTON - Computer viruses and worms will have to share the stage with a new challenger for the attention of attendees at a conference of antivirus researchers: spam e-mail.,Sci/Tech,Sports
"Black Market in British Treasure Sold on EBay (Reuters) Reuters - Pieces of Britain's past, including a\second-century silver ring and a 500-year-old Tudor trade\weight, are among artifacts being peddled daily on the Internet\to the alarm of experts at the British Museum.",World,Sci/Tech
Manpower forecasts positive 4Q hiring pattern Fourth quarter hiring in the Buffalo Niagara Falls market is expected to be on the rise according to the latest Manpower Employment Outlook Survey.,Business,Sci/Tech
Petroleum and natural-gas supply data due out Thursday SAN FRANCISCO (CBS.MW) -- A rally in heating-oil futures to a fresh record and gains for natural gas for the first time in four sessions pulled crude prices more than \$1 a barrel higher Wednesday.,Business,Sports
"Investors expect PeopleSoft shareholders to back Oracle bid REDWOOD SHORES, Calif. Investors continue to bet today that most PeopleSoft shareholders will back Oracle #39;s nine-point-two (b) billion-dollar takeover bid for its bitter rival.",Business,Sci/Tech
"Schilling, Morris face tall task So what will Curt Schilling do for an encore tonight? Take the mound without a flu shot? Five days after baseball #39;s most inspiring comeback that didn #39;t involve an Iowa cornfield, Schilling",Sports,Sci/Tech
Blair heads to Hungary for summit Tony Blair is to address leaders at conference of centre-left leaders in Hungarian capital Budapest.,World,Sci/Tech
"Paralympics: China Surges As First Doping Cases Result In Lifetime ... ATHENS (AFP) - The Athens Paralympics weathered its first doping scandal, while juggernaut China continued to dominate the competition, racking up nearly twice as many as second-place Britain over the first four days of competition.",Sports,World
"Hungary citizenship fails due to low turnout (AFP) AFP - Voters in Hungary failed to turn out in sufficient numbers to pass a referendum to extend citizenship to millions of ethnic Hungarians living in the region, a motion that split the country and drew fire from neighboring governments.",World,Sci/Tech
"Williams' Status at USC Still Unresolved (AP) AP - Standout receiver Mike Williams is all but certain not to play Saturday night when top-ranked Southern California opens its season because of continuing delays in the school's appeal process to the NCAA. After that, who knows? USC has applied to the NCAA for a progress-toward-degree waiver and reinstatement of Williams' eligibility.",Sports,World
Downer welcomes terror charge THE federal government has welcomed the bringing of formal terrorism charges against Indonesian militant cleric Abu Bakar Bashir. A spokesman for Foreign Minister Alexander Downer said the charges reflected,World,Sports
Santander accelerates Abbey bid Santander says it aims to complete its takeover of UK mortgage lender Abbey one month sooner than originally planned.,Business,Sci/Tech
India and Bangladesh Neglect Their Enclaves (Reuters) Reuters - Nazrul Islam is an Indian\living in an Indian village.,World,Sports
"Virtual Warriors Have Feelings, Too Instead of playing Halo 2 as intended, a filmmaker and a crew of machinima peers exploit the game's software quirks to create their online comedy series, Red vs. Blue, within Halo's virtual world.",Sci/Tech,Business
"THE UNFOLDING UNIFORM Pakistan is inherently unstable. Dealing with them is like playing with matches in a forest. - Larry Pressler. That statement from Larry Pressler, made during his recent visit to India, coincided with",World,Business
"Wiretapping on the Net: Who pays? NEW YORK At first glance, it might seem like the simple extension of a standard tool in the fight against the bad guys. But in fact, wiretapping Internet phones to monitor criminals and terrorists is costly",Sci/Tech,Business
F1 BOSS LOSES COURT CASE Formula One boss Bernie Ecclestones control over the sport may be on the decline after a court ruled against him in a dispute with three banks.,Sports,Business
"Seven suspected terrorists arrested in Spain Spain #39;s Interior Minister says police have broken up a radical Muslim cell, plotting to bomb the country #39;s National Court.",World,Sports
"Intel guns for remote wireless device management SAN FRANCISCO - Intel Corp. is working on a device management technology that could allow IT departments to take advantage of existing management software and bring a host of disparate wireless devices under the IT department umbrella, an Intel executive said Monday at the Cellular Telecommunications and Internet Association's Wireless Entertainment and IT conference here.",Sci/Tech,Business
"Young People Practicing Unhealthy Habits They show greatest increase in smoking, obesity and poor eating, study says HealthDayNews -- Smoking, obesity and poor eating habits increased among young people in the United States in the 1990s, a trend that may lead to higher future rates of cancer, heart disease, diabetes and lung disease as that generation ages. That warning comes from a study in the September/October issue of the American Journal of Health Promotion...",Sci/Tech,World
"EU Head Office Trims 2005 Growth Forecast (AP) AP - The European Union's head office issued a bleak economic report Tuesday, warning that the sharp rise in oil prices will ""take its toll"" on economic growth next year while the euro's renewed climb could threaten crucial exports.",World,Sci/Tech
"Pedro, GM welcome challenge that awaits The Boston Red Sox could offer Pedro Martinez the still-dizzying celebration of a city that he helped to a historic World Series championship.",Sports,Sci/Tech
Probe Sought on Charges FDA Discredited Whistleblower The head of the Senate Finance Committee called on the US Department of Health and Human Services to launch a probe of allegations that the US Food and Drug Administration went out of its way to discredit a whistleblower.,Business,Sci/Tech
"Why 2004 was the year of the blog A US dictionary publisher declares ""blog"" as one of the words of the year.",World,Sports
Santander: Rejects Spanish court tax ruling on execs LONDON (CBS.MW) -- Spain #39;s Banco Santander (STD) said it was in quot;complete disagreement with a judicial decision quot; on Wednesday after a Spanish court ruling on tax fraud in a case dating from the 1980s.,Business,Sci/Tech
Greek weightlifter awaits verdict Greek weightlifter Leonidas Sampanis will find out on Sunday if he is to be stripped of his medal.,World,Sports
Lab used by LAPD falsified DNA data and possibly dozens -- of pending criminal cases to determine whether critical evidence was tainted or falsified during,Sci/Tech,Sports
Bin Laden Deputy: U.S. Will Be Defeated (AP) AP - Osama bin Laden's chief deputy proclaimed the United States will ultimately be defeated in Iraq and Afghanistan in a videotape broadcast Thursday that appeared to be a rallying call for al-Qaida ahead of the anniversary of the Sept. 11 attacks.,World,Sci/Tech
Costecu Makes It Two Denisa Costescu follows up her victory in Indianapolis on Saturday with another win at the Veteran's Day 10K Sunday in Washington.,Sports,Business
"Symantec to Buy Veritas for \$13.5 Billion NEW YORK (Reuters) - Security software maker Symantec Corp. has agreed to buy Veritas Software Corp. for \$13.5 billion, expanding into the backup and recovery software market, the companies said on Thursday.",Business,Sci/Tech
Sail away into space The ancient art of sailing gets a space-age update next year with the launch of the first sunlight-propelled quot;solar sail quot; spacecraft.,Sci/Tech,Business
Software Service Aims to Outfox Caller ID A new computerized service enables customers to create phony outbound phone numbers in order to mask their telephone identities.,Business,Sci/Tech
"Dodgers ready for anything com. When Dodgers coach Glenn Hoffman makes out the daily schedule of Spring Training drills, there are entries for pickoffs and cutoffs, bunt situations and hit-and-runs.",Sports,Sci/Tech
"CSFB May Cut Costs by Merging Units, Shedding Jobs, People Say Credit Suisse First Boston, the securities arm of Switzerland #39;s second-biggest bank, plans to cut costs by combining some units and eliminating jobs, people familiar with the matter said.",Business,World
"Better Talk Now upsets rough Breeders #39; Cup Turf GRAND PRAIRIE, Texas (Ticker) - After further review, Better Talk Now proved to be the best after all. Overcoming huge favorite Kitten #39;s Joy, Better Talk Now pulled off a surprising upset in Saturday #39;s \$2 million Breeders #39; Cup Turf at Lone Star Park.",Sports,Sci/Tech
"Labor Allies Want Senate to Block OT Rules (AP) AP - Fresh from their triumph in the House, labor allies want the Senate to derail new Bush administration overtime rules that critics say would prevent 6 million American workers from getting the bonus pay.",World,Sports
Judge declines to dismiss BALCO case A federal judge said Wednesday that she would not immediately dismiss charges against four men accused of distributing steroids to top athletes.,Sports,Business
"Acrimony in the air on eve of Northern Ireland talks (AFP) AFP - All-party talks to kickstart Northern Ireland's peace process, in limbo for nearly two years, get underway at Leeds Castle with acrimony already in the air.",World,Business
"Frances Knocks Out Power, Floods Florida FORT PIERCE, Fla. - Hurricane Frances' wind and water whacked swaths of southern Florida with fire-hose force Sunday, submerging entire roadways and tearing off rooftops even as the storm weakened and crawled inland with heavy rain in its wake...",World,Sports
"A9 Offers Search Results From Five Sources A9 Offers Search Results From Five Sources\\A9, the search engine from Amazon.com, has relaunched its search engine. It now offers search results from several different sources, including the IMDB and of course, Amazon.com. \\I decided to search for Duke Ellington. ""Duke Ellington"" brought about 156,000 results (less than half the ...",Sci/Tech,Sports
"US Army considers shorter combat tours WASHINGTON -- The US Army may shorten yearlong combat tours in Iraq and Afghanistan amid concerns the long and perilous duty is making it difficult to recruit soldiers and keep current ones, officials said yesterday.",World,Business
Iran Is Criticized for Its Lack of Candor on Nuclear Program The International Atomic Energy's 35-nation board of governors passed a resolution calling for the country to suspend all uranium enrichment activities that could contribute to producing fuel for a nuclear bomb.,World,Sports
"Thanks for the Pageviews, Ivan Bad weather has been very good for business at Weather.com and other popular forecasting sites. They are posting record traffic in the wake of Hurricane Ivan's arrival on the mainland. By Joanna Glasner.",Business,Sports
"Cink surfaces as Donald sinks Stewart Cink, who needed only to play around par to convert a five-stroke lead after 54 holes into a win, did just that in the NEC Invitational at Firestone yesterday.",Sports,Business
"Mammoth toxic algae bloom sighted off Washington state coast SEATTLE - A toxic algae bloom 30 miles wide has been detected 15 miles off the northwest coast of Washington state, the largest and most potentially lethal yet found by scientists in the region.",Sci/Tech,Sports
"Victory Looms for Karzai as Vote Probe Continues Hamid Karzai was assured of a majority in Afghanistans election to become its first democratically chosen president. With nearly 95 per cent of votes counted, the interim leader already has more than half",World,Sports
"Stocks Edge Higher As Oil Prices Retreat NEW YORK - A sharp drop in oil prices gave Wall Street a modest relief rally Monday, with stocks edging higher on news that oil production had soared during the month of September. Investors who have sold stocks for months as oil prices climbed reversed course Monday and started buying as the price of crude declined...",World,Business
"Rebel Attacks Kill 12 Iraqis; GI #39;s Injured Insurgents launched strikes on Saturday at United States and Iraqi outposts across Iraq, killing at least a dozen Iraqi police officers and national guardsmen",World,Sports
"Science ; As ice thaws, arctic peoples at loss for words Science News, Iceland, What are the words used by indigenous peoples in the Arctic for quot;hornet, quot; quot;robin, quot; quot;elk, quot; quot;barn owl quot; or quot;salmon?",Sci/Tech,Sports
"No Changes for Certain Nortel Accounting Nortel Networks Corp. (NT.TO: Quote, Profile, Research) said on Wednesday that a far-reaching revision of its faulty financials will not require accounting changes for sales of certain fiber optic equipment.",Business,Sports
"Wal-Mart Keeps Same-Store Sales Outlook CHICAGO (Reuters) - Wal-Mart Stores Inc. WMT.N, the world's largest retailer, said on Saturday it still anticipates a 2 percent to 4 percent increase in November sales at its stores open at least a year.",Business,Sci/Tech
"Alleged U.S. Deserter Set to Surrender (AP) AP - Accused U.S. Army deserter Charles Jenkins left his Tokyo hospital for an American military base to surrender to military authorities Saturday, nearly 40 years after he allegedly defected to North Korea.",World,Sci/Tech
"Share-deal ban signals MGM deal MOVIE studio Metro-Goldwyn Meyer has reportedly banned some of its staff from buying or selling its shares, stoking speculation that a multibillion-dollar takeover of the group could be days away, with Time Warner the favoured candidate.",Business,Sports
"Greek School Bus Crash Kills Seven, Injures 24 KAMMENA VOURLA, Greece (Reuters) - A bus carrying school students and teachers to the Athens Paralympic Games collided with a truck in central Greece on Monday killing at least seven people and injuring 24, officials said.",World,Sports
"Net giants adopt anti-spam system Some of the net's biggest players such as AOL, Hotmail and Yahoo are stepping up efforts to combat spam.",Sci/Tech,Sports
"Keane hits two to put Spurs back on track Tottenham, in disarray last weekend following the shock resignation of manager Jacques Santini, got their troubled campaign back on the rails last night by putting Championship opponents",Sports,Business
Bryant Makes First Appearance at Trial (AP) AP - NBA star Kobe Bryant arrived at his sexual assault trial Monday as attorneys in the case who spent the weekend poring over questionnaires prepared to question potential jurors individually.,Sci/Tech,Sports
"Ivan Roars Into Gulf of Mexico Hurricane Ivan skirted the western tip of Cuba on Monday and arced into the Gulf of Mexico with sustained winds of 160 mph, bearing down toward landfall on the U.S. Gulf Coast later this week.",World,Sci/Tech
Personal Tech Fast Forward columnist Rob Pegoraro discusses his latest column on Windows Media Player 10 and answer your personal tech questions.,Sci/Tech,Sports
"Trial of Accused US Vigilantes Resumes KABUL, Afghanistan Aug. 23, 2004 - A defense lawyer for one of three Americans accused of torturing a dozen Afghan prisoners in a private jail showed a video in court Monday of Afghanistan #39;s former education",World,Business
"Minutemen KO'd by Dukes HARRISONBURG, Va. -- Opposing running backs are beginning to enjoy playing against the University of Massachusetts.",Sports,Sci/Tech
"Terms of Endearment Seems that the Bush administration, unlike previous White Houses, is not necessarily averse to allowing its ambassadors to have second tours. For example, word is that John Thomas ""Tom "" Schieffer , the Texas oilman who brought President Bush into the Texas Rangers baseball club partnership and who is now ambassador to Australia, is to hang out in the Pacific a while longer, this time as ambassador to Japan.",World,Business
"ATA Files for Bankruptcy Protection ATA Holdings Corp. (ATAH), parent of struggling low-cost carrier ATA Airlines, on Tuesday filed for Chapter 11 bankruptcy protection as falling fares and soaring fuel prices drained it of cash.",Business,Sports
Profile: Leftist Vazquez wins Uruguay presidential poll Uruguay #39;s leftist candidate Tabare Vazquez won a historic victory in Sunday #39;s presidential elections with more than 50 percent of the ballot.,World,Sports
"Justices to debate mail-order wine Being freelance wine critics may sound like a sweet gig, but Ray and Eleanor Heald have soured on it. Because their home state, Michigan, blocks direct shipments from out-of-state",Business,Sci/Tech
"Diesels, Hybrids Fated to Wed Two leading technologies used in fuel-efficient vehicles seem destined to unite. Industry experts say joining hybrid motors with diesel engines would result in the greenest mainstream vehicles ever, and the initial tests are promising.",Business,Sci/Tech
"Racing in an Evening Gown (Forbes.com) Forbes.com - Not every driver was dressed formally for the start of this year's Bullrun, a road rally that begins in London, at the Marble Arch, and ends three days later in Ibiza, Spain. Yet as drivers thrummed their engines nervously on the afternoon of Sept. 23, waiting for the checkered flag, a quick inspection of the field revealed one entrant clad in an Oxford shirt and gray pinstripe blazer, another sporting a tuxedo, and a third--me--wearing a red couture Matthew Earnest gown.",Business,Sports
"Spanish bank makes bumper profits The Spanish bank which is buying Abbey made a 2.2bn profit (3.1bn euros)in the first nine months of 2004. Banco Santander Central Hispano, which is acquiring the UK lender in a 8.",Business,Sports
"KASHMIR LEADER SURVIVES ATTACK The head of Indian Kashmir #39;s main opposition party, Omar Abdullah, has survived a second assassination bid in a month. Police say seven people were injured when rebels detonated a bomb a few steps away from Mr Abdullah, two of them critically.",World,Sci/Tech
"American Fare Cuts Presage Price War American Airlines slashed its fares to Miami yesterday by as much as 85 percent from several cities including Washington's Reagan National Airport, possibly setting off a winter fare war on routes to Florida.",Business,Sci/Tech
"Lexmark Loss Good for Consumers Lexmark's loss in court on Tuesday may mean that consumer electronics companies won't try to use the Digital Millenium Copyright Act as an all-purpose competition shield anymore, consumer advocates say. By Katie Dean.",Business,World
"Hit animated films boost Pixar Pixar Animation Studio reported on Thursday strong third-quarter results that were lifted by solid home video sales of its older blockbuster hits quot;Finding Nemo #39; #39; and quot;Monsters, Inc.",Business,Sci/Tech
"#39;Blog #39; Tops Online Dictionary List short for quot;Weblog quot; -- was the most-frequently requested definition at Merriam-Webster #39;s online dictionary site, the publisher says.",Sci/Tech,Sports
"ScanSoft to acquire 3 software firms ScanSoft Inc. said it plans three acquisitions. The company will acquire Phonetic Systems Ltd., a provider of automated directory assistance and voice-based programs, for \$35 million in cash, and an additional consideration of up to \$35 million, based on the achievement of performance targets and the potential vesting of a warrant to buy 750,000 common shares. ART Advanced Recognition Technologies ...",Business,Sci/Tech
"MSN Enters Blogging Fray with quot;Spaces quot; Microsoft #39;s MSN has introduced a beta version of its new blogging tool, MSN Spaces, which it expects will eventually be supported by advertising.",Sci/Tech,Sports
"Wenger commits future to Arsenal Arsenal FC have agreed a three-year contract extension with manager Arsne Wenger, retaining the Frenchman #39;s services until May 2008.",Sports,Business
"Been there, won that: ND hopes USC game mirrors effort vs. ... SOUTH BEND, Ind. -- For the second time in less than a month, the Notre Dame football team returned to the practice field Tuesday after a bye week preceded by a frustrating home loss.",Sports,Business
"How Deadly Are Scorpions? A Malaysian woman has broken the world record for time spent living in a scorpion-filled box. Nur Malena Hassan, 27, has so far endured 32 days in a glass case with 6,069 scorpions; she",World,Sci/Tech
Banks seek court ruling over F1 Three banks go to the High Court in London seeking a ruling which could lead to Bernie Ecclestone losing control of Formula One racing.,Business,Sci/Tech
Sunday: A fierce battle between US forces and Shiite militants ... Tuesday: A Shiite insurgency appeared to be weakening as Iraqi forces moved to within 200 yards of the Imam Ali Shrine. Wednesday: Iraq #39;s top Shiite cleric returned home with a peace initiative demanding an end to the fighting in Najaf.,World,Sci/Tech
Suit says secret accounts at DCX used for bribes The Securities and Exchange Commission is investigating allegations that German automaker DaimlerChrysler AG maintained at least 40 secret bank accounts to bribe foreign government officials,Business,World
"Thousands of Japanese endure night outdoors DESTRUCTION: At least 21 people have been killed by the quake, which has forced thousands to evacuate. Yesterday, many were readying to spend another chilly night outside.",World,Business
Jones Buys Barneys in \$400 Million Deal A company with a middle-brow reputation announced a deal today to buy the singularly trendy clothing chain.,Business,Sports
"A target for terrorists An election campaign parades the political divide in the community. Yesterday, amid the extraordinary uncertainty about whether Australians had been taken hostage in Iraq, we saw the glue that unites the two sides of politics.",World,Sports
"Thunderbird email client goes gold Version 1.0 of the Mozilla Thunderbird email client is finally available for download, according to an announcement from the Mozilla Foundation.",Sci/Tech,Business
"Schrder adopts Russian orphan Three-year-old Victoria, from St Petersburg, has been living at the Schrders #39; family home in Hanover in northern Germany for several weeks.",World,Sports
"Court Declines to Hear Gay Marriage Case (AP) AP - The Supreme Court on Monday sidestepped a dispute over gay marriages, rejecting a challenge to the nation's only law sanctioning such unions.",World,Business
"Mounties left in dark by U.S. on deportation of Syrian-born Canadian (Canadian Press) Canadian Press - OTTAWA (CP) - The Mounties provided information on Maher Arar to American authorities but were left in the dark when the U.S. deported the Canadian citizen to Syria, newly released documents show.",World,Business
NHS signs nine-year extension with Microsoft The National Health Service (NHS) has extended a software licensing deal with Microsoft for nine years - three times longer than its current agreement.,Sci/Tech,Sports
Poland opens Katyn probe Polish war crimes prosecutors examine the 1940 deaths of members of the Polish elite in Russia's Katyn Forest.,World,Business
AOL Files Lawsuit Against IM #39;Spim #39; America Online Inc. said Thursday it had filed a federal lawsuit accusing numerous unnamed defendants of violating federal and state laws by sending bulk messages known as quot;spim quot; to instant message accounts and Internet chat rooms.,Business,Sci/Tech
"Bambang unveils plans for his first 100 days JAKARTA - Mr Susilo Bambang Yudhoyono, who is almost certain to emerge the winner of the country #39;s first direct presidential polls, has begun to unveil plans for his first 100 days in power.",World,Sports
"APPLE #39;S NEWEST WRINKLE: THE CUSTOMIZED, U2 IPOD Apple Computer and the rock band U2 have inked a deal to sell customized iPods, The Post has learned. The announcement will be made at a splashy event Oct.",Sci/Tech,Sports
"Phoney eBay bidders fined EIGHT eBay sellers were ordered to pay nearly \$US90,000 (\$118,000) in restitution and fines after admitting they had bid on products to inflate the prices.",Business,Sci/Tech
"First Albany cuts target for Intel, keeps #39;buy #39; rating NEW YORK (CBS.MW) -- First Albany lowered its stock price target for Intel (INTC) to \$24 from \$30 following the chip sector bellwether #39;s lowered third-quarter revenue and margin outlook.",Business,Sci/Tech
"Xstrata Makes a Bid for WMC Resources Swiss mining group Xstrata PLC Monday launched a hostile 7.4 billion Australian dollar (US\$5.8 billion; euro4.4 billion) bid for uranium and copper miner WMC Resources LTD, increasing pressure on the independent Australian miner.",Business,Sports
US Forces Move Deeper Into Fallujah; Clashes in Mosul US and Iraqi forces are pushing deeper south into the city of Fallujah on the fifth day of a joint offensive to drive out insurgents.,World,Business
JFK Airport sees most growth among top US airports John F. Kennedy International Airport saw the most growth in passengers over the last year among the nation #39;s 25 busiest airports.,Business,Sci/Tech
"Clinton Has Successful Quadruple Bypass NEW YORK - Bill Clinton underwent a successful quadruple heart bypass operation Monday to relieve severely clogged arteries that doctors said put the former president at grave risk of suffering a heart attack. Clinton is expected to make a full recovery, but doctors said he was fortunate to have checked himself into the hospital when he did...",World,Sports
"Two Charged in S. African Nuclear Trafficking Case JOHANNESBURG, Sept. 9 -- A German man and his colleague appeared in court Thursday on charges of violating South Africa #39;s ban against nuclear proliferation, according to news reports.",World,Business
"Oil Prices, Earnings Send Stocks Lower NEW YORK - Investors sent stocks lower Tuesday as oil prices crossed another milestone, \$54 per barrel. Earnings reports from heavyweights Johnson Johnson and Merrill Lynch Co...",World,Business
Rockets' McGrady Puts on Memorable Finish (AP) AP - Tracy McGrady needed only 35 seconds to turn a sure loss into an improbable win and a listless 20-point night into one of the league's most memorable clutch performances.,Sports,World
"The radical Islamic cleric was deported from Germany late Tuesday ... Turkish officials were doing what was necessary in regard to the return of Metin Kaplan, who was deported by Germany on Tuesday after a Cologne court ruled he could be extradited, Erdogan told reporters.",World,Sports
"Stern Blasts FCC at Satellite Promotion #39;Down With the FCC! #39; Howard Stern Says at New York Rally to Promote Switch to Satellite Radio. Radio host Howard Stern, below center, waits as thousands of his fans line up to receive a free Sirius radio from him in Union Square in New York Thursday, Nov.",Business,Sports
"Nikkei Seen Flat; Earnings, Data Awaited TOKYO (Reuters) - Japanese stocks are expected to change little from the previous day's closing levels on Thursday as investors await key domestic economic data and earnings reports from companies such as Tokyo Electron Ltd. September machinery orders data is due on Thursday afternoon, ahead of Friday's gross domestic product (GDP) figures for the July-September quarter.",Business,Sci/Tech
Postal Service to Use Motorola Devices (AP) AP - Motorola Israel Ltd. said Monday it will provide the U.S. Postal Service with new hand-held scanning devices under a three-year deal worth about #36;300 million.,Sci/Tech,World
"Drastic UAL cuts United Airlines, trying to further pare costs so it can emerge from bankruptcy, said Thursday it is seeking about \$725 million in annual savings through proposed pay",Business,Sci/Tech
"Santander Takeover of Abbey Approved by UK #39;s FSA (Update1) The UK #39;s Financial Services Authority approved Santander Central Hispano SA #39;s 9.4 billion-pound (\$17.4 billion) takeover of Abbey National Plc, paving the way for Europe #39;s biggest cross-border bank merger.",Business,Sci/Tech
"Taking Advantage of the Terminally Stupid Would you pay \$4 for something that, at best, is worth a dime? Concord Communications shareholders would.",Business,Sci/Tech
South American World Cup Qualifiers: Brazil Ease Past Bolivia An impressive first-half display from Brazil saw the Selecao defeat Bolivia 3-1 to move back to the top of the South American World Cup qualifying group.,Sports,Sci/Tech
"As reserve, Penny seeks Knick payoff The aging process for veteran NBA players is usually accelerated when they have reached their tenth season. Penny Hardaway has 11 years and 647 games on his odometer and he can feel it in his bones and joints.",Sports,Business
"Take control of your desktop chaos Dragging and dropping files into well-organized desktop folders can be a chore for everyone but the most fastidious. A new technology, however, aims to do most of the work for you.",Sci/Tech,Business
"12 nations agree to locust battle plan DAKAR, Senegal -- Residents burned tires and children took to the streets with sticks in Senegal's capital yesterday to fight an invasion of locusts, as 12 West African nations agreed on a battle plan.",World,Business
"Creators of private spaceship announce plans for second launch ... The creators of a private rocket plane will go ahead with plans for another launch next week in a quest to claim a multimillion-dollar prize, despite a harrowing flight in which the spacecraft rolled dramatically while hurtling toward",Sci/Tech,Sports
"Restive Maldives eases curfew after rounding up dissidents (AFP) AFP - A curfew in the capital of the Maldives was eased but parliament sessions were put off indefinitely and emergency rule continued following last week's riots, officials and residents said.",World,Sci/Tech
"Florida #39;s prepaid tuition program thriving Already the biggest of its kind in the country, Florida #39;s popular prepaid-tuition program expects to count its millionth customer during a sign-up period that runs Monday through Jan. 31.",Business,Sports
"N. Koreans Seek Asylum in Beijing Twenty-nine people believed to be North Koreans have entered a South Korean school in Beijing, apparently seeking asylum. Diplomats say the group, including two children, entered the school early Friday.",World,Sci/Tech
"Poland to cut Iraq troops by 2006 Poland will reduce its commitment of forces to the war in Iraq by 40 percent by the end of 2005, the Polish Defense Ministry in Warsaw says.",World,Business
CA integrates PestPatrol anti-spyware Computer Associates (CA) has integrated an anti-spyware product with its eTrust Security Management portfolio. The integrated product called eTrust PestPatrol Anti-Spyware r5 includes faster detection and removal and an enhanced graphical interface.,Sci/Tech,World
"Hong Kong democrats win more seats Democrats have tightened their grip on Hong Kong #39;s legislature, but still have no mandate to push their agenda of universal suffrage in the southern Chinese enclave.",World,Sports
"U.S.: Korea Cloud Not From Nuclear Blast SEOUL, South Korea - A huge mushroom cloud that reportedly billowed up from North Korea was not caused by a nuclear explosion, South Korean and U.S. officials said Sunday, but they said the cause was a mystery...",World,Sci/Tech
"Changes to Nigeria union bill The Nigerian senate passes a bill to curb the power of the trade unions, but amends the no-strike clause.",World,Business
"Senate Resolves Corporate Tax Bill Delay WASHINGTON - The Senate late Sunday resolved a dispute delaying passage of a sweeping corporate tax bill and two spending bills for disaster relief and homeland security, clearing the way for senators to adjourn Monday to hit the campaign trail. The agreement removed parliamentary roadblocks thrown up by Sen...",World,Sports
"This silence can't be golden What does Larry Bird think of Ron Artest's recent sabbatical? He's not saying. But given that this was a guy who came out of traction to play a game, we can pretty much assume what he has said behind closed doors.",Sports,Business
Xamlon looks to beat Microsoft to the punch This fourth priority #39;s main focus has been improving or obtaining CRM and ERP software for the past year and a half. Software engineer and entrepreneur Paul Colton thinks he can beat Microsoft by taking a page from its play book--literally.,Sci/Tech,Sports
"\$70 Billion Increase in War Funding Sought The Bush administration intends to seek the emergency funding for the wars in Iraq and Afghanistan early next year, officials said on Monday.",World,Business
"Video Shows March Madrid Bombing A ball of fire erupts from a train car, smothering commuters with smoke and littering the platform with bodies and staining it with blood in a chilling security-camera videotape of the March 11 train bombings broadcast Tuesday by a Spanish station.",World,Sports
"From Digital Camera to Print, No Computer Required The big news in digital photography is the explosion of printers designed exclusively for 4-by-6 photos. A comparison of seven printers vying for your business.",Sci/Tech,Sports
"Is Apple Photogenic? With competitors avidly trying to nibble at the iPod #39;s market share, Apple (Nasdaq: AAPL) has released its ostensibly new and improved version.",Sci/Tech,Business
"Five Times for the Fed Plus, Intel's still straining, revenge of the nerds, and a \$13 billion Christmas present?",Business,Sci/Tech
"IBM Claims Its BlueGene Supercomputer Is the Fastest IBM Corp. on Wednesday said it has developed the world #39;s fastest computer - a 16,000-processor version of its BlueGene/L supercomputer.",Business,Sci/Tech
"Mindawn offers DRM-free music downloads (MacCentral) MacCentral - Mindawn is a new online music download service that differs from Apple Computer Inc.'s iTunes Music Store and other services in a few ways: It's not only compatible with Macs and PCs but with Linux computers too, its music is available in a lossless format, and there are no Digital Rights Management (DRM) restrictions. Mindawn launched in September and is picking up steam, according to its founder.",Sci/Tech,Sports
"Specter Wants to Make Case to Lead SJC (AP) AP - Sen. Arlen Specter, R-Pa., wants to make his case to be chairman of the Senate Judiciary Committee directly to the panel's GOP members next week.",World,Business
"Ten Orioles pitchers issue 14 BBs as Yanks rally for 9-7 victory The New York Yankees took advantage of 14 walks, then capped their latest comeback victory with a couple of strolls around the bases.",Sports,Sci/Tech
"Westwood Closes in on First Title of 2004 SUN CITY, South Africa (Reuters) - Briton Lee Westwood closed in on his first title of 2004 when he claimed the third-round lead in the Sun City Golf Challenge Saturday.",Sports,World
"Mind more free now Calcutta: Anil Kumble began the year looking to quickly reach 435. He got there (and went one better) in Dhaka on Friday afternoon, the opening day of the second last Test of 2004.",Sports,Sci/Tech
"Japan to Protest to China Over Intruder Submarine TOKYO (Reuters) - Japan will protest to China after concluding that a nuclear-powered submarine that intruded into its waters this week belonged to the Chinese navy, top government spokesman Hiroyuki Hosoda said on Friday.",World,Business
Hurricane Frances Nears NE Caribbean (AP) AP - Hurricane Frances strengthened as it churned near islands of the northeastern Caribbean with ferocious winds expected to graze Puerto Rico on Tuesday before the storm plows on toward the Bahamas and the southeastern United States.,World,Sci/Tech
"Donald runs into Ryder form Luke Donald says his win in the European Masters on Sunday bodes well for his upcoming Ryder Cup debut. Donald was one of European captain Bernhard Langer #39;s two picks for the match, which takes place at Oakland Hills, Michigan from 17-19 September.",Sports,Business
"#39;Hundreds to be charged #39; over Thai protest PRIME Minister Thaksin Shinawatra said today hundreds of Muslims will be prosecuted over a demonstration that led to the deaths of 87 people in southern Thailand last week, in a move which could further raise tensions in the region.",World,Sports
Climate change and unfamiliar species leave Inuit lost for words Global warming is increasingly rendering Inuit and other Arctic peoples at a loss for words. They simply do not have names in their languages for the temperate species flocking up from the south.,Sci/Tech,Sports
"Samsung Says It Will Expand Chip Factories The Samsung Electronics Company, the Korean electronics giant, said Monday that it would invest \$23.7 billion in new chip production lines over the next six years.",Business,Sci/Tech
"Web Sites Keep Tabs on Campaign Giving As a Washington journalist during the 90s, I made frequent treks to the Federal Election Commission to inspect cabinets full of campaign-finance reports to find out who was giving to whom.",Sci/Tech,Business
Botswana miners 'face dismissal' Botswana's giant Debswana diamond mining firm says it will sack workers who carry on with an illegal stoppage.,Business,Sports
PLO chief holds landmark talks in Damascus A high-ranking Palestinian Liberation Organization delegation led by Chairman Mahmoud Abbas held landmark talks with the Syrian leaders in Damascus Monday.,World,Business
"Hewitt advances to Round 3 at Paris Masters Second seed Lleyton Hewitt beat Gael Monfils 6-3, 7-6 (3) on Tuesday, turning back the French teenager #39;s bid for a second upset at the ?",Sports,Business
Judge Declines to Dismiss Steroid Case (AP) AP - A judge declined to dismiss charges against four men accused of distributing steroids to top athletes amid accusations that prosecutors illegally searched a nutritional supplement lab and the house and car of Barry Bonds' trainer.,Sports,Business
"Iran May Soon Resume Uranium Enrichment (AP) AP - Iran may resume uranium enrichment ""any moment,"" the nation's intelligence minister said on state television Monday, two days after the U.N. nuclear watchdog agency demanded that Tehran halt all such activity.",World,Sports
"Iran ready to test Shahab-3 missile again: defense minister TEHRAN (IRNA) -- Defense Minister Ali Shamkhani stressed that Iran #39;s recent test of the Shahab-3 missile was successful, saying his ministry is ready to test it again #39;in the presence of observers #39;.",World,Business
"Macaulay Culkin Released After Drug Arrest OKLAHOMA CITY - Former child star Macaulay Culkin was arrested on drug charges Friday during a traffic stop, authorities said. The 24-year-old actor, best known for his role in the ""Home Alone"" movies, was taken into custody on complaints of possession of a controlled dangerous substance without a valid prescription and possession of marijuana, according to the Oklahoma County Sheriff's office...",World,Sports
Trump #39;s casinos file for bankruptcy Donald Trump #39;s flagship casino business yesterday filed for bankruptcy as part of a financial restructuring aimed at easing \$1.8bn (1m) debt.,Business,Sports
Spitzer Targets Brokers Thursday's actions are the first shots in what Spitzer called an investigation of widespread corruption in the insurance industry.,Business,Sports
Picking Your Perfect PCI Express PC Way back in June I suggested you hold off on buying a new PC until systems with PCI Express shipped. The new technology has the potential to dramatically improve performance because it replaces the pokey old,Sci/Tech,Sports
"NEC develops CD, DVD, HD-DVD drive prototype KAWASAKI, JAPAN - Engineers at NEChave developed a prototype optical disc drive that supports the new HD-DVD format and is also compatible with CD and DVD formats, they said Wednesday.",Sci/Tech,Sports
"Maoists attack Nepal district HQ More than 1,000 Maoists launched a violent assault on a district headquarters in Nepal #39;s northwestern mountains, officials said Sunday, as angry traders rallied on the streets of Kathmandu to protest a crippling rebel blockade of the capital, now also hit",World,Sci/Tech
Sun settles Kodak patent suit Sun Microsystems says it will pay Kodak \$92 million to settle a high-profile patent suit involving Sun #39;s Java programming technology.,Business,World
"Ellison: Data Hubs Could #39;ve Prevented 9/11 SAN FRANCISCO -- Oracle CEO Larry Ellison is convinced that had the intelligence community used a unified database from Oracle, the terrorist attacks on 9/11 would never have happened.",Business,Sci/Tech
"Ballots Pour Into Afghan Counting Centers KABUL, Afghanistan - Ballot boxes poured into counting centers Monday for a tally of the disputed presidential election in Afghanistan amid signs an opposition boycott was wavering after at least two candidates agreed to accept the ruling of an independent panel's inquiry. Election organizers hope their decision, announced late Sunday, to establish a panel of about three foreign election experts to investigate the balloting will end the boycott, which many fear could seriously undermine the winner's ability to rule this war-ravaged nation...",World,Sci/Tech
"New \$50 bill designed to counter counterfeits WASHINGTON - The green is still there, but with touches of blue, red and yellow. A stylized image of the Stars and Stripes now waves in the background.",Business,Sci/Tech
Testimony Ends In Evolution Sticker Trial ATLANTA -- Testimony concluded Wednesday in the lawsuit against Cobb County Georgia schools for placing disclaimer stickers about evolution in high school biology texts.,Sci/Tech,World
"Vietnam Opens Bunker Used by Ho Chi Minh (AP) AP - Behind thick concrete walls and iron doors, Ho Chi Minh and other top Vietnamese leaders hid in secret underground tunnels during U.S. B-52 bombing raids to plot key military strategies that led to America's defeat in the Vietnam War.",World,Sports
"SEC Charges Hollinger's Black with Fraud (Reuters) Reuters - U.S. regulators filed fraud charges\on Monday against former Hollinger International Inc. \Chairman Conrad Black and his deputy, David Radler, moving to\bar the two from serving as officers of a public company.",Business,World
Pinochet loses immunity: Your reaction The Supreme Court in Chile has ruled that the former dictator General Pinochet should have his immunity from prosecution removed. A lawsuit was brought by relatives of alleged victims of the military regime Operation Condor.,World,Business
"Conditions in Ohio Point to Kerry, but Bush Runs Strong Everything seemed to be in place for a powerful run by John Kerry in Ohio after Labor Day. Yet polls suggest that Mr. Kerry has actually lost ground.",World,Sci/Tech
"Rivals Try to Turn Tables on Charles Schwab By MICHAEL LIEDTKE SAN FRANCISCO (AP) -- With its low prices and iconoclastic attitude, discount stock broker Charles Schwab Corp. (SCH) represented an annoying stone in Wall Street's wing-tipped shoes for decades...",Sci/Tech,Business
"The Playlist: What's Wrong With Digital Music Stores? (PC World) PC World - Though digital music has come a long way, today's online music stores still have significant problems. Here's my fix-it wish list.",Sci/Tech,Sports
"Virgin Starts (70) Mile-High Club With the misery that has plagued the airline industry recently, the last place you #39;d expect to see some inspiring -- heck, potentially rule-breaking -- thinking would be from an airline entrepreneur.",Sci/Tech,Sports
Stargazers Enjoy Total Lunar Eclipse Astronomy buffs and amateur stargazers turned out to watch a total lunar eclipse Wednesday night - the last one Earth will get for nearly two and a half years.,Sci/Tech,Sports
"U.S. Alerts Schools About Terror Threat WASHINGTON - The Education Department has advised school leaders nationwide to watch for people spying on their buildings or buses to help detect any possibility of terrorism like the deadly school siege in Russia. The warning follows an analysis by the FBI and the Homeland Security Department of the siege that killed nearly 340 people, many of them students, in the city of Beslan last month...",World,Sci/Tech
"Redskins Trail, 14-10 The Ravens have pulled in front of the Redskins, 14-10, when B.J. Sams returns a punt 78 yards for a touchdown.",Sports,Sci/Tech
"Opel workers abandon wildcat strikes BOCHUM - Workers at the Opel carmaking plant in the city of Bochum voted overwhelmingly Wednesday to end their nearly week-long wildcat strike and were to return almost immediately to work, officials announced.",Business,Sports
"McTeer: Lonesome Dove to be an Aggie NEW YORK (CNN/Money) - A New Economy champion, a lover of the Texas picker poets who write lovesick country songs...and, oh, by the way, a member of the Federal Reserve system for 36 years.",Business,Sci/Tech
"Pierce longs for old days Rusty Pierce has received lessons in pragmatism since joining the Revolution four years ago. Pierce has performed for teams that have inevitably turned to a direct, linear game, with little emphasis on creativity or imagination. The style paid off the last two seasons, but the Revolution might have overly relied on direct play in spending most of this ...",Sports,Business
Study to Examine Effects of Ship Waste (AP) AP - A team of scientists is traveling a 600-mile stretch of the Inside Passage this month to study the effects of cruise ship waste and other contaminants in Southeast Alaska waters.,Sci/Tech,Business
"Chinese skaters crowned at Smart Ones Skate America Chinese duo Zhang Dan and Zhang Hao have clinched the first spot in pairs free skating at Smart Ones Skate America, the first station of the 04-05 ISU Grand Prix.",Sports,Sci/Tech
KarstadtQuelle Sells Stake in Venture Troubled German retailer KarstadtQuelle AG said Monday it is selling its 82 percent stake in a three-year-old joint venture with coffeehouse chain Starbucks Coffee International to the US company.,Business,World
"Green Tosses 3 Touchdown Passes, Chiefs Down Titans NEW YORK (Reuters) - Trent Green hit Eddie Kennison with a nine-yard touchdown pass with 37 seconds left to give the Kansas City Chiefs a wild 49-38 win over the Tennessee Titans in Nashville Monday.",Sports,World
"Japan should outsource more The Japanese information services industry clocked up sales of 13,703.9 billion yen in fiscal 2001, according to a report on selected service industries for 2001 released by the Ministry of Economy, Trade and Industry (METI).",World,Business
Buckeyes have lots to replace but are brimming with optimism There are remarkable similarities between the 2004 Ohio State Buckeyes and those that won the national championship just two years ago.,Sports,Sci/Tech
UN offers plan to calm tension along Rwanda-Congo border KINSHASA - The United Nations says it may have found a way to prevent the further escalation of tensions between Congo and Rwanda.,World,Sci/Tech
"IRS Demands FICA from Chili's Owner NEW YORK (Reuters) - Brinker International Inc. which operates the Chili's restaurant chain, on Monday said it received a demand from the U.S. Internal Revenue Service regarding the company's share of FICA taxes on unreported tips of \$31.4 million during 2000 to 2002.",Business,Sports
"Two Michigan State receivers arrested on bomb-making charges Two Michigan State football players have been charged with planting homemade bombs outside apartments. Terry Love and Irving Campbell, both 19-year-old redshirt freshmen wide receivers",Sports,Business
"Car Crashes Into Japan Parliament Gate -Jiji (Reuters) Reuters - A car crashed into a gate of Japan's\parliament building in central Tokyo on Thursday and caught\fire, Jiji news agency said.",World,Business
"SEC chief lashes out at reform opponents WASHINGTON -- Too many business interests are clinging to a failed status quo and resisting necessary governance reforms, the government #39;s top securities regulator said Thursday.",Business,Sci/Tech
"\$78,000 for a Cane That Helped a Legend Walk the Line Many of Johnny Cash's possessions were sold at Sotheby's, collecting \$3,984,260 for the Cash family, more than double the pre-auction estimate.",World,Business
Welcome to Alderson Homemaking guru Martha Stewart slipped into the federal prison camp here in the dark morning hours to start her five-month sentence.,Business,Sci/Tech
Spam Stopper Detects Sender Patterns (Ziff Davis) Ziff Davis - Commtouch's anti-spam software update halts spam by tracking e-mail server sending patterns.,Sci/Tech,Sports
"China, Argentina sign 5 cooperation documents China and Argentina signed five agreements in Buenos Aires Tuesday that will allow them to expand cooperation in the areas of trade, space, education, tourism and railways.",Business,Sports
"GE Says It's on Track for 2004, 2005 BOSTON (Reuters) - Diversified manufacturer General Electric Co. GE.N said on Tuesday that it is on track to meet its full-year earnings forecast and to achieve double-digit gains in earnings per share in 2005.",Business,World
"Firms announce video antipiracy technology This fourth priority #39;s main focus has been improving or obtaining CRM and ERP software for the past year and a half. NDS, STMicroelectronics and Thomson said Friday that they will develop new encryption technology",Sci/Tech,Sports
"Chechnya's New Leader Knows He's a Rebel Target GROZNY, (Reuters) - Chechnya's pro-Kremlin leader was sworn in as president of the turbulent Russian region Tuesday and acknowledged immediately he was a prime target for assassination by separatists.",World,Sci/Tech
Carly Patterson Wins the Women's All-Round ATHENS (Reuters) - Carly Patterson upstaged Russian diva Svetlana Khorkina to become the first American in 20 years to seize the women's Olympic gymnastics all-round gold medal on Thursday.,Sports,World
"Livewire: Fantasy Sports Leagues Thrive Online (Reuters) Reuters - Take 15 million armchair athletes,\add a steady stream of statistics and mix in a healthy dollop\of trash talk. Post it all on the Internet and you've got a #36;3\billion industry built around imaginary sports teams.",Sci/Tech,World
"Web Snags Right Demographic (washingtonpost.com) washingtonpost.com - In 1996, the Internet was a curiosity for most, the record labels were swollen with cash from CD sales, and R.E.M.'s ""New Adventures in Hi-Fi"" could only add to that hoard. Critics and fans drooled for the alt-rockers' follow-up to their last two hit albums, and the media counted down the days until the CD hit stores in September of that year.",Sci/Tech,Business
"Data revision shows Japan's economy grew slightly in July-September (Canadian Press) Canadian Press - TOKYO (AP) - Japan's economy barely grew during the quarter ending Sept. 30 and in the April-June period it actually shrank instead of squeezing out slight growth, according to revised government data released Wednesday.",World,Business
"Parliament Invasion Spurs Security Concern (AP) AP - Silver buckled shoes, stockings and a ceremonial sword? Time, some say, for Parliament's archaic security measures to be dragged into the 21st century after what was called the worst security breach at the House of Commons since 1642.",World,Sports
"Return of Relics to Rekindle Catholic-Orthodox Dialogue VATICAN CITY, NOV. 25, 2004 (Zenit.org).- Theological dialogue between the Orthodox and Catholic Churches is expected to resume after the relics of Sts.",World,Business
No Sign Yet of Predicted Big California Earthquake (Reuters) Reuters - The clock is running out on a\highly publicized prediction that a major earthquake will rip\through Southern California by Sunday.,Sci/Tech,Sports
"Jolly Online Shoppers Making Cash Registers Jingle Online holiday shoppers this year are making cash registers jingle and meeting analysts #39; expectations as they spent \$8.8 billion in November, researchers said Monday.",Business,Sports
"President, PM Review Dialogue Process With India ISLAMABAD, Pakistan : Sep 04 (PID) - President General Pervez Musharraf and Prime Minister Shaukat Aziz attended a meeting on Friday to review the progress of the composite dialogue between India and Pakistan delineates a strategy to carry the process",World,Sports
"Soldier charged with murder A British soldier has been charged with the murder of a civilian in Iraq, police said. Trooper Kevin Lee Williams, 21, from the 2nd Royal Tank Regiment, is due to appear at Bow Street Magistrates Court.",World,Sports
"UN Kabul kidnappers reveal demands A militant group is threatening to kill three UN hostages kidnapped in Afghanistan, including a British woman, unless all Taliban prisoners are released.",World,Sci/Tech
Lane drives in winning run in ninth Jason Lane took an unusual post-game batting practice with hitting coach Gary Gaetti after a disappointing performance Friday night.,Sports,World
"Fed #39;s Pianalto upbeat on growth, inflation WASHINGTON : The Federal Reserve #39;s policy of gradual interest rate hikes is a sign the US economy does not need the stimulus that low rates supply, according to Cleveland Fed president Sandra Pianalto.",Business,Sports
"More Evidence for Past Water on Mars Summary - (Aug 22, 2004) NASA #39;s Spirit rover has dug up plenty of evidence on slopes of quot;Columbia Hills quot; that water once covered the area.",Sci/Tech,World
"Ex-envoys: Mideast peace breakthrough possible JERUSALEM -- Former US envoys say that the passing of Yasser Arafat would open up new opportunities for Mideast peace, especially if new, pragmatic Palestinian leaders emerge.",World,Sci/Tech
"Interview: OSDL chief Stuart Cohen - Part 2 In the second of a two-part interview, Open Systems Development Labs chief Stuart Cohen gives his views on Linux security, desktops, the Domino effect towards Linux, and why Microsoft will eventually port to Linux.",Sci/Tech,Sports
"Top Senate Dem Calls for Bipartisanship (AP) AP - Rallying a party stung by presidential and congressional losses, the incoming Senate Democratic leader reminded fellow lawmakers on Saturday of their shared commitment to help the nation.",World,Sports
Militants holding UN workers say talks have been postponed Militants threatening to kill three UN hostages said yesterday that talks with Afghan and UN officials had been postponed for another day.,World,Sports
"Taiwan Acknowledges Minister #39;s Improper Wording #39; on Singapore Taiwan Foreign Minister Chen Tan- sun, who dismissed Singapore as a country the size of a booger, #39; #39; regretted his improper wording, #39; #39; said Foreign Ministry spokesman Michel Lu.",World,Sci/Tech
"Woods, Mickelson form dynamic US duo For three days, it had been about dinners, galas, black-tie affairs, and enough social engagements to please Paris Hilton.",Sports,Business
"America West: Will Not Bid for ATA CHICAGO (Reuters) - America West Holdings Corp. AWA.N on Thursday said it would not bid for assets of bankrupt carrier ATA Airlines, saying the value does not justify the cost.",Business,Sports
"China plans renewed bank bailout A year after injecting \$45bn into two state banks to ready them for flotation, China is preparing a fresh bailout for two more institutions.",Business,Sports
"Sales of industrial robots surging: UN report Geneva - Worldwide sales of industrial robots surged to record levels in the first half of 2004 after equipment prices fell while labour costs grew, the United Nations Economic Commission for Europe said in a report to be released today.",Sci/Tech,Business
"Supercomputer breaks speed record The US is poised to push Japan off the top of the supercomputing chart with IBM #39;s prototype Blue Gene/L machine. It is being assembled for the Lawrence Livermore National Laboratories, a US Department of Energy lab (DOE).",Sci/Tech,Sports
"Coca-Cola Bottling #39;s 3Q Profit Drops Coca-Cola Bottling Co. Consolidated, the Coca-Cola Co. #39;s major bottler and distributor in the Southeast, said Wednesday that third-quarter profit fell as bad weather, high fuel prices and fewer promotions led to lower volume.",Business,World
The Hunt for a Hybrid The Aug. 23 front-page article on the Toyota Prius vs. the Honda Civic implied that the main reason people prefer the Prius was its quot;geek-chic look quot; and the image buyers want.,Business,Sports
F1 debuts in China Formula One made its long-awaited debut in the People #39;s Republic of China today as the stunning new Shanghai International Circuit echoed to the banshee wail of Formula One engines being used in anger for the first time.,Sports,World
"Ex PeopleSoft chief admits lying to analysts WILMINGTON: The former chief executive of PeopleSoft, who was fired last week, said he lied to Wall Street analysts last year about the impact of Oracle #39;s hostile bid on the company #39;s business.",Business,Sci/Tech
"(B)old new frontiers Northrop Grumman Corp. and Boeing Co. yesterday announced plans to team up to design a vehicle to take astronauts back to the moon and even beyond, but they #39;ve got to make one stop first",Business,World
"Latham stands by Bali claims candidate Federal Labor leader Mark Latham has ruled out disendorsing Queensland Labor candidate Ivan Molloy, over comments about the Bali bombings.",World,Sports
"Inaction #39;s Consequence LAST MONTH the United States and its allies signaled a change in Sudan policy. Rather than pressuring Sudan #39;s government to halt its genocidal attacks against civilians in the western province of Darfur, they",World,Sports
Capsule to bring the Sun down to Earth A space capsule set to plunge into Earth #39;s atmosphere with a piece of the Sun this Wednesday has spawned additional projects ranging from spacecraft design to the detection of dangerous asteroids.,Sci/Tech,Business
"Sales aren #39;t making the grade Retailers in Michigan delighted when students returned to the classroom, but the back-to-school sales haven #39;t generated the kind of dollars many projected.",Business,Sci/Tech
"Sign-Up Reopened for House Race in La. (AP) AP - A state judge ruled Monday that the sign-up period should be reopened for the Nov. 2 election in Louisiana's 5th Congressional District, where incumbent Rep. Rodney Alexander infuriated Democrats by switching to the Republican Party minutes before the qualifying deadline.",World,Sports
FOOTBALL: RAE KNEE SCAN HAS MCLEISH IN A SWEAT ALEX RAE was in hospital yesterday for a scan on his injured knee after playing through the pain barrier in Sunday #39;s Old Firm clash.,Sports,Sci/Tech
"magic number down to 10 New York -- If the Braves #39; 13th consecutive division title seemed like a foregone conclusion before Wednesday, well then it seems doubly so today.",Sports,Sci/Tech
"Deficits soil safe-haven image of US Treasury debt Once a seemingly indestructible hiding hole for the frightened investor, some on Wall Street are beginning to question the super-safe status of US Treasury debt.",Business,Sci/Tech
BOND REPORT CHICAGO (CBS.MW) - Treasurys remained solidly lower Wednesday in the wake of election results that had President Bush ahead of Democratic challenger John Kerry.,Business,Sports
"Florida Supreme Court puts Nader on state ballot (AFP) AFP - The Florida Supreme Court has ruled that third-party presidential hopeful Ralph Nader can appear on ballots in the decisive state, increasing the chance the maverick contender will again influence the outcome of the presidential election.",World,Business
Button happy with 2nd JENSON Button was happy to settle for runners-up spot despite falling agonisingly short of a maiden Formula One win for the second race in succession.,Sports,Business
"CA aquires computer security firm Computer Associates International Inc., as promised, is back in the acquisition game, scooping up its second computer security company in as many months with an agreement to buy Netegrity Inc.",Business,Sci/Tech
Chavez Visit to Spain Sparks Coup Controversy MADRID (Reuters) - Venezuelan President Hugo Chavez's fence-mending visit to Spain sparked political uproar on Tuesday when Madrid for the first time backed his allegations that the former Spanish government backed a coup against him.,World,Business
"Loosing the War on Terrorism \\""Sven Jaschan, self-confessed author of the Netsky and Sasser viruses, is\responsible for 70 percent of virus infections in 2004, according to a six-month\virus roundup published Wednesday by antivirus company Sophos.""\\""The 18-year-old Jaschan was taken into custody in Germany in May by police who\said he had admitted programming both the Netsky and Sasser worms, something\experts at Microsoft confirmed. (A Microsoft antivirus reward program led to the\teenager's arrest.) During the five months preceding Jaschan's capture, there\were at least 25 variants of Netsky and one of the port-scanning network worm\Sasser.""\\""Graham Cluley, senior technology consultant at Sophos, said it was staggeri ...\\",Sci/Tech,Business
"Rwandan #39;motivated by riches #39; Ouagadougou - Rwanda #39;s threat to launch military strikes in Democratic Republic of Congo would be motivated by the abundant mineral wealth in its giant western neighbour not by the desire to attack Hutu fighters based there, a Congolese diplomat said here",World,Sports
"Yukos echo in Russian telco #39;s tax bill ALARM has spread through the Russian investment community as authorities slapped a tax bill of almost \$US160 million (\$210 million) on the number two mobile operator, in what is widely seen as a government-linked campaign against the firm.",Business,Sci/Tech
AOL's Viral Marketing America Online will now provide gratis antivirus protection to its subscribers.,Business,Sci/Tech
"Nortel to file restated results next year Nortel Networks said today that after months of trying to untangle faulty financial results, it won't file its 2003 and first-half 2004 results until early next year.",Sci/Tech,Sports
"Oxygen Generator on Space Station Fails The main oxygen generator for the International Space Station has failed, and the two astronauts on board will tap into an attached cargo ship's air supply this weekend.",Sci/Tech,Business
Court ruling has fat cats purring THE future of horseracing in Britain was thrown into confusion this week as a result of a judgment by the European Court of Justice.,Sci/Tech,Business
"AirTran #39;s plan may aid city If the airline acquires some ATA assets, Wichita Mid-Continent could see expanded AirTran service, especially to Chicago. BY PHYLLIS JACOBS GRIEKSPOOR.",Business,Sci/Tech
"India desperate for jobs, infrastructure despite economic boom (AFP) AFP - Despite India's economic boom in software and outsourcing services, economists have warned the government needs more reforms to create jobs in manufacturing to cut poverty.",World,Sci/Tech
"Chips are down in tech world EUROPE #39;s biggest chipmaker, Infineon, rocked the technology world today as profits fell e100m (70m) short of analysts #39; expectations.",Business,World
Radcliffe to Run in New York Marathon LONDON (Reuters) - World marathon record holder Paula Radcliffe believes she has put her failure at the Athens Olympics behind her after announcing on Tuesday that she will run in the New York marathon on November 7.,Sports,Business
"Nokia wins 115-million-dollar network deal from Brazil's Oi Celular (AFP) AFP - Nokia, the world's largest mobile phone maker, said it had received a 115-million-dollar (90-million-euro) order to expand Oi Celular's second-generation GSM network in Brazil.",Sci/Tech,Sports
"Mullah Omar and Bin Laden on the run as Afghan and American forces ... More than 18,000 US troops and innumerable Afghan forces are in the process of searching every inch of Afhganistan and Afghan-Pak border.",World,Sci/Tech
"All rosy at which bank PRODUCTIVITY gains should keep Commonwealth Bank in a sweet spot for years to come, departing chairman John Ralph claimed yesterday.",Business,Sports
"Powell rejects NK overture, arrives here today US Secretary of State Colin Powell arrives in Seoul today for a two-day visit, after rejecting a North Korean overture to resume the six-party nuclear talks if the US rewards it for freezing its nuclear activities.",World,Sci/Tech
Superstar Kewell remains centre of attention Socceroo forward Harry Kewell loosens up by tossing around a ball at Bondi beach yesterday. Photo: Craig Golding. There were half a dozen Socceroos standing on a raised platform in Sydney #39;s,Sports,Business
Jury Orders Medtronic to Pay \$109 Mln to Inventor A jury in federal court in Tennessee has ordered Medtronic Inc. to pay at least \$109 million to an inventor in a dispute over rights to spinal fusion technology.,Business,Sports
"Harmony Gold Posts Fifth Straight Quarterly Loss (Update1) Harmony Gold Mining Co., the biggest miner of South African gold, made its fifth consecutive quarterly loss as the rand #39;s gains against the dollar eroded profit margins, compelling it to seek expansion to cut costs.",Business,Sports
"Holidays disrupts launch plans for da Vinci rocket team KINDERSLEY, SASK. - A team from Ontario has delayed the launch of its private rocket until at least January. The da Vinci Project had planned to use a gigantic balloon to lift a rocket to 24 kilometres.",Sci/Tech,Sports
Regional House Price Declines Possible WASHINGTON (Reuters) - U.S. housing industry economists on Monday cautioned that rapid house price gains in some areas of the country may not be sustainable.,Business,Sci/Tech
"Hologram labels in Nokia batteries New Delhi: To help customers identify original Nokia batteries from the counterfeit ones, Nokia has introduced hologram labels with authentication codes in all its new batteries.",Sci/Tech,Sports
"Senate panel opposes overtime rules A Senate committee voted yesterday to scuttle new rules that critics say would deny overtime pay to millions of workers, as Democrats won the latest round in their election-year bout with President Bush over the issue.",Business,Sci/Tech
"Captors threaten to hand hostage to Zarqawi An unknown militant group holding Iraqi-British hostage Margaret Hassan in Iraq has threatened to turn her over to a group led by al Qaeda ally Abu Musab al-Zarqawi if its demands are not met, Al Jazeera television says.",World,Business
"Indian-Americans hail Manmohan speech New York, Sep 27 (UNI) Members of the Indian-American community who attended a public meeting addressed by Prime Minister Manmohan Singh welcomed his speech and expressed confidence that India would soon be a developed economy.",World,Sci/Tech
"Aon may face civil suit The office of New York Attorney General Eliot Spitzer has uncovered evidence of improper business practices at Aon Corp., the world #39;s second-largest insurance broker, according to a published report.",Business,Sci/Tech
"Oracle strikes friendly deal for PeopleSoft at US\$26.50 a share After 18 months of conflict, a friendly merger deal has been struck between Oracle Corp. and PeopleSoft Inc. after the former raised its quot;final quot; offer by 10 per cent.",Business,Sci/Tech
"Consumer Confidence Dips in September NEW YORK - Job worries helped push consumer confidence down in September for the second consecutive month, a New York-based private research group said Tuesday. The Consumer Confidence Index fell 1.9 points to 96.8 from a revised reading of 98.7 in August, according to The Conference Board...",World,Sci/Tech
Congress Asks SEC for Mutual Fund Study WASHINGTON (Reuters) - The U.S. Congress asked the Securities and Exchange Commission on Saturday to send lawmakers a report justifying a new rule forcing mutual fund boards to have independent chairmen.,Business,World
Blair builds Atlantic bridge Tony Blair last night put worldwide political and human rights at the centre of his hopes to revitalise the United Nations and bring the United States and Europe closer together again in pursuit of global democracy.,World,Sci/Tech
"UM defense a big hit from start to finish Markus Curry made the hit low, Ernest Shazor made the hit high and Leon Hall leapt for the football as it wobbled freely toward the University of Michigan sideline.",Sports,Sci/Tech
"Making it look easy CLEVELAND -- Their membership in the NFL elite entitles the Patriots to a gimme from time to time, like yesterday's 42-15 shellacking of the hapless Cleveland Browns.",Sports,World
"Time Warner readies for accounting fallout NEW YORK Time Warner, the largest US media company and owner of America Online, said Wednesday that its third-quarter profit fell 7.8 percent as it set aside money to pay for potential penalties stemming from a government inquiry into its accounting",Business,Sci/Tech
"Alcoa Profit Hurt by Labor, Storm Costs Alcoa Inc. (AA.N: Quote, Profile, Research) , the world #39;s biggest aluminum producer, posted only slightly better quarterly earnings on Thursday, as higher metal prices were",Business,World
"Rocking the Cradle of Life When did life begin? One evidential clue stems from the fossil records in Western Australia, although whether these layered sediments are biological or chemical has spawned a spirited debate. Oxford researcher, Nicola McLoughlin, describes some of the issues in contention.",Sci/Tech,Sports
Historic Turkey-EU deal welcomed The European Union's decision to hold entry talks with Turkey receives a widespread welcome.,World,Sports
"Sainsbury takes profit hit J Sainsbury will take a 550 million (\$991 million) hit to profits this year as it invests to boost sales and reverse falling market share, Britain #39;s third-biggest supermarket chain said Tuesday.",Business,Sci/Tech
"#39;Enron of Kansas #39; Trial Begins In the recent annals of corporate fraud, the names Enron, Tyco and WorldCom ring the loudest. But for residents of Topeka, Kan., the former leaders of the local utility company have become just as infamous.",Business,Sports
"Iran Announces Uranium Conversion Tests Defying a key demand set by 35 nations, Iran announced Tuesday that it has started converting raw uranium into the gas needed for enrichment, a process that can be used to make nuclear weapons.",World,Sci/Tech
"Gibbs Won #39;t Take a Pass on This Soon after Joe Gibbs ended his 11-year retirement from football and reunited his distinguished offensive coaching staff this winter, a call went out to the NFL offices in New York.",Sports,Business
"Business: Bush Administration Washington Post business columnist Steven Pearlstein will be online to discuss his latest column, which looks at the Bush administration's plans for Social Security and health care.",Business,Sci/Tech
"USA searches for winning formula Hal Sutton anticipated the question. He had formulated an answer, too, long before he arrived in that Milwaukee hotel ballroom to announce his captain #39;s picks and finalize the US Ryder Cup team.",Sports,Business
"UPDATE 1-Beck to face Youzhny in St Petersburg final Unseeded Slovak Karol Beck reached the first final of his career at the St Petersburg Open, upsetting seventh-seeded Michael Llodra of France 6-4 2-6 6-1 on Saturday.",Sports,Business
"Nova Scotia becomes sixth province, territory to allow same-sex marriages (Canadian Press) Canadian Press - HALIFAX (CP) - Nova Scotia became the sixth province or territory to allow same-sex marriages when the province's Supreme Court ruled Friday that banning such unions is unconstitutional.",World,Sci/Tech
"Henman Sails at the Swiss Indoors By Mark Ledsom BASEL (Reuters) - Britain's world number four Tim Henmanwon his opening match at the Swiss Indoors tennis tournamentwith little difficulty on Wednesday, beating Frenchman AntonyDupuis 6-3, 6-4.",World,Sports
EasyMobile launch set for March Denmark #39;s leading telecoms operator TDC says it will launch a low-budget mobile telephone operator dubbed quot;easyMobile quot; with mobile network operator T-Mobile in Britain in March 2005.,Business,Sports
Caley Determined to Make Right Choice Inverness Caledonian Thistle chairman Ken Mackie insists the club will not be rushed into appointing a successor to John Robertson.,Sports,Business
"Biffle Bests Mears Greg Biffle wins a nearly race-long duel with Casey Mears, pulling away over the last two laps to win the NASCAR Busch Series race Saturday at California Speedway.",Sports,World
"Microsoft, EU Officials in Procedure Meeting Microsoft (Quote, Chart) and representatives of the European Union #39;s Competition Commission will sit down at the table together on Thursday, but it won #39;t be to eat.",Business,Sci/Tech
Letter threat to Dutch politician A letter left on the body of murdered film-maker Theo van Gogh reportedly threatens the life of a liberal politician.,World,Sci/Tech
Int #39;l conference calls for mine-free world Senior officials of 143 governments are calling for the total ban of production and use of anti-personnel landmine. Senior government officials of 143 countries across the world,World,Sports
"Sharon faces Netanyahu challenge Israeli Prime Minister Ariel Sharon has received a surprise challenge to his plan to expedite a pullout from Gaza after Benjamin Netanyahu, his main rival in the Likud party, called for a referendum on the issue.",World,Sci/Tech
Earthquake 'redraws the map' The devastating earthquake that struck the Indian Ocean probably caused some islands to move by several metres.,Sci/Tech,Sports
"Now It #39;s Official: Economy Shrunk The US economy slowed more sharply in the second quarter than first thought as oil prices rose and the trade gap swelled, the government said on Friday in a report that confirmed momentum faltered in the spring.",Business,Sci/Tech
"Can't Hide Your Lying ... Face? In search of the ultimate lie detector, researchers turn to thermal facial scans, brain wiring and eyeball tracking. But deception still, well, deceives. By Randy Dotinga.",Sci/Tech,Business
Nike teams with Sony on special GT4 offer A limited edition Gran Turismo bundle in Japan will come with a pair of Nike sneakers and T-shirt. TOKYO--Major running shoe and apparel manufacturer Nike is collaborating with Sony Computer Entertainment,Sci/Tech,Sports
EU foreign ministers hope to break deadlock over ASEM summit The European Union said Friday it quot;hoped to reach a conclusion quot; at a meeting of foreign ministers on the participation of military-ruled Myanmar in an upcoming summit of Asian and European nations.,Business,World
"Leaders of Spain, Portugal, Latin America urge Falklands dialogue (AFP) AFP - Leaders from Spain, Portugal and their former colonies in Latin America urged Britain and Argentina to renew their dialogue on the Falkland islands, known in Argentina as the Malvinas.",World,Business
"France Hopeful for Hostages, Fatwa Demands Release (Reuters) Reuters - France remained hopeful on Sunday that\two French hostages in Iraq would be freed and a religious\fatwa issued in Iraq demanded their release.",World,Sports
"Linux puts another financial feather in its cap Industry observers say Linux's similarity to Unix, its lower cost and ability to run on Intel hardware make the Unix market ripe for open-source conquest.",Sci/Tech,Business
Vonage Awash in Venture Capital VoIP (define) upstart Vonage has quickly amassed another \$105 million from venture capitalists and is looking to Latin America and Asia to accelerate an already torrid growth rate.,Sci/Tech,World
"U.S. Treasuries Recover, JGB Rally Helps LONDON (Reuters) - U.S. Treasury prices rose on Friday, with a rally in Japanese government bond (JGB) prices helping the market recover some ground from the previous day's sell-off.",Business,Sci/Tech
Spanish buy Luton airport operator in 551m deal Luton Airport was bought by the Spanish yesterday as part of a 551m takeover deal which will net the men who run it almost 60m.,Business,Sci/Tech
"Downing provides return on McClaren #39;s gamble IN A week in which one of their former players rechristened himself G8 to distance himself from the past, Middlesbroughs attempts to rewrite history took another step forward in Athens.",Sports,Sci/Tech
Australia conquer their final frontier Adam Gilchrist boldly went where no Australian captain since Bill Lawry has gone before at the VCA Stadium in Nagpur yesterday. His team #39;s 342-run win gave them an invincible 2-0,Sports,Business
"Kidnappers in Iraq seize Lebanese-American contractor, four ... Gunmen abducted a Lebanese-American contractor who worked with the US Army from his Baghdad home, Iraqi officials said Wednesday, while four Jordanian truck drivers were seized by assailants in a separate kidnapping.",World,Sports
Berlusconi confident of acquittal Judges in the corruption trial of Silvio Berlusconi withdrew yesterday to decide their verdict and the prime minister said he was confident he would not be convicted.,World,Business
BLOG That #39;s the most look-ed up world on Merriam-Webster #39;s ... A FOUR-LETTER term that came to symbolise the difference between old and new media tops US dictionary publisher Merriam-Webster #39;s list of the 10 words of the year.,Sci/Tech,Business
Florida Starts To Recover in the Wake of Hurricane Frances President Bush will travel to Florida Wednesday to survey damage from Hurricane Frances. He sent a letter to Congress asking for \$2 billion to help with recovery efforts.,Sci/Tech,Business
"Japanese Utility Plans IPO in October (AP) AP - Electric Power Development Co., a former state-run utility, said Friday it is planning an initial public offering on the Tokyo Stock Exchange in October, a deal that could be the country's biggest new stock listing in six years.",World,Business
"Last Gasp of a Dying Star? Spacecraft to Find Out A new spacecraft is being readied to make the fastest, most detailed study yet of the fleeting gamma ray bursts emanating from deep in space.",Sci/Tech,Business
Israelis kill five Palestinans in Gaza Strip Israeli troops killed five armed Palestinians in the Gaza Strip today as it pressed on with a massive offensive aimed at stopping militants firing rockets into Israel.,World,Sports
"London Times goes strictly tabloid After more than two centuries as a broadsheet newspaper, The Times of London has gone strictly tabloid. On Monday, The Times moved to a totally compact format after almost a year of dual publication.",Sci/Tech,Business
US admits more Afghan jail deaths The US army says more people than previously acknowledged have died in its custody in Afghanistan.,World,Business
"Halloween Means Sales as Adults Join In NEW YORK (Reuters) - Halloween is expected to scare up record sales this year as more adults -- and pets -- join in what was once mainly a children's dress-up event, filling a void before the key Christmas shopping season.",Business,Sci/Tech
"9/10/04 - INDIA-PAKISTAN DIALOGUE The foreign ministers of India and Pakistan have concluded another round of peace talks. The talks in Indias capital, New Delhi, set the stage for an expected meeting at the United Nations later this month",World,Sports
"Vioxx Should Have Been Recalled In 2000 Merck amp; Co Inc. should have pulled the arthritis drug Vioxx off the market in 2000, because there was enough evidence that showed it was associated with an increased heart attack risk, according to researchers.",Business,Sports
"Bucs still seeking first offensive touchdown In good times and bad, the Tampa Bay Buccaneers could count on two things -taunch defense and stench offense. By Chris O #39;Meara, AP.",Sports,Sci/Tech
"America West Backs Away From ATA Bid America West Airlines backed away Thursday from a potential bidding war for bankrupt ATA Airlines, paving the way for AirTran to take over ATA operations.",Business,Sports
"Palm OS for Linux? \\Today was a strange day for the Palm OS community:\\""PalmSource also plans to implement Palm OS on top of Linux, bringing the\benefits of Palm OS to the Linux community, including the award winning user\interface, software frameworks based on the best of Palm OS and BeOS, a large\base of professional and consumer applications, and an enthusiastic community\of more than 25 million users and over 360,000 registered\developers. PalmSource intends to work as a partner within the Linux community\to help Linux grow rapidly in the consumer and enterprise mobile markets.""\\This is a great decision! A bit to late but not much so. When Sharp released\the Zaurus into the US market there was a lot o ...\\",Sci/Tech,Sports
Israeli Labour party could clinch coalition deal with Sharon #39;in ... Israel #39;s opposition Labour party began talks with Prime Minister Ariel Sharon #39;s Likud party yesterday about joining its coalition - a partnership aimed at promoting a military withdrawal from Gaza.,World,Sports
Sharp Displays 65-Inch LCD TV (PC World) PC World - Company claims the HDTV is the biggest of its kind.,Sci/Tech,Sports
"Air China Main Board Debut Up 6 At HK\$3.15 -2- HONG KONG (Dow Jones)--Shares of Air China Ltd. (0753.HK), the country #39;s largest airline, opened 6 higher at their debut Wednesday on the Hong Kong Stock Exchange #39;s main board.",Business,World
"Jackson Squares Off With Prosecutor SANTA MARIA, Calif. - Fans of Michael Jackson erupted in cheers Monday as the pop star emerged from a double-decker tour bus and went into court for a showdown with the prosecutor who has pursued him for years on child molestation charges...",World,Sports
Pro-pot groups says federal policies out of step with Canadians (Canadian Press) Canadian Press - OTTAWA (CP) - A group which advocates legalized marijuana says a new poll shows federal pot policies are out of touch with public opinion.,World,Sports
"Cape Clear, Neon in Web services deal Cape Clear Software and Neon Systems Inc. on Wednesday announced they are working together to integrate their respective technologies and allow users to quickly integrate mainframe applications and data through the use of Web services.",Sci/Tech,World
"Trustees worry on oversight A month after federal regulators adopted sweeping new rules for mutual fund oversight, fund trustees remain concerned about their ability to serve as watchdogs over fund managers and others who handle investor money, a new survey shows.",Business,Sci/Tech
"American Airlines revenue weakens American Airlines holding company AMR Corp. (AMR: Research, Estimates) on Wednesday said the airline #39;s August revenue was weaker than expected after hurricanes and high fuel prices",Business,Sci/Tech
"Conte turned athletes into towers of power HE IS THE face of sporting evil, this man who once was an accomplished bass player and now leers at us from a television screen describing the hell he hath wrought on the games people play and on the people who play them.",Sports,Sci/Tech
Muslim Council joins fight for hostage #39;s life Efforts to secure the release of Iraq hostage Ken Bigley are being stepped up as a delegation from the Muslim Council of Britain #39; heads to Baghdad for talks.,World,Sports
Redskins Coach Bemoans Questionable Calls (AP) AP - Apparently even a Hall of Fame coach doesn't get a break from the officials.,Sports,World
"#39;Designer #39; Christmas tree growers target national holiday market AURORA, Ore. The National Christmas Tree Association is hoping a push of designer trees will renew consumer demand for live trees.",Business,Sports
"Lawsuit alleges Wal-Mart biased against black truckers LITTLE ROCK, Ark. A Mississippi man is suing Wal-Mart, claiming the world #39;s largest retailer discriminates against blacks from seeking truck-driving jobs in 12 Southern states, including Virginia.",Business,Sports
"Paterno #39;s real tragedy may be not knowing when to go Joe Paterno often has talked about the profound impact that a piece of classic literature has had on his life. While a student at Brooklyn Prep in the early 1940s, he devoured TheAeneid, written by the Roman poet Virgil.",Sports,Sci/Tech
"Cardinals to Play Broncos Boise State accepts a bid Tuesday to play Louisville in the Liberty Bowl on Dec. 31, in a matchup of the nation's top two offenses.",Sports,Sci/Tech
"Glazer stake in Man Utd nears 30 US tycoon Malcolm Glazer lifts his stake in Manchester Utd to 28.11, one day after spending 17m on further share buys.",World,Sci/Tech
"Merck #39;s Board Adopts Severance Plan for Top Officials (Update5) Merck amp; Co., seeking to keep managers from leaving after the withdrawal of its Vioxx painkiller, adopted a plan to give severance payments to more than 200 executives should control of the company change.",Business,Sports
Russians admit airliner bombing blunder Russian security forces were facing further criticism last night after it was revealed that the two female Chechen suicide bombers who destroyed two planes in August with the loss,World,Sci/Tech
Our mobile margins will fall: Telstra TELSTRA chief financial officer John Stanhope has admitted Telstra #39;s margins in its \$4.5 billion a year mobile phone business will shrink this year in the face of increased price competition and the growing cost of acquiring new customers.,Sci/Tech,Sports
"Groups Offers Beer for Blood Donations (AP) AP - Some in Michigan who roll up their sleeves to donate blood will get a racetrack T-shirt, hat and pin. Sponsors in San Diego have given away whale-watching trips. On Wednesday, the Cleveland Regional Transit Authority handed out vouchers for a pint of any beverage, including beer, in exchange for a pint of blood.",Sci/Tech,Sports
Amazon Leaves Jungle Business The company has no further expansion plans after buying a Chinese website. Also: Virgin joins quest for a better iPod hellip;. PeopleSoft makes promise that Oracle will live up to hellip;. and more.,Business,Sports
Scientists study clues to forecasting California quakes Two researchers say they #39;ve discovered a pattern of tremors deep beneath the San Andreas Fault that someday may yield clues into unlocking the mysteries of California earthquakes.,Sci/Tech,Business
"Time Warner settles with DOJ, SEC for \$510 mil Time Warner Inc. on Wednesday settled criminal securities fraud charges the government leveled on its America Online unit, agreeing to pay \$210 million to end the Justice Department #39;s probe.",Business,Sports
Philippine President Says Country Faces Fiscal Crisis Philippine president Gloria Arroyo warned that her country is in the midst of a fiscal crisis. A report by economists at the University of the Philippines said the country faces economic collapse,Business,Sports
"Milosevic opens his defense case, starting second half of his ... Former Yugoslav President Slobodan Milosevic opened his long-delayed defense at the Yugoslav war crimes tribunal Tuesday, describing the battles of his Serbian people as self defense against internal rebellions and external attacks by Islamic warriors.",World,Sports
Boeing Competitors Protest Lockheed Martin Corp. and BAE Systems North America Inc. filed protests with the Air Force Tuesday over a \$4 billion contract to upgrade electronics on C-130 military transport planes awarded to Boeing Co. in 2001.,Business,Sci/Tech
Dimon solidifies control at nation #39;s second-largest bank NEW YORK (CBS.MW) -- Dina Dublon is resigning as chief financial officer after 23 years at JP Morgan Chase in a shakeup that further solidifies Jamie Dimon #39;s control at the nation #39;s second-biggest bank.,Business,Sports
"Iraq group to free 3 Indians, 4 others of Kuwait firm - TV (Reuters) Reuters - Iraqi kidnappers of seven employees of a Kuwaiti company said in a video statement on Thursday they would release the captives once their employer halted operations in Iraq, Al Arabiya television reported.",World,Business
Fed lifts rates a further quarter point By Andrew Balls in Washington and Jennifer Hughes in New York. The US Federal Reserve on Tuesday raised interest rates by a quarter point to 2.25 per cent and signalled there had been no change in its assessment of economic conditions.,Business,Sci/Tech
"DaLomba sprints to win With the Eastern Massachussetts cross-country championships just a week away, yesterday's MSTCA Invitational at Franklin Park offered area runners a last chance to tune up for the title race.",Sports,Business
"Setback for asbestos settlement at ABB ABB said it was aware of the ruling, but remained confident that a settlement would be reached. ABB is naturally surprised and disappointed at todays decision, but remains confident that it can resolve.",Business,Sports
Orange tells customers to Talk Now European carrier Orange is rolling out its own Push To Talk service ahead of efforts to create a standardized PTT system. European mobile carrier Orange has announced,Sci/Tech,World
"Future Doctors, Crossing Borders Students at the Mount Sinai School of Medicine learn that diet and culture shape health in East Harlem.",World,Sci/Tech
Level 3 Acquires Sprint #39;s Wholesale Dial-Up Internet Business Level 3 today announced that it has purchased Sprint #39;s wholesale dial-up Internet access business for \$34 million in cash. Sprint is one of the largest providers of wholesale dial-up service to ISPs in North America.,Business,Sci/Tech
"Eight children stabbed to death as they sleep A man broke into a school dormitory and stabbed eight sleeping children to death before fleeing. The murders at the Ruzhou No2 Senior Middle School in Pingdingshan, in the central province of Henan, was the",World,Business
"Nikkei Closes Higher After Strong Tankan TOKYO (Reuters) - The Nikkei average closed up 1.49 percent on Friday, the first day of the fiscal second half, as a strong reading in the Bank of Japan's ""tankan"" business survey prompted investors at home and abroad to jump into the market.",Business,Sci/Tech
"Tech Firms, FBI to Fight 'Phishing' Scams Together (Reuters) Reuters - Internet companies and\law-enforcement agencies said on Wednesday they will work\together to track down online scam artists who pose as banks\and other legitimate businesses, a practice known as\""phishing.""",Sci/Tech,Business
"Sprint To Spend #36;3 Billion on Network Upgrades (NewsFactor) NewsFactor - Sprint (NYSE: FON) will spend US #36;3 billion over the next three years to upgrade its U.S. wireless network, including the development of high-speed Internet services.",Sci/Tech,Business
"Mozambicans Vote for New President Mozambique #39;s poor, many carrying small children, trudged along narrow dirt roads in oppressive heat Wednesday to pick a replacement for the president who has ruled",World,Sci/Tech
Playstation 3 to arrive spring 2006 In Japan NVIDIA HAS MADE A big noise about Playstation 3 deal but unfortunately you won #39;t see this console any time soon. Nvidia stock holders definitely know about Sony and its Playstation 3 killer business and therefore Nvidia is recovering on the stock market.,Sci/Tech,Business
"Canada, Finland set for WCH final Toronto, ON (Sports Network) - The Canadians try to take back what was once theirs tonight when they face Finland in the 2004 World Cup of Hockey final at Air Canada Centre.",Sports,Business
GM announces global economic development forums General Motors Corp. said Friday it would host a series of economic development forums around the globe in an effort to share the expertise it has acquired through various local projects.,Business,Sci/Tech
"Argentina Basketball Coach Magnano Quits Ruben Magnano, who coached Argentina to the Olympic basketball gold medal in Athens, resigned Thursday to accept a coaching job in Italy.",World,Sports
"Coca-Cola will not sell low-carb C2 in UK Coca-Cola has decided not to sell its C2 brand in the UK, one of the company #39;s biggest markets, raising doubts about the future of the mid- calorie soft drink just six months after its launch in North America and Japan.",Business,World
"US raids Net song swappers US agents have raided the homes of five people who allegedly traded hundreds of thousands of songs, movies and other copyrighted material over the Internet, Attorney General John Ashcroft says.",Sci/Tech,Business
"Bombardier shares slump as CEO leaves Bombardier, the troubled Canadian maker of aircraft and trains, saw its shares fall by around 20 per cent in Toronto, after it announced that Paul Tellier was stepping down early as president and chief executive officer.",Business,World
"Pixar Delays Its Next Film #39;Cars #39; to 2006 Pixar Animation Studios will delay the release of its next film, quot;Cars, quot; until June 2006 as it switches from a holiday release schedule to releasing films during the summer when more children are at home.",Business,Sports
American Crocker Sets Short Course World Record INDIANAPOLIS (Reuters) - Ian Crocker of the United States set a short course world record of 22.71 seconds in the 50 meters butterfly at the world championships on Sunday.,Sports,Business
"Atlantis ""Evidence"" Found in Spain, Ireland In 360 B.C. the Greek philosopher Plato described an island he called Atlantis. Now contradicting new evidence claims the fabled city-state was based on a real place.",Sci/Tech,World
"Russian millionaire's party heads Lithuania poll, but coalition needed (AFP) AFP - A party led by a Russian-born millionaire won the most votes in the first round parliamentary elections in Lithuania, but apparently not enough to form a government on its own, initial results showed.",World,Sci/Tech
"Nakatani expects a big day at BC No stranger to brash statements, jockey Corey Nakatani has a firm goal for Saturday #39;s Breeders #39; Cup program at Lone Star Park.",Sports,Business
"IBM sells PC stake to China's Lenovo China's biggest computer maker, Lenovo Group, said today it has acquired a majority stake in International Business Machines Corp.'s personal computer business for \$1.25 billion, one of the biggest Chinese overseas acquisitions ever.",Business,Sci/Tech
"Family of JFK attacks Dallas death game A VIDEO games company from Scotland is causing outrage in America with a title called JFK Reloaded, which allows players to look through the crosshairs of Lee Harvey Oswalds rifle and assassinate the late US President.",Sci/Tech,Sports
"Dogs said to smell cancer signs LONDON -- It has long been suspected that man's best friend has a special ability to sense when something is wrong with us. Now, the first experiment to verify that scientifically has demonstrated that dogs are able to smell cancer.",World,Sports
"Foster, Bender out against Clippers Indiana Pacers center Scot Pollard and forward Jonathan Bender missed Wednesday night #39;s game against the Los Angeles Clippers, adding to the team #39;s injury woes.",Sports,Sci/Tech
Alaskan pipeline has hurdles Energy companies planning a \$20 billion gas pipeline to US consuming markets from Alaska welcomed new federal loan guarantees but cautioned Tuesday that other issues must be resolved before the huge project proceeds.,Business,Sci/Tech
"Most US homes have broadband connections While the total number of home internet users has reached a plateau in the US, those who do use the internet are adopting broadband at a rapid pace, according to Marc Ryan, senior director of analysis at the audience measurement company.",Sci/Tech,Business
"Carpentier regains focus for win MONTEREY, Calif. -- As Patrick Carpentier cruised toward his second straight dominating victory at Mazda Raceway Laguna Seca, he let his mind wander.",Sports,Business
"Blockbuster revamps its policy for late returns NEW YORK -- Faced with growing competition in the home video market, Blockbuster addressed its No. 1 consumer complaint Tuesday, saying it will end late fees on rented videos and games in January.",Business,World
Wet Seal Third-Quarter Net Loss Widens (Reuters) Reuters - Struggling clothing retailer Wet\Seal Inc. on Wednesday posted a wider quarterly loss\as lackluster demand for its teen-oriented fashions forced the\company to make bigger markdowns.,Business,World
"SEC Probes United Rentals, Shares Drop CHICAGO (Reuters) - U.S. securities regulators are investigating United Rentals Inc. URI.N and have subpoenaed some accounting records, the company said on Monday, sending its shares down 21.5 percent.",Business,Sci/Tech
Visit to a Potemkin village Gongzhong does not resemble any Tibetan village in Tibet. It is a village more from Epcot Center in Walt Disney World.,World,Business
"World ; Bigley: I want to live a simple life, the final plea World News, The nearly five-minute tape was released two days after Bigley #39;s family said it had the proof that the 62-year-old engineer from Liverpool was killed.",World,Sci/Tech
"Flying taxis - quot;within five years quot; British company Avcen, designers of quot;Jetpod quot; taxi, believe they can offer a flying taxi service within 5 years. The taxi, due to undergo quot;proof of concept quot; test flights over the next 18 months, cruises to 228m with speeds of up to 350 mph (563 kph).",Sci/Tech,Sports
"Lowe's Sees Profit Rising in 2005, 2006 ATLANTA (Reuters) - Home improvement retailer Lowe's Cos. LOW.N on Tuesday said it expects diluted earnings per share to rise in both 2005 and 2006 as it benefits from increased remodeling activity and home ownership.",Business,World
"Sports Court Hears Hamm Gold Medal Appeal LAUSANNE, Switzerland - Paul Hamm appeared before the sports world's highest court Monday to argue why he should he keep his Olympic gymnastics gold medal. The Court of Arbitration for Sport convened to hear the appeal from a South Korean gymnast who believes he was unfairly deprived of the gold in the men's all-around event in Athens last month because of a scoring error...",World,Business
'Cities in crisis' leaders warn World leaders warn that rapid urbanisation will become one of the biggest challenges of the 21st Century.,Sci/Tech,World
"Israel resumes Gaza pull-out debate Israeli MPs have resumed a debate on Prime Minister Ariel Sharon #39;s disengagement plan, which is expected to culminate in a historic vote in favour of a pull-out of troops and settlers from the Gaza Strip.",World,Sports
"Picture 7 of 8: Microsoft's new Media Center push Software maker heads to LA to show off a host of gadgets that use one or another Microsoft technology to access movies, music and video.",Sci/Tech,Business
"Olympic traffic measures needed at Paralympics: experts Experts recommend that the traffic control measures taken during last month #39;s Olympic Summer Games and the current Paralympics should be kept in Athens permanently, as they",Sports,Business
"Coleman Enjoys Fulhams Battling Display Fulham manager Chris Coleman was delighted with his side #39;s second-half performance, which brought them a hard-earned point in a 1-1 draw against Manchester United at Craven Cottage.",Sports,Business
"Deutsche Bank to Sell Scudder Business to Legg Mason Deutsche Bank AG of Germany plans to sell its New York, Philadelphia, Cincinnati and Chicago offices of Scudder Private Investment Counsel to Legg Mason Inc. for \$55 million, plus payments of up to \$26 million, the company said Monday.",Business,Sci/Tech
"Ciena Posts a Loss, Forecasts Flat Sales By Deborah Cohen CHICAGO (Reuters) - Telecommunications equipment makerCiena Corp. on Thursday reported a wider loss for thefiscal third quarter due to slack demand and forecast sales inthe current quarter would be little changed from the thirdquarter.",Sci/Tech,Business
"Poor? Who #39;s poor? Poverty is down The proportion of people living on less than \$1 a day decreased from 40 to 21 per cent of the global population between 1981 and 2001, says the World Bank #39;s latest annual report.",World,Sci/Tech
"CA to buy Netegrity for \$430 m Its biggest acquisition since 2000, marking its return to inorganic growth mode, after shelving acquisition plans due to government probes in its accounting practices.",Business,Sci/Tech
"Mobile boom draws telecom manufacturing to India BANGALORE, INDIA - An anticipated boom in mobile telephony use in India is attracting multinational and local companies to establish manufacturing operations in the country.",Sci/Tech,Business
"Put RSS Feeds On Your Web Page Put RSS Feeds On Your Web Page\\If you're interested in putting RSS feeds on your Web page but you don't have a lot of server/programming expertise, you might want to try the RSS Digest tool at http://www.bigbold.com/rssdigest/ . This tools has some nice extras on it, though at the moment ...",Sci/Tech,World
"IDC sees continuing decline in PDA market If a handheld device doesn't have voice capabilities, a growing number of users around the world aren't interested, according to IDC. For the third straight quarter, shipments of handheld devices such as personal digital assistants (PDAs) fell as some prominent vendors decided to pull back from the market, IDC said Wednesday.",Sci/Tech,World
"MedImmune CEO Talks Finance and Science David Mott, a Dartmouth-educated Wall Street investment banker, is increasingly leveraging his reputation in the local and national biotech communities.-The Washington Post",Sci/Tech,World
"FOAFKey: FOAF, PGP, Key Distribution, and Bloom Filters \\FOAF/LOAF and bloom filters have a lot of interesting properties for social\network and whitelist distribution.\\I think we can go one level higher though and include GPG/OpenPGP key\fingerpring distribution in the FOAF file for simple web-of-trust based key\distribution.\\What if we used FOAF and included the PGP key fingerprint(s) for identities?\This could mean a lot. You include the PGP key fingerprints within the FOAF\file of your direct friends and then include a bloom filter of the PGP key\fingerprints of your entire whitelist (the source FOAF file would of course need\to be encrypted ).\\Your whitelist would be populated from the social network as your client\discovered new identit ...\\",Sci/Tech,Sports
"Princess Diana Fountain to Close Again (AP) AP - It has been fenced in, clogged with leaves, overrun with visitors and even used as a dog bath. Now the Princess Diana memorial fountain is to close again to replace surrounding grass that has become sodden with splashing water, park officials said Tuesday.",World,Sports
"Russia agrees to Dalai Lama visit despite certain anger from China (AFP) AFP - Russia will allow Tibet's exiled spiritual leader, the Dalai Lama, to visit a southern Buddhist Russian region for the first time, the foreign ministry said in a move certain to anger China.",World,Sci/Tech
"Her aim: Give Tufts-NEMC intensive care For 10 years, Ellen Zane oversaw community doctors for Partners HealthCare, the parent organization of Massachusetts General and Brigham and Women's hospitals and the biggest and most profitable hospital and physician network in Massachusetts. Then in December, she became chief executive of a very different institution: Tufts-New England Medical Center in Boston's Chinatown neighborhood. Tufts-NEMC is not only smaller, it's ...",Business,Sci/Tech
Tracking Service Aims to Ease Product Returns (Ziff Davis) Ziff Davis - A Texas company tries to take a little bit of the sting out of the biggest online retail nightmare: returns.,Sci/Tech,Business
"China's Lenovo in talks with 'major IT firm' for acquisition (AFP) AFP - China's largest manufacturer of personal computers Lenovo Group said it is in negotiations with a major information technology company, believed to be US-based IBM.",Sci/Tech,World
Is More Aid Needed to Solve Africa's Woes? (Reuters) Reuters - American economist Jeffrey Sachs\has a novel way to tackle African poverty: Shower more aid on\the world's poorest continent.,World,Business
"Wi-Fi successor is called high-speed hype -- for now SAN FRANCISCO -- At virtually every turn, Intel Corp. executives are heaping praise on an emerging long-range wireless technology known as WiMAX, which can blanket entire cities with high-speed Internet access.",Business,Sci/Tech
"Bush Pledges Strong-Dollar Policy President Bush meets with Italian Prime Minister Silvio Berlusconi in the Oval Office of the White House, Wednesday, Dec. 15, 2004, in Washington.",Business,World
"Bus ambush kills 17 workers near Tikrit Gunmen ambushed a bus carrying unarmed Iraqis to work at a US ammunition dump near Tikrit yesterday, killing 17 and raising the toll from three days of intensified and bloody terrorist",World,Sci/Tech
"Facing Arrest, Uma Bharti Quits as Madhya Pradesh Chief BHOPAL (PTI) - Madhya Pradesh Chief Minister Uma Bharti has been forced out of office after four days of political drama as the issue of tainted ministers came back to haunt the Bharatiya Janata Party.",World,Sports
Disney Rules Out New Deal with Pixar Studios In January Disney and Pixar terminated their talks to extend a distribution partnership that has created such cartoon hits as quot;Finding Nemo quot; and the quot;Toy Story quot; series.,Business,Sports
"France #39;s American problem PARIS -- US diplomats here respond to Jacques Chirac #39;s continued Yankee-bashing following George W. Bush #39;s re-election by saying the French president is out of step with his people, who are not nearly that anti-American.",World,Sports
"US Spacecraft to Probe Origin of Gamma Rays Far Beyond Our Galaxy The US space agency, NASA, launched a satellite Saturday that scientists hope will help them locate the sources of mysterious gamma ray explosions, the",Sci/Tech,Business
"Shaving Time From The Virus Race IronPort Systems has launched the latest version of its IronPort C-Series E-mail Security Appliance, adding Virus Outbreak Filters that the company said could respond to new virus outbreaks within minutes.",Sci/Tech,Sports
"Kashmir Talks: Failure Could be Fatal GIVEN their sordid 58 year-long history, its easy enough to sink into pessimism when discussing India-Pakistan relations. The just-concluded first round of comprehensive talks between the",World,Sci/Tech
Fleisher Surges Clear Bruce Fleisher carded a seven-under-par 65 to take a three-shot lead after the second round of the Greater Hickory Classic in North Carolina.,Sports,Business
Earnings for The New York Times Slip The newspaper publisher today said that while the ad market remains uneven it has seen improved trends so far in October.,Business,Sci/Tech
E. Guinea coup suspects say they were tortured Equatorial Guinea has told a court he and his comrades had been chained like animals and tortured into confessing. and hand-cuffs to plead their innocence on Thursday.,World,Sci/Tech
"Suse warns of hole in Linux kernel OCTOBER 27, 2004 (TECHWORLD.COM) - Linux distributor Suse has warned of one of the most serious security holes to date in version 2.6 of the Linux kernel, which could allow attackers to shut down a system running 2.6-based software.",Sci/Tech,Business
"U.S. Increases Growth Estimate For 3rd Quarter Consumers and businesses boosted their spending a bit more quickly in late summer than previously thought, fueling faster overall economic growth, the government reported Tuesday.",Business,World
Australia #39;living beyond its means #39; Environmental organisation WWF International has warned that the global population is consuming about 20 per cent more natural resources than the planet can produce.,Sci/Tech,Sports
Hostage-taker snubs rescue team A PAKISTANI militant leader linked to al-Qaeda said today he refused to meet a council of tribal elders trying to secure the release of two Chinese hostages held by his group.,World,Sci/Tech
"Tiny telescope #39;s big discovery opens new doors WASHINGTON - A tiny telescope has spotted a giant planet circling a faraway star, using a technique that could open a new phase of planetary discovery.",Sci/Tech,Sports
"Eurozone central bank gives clean bill of health to hedge funds The European Central Bank has given hedge funds a generally clean bill of health, saying the possible dangers to financial markets are quot;much less worrisome quot; than even a few years ago.",Business,Sci/Tech
"Nikkei Opens Higher (Reuters) Reuters - The Nikkei average rose 1.37 percent at\the opening on Monday as a recovery in U.S. stocks encouraged\investors to seek bargains among lagging issues, including\Canon Inc. and other high-tech issues.",World,Sci/Tech
"RTX Provides Cordless Phones for Net-Based Calls COPENHAGEN (Reuters) - Danish electronics equipment maker RTX Telecom RTX.CO said on Monday it had signed an agreement with Skype, a provider of Internet-based voice telephony, to develop and market cordless handsets.",Sci/Tech,Sports
"Intel Doubles Dividend, Boosts Buyback by \$11.5 Bln (Update2) Intel Corp., the world #39;s biggest computer-chip maker, doubled its quarterly dividend and boosted its stock buyback program by \$11.",Business,Sci/Tech
"Ashado pulls away to win Distaff Ashado had a little trouble finding running room in the stretch of the Breeders #39; Cup Distaff on Saturday. But once she did, she quickly kicked away from the opposition",Sports,Sci/Tech
More Newcastle United Stories Legendary Real Madrid defender Goyo Benito believes the arrival of Jonathan Woodgate at the Santiago Bernabeu will help bring an avalanche of titles to Real Madrid.,Sports,World
"Wal-Mart Brightens Dec. Sales Forecast NEW YORK (Reuters) - Wal-Mart Stores Inc. WMT.N, the world's biggest retailer, on Monday brightened its outlook for December sales at U.S. stores open at least a year, seeing sales up 3 percent bolstered by post-Christmas spending.",Business,Sci/Tech
"4 US soldiers killed in roadside bomb attack; coalition steps up ... Roadside bombings killed four American soldiers in Baghdad, the US command said Wednesday, as US and Iraqi troops stepped up pressure on Sunni insurgents before this week #39;s start of the Islamic holy month of Ramadan.",World,Business
"Peru's Toledo Wants New Judges for Guzman Retrial By Jude Webber LIMA, Peru (Reuters) - Peruvian President Alejandro Toledosaid on Saturday he wanted new judges to try Shining Pathleader Abimael Guzman after the ""shameful spectacle"" he stagedat the start of his terrorism retrial, punching the air withhis fist and chanting rebel slogans.",World,Business
"Islamic group threatens to kill Indian cricketers in Bangladesh (AFP) AFP - A little known radical Islamic group has threatened to kill Indian cricketers when they tour Bangladesh from Tuesday, the Indian High Commission told AFP.",World,Sci/Tech
UConn passes first test Dan Orlovsky threw for 382 yards and tied his school record with five touchdown passes to lead Connecticut to a 52-14 win over Murray State yesterday in East Hartford.,Sports,Sci/Tech
San Antonio (15-3) at Chicago (2-12) 8:30 pm EST CHICAGO (Ticker) -- Two teams heading in opposite directions meet Monday at the United Center when the San Antonio Spurs visit the Chicago Bulls.,Sports,World
"Four Infineon executives plead guilty Four Infineon executives pled guilty for price fixing computer memory chips and will face a prison sentence of four to six months along with \$250,000 in fines, reported the US Department of Justice on Thursday.",Sci/Tech,Sports
"Mr. Chang, Strike a Pose Halfway around the world, standing virtually in the middle of the Pacific Ocean, the incomparable Timmy Chang is just days away from throwing his first pass of the season. From my tattered sofa, I will be watching him. I want you to watch him, too.",Sports,Sci/Tech
"Anxious wait for whale rescuers RESCUE workers will know this morning if their attempts to save whales beached yesterday on Maria Island, off Tasmania #39;s east coast, were successful.",World,Business
UPDATE 1-Thompson earns Celtic a record win over Rangers Scottish champions Celtic secured a record seventh successive win over Glasgow rivals Rangers on Sunday with a 1-0 victory courtesy of midfielder Alan Thompson #39;s venomous late strike.,Sports,Business
"Cisco Melds Add-on Features Into Branch-Office Routers SEPTEMBER 13, 2004 (COMPUTERWORLD) - Cisco Systems Inc. tomorrow plans to announce an all-new line of branch-office routers that integrate basic routing capabilities with IP voice support, security tools and other functionality.",Sci/Tech,Business
OPEC Head Urges U.S. to Use Oil Reserves JAKARTA (Reuters) - OPEC has taken the unprecedented step of urging the United States to tap its emergency crude reserves to bring down world oil prices.,Business,World
British sailors bag bronze Britain's Chris Draper and Simon Hiscocks win bronze in a tense final 49er race on the Saronic Gulf.,Sports,Sci/Tech
"Cocoa Price Off, Ivory Coast Shot to Bits (Reuters) Reuters - World cocoa prices rose from intraday\lows, but exports from the Ivory Coast, the key global\supplier, remain on hold after mob violence and military\clashes paralyze business in the West African country, traders\said on Tuesday.",Business,Sports
Secret Service Busts Internet Organized Crime Ring Feds allege 1.7 million stolen credit card numbers were involved in global scam.,Sci/Tech,World
"Real targets iPod with download price cut RealNetworks has kicked off what it claims is the biggest online music sale in history. For a limited time, every song in the firm #39;s RealPlayer Music Store can be downloaded for 49 cents, with most albums available for \$4.99.",Sci/Tech,Sports
"Applebee #39;s predicts earnings, units rise Company sees doubling of units to at least 3,000; predicts 17 earnings rise over next 3 to 5 years. LOS ANGELES (Reuters) - Restaurant chain Applebee #39;s International Inc.",Business,Sci/Tech
"NASA expert says Bush stifles evidence on global warming IOWA CITY, Iowa A NASA scientist has charged that the Bush administration is subverting science and misleading the public by trying to suppress or alter evidence on the dangers of global warming.",Sci/Tech,World
"Attack prompts Bush website block The re-election website of President Bush is blocking overseas visitors because of ""security reasons"".",Sci/Tech,World
"Sign off, then sign in G. Michael Caggiano Jr. lies awake at night thinking about bank signs. He ponders them during breakfast, while brushing his teeth, and quot;constantly quot; during the day, he says.",Business,Sports
Banknorth investors voice doubts on bid Banknorth Group Inc.'s biggest investors are voicing concerns about the proposed sale of a controlling stake to Toronto-Dominion Bank .,Business,Sci/Tech
"Employment Picture Expected to Improve NEW YORK - A rash of job cuts - more than 10,000 layoffs just this week from a handful of companies - has created some gloom on the jobs front. But Friday's release of jobs data for September was expected to show a steady unemployment rate and creation between about 50,000 to 250,000 new jobs, though uncertainties such as the effects of last month's hurricanes kept the estimates all over the map, said Wachovia Corp...",World,Business
"Steenland: Northwest Joins Southwest In Raiding Bankrupt ATA Turf Gnawed by Northwest. Joining an apparent feeding frenzy, Northwest Airlines (nasdaq: NWAC - news - people ) on Tuesday said it plans to expand in Indianapolis, a move that will knock rival ATA Airlines from its No.",Business,Sci/Tech
"Obama Balances Stardom, Local Interests (AP) AP - In the days since he was elected to the U.S. Senate, Barack Obama has chatted by phone with President Bush, had his picture in People magazine and appeared several times on national television.",World,Sports
"Wardian, Feldman Right at Home in Parks Marathon Michael Wardian rounded the corner onto Woodmont Avenue in Bethesda, smiling broadly and waving to the cheering crowd. Making his way to the finish line, Wardian ran comfortably, looking more like someone finishing a training run rather than a race.",Sports,Sci/Tech
"Momentum shifted on Garcia's stellar play BLOOMFIELD TOWNSHIP, Mich. -- Oh, how Match No. 2 in yesterday's singles proved a fitting contrast in emotions in the final act of the 35th Ryder Cup Matches.",Sports,World
Will This Idea Fly? Charge Some Travelers \$10 for Showing Up Northwest Airlines said it would begin charging a \$10 fee for issuing a ticket at its airport check-in desks.,Business,Sci/Tech
"Canada #39;s military ombudsman to investigate troop complaints Canada #39;s military ombudsman will travel to Afghanistan next week to investigate troop complaints there, it is reported here Sunday.",World,Sports
"Dell, AOL team up in schools initiative ROUND ROCK, Texas -- Dell Inc. and America Online Inc. announced a partnership Monday to provide 5,000 low-income students with free refurbished personal computers and a year #39;s worth of Internet access.",Business,Sci/Tech
"Spurs 88, 76ers 80 The Philadelphia 76ers got a firsthand demonstration of why Tim Duncan might be the toughest player in the NBA to defend. Duncan scored a season-high 34 points and grabbed 13 rebounds to lead the Spurs to",Sports,Business
"India 4th largest economy: World Bank Ahead of the International Monetary Fund-World Bank meeting, the World Bank on Tuesday placed India as the fourth largest economy in terms of purchasing power parity, even as it said the country lagged behind in technology and efficiency.",Business,Sports
Corning begins work on Taiwan LCD facility Demand for flat-panel devices means that the time is ripe for factories to churn out more glass.,Sci/Tech,World
"Samsung MMCmicro Cards Samsung MMCmicro It seems that mobile phones will soon be getting yet another new memory storage format, joining a growing field of ever-smaller memory cards.",Sci/Tech,Sports
"Bekele, Isinbayeva top track athletes Names Ethiopian distance runner Kenenisa Bekele and Russian pole vaulter Yelena Isinbayeva were named male and female athletes of the year by the world track and field federation. Isinbayeva set eight world records in 2004, including one while winning the gold medal at the Olympics. Bekele won the 10,000 meters in Athens and finished second to Hicham El Guerrouj in ...",Sports,Sci/Tech
"Pentagon Disputes Red Cross Criticism (AP) AP - A Pentagon spokesman said Monday that Red Cross officials have ""made their view known"" that the indefinite detention of terror suspects at Guantanamo Bay, Cuba, amounts to torture.",World,Sports
"HD DVD will boost quality, help stores Four Hollywood studios this week embraced a new high-definition DVD format from electronics giant Toshiba - raising many questions for video lovers who have driven sales of pre-recorded DVDs to new heights.",Sci/Tech,Sports
"SEC gives a slap on the wrist After last week #39;s settlement with San Francisco investment adviser Garrett Van Wagoner, you have to wonder how serious the Securities and Exchange Commission is about protecting mutual fund shareholders.",Business,Sports
"Coke to Pay New CEO Same as Predecessor Coca-Cola Co. (KO.N: Quote, Profile, Research) , which warned earlier this week of lower-than-expected profits this year, said on Friday it will pay Chairman and Chief Executive Neville Isdell \$1.",Business,Sci/Tech
"CEO quits at world's top maker of trains Paul Tellier stepped down as president and chief executive of Bombardier Inc. yesterday, surprising investors and sending the train and plane maker's shares down as much as 26 percent to a 10-year low.",Business,World
"Intel Officials Have Bleak View for Iraq WASHINGTON - The National Intelligence Council presented President Bush this summer with several pessimistic scenarios regarding the security situation in Iraq, including the possibility of a civil war there before the end of 2005. In a highly classified National Intelligence Estimate, the council looked at the political, economic and security situation in the war-torn country and determined that - at best - stability in Iraq would be tenuous, a U.S...",World,Sci/Tech
"Lexmark recalls 40,000 printers Lexmark International Inc. recalled 39,431 printers from the market on Tuesday, according to a statement by Consumer Product Safety Commission.",Sci/Tech,Business
"Philippine Rail Cars Crash Into Ravine, 100 Trapped MANILA (Reuters) - Rescuers in the Philippines smashed train windows with axes and hammers Friday to reach 100 passengers trapped when a carriage derailed and dragged other cars into a ravine, killing at least four people.",World,Sports
"SAP Gets \$35 Million Post Office Pact SAP has landed a \$35 million deal to help the US Postal Service overhaul its human resources systems. According to sources close to the deal, the agreement includes a \$21 million consulting component, and",Sci/Tech,Business
"Northern Irish Protestant group pledges to end violence Northern Ireland #39;s main pro-British paramilitary group, The Ulster Defence Association (UDA), has pledged to end all violence and work towards complete disarmament.",World,Sports
US Army Deserter Jenkins Obtains Early Release from Detention in ... A former US Army sergeant who defected to North Korea almost 40 years ago - has been released after serving 25 days in military detention in Japan.,World,Business
"Israel sends Syria tough message with Hamas strike Widening its pursuit of Hamas beyond the occupied territories, Israel reached into Damascus Sunday, dealing a blow to both Hamas and Syria.",World,Sci/Tech
"Jags Cut Compton, Maddox (AP) AP - Veteran offensive lineman Mike Compton and rookie defensive tackle Anthony Maddox were among the 12 players cut by the Jacksonville Jaguars on Sunday.",Sports,World
Bond game fails to shake or stir GoldenEye: Rogue Action fails to deliver on the promise of its name and struggles to generate the original's massive sense of fun.,Sci/Tech,Business
"Federal-Mogul May Sell Turner amp; Newall Assets, Independent Says Federal-Mogul Corp., the bankrupt US engineering company, may sell its UK-based Turner amp; Newall Plc after the UK division #39;s independent pension trustee rejected a \$130 million cash offer",Business,Sci/Tech
Saks to close 11 stores New York retailing group Saks said Friday it will close 11 stores and shed 700 jobs. The company said it will close down eight Saks Fifth Avenue stores and three Off 5th Avenue,Business,Sci/Tech
Quickies put Pakistan on top in Perth Pakistan pacemen Shoaib Akhtar and Mohammad Sami tore through Australia #39;s top order as the home side struggled to 72 for four at lunch on the opening day of the first test in Perth on Thursday.,Sports,World
"Check Boeing sops, Airbustells US Check Boeing sops, Airbustells ... European aircraft maker Airbus on Thursday criticised a US move to take a fight about subsidies to the World Trade Organisation (WTO), saying it showed its rivals unwillingness to address its own subsidies.",Business,Sci/Tech
"Lebanon PM Resigns, Says Will Not Head New Govt. BEIRUT (Reuters) - Lebanon's Prime Minister Rafik al-Hariri resigned Wednesday and said he would not form a new government, following a widely opposed constitutional change to keep the Syrian-backed president in office.",World,Sci/Tech
"An Interview with Bill Baker, SQL Server BI General Manager This article is the first in a new, regular series of articles and interviews with top Microsoft program managers. Our goal is to give you a close-up, helpful and informative look at things",Sci/Tech,Business
"EU to Lift U.S. Sanctions Jan. 1 BRUSSELS (Reuters) - The European Commission is sticking with its plan to lift sanctions on \$4 billion worth of U.S. goods on Jan. 1 following Washington's repeal of export tax subsidies in October, a spokeswoman said on Thursday.",Business,Sci/Tech
"Philippines not relieved from nature #39;s curse With the death toll mounting to 1,000 after a deadly storm Typhoon Nanmadol that hit the nation three days before, the nature #39;s curse is still haunting Philippines when an earthquake with a preliminary magnitude of 4.2 rocked the northern Philippines on",World,Sports
Adams out at Foxes Micky Adams has quit as manager of Leicester City after the club failed to persuade him to stay. His resignation was accepted at an emergency board meeting at the Walkers Stadium this morning.,Sports,Sci/Tech
Allergan to axe 325 Westport jobs The county #39;s largest employer said the jobs losses at its Westport plant occurred following the spin off of Allergan #39;s optical medical device business to Advanced Medical Optics (AMO).,Business,Sports
"Oracle gets with the patch programme The company said Thursday that it will release security bulletins and accompanying patches for its products on 18 January, 12 April, 12 July and 18 October.",Sci/Tech,Business
"Crowton Steps Down As BYU Football Coach BYU coach Gary Crowton walks off the field after BYU #39;s 28-27 loss to Boise State, in Boise, Idaho, in this Sept. 24, 2004 photo.",Sports,Business
"Davenport Advances at U.S. Open NEW YORK - Lindsay Davenport's summer of success stayed on course Thursday when the fifth-seeded former U.S. Open champion defeated Arantxa Parra Santonja 6-4, 6-2 and advanced to the third round of the season's final Grand Slam event...",World,Sci/Tech
"U.S. Forced to Battle for Ryder Cup Survival BLOOMFIELD HILLS, Michigan (Reuters) - The U.S. Ryder Cup team, wounded after a first day mauling, were facing a fight for survival on Saturday.",Sports,Sci/Tech
"NOVA, BP to Form Joint Venture NOVA Chemicals Corp. said Tuesday it has agreed to form a joint venture with BP PLC to manufacture and market styrenic polymers in Europe.",Business,Sci/Tech
"Alien Contact More Likely by quot;Mail quot; Than Radio, Study Says Researchers behind the study speculate that other life-forms may have already sent us messages, perhaps even as organic material embedded in asteroids that have struck Earth.",Sci/Tech,Business
"Death bell tolls for Russia's Yukos oil giant (AFP) AFP - Russia's Yukos does not begin the week teetering on the edge of ruin where it has been for months now. The oil giant is flat on its back, gasping for its last breaths of air.",World,Business
"Judge: Geico can sue Google, Overture over ads A federal judge in Virginia has ruled that a trademark infringement suit filed by the Government Employees Insurance Co. (GEICO) against Internet search giants Google Inc. and Overture Services Inc. can proceed.",Business,World
Playing with the traumas of war Are games based on the Vietnam conflict making us immune to realities of history?,Sci/Tech,Business
"Hurricane Ivan Roars Toward Gulf Coast NEW ORLEANS - Stragglers streamed toward higher ground Wednesday on highways turned into one-way evacuation routes and surf started eroding beaches as Hurricane Ivan roared toward the Gulf Coast with 140 mph wind. Nearly 200 miles wide, Ivan could cause significant damage no matter where it strikes, as hurricane-force wind extended up to 105 miles out from the center...",World,Sci/Tech
Socceroos lead at break The Socceroos lead the Solomon Islands 4-0 at half-time in their Confederations Cup qualifier in Honiara. A double from midfielder Josip Skoko and strikes to Ante Milicic and the impressive Brett Emerton have,Sports,Sci/Tech
"Israel won #39;t attend London Mideast conference Israel will not attend a Middle East conference in London early next year but backs its stated aim of fostering Palestinian reform in pursuit of peace after Yasser Arafat #39;s death, a senior official says.",World,Sports
"Antidepressants to Reflect Suicide Risk WASHINGTON (Reuters) - The U.S. Food and Drug Administration plans to update antidepressant labels to reflect studies that suggest a link between the drugs and suicide in youths, but remains cautious about the strength of such ties, according to documents released on Friday.",Business,Sci/Tech
"Former Executive Testifies, Offering Insider #39;s Look at Enron #39;s ... A former executive who was a participant in the wrongdoing that helped cripple Enron testified on Monday, providing the first glimpse through the eyes of a principal of",Business,Sci/Tech
Iran deploys new missile TEHRAN: Iran added one more missile to its military arsenal and the defense minister said Saturday his country was ready to confront any external threat.,World,Sci/Tech
"Colombia militant gunned down A top leader of Colombia #39;s right-wing paramilitaries has been assassinated, throwing into further doubt the ongoing peace process with the government.",World,Sports
"Catalina Foxes Back After Near Extinction (AP) AP - A unique subspecies of fox that is about the size of a house cat is back from the brink of extinction on Santa Catalina Island and can survive on its own thanks to a captive breeding program, the head of a nonprofit group that manages most of the island said Tuesday.",Sci/Tech,Business
Sharon to meet with settlement group as referendum idea gains ... Prime Minister Ariel Sharon is to meet formally with a group of settlement leaders from Judea and Samaria Sunday for the first time in a year and half.,World,Business
"Is Google working on a web browser! After coming up with Gmail and Google News, rumours are rife that search engine Google is now working on a web browser, reports BBC.",Sci/Tech,Business
"Cambodia #39;s New King Ascends the Throne Description: In Cambodia, Norodom Sihamoni who accedes to the throne with an elaborate coronation, following the abdication of his father King Norodom Sihanouk.",World,Sports
"Elarton agrees to \$850,000, one-year deal with Indians Scott Elarton, who pitched effectively late in the season after a slow start with Cleveland, agreed Thursday to an \$850,000, one-year contract with the Indians.",Sports,Business
"Van Gogh #39;s murder brings out Holland #39;s contradictions The murder of Dutch filmmaker Theo van Gogh by a young Muslim of Moroccan descent has shaken Holland to its very foundations. To most people, including the Dutch, the killing and its violent",World,Sports
"Symantec launches antiphishing service SEPTEMBER 13, 2004 (IDG NEWS SERVICE) - Symantec Corp. is fishing for dollars with a new service designed to help companies combat the ongoing epidemic of online identity theft, or quot;phishing, quot; scams.",Sci/Tech,World
"Fans are to blame, but players will face biggest penalties Look for David Stern to come down hard on the principals in Friday #39;s Pacers-Pistons brawl. With the NBA #39;s image possibly at stake, many around the league expect him to send a strong message when he makes his final ruling.",Sports,Sci/Tech
"Dodgers Nip Giants 3-2 in Crucial Series SAN FRANCISCO - Shawn Green can sit out Saturday knowing he was a huge help to the Dodgers during their crucial series against San Francisco. Green hit a two-run homer in Los Angeles' 3-2 victory over the Giants on Friday night, a day before the first baseman will miss a game to observe the Jewish holiday Yom Kippur...",World,Sports
"JJB profit and bid hopes fade away Sports retailer JJB yesterday reported a near 25 drop in profits and continuing poor sales, and ended shareholders #39; hopes of a takeover by announcing that a potential bidder had walked away.",Business,Sci/Tech
"P2P company wants RIAA to face the music The Recording Industry Association of America (RIAA) is being given a taste of its own medicine by peer-to-peer (P2P) company Altnet, which has launched a civil suit against the trade body alleging patent infringement.",Sci/Tech,Business
"Germany deports Turkey militant German police deport an Islamic militant wanted by Turkey, hours after his extradition is approved.",World,Sports
VoIP firm ties rebate deal to Wi-Fi router Vonage and Cisco's Linksys have a new bundle: an 802.11g router and any of three Vonage plans.,Sci/Tech,Business
"ETA Seals Off Madrid with 5 Bombs, 2 Police Hurt (Reuters) Reuters - The Basque separatist group ETA set off\five bombs at petrol stations around Madrid on Friday, putting\a stranglehold on the city at the start of a long holiday\weekend.",World,Sports
"Wisdom was main course WALTHAM -- He is an 87-year-old man with a cane and a cigar, and the clout of a king.",Sports,Business
"Treo 650 on Monday? \\The blogs are buzzing that the Treo 650 will be released on Monday.\\From Gizmodo:\\""Not only have they announced special ""news"" next Monday at the CTIA Wireless\Conference in San Francisco, earlier this week someone with PalmOne\accidentally sort of, you know, told me. I told them I'd keep quiet as long as\they did, but if they're going to go and announce it with a wink and a nod, I\think I've done my part.""\\If they do this right I'll be sporting a Treo 650 soon! \\Of course if this is true:\\""File it under hoping I'm wrong. Several reports have filtered in from people\who have had hands-on time with pre-release Sprint versions of the upcoming\Treo 650. These reports say that the Treo wi ...\\",Sci/Tech,Business
"Will there be peace in Great Lakes region? To coordinate and cooperate or not to, that is where the rub is, and that is the key issue when it comes to answering the question whether there will be peace in the Great Lakes region.",World,Sports
India hospital injections fears India's health minister tells parliament that nearly 70 of injections at government hospitals are unsafe.,World,Sports
"Wenger to decide in build-up to Sunday #39;s Premiership showdown As Arsenal are preparing to play Chelsea in the big game of the weekend, Gunners #39; manager Frenchman Arsene Wenger is still deciding in the build-up to Sunday #39;s Premier League showdown.",Sports,Business
"China shuts 1,600 cybercafes The Chinese government confirmed this weekend that it has closed 1,600 internet cafes and fined operators a total of 100m yuan since March, when it began its crackdown on violent or pornographic content, and other material it considers harmful to public",Sci/Tech,Business
Game sparks sales frenzy GAMES stores opened at midnight to meet demand for the latest version of the controversial Great Theft Auto. There were queues outside shops around Merseyside with people anxious,Sci/Tech,Sports
"Intel dauphin Otellini becomes king Intel #39;s board has given the go ahead for the long anticipated shift in power from current CEO Craig Barrett to current President Paul Otellini Come May 18, Otellini will take over the chipmaker and become its fifth ever CEO.",Business,Sci/Tech
PeopleSoft customers reassured Oracle Corp. President Charles Phillips on Monday said PeopleSoft Inc. customers have become more comfortable with the prospect of a merger between the two software firms even as the proposed transaction awaits a critical ruling from a Delaware court.,Business,Sci/Tech
"Robinho #39;s mother releaased by kidnappers The mother of Santos striker Robinho was released unharmed on Friday, 40 days after she was kidnapped at a family gathering. Marina da Silva de Souza, 44, appeared healthy but thinner than when she was abducted",Sports,Sci/Tech
7 U.S. Groups Ask U.N. for Vote Observers (AP) AP - Seven American activist groups asked the United Nations on Monday to provide international observers for next month's presidential election.,World,Sci/Tech
"Snow to Stay on With Bush, Principi Exits (AP) AP - Treasury Secretary John Snow, an aggressive champion of the administration's economic policies, accepted President Bush's offer Wednesday to remain in the Cabinet.",World,Business
Week's delay for Delta launcher Boeing's new heavy-lift Delta 4 rocket must wait a further week before making its maiden flight.,World,Sci/Tech
Salvation Army says Target policy threatens fund-raising ST. PAUL - Salvation Army officials say they #39;re worried that they may not meet their holiday fund-raising goal because they won #39;t have bell-ringers outside of Target stores.,Business,World
"Yemen Jails 5 Over Limburg, US Envoy Murder Plot A Yemeni court jailed five al Qaeda supporters for 10 years Saturday for the bombing of the French supertanker Limburg and sentenced to death another militant who plotted to kill the US ambassador to the Arab state.",World,Sci/Tech
"Ask Jeeves Search Engine Gets Slim and Personal Ask Jeeves Search Engine Gets Slim and Personal\\Ask Jeeves has introduced new changes which have totally made over the search engine which hopes to give Yahoo, MSN and Google a run for their money. The new changes at Ask.com include MyJeeves personal search, a revamped local search, and an update ...",Sci/Tech,Sports
"U.S. Softball Team Wins, Closes in on Gold ATHENS, Greece - Right now, the Americans aren't just a Dream Team - they're more like the Perfect Team. Lisa Fernandez pitched a three-hitter Sunday and Crystl Bustos drove in two runs as the Americans rolled to their eighth shutout in eight days, 5-0 over Australia, putting them into the gold medal game...",World,Sci/Tech
"Clayton Dubilier, Merrill team in \$3.4B buyout In what would be the largest European leveraged buyout of the year, Clayton Dubilier amp; Rice has teamed with Merrill Lynch amp; Co.",Business,Sports
"Arsenal matches record of 42 league games without a loss on Sunday Arsenal rallied for three second-half goals in 11 minutes on Sunday to beat Middlesbrough 5-3, matching a 25-year-old record of 42 league games without a loss in the top-flight of English soccer.",Sports,Business
"For Craigslist, city was just the ticket Hadley Weinzierl used Craigslist to furnish her Jamaica Plain apartment, and when she bought a Maltese puppy, she sought advice from fellow Craigslisters on a good vet, a cheap dog-walker, and a park where she could let the dog run without a leash.",Business,Sports
Shares plunge 20 at Global Crossing NEW YORKShares of Global Crossing Ltd. lost nearly 20 per cent in value yesterday on concerns it could face a second bankruptcy after it said it is cutting 600 jobs as it negotiates with lenders for financing.,Business,Sci/Tech
"Australian employee of Canadian oil company reportedly abducted in Yemen (Canadian Press) Canadian Press - CANBERRA, Australia (AP) - Diplomats investigated Tuesday a report that an Australian oil engineer had been abducted in Yemen by armed tribesmen, but a conflicting report from Yemen said there was no kidnapping.",World,Business
"Lycos, spammers trade blows over screen saver DECEMBER 02, 2004 (IDG NEWS SERVICE) - Lycos Europe NV is caught in a tit-for-tat struggle with spammers just days after releasing a free screen saver program that uses computer downtime to swamp Web sites associated with spam campaigns.",Sci/Tech,Sports
"Financier Frankel Gets Nearly 17 Years for Fraud Greed and sexual desire drove Martin Frankel to mastermind one of the largest insurance frauds in US history, a federal judge heard on Friday as she sentenced him to nearly 17 years in prison.",Business,World
"Supah Blitz captures Del Mar BC Handicap After spending the first 29 starts of his career mostly confined to the East Coast, Supah Blitz found out what everyone eventually does - it #39;s much better at Del Mar. In his",Sports,World
"Diverted London Airliner Given All-Clear A police search concluded there was no threat to a New York-bound Greek airliner forced to make an emergency landing in Britain following a bomb threat that mentioned Iraq, officers said Monday.",World,Sports
"Profiling Shaukat Aziz: economic reformist-turned-PM Shaukat Aziz, taking over as Pakistan #39;s 23rd prime minister on Saturday, is a former private banker credited with infusing new life into an almost bankrupt economy.",World,Business
"Kazaa trial #39;expert #39; changed sides p2pnet.net News:- Expert witness Melbourne professor Leon Sterling, produced by Big Music in the Kazaa civil trial currently unfolding in Australia, apparently once offered to speak for Kazaa owner Sharman Networks.",Sci/Tech,Sports
Feyenoord cuts PSV #39;s lead to three Feyenoord cut PSV Eindhoven #39;s lead atop the Dutch Premiership to three points on Sunday as Bart Goor equalized two minutes into injury time for a 3-3 draw with the leaders.,Sports,Sci/Tech
"IRA says it reopened disarmament talks BELFAST -- The Irish Republican Army has reopened negotiations with Northern Ireland's disarmament chief, the outlawed group said yesterday, signaling its readiness to put more weapons out of commission for the first time in over a year. The move came ahead of the planned unveiling by the leaders of Britain and Ireland of a joint peace package that has taken ...",World,Sports
Major League Baseball Box Score COLORADO (7) VS ARIZONA (1) - MID 6TH - IN PROGRESS COLORADO ab rh rbi bb so lob avg A Miles 2b 4 0 1 0 0 0 1 .302 R Clayton ss 2 0 2 0 1 0 0 .,Sports,Sci/Tech
"PRESS START FOR NOSTALGIA Like Led Zeppelin #39;s #39; #39;Stairway to Heaven #39; #39; and Lynyrd Skynyrd #39;s #39; #39;Freebird, #39; #39; classic video games like Frogger and Pong can bring back an entire era.",Sci/Tech,Sports
Relaxed pot possession bill returns OTTAWA -- The long push to reform marijuana laws took a big step forward yesterday as the federal government re-introduced legislation decriminalizing possession for personal use.,World,Sports
"Google Results Revive 'Dot-Com' Fervor NEW YORK/SAN FRANCISCO (Reuters) - Shares of Google Inc. rose as much as 20 percent on Friday, to trade at more than twice the level of its cut-price IPO, after the Web search leader posted strong quarterly results in its first reported quarter as a public company.",Business,Sci/Tech
"EPA May Conduct Human Tests for Chemicals (AP) AP - In setting limits on chemicals in food and water, the Environmental Protection Agency may rely on industry tests that expose people to poisons and raise ethical questions.",World,Sports
THIERRY HEELS THE WOUNDS THE MARK of brilliance is to produce the unexpected. The proof of genius is to do it time and again. Thierry Henry is a brilliant genius.,Sports,Business
"English 'world language' forecast A third of people on the planet will be learning English in the next decade, \says a report.",World,Sci/Tech
"Intel defeats AMD in court AMD #39;s attempt to persuade the US court to sanction the release of over 60,000 pages of Intel documentation to a European Commission anti-trust enquiry has failed.",Business,Sci/Tech
"Aether Declines Higher Bid for Unit (washingtonpost.com) washingtonpost.com - Aether Systems Inc., a Maryland wireless data company that is selling off its operating units, said yesterday it received a #36;30 million offer for a division it had already agreed to sell to another buyer for #36;25 million.",Sci/Tech,Business
"Last American defector in North Korea agrees to tell story (AFP) AFP - The last surviving American defector to communist North Korea wants to tell his story to put a human face on the Stalinist state which he believes is unfairly vilified abroad, British film-makers said.",World,Business
"Asia to outperform this year, lower growth seen in 2005: ADB (AFP) AFP - Developing Asia is set to outperform this year with higher-than-expected growth of 7.0 percent despite high oil prices but it will slow in 2005 in tandem with the developed world, the Asian Development Bank (ADB) said.",World,Business
"SunTrust Restates Results, Profits Up NEW YORK (Reuters) - SunTrust Banks Inc. STI.N, which fired three executives over its accounting for bad loans, on Friday restated first-half profit higher by \$25.1 million, more than it had forecast, to fix the mistakes.",Business,Sci/Tech
"Panel: U.S. Must Diversify Oil Supplies WASHINGTON (Reuters) - The United States must diversify its global oil supplies, expand a world network of strategic petroleum reserves and raise fuel efficiency standards to ensure its energy security, a panel of experts will recommend on Wednesday.",Business,Sci/Tech
Silence the loose cannons The US presidential election is finally over! Now the hard part begins. I #39;m not talking about getting North Korea back to the negotiating table; that will come soon enough.,World,Business
Ex-Enron executive testifies about cover-up The first witness in the first Enron criminal trial testified this morning she believed those higher up than both she and the Enron accountant now on trial were in on an effort to hide illicit,Business,World
"Gaza Clean-Up Operation after Israeli Withdrawal Palestinians retrieved belongings from the rubble of dozens of homes and work crews patched up roads and water pipes today - the aftermath of Israels 17-day military offensive, the deadliest in the Gaza Strip in four years of fighting.",World,Sports
"Some think this metal is golden So many disasters to avoid, so many uncertainties to resolve, no wonder so many investors have been cautious about buying stocks and bonds.",Business,Sports
"Study: 39 Million Americans In Working Poor Families WASHINGTON -- A new report indicates that one in every five US jobs pays less than a poverty-level wage for a family of four. As a result, nearly 39 million Americans, including 20 million children, are members",Business,Sports
Final Round in Cable-ISP Fight The U.S. Supreme Court has agreed to hear whether cable operators must give access to their lines to third-party ISPs. Michael Grebb reports from Washington.,Sci/Tech,Business
Court: Whales Have No Standing to Sue (AP) AP - A federal appeals court decided Wednesday that marine mammals have no standing to sue to stop the U.S. Navy from using sonar.,Sci/Tech,Sports
"Hawks Evicted From New York City Perch (AP) AP - Pale Male the city hawk was evicted from his nest, and the flap has already begun.",Sci/Tech,Sports
"Warren warned following threat CLEVELAND - The NFL gave a warning to Browns defensive tackle Gerard Warren on Friday, a day after he said he would try to hit Pittsburgh quarterback Ben Roethlisberger in the head Sunday.",Sports,Sci/Tech
"Alstom to sign 1 billion Euro in contracts with China (AFP) AFP - The French Group Alstom Saturday will sign contracts worth up to 1 billion Euros (1.23 billion dollars) in China for the delivery of trains and locomotives, French sources with knowledge of the deal revealed to AFP.",World,Business
Mears wins Busch pole Casey Mears set a track qualifying record and won his third NASCAR Busch series pole of the season Thursday at Homestead-Miami Speedway.,Sports,World
Philippine Floods Kill Hundreds More than 300 people died after flash floods and landslides devastated three coastal towns and left swathes of the northern Philippines under water on Tuesday.,World,Sports
South Korea president in Brazil (AFP) AFP - South Korea's President Roh Moo-Hyun started an official visit to Brazil as part of his country's campaign to find new business in the region.,World,Sci/Tech
"LSE says no to German exchange for a second time LONDON (CBS.MW) - Failed efforts to merge stock exchanges have littered the trading landscape in recent years, but the German stock exchange isn #39;t giving up on creating a pan-European and British market for trading stocks and derivatives.",Business,Sports
"Dinosaur May Have Been Stealth Hunter (AP) AP - The strike would have come out of nowhere: One second the fish was swimming placidly, no danger in sight, a moment later it was lunch.",Sci/Tech,Sports
"Calvin Murphy removed as Rockets broadcaster Murphy will go to trial Nov. 4 on charges he molested his daughters, a state district judge said Tuesday. Murphy is charged with three counts of indecency with a child and three counts of aggravated sexual assault, punishable by up to life in prison.",Sports,World
"Howard: Telstra Board Will Choose Its CEO Australian Prime Minister John Howard said Thursday that Telstra Corp. #39;s board would choose its next chief executive, not the federal government, which has a majority stake in the telecommunications giant.",Business,Sci/Tech
"Schwarzenegger Vows to Defend Emissions Law Toyota, General Motors and seven other automakers filed suit to block California's new greenhouse gas regulation, which was approved by the state in September.",World,Business
Panama Recalls Ambassador From Cuba (AP) AP - Panama recalled its ambassador from Cuba on Monday after the Cuban government threatened to break off relations in a dispute over four anti-Fidel Castro exiles imprisoned in Panama.,World,Sports
"Romania Faces Hung Parliament Risk After Vote BUCHAREST (Reuters) - Romania faced weeks of uncertainty on Monday after inconclusive general elections in the poor Balkan country, already struggling to stay on track to join the European Union. Partial results showed the ruling ex-communist Social Democrats (PSD) of Prime Minister Adrian Nastase a whisker ahead of the opposition centrists in Sunday's election but well short of a majority in parliament.",World,Sci/Tech
"Fidel Castro Back On His Feet The Cuban President this week, according to wire reports, stood unassisted for several minutes at a time while greeting Venezuelan President Hugo Chavez, who paid a visit to the island earlier this week.",World,Business
"Security firm eyes Sasser teen Berlin - A German teenager accused of creating the Sasser worm that infected millions of computers around the world is being taught to become a security software programmer, the company that hired him said on Friday.",Sci/Tech,Business
"150,000 new jobs expected The economy probably added 150,000 jobs in September and the unemployment rate held steady at 5.4, a three-year low, according to a survey of economists.",Business,Sci/Tech
"Minister Lee Says Uncertainty Deepens Economic Lethargy Deputy Prime Minister and Finance-Economy Minister Lee Hun-jai said Monday the nation #39;s current economic lethargy is due to unsubstantiated uncertainty #39; #39; about the future, which in turn weakens the confidence of market players.",Business,Sci/Tech
"USA : Wal-Mart predicts bumper Christmas Wal-Mart Stores Inc, the world #39;s biggest retailer, informed it was confident to see quot;another record quarter and a successful holiday season quot; after posting solid third-quarter results.",Business,Sci/Tech
"Researchers Study Plastics From Feathers (AP) AP - Researchers at Iowa State University are pecking away at ways of making environmentally friendly plastic. From golf tees to a biodegradable flower pot that can be planted directly in the ground, scientists are studying ways of making plastics from things such as chicken feathers and soy protein.",Sci/Tech,World
Hynix's 3Q Profit More Than Triples (AP) AP - South Korea's Hynix Semiconductor Inc. said Monday its third-quarter net profit more than tripled from same period last year thanks to steady global prices for memory chips.,World,Sports
Tata CS celebrates profits uplift Indian software giant Tata CS unveils sharply higher profits in its first set of results since its stock market launch.,Business,World
"Spanish PM to host French, German allies in Madrid summit (AFP) AFP - Sealing ratification of an EU constitution and the question of terrorism will top the agenda when Spanish Prime Minister Jose Luis Rodriguez Zapatero welcomes French President Jacques Chirac and German Chancellor Gerhard Schroeder to a summit meeting Monday.",World,Business
Angels Rally Past A's to Clinch AL West Crown (Reuters) Reuters - Garret Anderson capped a three-run\eighth inning rally with a run-scoring single as the Anaheim\Angels edged the Oakland Athletics 5-4 Saturday to capture\their first AL West pennant in 18 years.,Sports,Business
"Halo 2; Donkey Konga The first Halo game sold quite a few Xboxes (we know a few Xbox owners who don't appear to play any other titles on their consoles), and Halo 2 has already clocked \$125 million in sales -- on its first day in stores.",Sci/Tech,Sports
Notables Every Baltimore starter reached base at least twice. Orioles' Brian Roberts set the AL record for doubles in a season by a switch hitter with 47 -- also tying Cal Ripken Jr.'s team record from 1983.,Sports,Sci/Tech
"Lucent milestone: A profit Lucent Technologies yesterday posted higher fiscal fourth- quarter earnings, helping lift the telecommunications equipment maker to its first profitable year since 2000.",Business,Sci/Tech
"No Sign of El Nino in Pacific for Now - Scientists (Reuters) Reuters - Sea temperatures in the southeastern\Pacific show no sign of bringing extreme ""El Nino"" weather\conditions in the next two months, Peru's Maritime Institute\(IMARPE) said on Tuesday.",Sci/Tech,World
"A suicide bombing killed 3 people in a crowded Tel Aviv market ... A suicide bombing killed at least five people and seriously injured more than 30 others in a crowded Tel Aviv open-air market. Injured shoppers were treated on the ground, as vegetables were strewn on the pavement.",World,Sci/Tech
"Purdy Tapped as Cyber-Security Director The Department of Homeland Security has filled the nation's top cyber-security post after the previous chief abruptly resigned last week, choosing the former director's deputy to take over the position. -washingtonpost.com",Sci/Tech,Business
"Hurricanes May Affect Florida Politics TALLAHASSEE, Fla. - Two devastating hurricanes have given President Bush something his political advisers couldn't dream up: the chance to play comforter in chief in a battleground state he is determined to win again...",World,Business
England stars refuse to face media despite World Cup soccer ... England #39;s soccer team refused to face the media after their 2-1 World Cup qualifying victory in Poland on Wednesday in protest at negative publicity they received after Saturday #39;s 2-2 tie with Austria.,Sports,Sci/Tech
"Trans-Tasman war hots up AIR New Zealand and Qantas Airways face the prospect of intensifying competition on its trans-Tasman route from other airlines now that a proposed alliance between the pair has been blocked, according to analysts.",Business,Sci/Tech
"Rogers confirms deal to buy AT amp;T Wireless stake Rogers Communications Inc. (RCIb.TO: Quote, Profile, Research) confirmed on Monday it would buy AT amp;T Wireless Services Inc. #39;s (AWE.",Business,Sci/Tech
"Nortel Downsizes Again Aug. 23, 2004 (TheDeal.com) Problem-plagued Nortel Networks Corp. announced plans Thursday, Aug. 19, to eliminate an additional 3,500 jobs and fire seven more senior executives as the company labors to reinvent",Business,Sports
"Pollsters refuse to write off Australian PM despite lag in polls (AFP) AFP - Opinion polls give Australia's opposition Labor Party a big lead over Prime Minister John Howard's conservative government as campaigning begins for October 9 elections, but analysts say the real race is still too close to call.",World,Business
"TI Puts Digital TV on Cell Phones Texas Instruments Inc. today announced development of the wireless industry #39;s first digital TV on a single chip for cell phones, code-named quot;Hollywood.",Sci/Tech,Business
Donors seek clarity on PA finances Donors to the Palestinians are asking whether the change of leadership can let more light into Palestinian finances.,Business,Sci/Tech
"Avoid Security Tools You Don't Need Many technologies may be a waste of time and money, researcher says.",Sci/Tech,Business
Observers insist: no proof of fraud in Venezuelan referendum. Independent observers confirmed that the random auditing of results from the recall referendum (Sunday August 15) against Venezuelan president Hugo Chavez show there are no indications of fraud as claimed by the opposition.,Business,Sports
"Vote 2004 - a guide to the primary Get ready for the primary with the Herald-Tribunes special news section profiling all the federal, state and local candidates in races in Tuesdays election.",World,Sports
"Safety First With Latest AOL 9.0 America Online (Quote, Chart) is bundling existing security features along with new ones for the Thursday launch of its AOL 9.0 software client, security edition.",Sci/Tech,Sports
Hollywood Sues Computer Server Operators (AP) AP - Hollywood movie studios on Tuesday sued scores of operators of U.S.- and European-based computer servers that help relay digitized movie files across online file-sharing networks.,Sci/Tech,Sports
"Cendant Near Deal to Buy Orbitz for #36;1.2 Bln-Source (Reuters) Reuters - Travel and real estate company\Cendant Corp. is close to an agreement to buy online\travel site Orbitz Inc. for about #36;1.2 billion in\cash, a source close to the talks said on Tuesday.",Sci/Tech,Business
"Click Here for a Free Credit Report Really. We mean it. Finally, a legit way to peek into your personal financial file.",Business,Sci/Tech
"B.C. Mountie killed in stolen truck crash leaves wife, two small children (Canadian Press) Canadian Press - VERNON, B.C. (CP) - Vernon RCMP have identified the auxiliary officer killed when the cruiser in which he was riding was struck by a stolen truck as Glen Evely, 39.",World,Sci/Tech
"Windows Tip: Scheduled Tasks written by Greg Melton on Monday ... If you always forget to scan for viruses, update virus protection, run Disk Defragmenter, or run any other system tool, look to the Task Scheduler for help.",Sci/Tech,Business
"HCA Warns on Third-Quarter Earnings Hospital giant HCA Inc. said Wednesday it expects third-quarter earnings to range between \$222 million and \$232 million, or 46 cents to 48 cents per share, including losses from hurricanes Charley, Frances",Business,World
"Feds Make A Strike Against Spyware Companies WASHINGTON -- In what regulators are calling a first, the federal government has asked for a court order to shut down a spyware operation.",Sci/Tech,Business
"Aussies battle EU over cheese, champagne AP - The United States and Australia have prevailed in an interim ruling by World Trade Organisation (WTO) in a dispute over the protection given by the European Union to its regional goods such as Champagne wine and Feta cheese, trade officials said.",Business,Sports
"Governor #39;s proposal: New game, same strategy If Gov. Rod Blagojevich #39;s proposal to crack down on violent video game sales sounds familiar, look no further than the man he beat to become Illinois #39; chief executive.",Sci/Tech,Sports
Serena takes China title Serena Williams got back to winning ways with victory over US Open champion Svetlana Kuznetsova in the final of the China Open on Sunday.,Sports,World
"GoldenEye: Rogue Agent golden EA #39;s James Bond-baddie shooter has left its secret headquarters and taken over the factory. Like an evil genius announcing his demands, Electronic Arts has let the world know that GoldenEye: Rogue Agent has gone gold.",Sci/Tech,Sports
"MDs: Vioxx not the only drug to help arthritis The withdrawal of Vioxx may take a bite out of Merck amp; Co. #39;s revenues, but it isn #39;ta setback for arthritis patients, doctors said Friday, because dozens of other drugs offer the same symptom relief.",Business,Sci/Tech
"Important Rules for Phone Market Face F.C.C. Vote Next week, the FCC will likely change the rules on unbundled networks largely in ways favorable to the Regional bells.",Business,Sci/Tech
"Google shares released for sale Employees and some investors in Google will be able to sell shares in the company as the latest ""lockup"" phase on sales ends.",Business,Sci/Tech
UPDATE 1-Juninho on target as Celtic beat Hearts 3-0 Brazilian midfielder Juninho scored his first goal for Celtic in a 3-0 drubbing of Hearts that gave the champions an eight-point lead at the top of the Scottish Premier League on Saturday.,Sports,Business
"Trust Digital Gets CEO, Cash Influx Trust Digital Inc., a McLean software company, is getting a new chief executive and \$3.1 million in new investments as it tries to expand its business making security software for wireless devices. -The Washington Post",Sci/Tech,Sports
"2 D.C. Men Accused of Defrauding Investors The Securities and Exchange Commission sued two District men yesterday, charging them with improperly soliciting more than \$1.3 million for a real-estate-based Ponzi scheme by preying on fears about neighborhood gentrification.",Business,Sci/Tech
"Kuwait assures help on hostages NEW DELHI, Aug. 25. - Kuwait has promised to leave no stone unturned to ensure the safe return of the three Indians who were taken hostage in Iraq.",World,Business
Gunmen free CNN journalist Palestinian gunmen yesterday released a CNN journalist abducted in Gaza City apparently to pressure members of an Arab minority group not to serve in the Israeli army.,World,Sports
F1: British Grand Prix ruled out Jackie Stewart rejects Bernie Ecclestone's claims that the British Grand Prix is dead.,World,Sci/Tech
"Still under fire, US troops shifting to relief effort US forces in Fallujah offer food and first aid as they face scattered pockets of guerrilla resistance.",World,Business
"#39;Halo 2 #39; has game fans ATLANTA - For many video game addicts, the buzz on the sequel to quot;Halo quot; is louder than a machine gun rat-a-tatting in their ears.",Sci/Tech,Sports
"MG Rover offers know-how to Chinese partner MG Rover, the ailing British carmaker, has signed a binding agreement to hand over technology and know-how to the Shanghai Automotive Industry Corporation (SAIC).",Business,Sci/Tech
"Nikkei briefly regains 11,000 level TOKYO - Japan #39;s benchmark Nikkei stock index briefly recovered to the 11,000 level Monday morning on widespread buying prompted by advances in US shares last Friday.",Business,Sci/Tech
Putin Responds to Terror The Russian president puts some blame on his international critics -- and supports president Bush,World,Business
"Sun trims fourth-quarter earnings by \$12 million Sun Microsystems Inc. trimmed its fourth quarter and full-year 2004 results this week, to account for final accounting of asset retirement obligations and its settlement with Microsoft Corp.",Sci/Tech,Sports
Oracle 1Q Earnings Rise 16 Percent (AP) AP - Business software giant Oracle Corp. said Tuesday that first-quarter earnings rose 16 percent driven by new database license sales that rose 19 percent.,Sci/Tech,Business
"Robby Gordon Planning to Proceed With Caution Robby Gordon plans to join the oil spills, the tire chunks, the sharp pieces of debris and the other typical racetrack hazards on Sunday.",Sports,Business
"Video Game Makers Go Hollywood. Uh-Oh. OVIE producers are often criticized for running at the sight of original ideas, preferring instead to milk plays, books, news events, toys and even video games for their screenplays.",Sci/Tech,Sports
Parma keeps Italian hopes alive Parma rallied from an early deficit to beat Besiktas 3-2 yesterday and maintain Italy #39;s hopes of winning a UEFA Cup championship it used to dominate.,Sports,Sci/Tech
"Milosevic #39;s Lawyers to Appeal Own Appointment THE HAGUE, Netherlands -- The two lawyers representing Slobodan Milosevic filed papers Thursday (9 September), asking for permission to appeal their appointment by the UN tribunal.",World,Sports
"Mets Introduce New Prize Pitcher Pedro (AP) AP - Pedro Martinez formalized a #36;53 million, four-year contract with the New York Mets on Thursday and embraced the idea of helping rebuild a team that has fallen on hard times.",Sports,World
"Linux Core Consortium may not derail fate #39;s wheels Fate may hold something of a pre-determined fragmentation for Linux operating systems, like Unix before them, that even standards efforts cannot undo.",Sci/Tech,Sports
"Ants Follow Forks in Their Roads to Find Home Forget GPS, forget road signs. Researchers in England say foraging Pharaoh's ants employ a simpler means to find their way home: geometry.",Sci/Tech,World
Leggy models wont distract Corretja MADRID: Leggy models as ballgirls won #39;t be a distraction to family man Alex Corretja after the veteran moved into the second round of the Madrid Masters yesterday.,Sports,Sci/Tech
Senators Want Boeing Deal Investigated Leaders of the Senate Armed Services Committee asked the Defense Department on Friday to have its inspector general #39;s office investigate the Air Force #39;s effort to,Business,Sports
Cardinal Picks a Lilly Cardinal Health's deal with Lilly suggests the new fee-for-service model is gaining traction.,Business,Sports
"A Founding Father? Give the guy some credit. Tung Chee-hwa, Hong Kong #39;s embattled Chief Executive, gets precious little of it from his people these daysand heaps of",World,Sci/Tech
"iPod year #39;s hot gift One of the hottest holiday gifts this year is the Apple iPod, the digital-age equivalent of the Sony Walkman. The iPod, which stores music files downloaded from a computer",Sci/Tech,Sports
Broken thumb sidelines Payton Results of X-rays on Gary Payton #39;s right hand revealed a non-displaced fracture in the point guard #39;s right thumb. Payton did not play last night against the,Sports,Business
"Dillon Relishes Icing Victory Of the 115 rushing yards Corey Dillon rolled up against the Jets on Sunday, it was the final 12 that might have been the most important.",Sports,Business
"Disgraced Greek sprint pair charged Kostas Kederis and Ekaterini Thanou, the sprinters who brought shame on Greece on the eve of the Olympics, are facing the end of their careers after being charged with missing a drug test and faking a motorcycle accident.",Sports,Business
"Amputation rate for US troops twice that of past wars US troops injured in Iraq have required limb amputations at twice the rate of past wars, and as many as 20 percent have suffered head and neck injuries that may require a lifetime of care, according to new data giving the clearest picture yet of the severity of battlefield wounds.",World,Business
"T-Mobile USA Sees High-Speed Network 2 Years Off NEW YORK (Reuters) - T-Mobile USA, the U.S. wireless unit of Deutsche Telekom AG DTEGn.DE, does not expect to offer broadband mobile data services for at least the next two years, its chief executive said on Thursday.",Sci/Tech,Business
"Human error at EDS to blame for UK outage Electronic Data Systems has admitted that an error by one of its computer operators during a Microsoft Windows upgrade caused 40,000 PCs at the United Kingdom #39;s Department of Work and Pensions to crash last month.",Sci/Tech,Business
India's Aztec acquires software testing company for 12.1 mln dlrs (AFP) AFP - Indian information technology firm Aztec announced it would acquire software testing company Disha Technologies for 12.1 million dollars.,Sci/Tech,World
"P. Diddy Takes Vote Drive to Swing States (AP) AP - Hip-hop mogul Sean ""P. Diddy"" Combs is following the lead of President Bush and Sen. John Kerry by taking his get-out-the-vote campaign to the swing states.",World,Sports
"Novell Brings Linux to the Desktop Novell #39;s Linux Desktop 9 includes an end-user operating system, office applications and productivity tools. It boasts the same levels of security and reliability as the SuSE Linux Enterprise",Sci/Tech,Business
"Powell Announces His Resignation Secretary of State Colin L. Powell announced his resignation Monday, ending four years of battles with Vice President Cheney and Defense Secretary Donald H. Rumsfeld over the course of U.S. foreign policy.",World,Sci/Tech
"Mbeki #39;s deputy in fraud scandal It has been dubbed Hamlet without the prince, a trial where the accused is absent but which could determine if he is to rule South Africa.",World,Sports
"Video game leaked on Internet Halo 2, one of the most anticipated video games of the year, got an early release date, but not the way fans or its publisher, Microsoft, had hoped.",Sci/Tech,Business
Hope Fades for Saving 2 Boys Stuck in Mexico Cave (Reuters) Reuters - Hopes of rescuing two small boys\trapped for five days in a jungle cave faded fast on Friday\after contact was lost with the brothers and as the cavern\flooded in overnight rains.,Sci/Tech,World
Telescope snaps distant 'planet' The first direct image of a planet circling another star may have been obtained by a US-European team of astronomers.,World,Sci/Tech
"Cadbury Says Annual Results to Be at Low End of Range (Update1) Cadbury Schweppes Plc, the maker of Dr Pepper and 7Up, said results will be at the lower #39; #39; end of the range it has targeted in the current fiscal year because of lack of demand in the US and European drinks markets.",Business,Sci/Tech
Islamic teacher charged with bombings The reputed spiritual leader of an Indonesian terrorist network has been charged with orchestrating the bombing of a Bali nightclub and a Jakarta hotel.,World,Business
"2 charged after Chicago area pals are slain in NC tragedy Ever since they met in fourth grade, Brett Johnson Harman and Kevin McCann were as close as brothers. quot;They had the same mannerisms, the same kind of humor, and they even looked alike, quot; said McCann #39;s father, Dennis McCann.",Sports,Business
Hearing held on Hamm medal Paul Hamm said yesterday that he would give back his Olympic gold medal if sport #39;s highest court ordered him to. But lawyers for the American gymnast and the,Sports,Business
"Greenland criminals take road back to society, not prison (AFP) AFP - Some 20 people gather for a lunch of whale meat and potatoes inside a large wooden building facing a frozen fjord bathed in sunlight. No, these are not tourists on vacation, but rather criminals serving time in one of Greenland's open penal centers.",World,Business
"Millions to miss out on the net Around 40 of the UK will still be without internet access at home by 2025, warns a study by telecoms giant BT.",Sci/Tech,Business
"Inflation fall eases rates pressure INFLATION fell again in August, slipping further below the governments 2 per cent target, driven down by clothing and footwear retailers failing to raise prices after a poor summer.",Business,Sci/Tech
"Lehman in Talks to Buy UK Hedge Fund -WSJ (Reuters) Reuters - Investment bank Lehman Brothers\Holdings Inc. is negotiating to buy GLG Partners, a large\British hedge fund, the Wall Street Journal reported on\Thursday, citing unnamed sources.",Business,World
"Dell blades cut deeper to data centers (InfoWorld) InfoWorld - Dell Computer re-energized its enterprise-class blade server strategy on Monday, rolling out a new architecture that supports as many as 10 servers in a seven-unit chassis that can fit into a standard-size rack.",Sci/Tech,World
"A threat to the West Bank pullout The expected withdrawal from the Gaza Strip is substantively different from that which Israel will carry out in the northern West Bank, in the area of Jenin.",World,Sports
"Dominicans' Swift Step Into Crisis SANTO DOMINGO, Dominican Republic -- When Sandro Batista smashed his banana truck into a tree in April, leaving him with two hideously shattered legs and a broken arm, his orthopedic surgeon sent his sister shopping.",Business,World
"Timing Of Indian Move In Kashmir Vital: Pak Paper Islamabad, Nov. 16 (NNN): Pakistans leading newspaper, Dawn, finds the timing of the Indian announcement on reduction of troops in Kashmir as significance.",World,Business
"Cassini Spies Two Little Saturn Moons (AP) AP - NASA's Cassini spacecraft has spied two new little moons around satellite-rich Saturn, the space agency said Monday.",Sci/Tech,World
Divided S.E.C. Likely to Ask Hedge Funds for More Data A deeply divided S.E.C. is expected to approve rules requiring all but the smallest hedge funds to register with the S.E.C. and make their records available.,Business,Sci/Tech
"Space Station crew become quot;Weightless-Watchers quot; with low food ... With food supplies becoming critically low onboard the International Space Station, the astronauts have been told to cut back on their food consumption.",Sci/Tech,Sports
"Hurricanes Bring Environmental Renewal (AP) AP - Along with their destructive force, hurricanes can have beneficial effects as part of the rhythm of nature. Storms that erode beaches, uproot trees and flatten wildlife habitats may also refresh waterways, revive dry areas and bulk up barrier islands with redistributed sand.",Sci/Tech,Sports
"Cybertrust CEO Says Merger Driven by Users SEPTEMBER 27, 2004 (COMPUTERWORLD) - Betrusted Holdings Inc. in New York and TruSecure Corp. in Herndon, Va., last week said they #39;re merging to form a single IT security services vendor.",Sci/Tech,Sports
"I quit because of recruitment problems: Santini Tottenham manager Jacques Santini said he left the north London club because he was not in control of recruitment, he said on French television on Saturday.",Sports,World
Movie studios launch legal offensive against online pirates LOS ANGELES - Hollywood studios said Thursday they will file hundreds of lawsuits later this month against individuals who swap pirated copies of movies over the Internet.,Sci/Tech,World
"Lowe #39;s Forecast Hammers Stock Home improvement retailer Lowe #39;s Cos. (LOW.N: Quote, Profile, Research) on Monday reported a 15 percent rise in third-quarter profit, aided by its expansion to New York",Business,Sports
"Northrop Grumman Gets \$408 Million Pact Defense contractor Northrop Grumman Corp. on Monday said it received a 10-year, \$408 million Army contract to provide simulated battle command training support to Army corps commanders - the latest award in",Business,World
South Koreans Say Secret Work Refined Uranium South Korea admitted that a group of its nuclear scientists secretly produced a small amount of near-weapons grade uranium.,World,Business
President terms Farooqi #39;s death big achievement THE HAGUE: President General Pervez Musharraf Monday described the killing of Amjad Farooqi as big achievement by security forces and said quot;important terrorist has been eliminated.,World,Sci/Tech
(5) California 42 Washington 12 SEATTLE Fifth-ranked California ran past Washington 42-to-12. JJ Arrington rushed for 121 yards and Marshawn Lynch matched that. Lynch had TD runs of 32 and 70 yards along with a 29-yard scoring reception.,Sports,World
"Strong quake hits Hokkaido SAPPORO -- A fairly strong earthquake hit eastern Hokkaido, northern Japan, late Monday night, and several people suffered minor injuries, officials said.",World,Sci/Tech
"India's low-cost airline eyes business travel (AFP) AFP - India's pioneer low-cost carrier Air Deccan plans to raise 50 million dollars in private equity by shedding a 26 percent stake and also aims to enter the corporate business jet segment, its chairman said.",World,Sci/Tech
"Federer puts right spin on easy victory over Gaudio A grey, damp opening day at the Masters Cup here was memorable for the latest amazing shot in Roger Federer #39;s armoury. The world No 1 played an overhead with so much spin that the",Sports,Business
"Nortel Cuts Fewer Jobs, Exits Real Estate OTTAWA (Reuters) - Nortel Networks Corp. NT.TO on Thursday said it would eliminate about 10 percent of its work force, slightly less than previously estimated, and consolidate real estate in a cost-cutting plan that will save \$500 million in 2005.",Business,Sci/Tech
"Jets' offensive line takes control WALTHAM -- East Boston's Jimmy Yarde lived the lineman's dream Tuesday night, returning a fumble 70 yards for a touchdown. Yesterday, he ran with something even more significant.",Sports,Sci/Tech
"Controversial US Overtime Rules Take Effect New overtime rules have taken effect in the United States that the government says will strengthen workers #39; rights, but opponents say will significantly reduce workers #39; pay.",Business,Sci/Tech
"Oracle #39;s Ellison happy as \$5.5m Larry LARRY Ellison, the chief executive of software maker Oracle, earned \$US3.85 million (\$5.53 million) in salary and bonus for the financial year that ended May 31.",Business,Sci/Tech
"FCC Finds US Broadband Deployment Is Accelerating US broadband deployment is accelerating as underserved rural and inner city areas gain greater access to new services, according to a government report.",Sci/Tech,Business
Gerrard available for Reds Liverpool captain Steven Gerrard believes he is ready to make his comeback against Middlesbrough at the weekend following a two-month injury lay-off.,Sports,World
"Phelps Seeks More Gold at World Championships INDIANAPOLIS (Reuters) - Still riding a wave of euphoria from the Olympics, Michael Phelps returns to the pool this week at the world short course swimming championships seeking a repeat of his six gold medals in Athens.",Sports,World
"Australia: Wallets trump war A majority of Australians oppose the Iraq war, but they turned out to be more concerned about the economy.",World,Sci/Tech
Online gambling attracts surfers More than four million Britons are regular internet gamblers according to new research.,Sci/Tech,World
"Burning of fossil fuels threatens to overwhelm Arctic environment The burning of fossil fuels has contributed to warming in the Arctic that is much faster and more dramatic than scientists previously believed at nearly twice the rate of the rest of the world, a new international report concludes.",Sci/Tech,Business
"Kaneohes Wilson comes up short Kaneohe native Dean Wilson missed out yesterday on his final chance to secure his PGA Tour card. Wilson, who entered the final round of the Chrysler Championship tied for 18th and needing a top-20 finish to",Sports,World
"RNC Protesters Using Text Messages to Plan ""Multiple reports of provocateurs setting trash fires in midtown,"" read one text message sent to 400-plus mobile phones this week through a service called Ruckus RNC 2004 Text Alerts.",Sci/Tech,World
"UK Watchdog Turns Up Heat on Banks LONDON (Reuters) - Britain's financial regulator will step up scrutiny of investment banks' management of conflicts of interest and risk in the wake of a number of high profile cases such as WorldCom, Enron and Parmalat.",Business,World
"Brown in line after Livingston sack Preston LIVINGSTON have sacked Allan Preston as manager. The former Hearts and St Johnstone defender and his assistant, Alan Kernaghan, were dismissed after a run of seven defeats left the club",Sports,Business
"Microsoft Opens Software Development Center in India (Update3) Microsoft Corp., the world #39;s largest software maker, will hire several hundred #39; #39; people in the next year at its development center in India, expanding its workforce of 800, Chief Executive Steve Ballmer said.",Business,Sci/Tech
"Metcalfe, Allen back ZigBee start-up Ember, a start-up that is developing chips for ZigBee--a low-cost, low-power wireless networking standard--received \$25 million in venture capital funding this week.",Sci/Tech,Business
"Eureka! Has Australia found its 'defining moment'? Friday is the 150th anniversary of Eureka Day. For some Australians, it's their Boston Tea Party.",World,Business
"Fed #39;s rate hikes expected to continue this week and most of next ... The Federal Reserve is expected to nudge interest rates up for a fourth time this year on Wednesday, acting on the belief that the economy has finally emerged from an extended quot;soft patch.",Business,Sci/Tech
"Stocks in Motion: Claire #39;s Shares of Claire #39;s Stores (CLE:NYSE - news - research) were among the NYSE #39;s losers Thursday, falling 15 after the company posted third-quarter results that missed analysts #39; expectations and warning about the fourth quarter.",Business,World
Infineon admits conspiracy in DRAM cartel GIANT MEMORY company Infineon will plead guilty to price fixing of DRAM chips and will pay \$160 million in fines to the US government.,Business,Sports
"GM Plans to Use Woods More Creatively (AP) AP - General Motors Corp. is thrilled that Tiger Woods will promote Buick for the next five years, but GM chairman Rick Wagoner says the automaker could make better use of the world's best-known golfer.",Sports,World
"French Soldier Threatens to Blow Up Depot (AP) AP - A soldier, angry about being forced to retire, was holed up in an army depot with 60 tons of explosives Sunday, threatening to blow it up. About 400 residents were evacuated from nearby villages.",World,Business
Jakarta bombing blamed on Malaysian fugitives The Indonesian police asserted Friday it would intensify the hunt of two Malaysian fugitives Azahari and Noordin Moh Top believed to be responsible for the Thursday #39;s bombing at the Australian embassy.,World,Business
"Frail Pope Celebrates Mass at Lourdes LOURDES, France - A frail Pope John Paul II, breathing heavily and gasping at times, celebrated an open-air Mass on Sunday for several hundred thousand pilgrims, many in wheelchairs, at a shrine to the Virgin Mary that is associated with miraculous cures. At one point he said ""help me"" in Polish while struggling through his homily in French...",World,Sports
"Israel Accelerates Settlement Drive As Sharon Pushes On With Gaza ... The Israeli government was accelerating its settlement program Monday with plans to build hundreds of new homes in the West Bank, bolstered by a US softening of opposition to new construction projects.",World,Sci/Tech
Sharon Seeks Wider Government to Save Gaza Pullout Plan JERUSALEM (Reuters) - Israeli Prime Minister Ariel Sharon launched new efforts on Tuesday to widen his shaky coalition after a stinging setback in parliament that complicated his plan to withdraw from some occupied territory.,World,Business
"India #39;s Offer for Peace Talks on Kashmir Is Sweetened With Aid India #39;s prime minister, Manmohan Singh, came to Kashmir on Wednesday offering unconditional talks with anyone willing to renounce violence and a \$5.3 billion economic",World,Sports
"Junqueira beats Bourdais to take Lexmark Indy 300 The race for the Champ Car drivers #39; title is going to Mexico City in two weeks. Bruno Junqueira won yesterday #39;s Lexmark Indy 300 ahead of teammate Sebastien Bourdais, stalling Bourdais #39; run to the 2004 championship",Sports,Sci/Tech
"Karzai deputy escapes a roadside bombing A deputy to Afghanistan #39;s president, Hamid Karzai, escaped a roadside bombing in northern Afghanistan on Monday, just four days after a rocket was fired at Karzai #39;s helicopter as he was heading to a campaign event for the Oct. 9 elections.",World,Sports
Halo 2 for Xbox Leaked Online PC World has posted a news article claiming that the highly anticipated game Halo 2 for the Xbox has been released on the net. quot;Microsoft confirms that a pirated copy of Halo 2 for Xbox in the PAL video format,Sci/Tech,Sports
"In Chile, pace of justice quickens A judge has ruled that Gen. Augusto Pinochet stand trial for his alleged involvement in state-sponsored torture.",World,Sci/Tech
"Carrier #39;s uphill climb US Airways said yesterday it can emerge from bankruptcy a stronger airline, but acknowledged it needs deeper wage concessions from its pilots - something it has failed to get after two years of trying.",Business,Sports
"Office Depot Sees Profit Below Views NEW YORK (Reuters) - Office Depot Inc. ODP.N, the No. 2 U.S. office supply retailer, on Tuesday forecast third-quarter and full-year profits below Wall Street estimates due to disruptions from recent hurricanes.",Business,Sci/Tech
"Boeing chief rules out compromise The chief executive of the US plane maker Boeing warned yesterday that America would not compromise over its demand for an end to subsidies for Airbus, in remarks that raised",Business,Sci/Tech
"Men Set for Sizzling Duel in 100 Meters ATHENS, Greece - The preliminaries in the 100 meters were perhaps just a sample of what's to come Sunday, when a talented group of qualifiers - including Americans Shawn Crawford, Justin Gatlin and defending champion Maurice Greene - will try to turn their competition into the fastest show at the Athens Games. Five men broke 10 seconds in qualifying Saturday, led by Crawford's time of 9.89...",World,Sports
"Gators may be hungover before Cocktail Party ike the bourbon and beer, emotions tend to spill over in this traditional grudge match along the St. Johns River they call quot;The World #39;s Largest Outdoor Cocktail Party.",Sports,Business
"Injured Toomer might be able to play tomorrow Although Giants wide receiver Amani Toomer took limited work yesterday after missing the previous two days of practice, coach Tom Coughlin won #39;t decide on his availability",Sports,Sci/Tech
Big Dig no roadblock Huge cost overruns. Tunnel leaks. Multimillion-dollar lawsuits. Big trouble for the companies managing Boston's Big Dig? Not really.,Business,Sci/Tech
CSKA sponsor rejects criticism RUSSIAN oil giant Sibneft today rejected any suggestion of a conflict of interest existing between Chelsea and CSKA Moscow who are due to meet in the Champions League.,Sports,World
"UN panel proposes sweeping changes UNITED NATIONS, New York The United Nations has proposed the most sweeping changes in its history, recommending the overhaul of its top decision-making group, the Security Council, and holding out the possibility that it could grant legitimacy to pre",World,Sci/Tech
"HK walks out of 68-month deflation cycle, official Hong Kong Financial Secretary Henry Tang said he believed Hong Kong has walked out of the consumer price deflation cycle that lingered for 68 months, according to the consumer price index trend in the past few years.",Business,Sports
Old Rumors of Gay Sex Prove Powerful on Web Va. GOP members chose Del. Thelma Drake (Norfolk) to replace Rep. Edward L. Schrock after he resigned amidst allegations Schrock indulged in or solicited gay sex.,Sci/Tech,Business
"Oracle #39;s sweet on PeopleSoft Oracle sweetened its hostile bid for rival business software maker PeopleSoft to \$9.2 billion, a 14 increase aimed at resolving the long-running takeover battle between the bitter foes.",Business,Sci/Tech
Transactions BASEBALL Boston (AL): Activated DH Ellis Burks from the 60-day disabled list; released P Phil Seibel. Milwaukee (NL): Sent INF Matt Erickson outright to Indianapolis (IL).,Sports,Sci/Tech
"Politics an Afterthought Amid Hurricane (AP) AP - If Hurricane Charley had struck three years ago, President Bush's tour through the wreckage of this coastal city would have been just the sort of post-disaster visit that other presidents have made to the scenes of storms, earthquakes, floods and fires.",World,Business
"Thailand Tackles Bird Flu Epidemic BANGKOK, Thailand Sept. 30, 2004 - Millions of volunteers led by emergency teams fanned out across Thailand on Thursday in a new drive to fight bird flu after the prime minister gave officials 30 days to eradicate the epidemic.",World,Sci/Tech
Report: Bowa on His Way Out of Philly PHILADELPHIA (Sports Network) - Larry Bowa will reportedly be fired as manager of the Philadelphia Phillies at the end of the season.,Sports,World
"U.S. Weighs More Sanctions Vs. Belarus (AP) AP - The Bush administration may impose sanctions against leaders of the former Soviet republic of Belarus as part of a broader range of punitive measures, the State Department said Thursday.",World,Sci/Tech
Titan reveals its purple patches LONDON: Unprecedented pictures of the purple atmospheric haze on Titan have been captured by the Cassini spacecraft during its closest approach yet to Saturn #39;s largest moon.,Sci/Tech,Sports
Butt waits on Uefa ruling Newcastle midfielder Nicky Butt is facing up to the possibility of a European three-match ban. The 29-year-old was sent off during Newcastle #39;s 2-0 Uefa Cup win against Hapoel Bnei Sakhnin for grabbing Abas Suan by the throat.,Sports,World
Boeing CEO says market slower than Airbus suggests BERLIN: Boeing Co. Chief Executive Harry Stonecipher has said the US aircraft makers archrival Airbus was exaggerating the speed of recovery in the commercial airplane market.,Business,Sci/Tech
"Taiwan #39;s Acer picks a European as president TAIPEI Acer, the Taiwan computer company, named Gianfranco Lanci of Italy as its president on Wednesday, an appointment that signals the company #39;s ambitions to expand its global market share.",Sci/Tech,Sports
Sete returns to top form in Qatar; Edwards joins party with runner ... Sete Gibernau will go down in history as the first ever winner of the Grand Prix of Qatar after an incredible race today which he led from start,Sports,Business
"Pilots #39; union accepts pay cuts from US Airways Pilots at US Airways narrowly approved \$300 million in wage and benefit cuts today, making the Air Line Pilots Association the first major union representing US Airways workers to agree to permanent concessions.",Business,Sci/Tech
Update 2: General Mills to Make Cereals Whole Grain The Trix Rabbit and that Lucky Charms leprechaun are going on a whole-grain diet. General Mills announced Thursday that it will convert all of its breakfast cereals to whole grain.,Business,Sports
"Smoking ban would target pubs ritain #39;s government proposed banning smoking in most public places yesterday, setting off debate over what one smoker decried as the brainchild of a busybody quot;nanny state.",World,Sports
"Salvation Army bell ringers booted from Target stores Target stores have a simple message for eager shoppers this holiday season: quot;Get giving #39; roughly translated, buy stuff. The national retail chain also has a simple",Business,Sports
"EU antitrust ruling on MCI overturned In a fresh blow to Europe #39;s antitrust enforcers, a top appeals tribunal said regulators wrongly blocked MCI WorldCom #39;s aborted bid to buy Sprint Corp in 2000.",Business,World
"China launches science satellite China launched an experimental satellite into orbit Sunday, atop a Long March 2C carrier rocket; reported Xinhua, China #39;s government-run news agency.",Sci/Tech,World
Albertsons #39; 2Q Profit Falls 36 Percent Persistent economic sluggishness and continued fallout from the Southern California labor dispute slashed second quarter profits 36 percent for Albertsons Inc.,Business,Sports
"Panera Hopes 'Chilling Out' Brews Sales (AP) AP - Bakery cafe chain Panera Bread Co. hopes its customers will stick around a little longer #151; grab a bite to eat, buy another cup of coffee, try the Wi-Fi. In other words, just chill out.",Sci/Tech,Sports
"Chirac: Europe Can Do More in Science Race (AP) AP - A European laboratory that was the birthplace of the World Wide Web and home of Nobel prize-winning developments in understanding the origins of the universe celebrated its 50th birthday Tuesday. But French President Jacques Chirac warned that despite those illustrious achievements, European scientists are falling behind.",Sci/Tech,Sports
"Dive recovers Cromwell's sailor A sailor from a sunken ship belonging to Oliver Cromwell's navy had the upper body of a trapeze artist but bowed legs, his recovered skeleton shows.",World,Sports
Virus #39;talks #39; to victims Virus writers have created a piece of malware that #39;talks #39; to victims. The Amus email worm uses Windows Speech Engine (which is built-in to Windows XP) to deliver a curious message to infected users.,Sci/Tech,Sports
Sharon Faces Netanyahu Threat to Resign Over Gaza JERUSALEM (Reuters) - Israeli Finance Minister Benjamin Netanyahu said on Tuesday he and three other cabinet members from Ariel Sharon's Likud would quit unless the prime minister agreed to hold a referendum on a pullout from Gaza.,World,Sci/Tech
"Alienware tames its prices for home PC users With its lowest-priced home PC to date, company shows desire to move beyond pricier game machines.",Sci/Tech,Sports
"Oracle to drop suit if takeover bid fails Oracle Corp. said Monday it will drop a lawsuit it filed in Delaware against PeopleSoft, its rival and takeover target, if a majority of PeopleSoft",Business,Sci/Tech
Casino owners team up in Macao MACAO Publishing amp; Broadcasting said Tuesday that it had bought a stake in Stanley Ho #39;s latest gambling project in Macao as Asia #39;s two leading casino operators team up to expand in the region.,Business,Sports
"AOL, E-Mail Companies Sue Spammers The nation #39;s largest e-mail providers today filed a new round of lawsuits against Internet spammers allegedly responsible for shoveling millions of junk e-mail messages into computer users #39; in-boxes and their instant messaging screens.",Business,Sci/Tech
"Explosions rock Argentine banks A blast rocks a branch of Citibank in the Argentine capital, Buenos Aires, killing a security guard, reports say.",World,Sci/Tech
"Perez struggles against the Cardinals Odalis Perez learned just how quickly things could unravel against the potent St. Louis Cardinals. After allowing Albert Pujols #39; first-inning home run Tuesday, Perez held the Cardinals hitless until there were two outs in the third.",Sports,Business
Study Says Drug #39;s Dangers Were Apparent Years Ago Merck and federal officials should have withdrawn the painkiller Vioxx from the market as early as 2000 because studies of the drug had clearly shown that it doubled the risk of heart attacks,Business,Sports
"A Bit of Wall St. on the Tigris The 150 brokers and traders on the Iraq Stock Exchange are not waiting for the war to end, buying and selling orders a few hundred yards away from the fighting.",World,Sci/Tech
Australian Open Exec Says Clijsters Out (AP) AP - Former world No. 1 Kim Clijsters is not expected to play in the first Grand Slam of next year while she continues to recover from an injury to her left wrist.,Sports,World
"ROBBO USHERS IN NEW ERA Andy Robinson, currently the caretaker of England #39;s only World Cup holding major sports team, is the future, barring a particularly bleak autumn.",Sports,Sci/Tech
GULLIT TO TAKE ACTION AFTER DEFEAT Feyenoord boss Ruud Gullit has launched a stinging attack on his players after watching them crash to their third defeat of the season against FC Groningen.,Sports,Business
Black Watch Death Family Speak of #39;Devastation #39; Relatives of the Black Watch soldier killed during the controversial military deployment from Basra have spoken of their devastation at his death.,World,Sci/Tech
"Ontario won #39;t help other provinces squeeze Ottawa for more ... Premier Dalton McGuinty sent a shot across the bow of have-not provinces Sunday, warning that Ontario will not support efforts to wring billions more in equalization payments out",Business,Sports
The East-West stakes over Ukraine Russian and Western leaders are sharply at odds over the country's election crisis.,World,Business
"Photos Plus Music Equals an Expensive iPod (washingtonpost.com) washingtonpost.com - First Apple put some color on the iPod, when it offered the iPod mini in a palette of pastel hues, and now it has put some color inside it, in the form of the new iPod Photo.",Sci/Tech,Business
"Security Council group named The UN has chosen Argentina, Denmark, Greece, Japan and Tanzania as the five states to become non-permanent members of the Security Council next year.",World,Sports
"Countrywide Results Spark Sector Selloff NEW YORK (Reuters) - Countrywide Financial Corp. on Wednesday posted a 47 percent drop in quarterly earnings and cut its outlook as mortgage refinancings fell and rates climbed, sparking a broad sell-off in mortgage-company stocks.",Business,Sports
"Braves hope Furcal #39;s situation doesn #39;t tarnish race While Rafael Furcal #39;s DUI arrest on Friday could serve as a distraction for the remainder of the season, the Braves are looking to put the matter behind them, and at the",Sports,Sci/Tech
"The Blog Confusion \\I hear that we have a new word - vlog. The amount of confusion this will result\in should be terrifying.\\My appologies to Abbott and Costello... I couldn't resist.\\Abbott: I say Blogs's on first, Vlogs's on second, and Blogosphere's on third.\\Costello: Is Blog the publisher?\\Abbott: Yes.\\Costello: Is Blog going to have the video too?\\Abbott: Yes.\\Costello: And you don't know the fellows' names?\\Abbott: Well I should.\\Costello: Well then Blogs publishing the story?\\Abbott: Yes.\\Costello: I mean the persons's name.\\Abbott: Blog.\\Costello: The guy on first.\\Abbott: Blog!\\Costello: The first publisher.\\Abbott: Blog.\\Costello: The guy writing...\\Abbott: Blogs the publisher!\ ...\\",Sci/Tech,Business
Oracle Moves To Monthly Patch Schedule An alert posted on the company #39;s Web site outlined the patches that should be posted to fix numerous security holes in a number of applications.,Sci/Tech,Business
"Oil Company on Trial in Madagascar Over Pollution (Reuters) Reuters - The operator of Madagascar's\privatized oil refinery went on trial on Tuesday, accused of\polluting the environment around the Indian Ocean island's main\international port, officials said.",Sci/Tech,Business
"NASA Puts Hands-Free Linkup to a Test Tuesday, barring a weather-caused delay, for the first time the United States will send an autonomous robot vehicle to join up with a satellite and conduct a 20-hour demonstration of its abilities -- without any human guidance.",Sci/Tech,Business
"Diamondbacks Ink Fassero Phoenix, AZ -- The Arizona Diamondbacks have signed free agent pitcher Jeff Fassero for the remainder of the 2004 season. The move comes just five days after he was released by the Colorado Rockies.",Sports,Sci/Tech
"Suicide bomber wounds 7; Afghan vote tally nears end KABUL, Afghanistan -- A Taliban suicide fighter killed himself and wounded at least seven others, including three members of a NATO-led peacekeeping force, in a grenade attack on a busy shopping street in central Kabul yesterday.",World,Sci/Tech
"Afghan Race Shaping Up as Battle of the Modern and Traditional More than 1,000 leathery, turbaned men gathered in a cavernous village mosque Friday for a presidential campaign rally. They no longer carried rifles, and some had even brought their small sons.",World,Sports
"Couch, Gildon, Levens Among NFL Cuts (AP) AP - Tim Couch's stay in Green Bay was short and unproductive.",Sports,World
"Deal would cut United #39;s Chicago airport debt Bankrupt United Airlines stands to erase 75 percent of its obligation to pay off \$600 million of debt issued for projects at its Chicago O #39;Hare International Airport hub, in a deal that would leave bondholders with 60 cents on",Business,World
"GM Protests Spread Across Europe Tens of thousands of General Motors workers across Europe were set to stop working on Tuesday in a sign of solidarity with their German colleagues, who face massive job cuts.",Business,World
"Virginia Tech downs Virginia, 24-10 The team that few thought could contend for an Atlantic Coast Conference title less than two months ago is now one game away from winning it on its first try.",Sports,Business
Scientists Study the Hudson River (AP) AP - Scientists are plunking a series of high-tech sensors into the Hudson River in an effort to unravel mysteries of the murky waterway.,Sci/Tech,Sports
"Europeans Eat Less of Dangerous Fatty Foods By PAUL GEITNER BRUSSELS, Belgium (AP) -- Europeans eat less of the most dangerous, cholesterol-raising fats than Americans do and the amount is decreasing, according to a report released Wednesday by the European Food Safety Authority. Scientists at the European Food Safety authority declined to say whether the EU should follow the United States' lead and require special labels on margarine, chips, cookies, fries and other potential sources of trans fatty acids...",Sci/Tech,Sports
"HP shifts focus for HP-UX Hewlett-Packard has dropped plans to beef up its HP-UX operating system with new high availability and clustering technology it obtained in its 2002 acquisition of Compaq. The company will instead shift its development focus to new areas, as it attempts to convince customers that there is still life in its venerable Unix operating system.",Sci/Tech,World
Harvard Seeks Permission to Clone Human Embryos (Reuters) Reuters - Harvard University researchers said\on Wednesday they were seeking permission to use cloning\technology to make human stem cells.,Sci/Tech,Business
"A win worth a Calypso or two London, September 26: Just the way the Brazil is synonymous with soccer and Tom with Jerry, West Indies cricket has always been synonymous with fast bowlers, with batsmen who had more flair than wood in their willows; and with calypso.",Sports,Sci/Tech
"Bank 'looks to block Glazer bid' The Financial Times claims Nomura, the Japanese bank, is involved in a plan to raise 200m to block a takeover of Man Utd by Malcolm Glazer.",Business,Sci/Tech
"Liu brings China 4th gold in weightlifting at Athens Games ATHENS, Aug. 19 (Xinhuanet) -- Chinese Hercules Liu Chunhong Thursday lifted three world records on her way to winning the women #39;s 69kg gold medal at the Athens Olympics, the fourth of the power sport competition for China.",Sports,World
Dino sucked in prey with its giraffe neck The fossil of a sea reptile with a neck twice as long as its body is solving the mystery of how some ancient reptiles used such unusually long appendages.,Sci/Tech,Sports
Nike founder steps down Nike boss Phil Knight last night announced his decision to step down as chief executive of the footwear company he helped found 42 years ago.,Business,World
"Launch Date Set for Solar Sail Summary - (Nov 10, 2004) The countdown has begun for the launch of the Planetary Society #39;s Cosmos 1 spacecraft; the first ever to be powered by a solar sail.",Sci/Tech,World
"An insurer sees the light Snoopy has left the building. Well, almost. MetLife Inc. , the insurance giant that employs Charlie Brown's dog in ads, is close to completing a deal to sell its State Street Research and Management investment arm to BlackRock Inc. for about \$400 million. Everyone involved will be better off for it.",Business,Sports
"Jones confirms deal to buy Barneys Jones Apparel Group said Thursday it struck a deal to acquire Barneys New York Inc., agreeing to pay \$400 million for the upscale clothing retailer #39;s outstanding stock and debt.",Business,Sci/Tech
"LETTER FROM EUROPE The All-Too-Human Hitler, on Your Big Screen The release of a major movie about Hitler is, by definition, a remarkable event in Germany, especially if it portrays one of history #39;s great monsters as a human being, given",World,Sports
"Ackermann refocuses Deutsche FRANKFURT Joseph Ackermann, the Deutsche Bank chief executive, announced a much-anticipated personnel shake-up Tuesday aimed at solidifying leadership in its profitable investment banking business and restoring confidence in its commitment to Germany, the",Business,Sports
"Circuit City Cautious on Outlook Circuit City Stores Inc. (CC.N: Quote, Profile, Research) on Friday posted a narrower quarterly loss from continuing operations but said its outlook was cautious for the",Business,Sports
"SEC considering civil action over 3 AIG press releases American International Group Inc. said it has been informed by the Securities and Exchange Commission that it could face a civil action over three of the company's press releases, two of which came out in recent weeks.",Business,Sci/Tech
"Tribe challenges American origins Some of the earliest settlers of America may have been from Australia, southern Asia, and the Pacific, not northern Asia, research suggests.",Sci/Tech,Business
"Dell cuts prices on many corporate products Dell on Monday said it had cut prices by as much as fifth for a range of products aimed at US corporate customers, as the computer maker passed along savings from cheaper components.",Sci/Tech,World
Special to ESPN.com It #39;s the age old question: quot;What do you give to the man who #39;s been everything? quot;. Only time will tell whether Phil Knight #39;s retirement will be as long-lived as so many players he paid to endorse Nike.,Business,Sports
"McDonald #39;s CEO Charlie Bell devoted working career to McDonald #39;s OAK BROOK, Ill. Cancer has forced Charlie Bell to step down as CEO of the restaurant chain to which he #39;s devoted most of his working career.",Business,Sports
"Consumers #39; view of economy unchanged NEW YORK - Consumers #39; assessment of the economy held largely steady this month, according to a university research report released Friday.",Business,Sci/Tech
"Colts' Carthon Hopes to Follow Dad in NFL (AP) AP - Ran Carthon tried to avoid playing football after seeing the pain it inflicted on his father, Maurice. Bloodlines, his friends and reality forced a changed of heart.",Sports,Sci/Tech
Governor calls for resignation of Big Dig chief BOSTON Massachusetts Governor Mitt Romney is calling for the resignation of the head of the state #39;s Turnpike Authority. Romney #39;s move comes in the wake of reports that a record 14-point-six (b) billion-dollar,Business,World
"Tokyo Stocks Finish 2.6 Percent Higher (AP) AP - Tokyo stocks finished sharply higher Monday, fueled by Wall Street's gains last week. The U.S. dollar was higher against the Japanese yen.",World,Business
"Flu Shot Shortage Highlights U.S. Crisis WASHINGTON (Reuters) - Concerned health officials began investigating on Friday what went wrong at a British vaccine plant where half the U.S. flu shots were made, and called on more companies to get into the vaccine business.",Business,Sci/Tech
"Revolving Door IN Aylwin B. Lewis, president of Yum Brands, as chief executive of Kmart.",World,Sci/Tech
Orioles Target Sexson Free agent first baseman Richie Sexson appears to be at the top of the Orioles' wish list after a meeting at the team's suite on Saturday.,Sports,Sci/Tech
"Malls setting curfews for unchaperoned teens COLUMBUS, Ohio -- It's 10 on a Friday night, and all 15-year-old Sylvia Fallon wants is to hang out with her friends at the mall.",Business,Sci/Tech
"Tougher rules won't soften Law's game FOXBOROUGH -- Looking at his ridiculously developed upper body, with huge biceps and hardly an ounce of fat, it's easy to see why Ty Law, arguably the best cornerback in football, chooses physical play over finesse. That's not to imply that he's lacking a finesse component, because he can shut down his side of the field much as Deion Sanders ...",Sports,Business
"Powell to Japan; US Troops, N.Korea on Agenda Secretary of State Colin Powell will visit Tokyo for two days next weekend to discuss security and trade as well as stalled talks aimed at ending North Korea #39;s nuclear ambitions, Japanese officials said on Sunday.",World,Business
"Japan's comics retool the art Animation in America once meant Mickey Mouse and Winnie the Pooh. These days, it's just as likely to mean Japanese fighting cyborgs, doe-eyed schoolgirls, and sinister monsters -- thanks in large part to people like John Ledford.",Business,World
UK #39;s highest court rules against holding terror suspects without ... Britain #39;s highest court ruled Thursday that the government cannot detain terror suspects indefinitely without trial. Nine Law Lords ruled in favor of a group of men jailed without charge for,World,Sci/Tech
"Super ant colony hits Australia A giant 100km colony of ants which has been discovered in Melbourne, Australia, could threaten local insect species.",Sci/Tech,Sports
"Sinn Fein Says N.Irish Deal Nears; No Bush Call (Reuters) Reuters - The leader of Sinn Fein, Northern\Ireland's main Catholic party and the political ally of the\Irish Republican Army (IRA), said Sunday he believed his\Protestant rivals were ready to agree to a peace deal.",World,Sci/Tech
"Flight From Keys Begins as Gusts Whip Jamaica As Hurricane Ivan began to lash Jamaica with wind and rain, officials in Florida stepped up their evacuation efforts.",World,Sports
Singapore Telecom ties up with Malaysia's TIME dotcom (AFP) AFP - Singapore Telecommunications (SingTel) said it has entered into an agreement with Malaysia's TIME dotCom to link their corporate customers through private leased line circuits.,Sci/Tech,World
"Ahold to Sell Spain Operations to Permira (AP) AP - The Dutch supermarket retailer Ahold, seeking to streamline global operations and reduce debt, said Sunday it will sell its holdings in Spain to Permira Funds for about #36;849 million.",Business,World
"Vendors Upgrade Development Tools OCTOBER 18, 2004 (COMPUTERWORLD) - IBM and Borland Software Corp. last week separately brought out upgrades to their development tool lines that executives said add support for heterogeneous environments and",Sci/Tech,World
Goal-happy Ajax and Feyenoord maintain perfect starts Champions Ajax Amsterdam came from behind to thrash NAC Breda 6-2 on Sunday while Feyenoord hit four past Willem II Tilburg to regain the early lead in the Dutch first division.,Sports,Sci/Tech
Hit TV series 24 goes from small screen to smaller screen (AFP) AFP - The hit US television show quot;24 quot; is going from the small screen to the smaller after 20th Century Fox and Vodaphone struck a groundbreaking deal to distribute the drama on mobile telephones.,Sci/Tech,Business
Bears Set to Sign QB Jeff George (Reuters) Reuters - The Chicago Bears are expected\to sign quarterback Jeff George on Monday.,Sports,Business
"26/10/04 Savabeel Compared To Dubai Millennium The man who says he didn #39;t have a pair of shoes until he was 12 is now fielding offers in the millions for a horse he compares to the late Dubai Millennium, the best in the world a few years ago.",Sports,Sci/Tech
"Multiplex, Westfield in UK bid SHOPPING centre giant Westfield Group has drafted rival Multiplex and the billionaire Reuben brothers into its pound stg. 585 million (\$1.",Business,Sci/Tech
"Russia #39;s Putin Defends Reforms, Worries About Clans Russian President Vladimir Putin said on Thursday he had no plans to grab more power or change the constitution when reforming Russia #39;s government structure.",Business,Sports
Westwood closes in on first title of 2004 Briton Lee Westwood closed in on his first title of 2004 when he claimed the third-round lead in the Sun City Golf Challenge on Saturday.,Sports,World
Nintendo Returns to Profit (AP) AP - Nintendo Co. returned to profit in the first half of the fiscal year from a loss a year ago as the Japanese video-game maker erased foreign exchange losses and turned more profit with game-software sales.,Sci/Tech,Business
"Journalist purportedly kidnapped by militants A group calling itself quot;The Islamic Army in Iraq quot; said Italy must withdraw its 3,000 troops -- or the safety of a missing Italian journalist can #39;t be guaranteed.",World,Sci/Tech
"TSMC, Freescale expect initial production of 65nm SOI in 4Q 2005 Taiwan Semiconductor Manufacturing Company (TSMC) and Freescale Semiconductor expect to begin initial production of a high-speed 65nm silicon-on-insulator (SOI) process in the fourth quarter of 2005, with volume production pending on market demand",Sci/Tech,World
"Bombings at Two Buenos Aires Banks Kill 1 (AP) AP - Homemade bombs exploded in two Buenos Aires banks Wednesday, killing a security guard, police said.",World,Sports
"Philippines mourns dead in Russian school siege The Philippines Saturday expressed quot;deepest sympathy quot; to the families of the dead in the Russian school siege on Friday, in which 322 people were killed when Russian troops stormed",Sci/Tech,Sports
"Two Britons shot dead near death railway bridge (AFP) AFP - Two Britons were shot dead by unknown gunmen near the famous Bridge over the River Kwai in western Thailand, police said.",World,Business
"Optimism Drives Google Shares to New Highs (Reuters) Reuters - Stock of Google Inc. powered\to new highs on Friday, buoyed by the web search leader's new\products and growth prospects, which complement its recent\strong financial results, analysts said.",Sci/Tech,Business
"Nextel #39;s Profit Rose by 69 in 3rd Quarter Nextel Communications, the nation #39;s fifth-largest wireless provider, said yesterday that its profit jumped 69 percent in the third quarter from the period last year.",Business,Sports
News: Governments slow off the mark to combat growing threats of cybercrime The Associated Press By Robert Wielaard,Sci/Tech,Sports
A Taste of Yum! Wins the World Over Strong international sales growth and solid U.S. comps propel the company's stock to its highest price ever.,Business,Sci/Tech
"Editorial: Sub incident shows China #39;s stripes After days of speculation and a chase by Japanese destroyers and a surveillance plane, it has finally been determined that the nuclear submarine that intruded into Japanese territorial water between Okinawa and Taiwan was Chinese.",World,Sports
"Summer Box Office Hits a High, Despite Lows In a summer when many of the studios' biggest bets failed to pay off, it was familiarity in the form of sequels and low-budget comedies that resonated with movie audiences.",Business,Sci/Tech
"Tyncastle sale gets official go ahead Of the votes received by proxy and from shareholders in the room at a stormy extraordinary general meeting last night, 62.5 were in favour of the resolution.",Sports,World
Champion snaps Chelsea #39;s streak Porto power RUSSIAN oil billionaire Roman Abramovich suffered two rare defeats yesterday as reigning champions FC Porto downed his Chelsea side 2-1 ensuring it avoided the ignominy of becoming the first titleholders to exit in the first round.,Sports,Sci/Tech
Africa brings Sudanese parties to the table as UN sanctions loom (AFP) AFP - The African Union will bring Sudan's warring government and rebel armies into talks with regional power-brokers aimed at heading off a mounting humanitarian crisis in the province of Darfur.,World,Business
"Homeless families total 100,000 The figure for homeless families in England has topped 100,000 for the first time.",World,Sports
Great White Shark Loses Monitor Tag (AP) AP - A great white shark that was tagged with a data-gathering device in shallow waters off Cape Cod has apparently reclaimed its privacy.,Sci/Tech,Sports
"Observers warn militant groups may exploit bitterness in ... NARATHIWAT, Thailand : The deaths and beatings that followed last month #39;s demonstration in southern Thailand have left an indelible mark on the psyche of the Muslims living",World,Sports
Atlas Copco to Sell Electric Tool Business Swedish engineering company Atlas Copco said Monday it will sell its electric tool business to Hong Kong-based Techtronic Industries Co.,Business,World
"Blasts hit Bangladesh party rally A series of grenade blasts has rocked an opposition party rally in the Bangladesh capital, Dhaka, killing at least 13 people. There were seven or eight explosions at the Awami League headquarters, as leader Sheikh Hasina addressed a crowd.",World,Business
UK to take tougher line on ultrawideband Report for British regulator calls for wireless technology to be more strictly controlled than in United States.,Sci/Tech,Business
"Miss Peru takes Miss World crown Twenty-year-old Miss Peru has been crowned Miss World in a southern Chinese resort town, as China looks to become the regular host of an event that would have once been deemed heretical by its Communist leaders.",Sports,World
"Arthritis Drug Vioxx Pulled Off Market Sept. 30, 2004 -- Long-term use of the painkiller Vioxx doubles a person #39;s risk of heart attack and stroke, a huge clinical trial shows.",Business,Sports
Indiana Hires Hoeppner Miami of Ohio's Terry Hoeppner is hired as Indiana's football coach and vows to take the Hoosiers to the Rose Bowl for the first time since 1968.,Sports,World
"Understanding Google AdWords Understanding Google AdWords\\Unlike many search engines Google, to its credit, clearly denotes search listings that are paid placement. In fact, Google AdWords appear in a separate section down the left side of the screen.\\Google AdWords provide an inexpensive advertising venue for businesses to advertise products or services to a targeted ...",Sci/Tech,Business
"'American' voice on new terror video ABC News is in possession of a tape purportedly from Al Qaeda, threatening attacks on the US.",World,Sci/Tech
Beacon Shares Gain 22 Percent in Debut Beacon Roofing Supply Inc. saw its shares jump nearly 22 percent in its first day of trading Thursday after the company priced its initial public offering at the midpoint of its expected \$12 to \$14 price range.,Business,World
"Intel Posts Higher Profit, Sales Computer-chip maker Intel Corp. said yesterday that earnings for its third quarter were \$1.9 billion -- up 15 percent from the same quarter a year ago -- but the company cautioned that computer-processor demand in the United States is likely to remain low.",Sci/Tech,Business
"Poison Toads Leap Across Australia Small, warty, and poisonous enough to kill crocodiles, the cane toad has wreaked havoc in parts of Australia. Experts say climate change is benefiting the invasive species.",Sci/Tech,Business
"'Dream Team' Out of Gold Race After Loss to Argentina ATHENS (Reuters) - The U.S. men's basketball team was beaten by Argentina Friday, denying it an Olympic gold medal for the first time since 1992 when NBA players started competing.",Sports,Sci/Tech
Highlights of What Congress Has Done (AP) AP - Highlights of what Congress has done #151; and has not done #151; this year.,World,Sports
"PepsiCo Reaffirms Its 2005 Outlook PepsiCo Inc., the world #39;s second-largest carbonated soft-drink maker, reaffirmed its outlook for 2005 Thursday after rival Coca-Cola Co.",Business,Sports
Outsourcing to Arkansas A new kid on the block promises to give offshore outsourcing a run for its money--by routing technology work to rural America. Outsourcing Blog,Sci/Tech,Business
"Iran agrees to nuclear enrichment freeze -diplomats Iran has agreed to suspend its uranium enrichment programme in an attempt to ease concerns that its nuclear programme is aimed at developing weapons, a Western diplomat close to the United Nations said today.",World,Business
"A Senator #39;s Outrage Delays Passage of Corporate Tax Bill The Senate cleared a path on Sunday for a bill to hand out about \$140 billion in corporate tax breaks, but it was blocked from a final vote by a fight over a provision aimed at helping reservists on duty in Iraq.",Business,Sports
"Lehman relishes chance to halt US slide AFTER being named as the 2006 US Ryder Cup team captain by the PGA of America at a press conference in Florida last night, Tom Lehman insisted he saw the chance to halt Americas recent dismal showing in the biennial match with Europe as an opportunity",Sports,Business
Vanguard Cuts Fees in Some College Funds NEW YORK (Reuters) - The Vanguard Group said on Tuesday it has lowered expense ratios on six portfolios in its 529 College Savings Plan sponsored by the state of Nevada.,Business,Sci/Tech
"First credit rating for Serbia 19:50 November 01 Dow Jones LONDON -- Monday -- Serbia reached a milestone on the road to economic stability Monday, as its first-ever credit rating opened the way for a return to international credit markets.",Business,Sports
"China Closes 1,600 Internet Cafes in Crackdown China shut 1,600 Internet cafes between February and August and imposed \$12.1 million worth of fines for allowing children to play violent or adult-only games and other violations, state media said.",Sci/Tech,World
Indians Strike Back South Africa were rocked by a two-wicket burst from off-spinner Harbhajan Singh just before tea on the fourth day of the second cricket test here today.,Sports,Sci/Tech
"ROUNDUP: Franchitti overcomes pit mishap for IRL win FOUNTAIN, Colo. -- Dario Franchitti shook off a potentially dangerous pit mishap to win the IRL #39;s Honda 225 Sunday at Pikes Peak International Raceway.",Sports,Sci/Tech
Hornets' Davis Sidelined with Back Injury NEW ORLEANS (Sports Network) - New Orleans Hornets guard Baron Davis did not make the trip to Milwaukee for Saturday's game against the Bucks because of a strained lower back.,Sports,Sci/Tech
"Qantas wants better tax treatment MARK COLVIN: Qantas might have posted yet another record profit, but the national carrier #39;s boss, Geoff Dixon, claims earnings are being hampered by unfair subsidies for international carriers allowed to fly in and out of Australia.",Business,Sci/Tech
The Egg Goes to The Plucky Rebels Backup quarterback Robert Lane has 205 total yards with a touchdown pass and a touchdown run in Mississippi's 20-3 win over Mississippi State on Saturday.,Sports,Business
"IBM, LG Electronics to End Joint Venture International Business Machines Corp. and LG Electronics Inc. will end an eight-year alliance that helped expand the US computer maker #39;s presence in the booming South Korean PC market.",Business,Sci/Tech
Kidnap fears for lost tsunami boy Police in tsunami-hit Thailand search for a Swedish boy feared kidnapped by child sex traffickers.,World,Sports
"Astronaut Candidates Practice Survival Skills By SARA LEITCH BRUNSWICK, Maine (AP) -- Astronauts spend years training before they can lift off into space. They learn to operate shuttles, perform experiments in zero-gravity, and eat bugs if they must...",Sci/Tech,Business
"Ireland launches phone fraud crackdown In an effort to stop scams that cause unwitting Internet users to be charged premium rates for calls placed by software surreptitiously installed on their PCs, Ireland is going to block outgoing calls to 13 countries.",Sci/Tech,Business
Supreme Court turns down #39;Do Not Call #39; case SUPREME COURT - The Supreme Court is refusing to hear a challenge to the federal do-not-call telephone registry. Telemarketers have been trying to invoke free-speech rights to do away with the ban on unwanted phone solicitations.,Business,Sci/Tech
Poll cost us victory - Cech Referee Graham Poll came under renewed fire today as goalkeeper Petr Cech blamed him for costing Chelsea victory at Highbury by allegedly reneging on a promise to blow his whistle before Thierry Henrys free-kick.,Sports,Business
"US, #39;EU-three #39; agree on demand The Bush administration reached a tentative deal yesterday with three European nations at the UN nuclear watchdog agency on the next step in confronting Iran over its suspected nuclear weapons program.",World,Sports
"Crude Price Spike May Send Gas Higher (AP) AP - Amid soaring crude oil prices, gasoline costs have been dropping. But don't expect that to last, economists say.",World,Business
Fed Sticks With Its 'Measured' Pace Federal Reserve officials agreed at a meeting in September that they probably would keep raising their benchmark interest rate in coming quarters because of the likelihood of continued solid economic growth.,Business,Sports
"Ask Jeeves retools search engine in bid to catch Google, Yahoo SAN FRANCISCO -- Hoping to emerge from the shadow of its more popular rivals, Ask Jeeves Inc. is adding new tools for visitors to save and organize links to Web pages they find through the company's online search engine.",Business,Sci/Tech
"Novell #39;s Microsoft attack completes Linux conversion Novell Inc. has completed its conversion to Linux by launching an attack on Microsoft Corp., claiming that the company has stifled software innovation and that the market will abandon Microsoft Windows at some point in the future.",Sci/Tech,Sports
Consumers Would Pay In Phone Proposal A proposal backed by a coalition of telephone carriers would cut billions of dollars in fees owed by long-distance companies to regional phone giants but would allow the regional companies to make up some of the difference by raising monthly phone bills for millions of consumers. -The Washington Post,Sci/Tech,World
"Why Putin is backing Kyoto again Why did Russian President Vladimir Putin decide to ratify the Kyoto Protocol on climate change last week, only six months after his top adviser, Andrei Illarionov, called it a quot;death treaty?",World,Sports
Qualcomm Raises Earnings Forecast Qualcomm Inc. on Friday raised its quarterly profit forecast due to strong demand for its mobile phone technology. The San Diego company said it expects earnings per,Business,Sci/Tech
"Pharma Groups Work on EPC Issues Sept. 30, 2004Reacting to calls from pharmaceutical retailers, distributors and manufacturers, EPCglobal has added a new action group to specifically study the pharmaceutical industry",Sci/Tech,World
"The Race is On: Second Private Team Sets Launch Date for Human Spaceflight (SPACE.com) SPACE.com - TORONTO, Canada -- A second\team of rocketeers competing for the #36;10 million Ansari X Prize, a contest for\privately funded suborbital space flight, has officially announced the first\launch date for its manned rocket.",Sci/Tech,Business
"China #39;s economy still sizzling, with GDP up 9.1 in Q3, but prices ... China #39;s economic boom is still roaring despite efforts to cool sizzling growth, with gross domestic product climbing 9.5 per cent in the first three quarters of this year, the government reported Friday.",Business,Sports
#39;SICKOS #39; HUNTING FOR DEER WITH A MOUSE SAN ANTONIO - Forget about PlayStation 2 - Texas entrepreneur wants to kick computer gaming up to the next level by offering players a chance at some real-live killing via mouse and modem.,Sci/Tech,Sports
"Sun ships Java upgrade, focuses on ease of use OCTOBER 01, 2004 (COMPUTERWORLD) - Sun Microsystems Inc. this week released Java 2 Platform Standard Edition (J2SE) 5.0, an upgrade of its programming language with more than 100 new features designed to bolster",Sci/Tech,Business
"Coalition holds off efforts to take rebel-run cities US surgical strikes continue in Fallujah, Samarra, and Tal Afar. But US says Iraqi forces are not ready to launch major attacks. By Howard LaFranchi.",World,Business
Holyfield #39;s effort to unify heavyweight title running out of time Evander Holyfield just doesn #39;t get it. He #39;s beyond old for a fighter and seemingly hasn #39;t been able to punch his way out of a paper bag in years.,Sports,Sci/Tech
Hearing Set After Microsoft Rivals Quit The judge considering Microsoft Corp. #39;s appeal against European Union sanctions has called a closed meeting for Thursday to decide what action to take after two more major,Business,Sci/Tech
"Government gives partial clearance to Bangla tour The Government today gave a partial go-ahead for the Indian cricket team #39;s tour of Bangladesh for the first Test match beginning on Thursday but its security delegation will go to Chittagong, the other venue, to make an assessment of the threat perception",Sports,Sci/Tech
"Saudi Trial Could Alter Pace of Reform In a hearing room on the 11th floor of the High Court of Riyadh, two professors and a poet have been standing trial, sometimes drawing overflow crowds of people eager to monitor a case that could alter the pace of political reform in the kingdom.",World,Business
Magnificent Manning Sets Another Record HOUSTON (Sports Network) - Indianapolis Colts quarterback Peyton Manning threw two touchdown passes in the first quarter of Sunday's game against the Houston Texans at Reliant Stadium to set an NFL record for most consecutive games with multiple TD throws.,Sports,Sci/Tech
Scotland awaits smoking decision The Scottish Cabinet is to meet amid signs it will opt to introduce a ban on smoking in public places.,World,Sci/Tech
"Cayman Islands hit by hurricane The full force of Hurricane Ivan has hit the Cayman Islands, ripping up homes and causing extensive flooding. Up to 40,000 residents - including a large British expat community - hid in homes and shelters to try and escape Ivan #39;s ferocious 155mph winds.",World,Business
"Growth without jobs is a vexing contradiction According to the government #39;s own labor reports, George W. Bush is the first president since Herbert Hoover to preside over a net loss of jobs during his administration.",Business,Sci/Tech
"Mets decline Leiter's \$10.2 million option Al Leiter , 39, became a free agent when the New York Mets declined his \$10.2 million option and decided to pay a \$2.1 million buyout. The lefthander went 10-8 with a 3.21 ERA in 30 starts last season. He was on the disabled list from May 11 to June 1 because of tendinitis in his left shoulder . . ...",Sports,Business
Russia: the losing battle against terrorism and insurgency Terrorism in Russia took on horrifying proportions in August and early September when more than 400 people were killed in four separate incidents in a span of less than two weeks.,World,Sports
"Earthquake at sea gives Taiwan a jolt TAIPEI A strong earthquake in the Pacific off Taiwan rocked the island #39;s northeast on Friday, damaging buildings and injuring several people, officials said.",World,Sports
"Report Says N.H.L. Will Reject Proposal The N.H.L. appears poised to reject a proposal made by the players union, which included a 24 percent reduction in pay and other concessions but not a hard salary cap.",Sports,Sci/Tech
"Dell rides the wave to consumer gadgets (USATODAY.com) USATODAY.com - Dell will set out Thursday to conquer markets dominated by Apple, Hewlett-Packard and others with products that include its first small digital music player, photo printer and plasma TV.",Sci/Tech,Sports
Soldiers face Abu Ghraib hearings Four US soldiers charged with abusing Iraqi prisoners are set to face pre-trial hearings in Germany.,World,Sports
"Nextel and Sprint in talks on possible merger Nextel and Sprint are in talks that could lead to a merger between the two mobile phone operators, sources close to the discussions said on Thursday.",Business,World
"Study Ranks St. Louis as Fourth Most Dangerous City A new study ranks St. Louis as the fourth most dangerous city. Camden, New Jersey came in first, followed by Detroit and Atlanta. The rankings are in Morgan Quitno #39;s quot;City Crime Rankings, quot; an annual reference",Business,Sports
"Japan #39;s SMFG in \$29B bid for UFJ Sumitomo Mitsui Financial Group Inc. laid out a \$29 billion bid for UFJ Holdings on Tuesday, challenging a rival offer by Mitsubishi Tokyo Financial Group to form the world #39;s biggest bank.",Business,Sports
"OPEC Aims for 4 Pct Boost in Oil Quotas VIENNA (Reuters) - OPEC's core Gulf producers will recommend the cartel raise supply quotas by one million barrels a day, four percent, Kuwaiti Oil Minister Sheikh Ahmad al-Fahd al-Sabah said on Wednesday.",Business,World
"Phelps faces possible jail term Olympic swimming champion Michael Phelps may face a jail term after being arrested on drink-driving charges last week in Salisbury, Maryland.",Sports,World
US Stops Short of Backing Brazil on UN Council Seat The United States stopped short of endorsing Brazil #39;s ambition for a permanent seat on an expanded UN Security Council but did say the country would be a quot;solid candidate.,World,Business
Large mammals facing the fate of the sabre tooth THE future of the world #39;s large wild mammals is threatened by pressures similar to those that caused the extinction of two-thirds of such species at the end of the most recent Ice Age.,Sci/Tech,Sports
Warne takes six but India establish handy lead (Reuters) Reuters - World test wicket record holder Shane Warne grabbed six wickets as India established a handy 141-run first innings lead in the second test on Saturday.,World,Sports
AL Wrap: Oakland's Durazo Piles on Misery for Baltimore NEW YORK (Reuters) - Erubiel Durazo's three-run homer in the second inning helped the Oakland Athletics remain top of the American League (AL) West with a 9-4 win over the reeling Baltimore Orioles Thursday.,Sports,Sci/Tech
"Pakistan Test-Fires Nuclear Missile Pakistan has successfully test fired a medium-range, nuclear-capable missile that could hit most cities in neighbouring India. Defence officials said the exercise was not intended as a message to the South Asian rival.",World,Sports
Not a big hit everywhere Bill Ryan is spending the last days of the summer traveling across Canada and the United States to pitch big shareholders on the complicated plan to sell 51 percent of his Banknorth Group Inc. to Toronto-Dominion Bank .,Business,Sports
"STMicro may see windfall from Stern satellite move Shock jock Howard Stern #39;s jump to satellite radio could create a \$180 million windfall for Europe #39;s biggest chip maker, STMicroelectronics (STM.",Business,Sports
"McCartney to headline Super Bowl halftime in #39;05 JACKSONVILLE, Fla. - Paul McCartney will headline the 2005 Super Bowl halftime show as the National Football League goes mainstream after the controversy over this year #39;s show.",Sports,Business
This week in open-source news Adobe quietly begins testing the waters to increase its involvement in desktop Linux. Also: Open-source Web browsers Mozilla and Firefox post gains over Microsoft's Internet Explorer.,Sci/Tech,World
"Dell recalls four million power adaptors About 4.4 million AC adapters sold worldwide with Dell notebooks between September 1998 and February 2002 were recalled on Friday because of a risk of overheating, which could lead to a fire or electrical shock, according to Dell.",Sci/Tech,Sports
"Martinez leaves bitter Like Roger Clemens did almost exactly eight years earlier, Pedro Martinez has left the Red Sox apparently bitter about the way he was treated by management.",Sports,Business
"The Digital Transition If my car died tomorrow, I'd have a lot less angst picking its successor than I would if my TV conked out. -Rob Pegoraro",Sci/Tech,Sports
Geiberger heads threesome to win Chrysler Classic Brent Geiberger secured his place on the USPGA Tour for the next two years with his fine two shot win at the Chrysler Classic of Greensboro today.,Sports,World
Motor Racing: BAR Win Contract Tug-Of-War Over Button SAO PAULO (Reuters) - Briton Jenson Button will drive for BAR next year but is likely to join Williams in 2006 after Formula One's Contract Recognition Board (CRB) ended a tug-of-war between the teams Wednesday.,Sports,World
Turkey eyes \$15 billion investment years ANKARA: Turkey is hoping to attract \$15 billion of foreign investment between 2005 and 2007 through reforms designed to overhaul its economy and ease the country #39;s entry into,World,Business
"Not To Be Outfeatured, Yahoo Adds E-mail Storage (NewsFactor) NewsFactor - Yahoo (Nasdaq: YHOO) has beefed up e-mail storage for users of its free e-mail service from 100 megabytes to 250 MB. The Internet giant also unveiled an anti-spam authentication technology called DomainKeys, which curtails messages sent from spoofed addresses.",Sci/Tech,Business
Lackluster Jobs Report Pushes Stocks Down NEW YORK - Investors pushed stocks lower Friday as a surprisingly lackluster job creation report deepened Wall Street's pessimism over the health of the economy. A solid earnings report from General Electric Co...,World,Business
"Before the Bell- First Health soars 21.5 percent Shares of First Health Group Corp. (FHCC.O: Quote, Profile, Research) rose 21.5 percent in pre-market trading on Thursday after rival Coventry Health Care Inc.",Business,Sci/Tech
"FBI Interviews Halliburton Whistleblower Bunnatine Greenhouse, chief contracting officer of the Army Corps of Engineers, is seen in her official undated government photo. FBI agents recently spent a day interviewing Greenhouse, the Army contracting",Business,Sci/Tech
"Austria to Extradite Turkish Underworld Figure VIENNA (Reuters) - Convicted Turkish underworld boss Alaattin Cakici, sought on charges of corruption and extortion, will be extradited from Austria to Turkey, a district court ruled on Monday.",World,Business
"Foreign reactions to the election Top foreign officials across Europe are either accepting or welcoming the second term for President Bush. Meeting in Moscow, Italian prime Minister Silvio Berlusconi and Russian President Vladimir Putin said they welcome the Bush win.",World,Business
"No tax on Internet access until at least 2007 Consumers won #39;t have to pay a tax to log on to the Internet until at least 2007, after Congress voted Friday to renew a recently lapsed ban on Internet taxation.",Business,World
The Bahamas - the real medal winner of the Athens Olympics A different way of calculating the medal standings brings some interesting results.,Sci/Tech,Sports
Mars mission hailed as top 2004 breakthrough The discovery that Mars could have supported life billions of years ago has been ranked by the editors of international journal Science as the most important scientific achievement of 2004.,Sci/Tech,World
Eisner Says Ovitz Required Oversight Daily Michael D. Eisner appeared for a second day of testimony in the shareholder lawsuit over the lucrative severance package granted to Michael S. Ovitz.,Business,Sci/Tech
"Canning Zook could backfire on the Gators Florida long-snapper Casey Griffith let the secret slip while talking to a Fort Lauderdale (Fla.) Sun-Sentinel reporter this week: quot;Don #39;t tell anyone I told you this, but someone inside the system told me they heard we #39;re going to be playing against",Sports,Sci/Tech
CIA accused over Iraq detainees US army generals tell a Senate committee that dozens of detainees may have been held in secret in Iraq.,World,Business
"Labour has failed on pensions, commission will report A report on pensions commissioned by the Government will be highly critical of Labour #39;s record on the issue, saying that people are saving far less for retirement than official figures show",Business,World
How long will the pop press stomach the horrors of Iraq? The sickening accounts of the ordeal of Ken Bigley have brought home to everyone the true wretchedness of the present situation in Iraq.,World,Sports
"Jeff Gordon Leads Contenders at Talladega TALLADEGA, Ala. - Joe Nemechek wasn #39;t surprised to be back at the front of the field, just that it took so long to get there. Nemechek, who earned the nickname quot;Front Row Joe quot; when he won six poles from 1997-00, got No.",Sports,Business
Human lives mere pawns in game of political expediency IT WOULD have been obtuse to miss the streak of smug satisfaction in the Western response to the seizure by Al-Qaeda #39;s Pakistani allies of two Chinese engineers working on Pakistan #39;s,World,Business
"Shoppach doesn't appear ready to hit the next level With the weeks dwindling until Jason Varitek enters free agency, the Red Sox continue to carefully monitor Kelly Shoppach , their catcher of the future, in his climb toward the majors. The Sox like most of what they have seen at Triple A Pawtucket from Shoppach, though it remains highly uncertain whether he can make the adjustments at the plate ...",Sports,Sci/Tech
"New York Times Co. announces plan to sell Manhattan building _ The New York Times Co. plans to sell its building on West 43rd Street in Manhattan to a partnership led by Tishman Speyer Properties, the companies announced Monday.",Business,Sci/Tech
"Siemens Says Cellphone Flaw May Hurt Users and Its Profit Siemens, the world #39;s fourth-largest maker of mobile phones, said Friday that a software flaw that can create a piercing ring in its newest phone models might hurt earnings in its handset division.",Business,Sci/Tech
Ban for former Ahold executives Dutch retailer Ahold's former chairman and its ex-finance officer are barred from executive posts as part of a US fraud case settlement.,World,Sports
"As Drama Plays Out, Mixed Feelings for Arafat #39;s Neighbors No crowds of well-wishers massed Thursday outside the Mukata, the mostly ruined compound where Yasser Arafat has been confined for the past two years.",World,Sports
"Torch passed on winning goal ATHENS -- America #39;s gold-medal soccer players don #39;t just say goodbye; they say hello. quot;The thing I love, quot; retiring captain Julie Foudy said, quot;is that Tarpley and Wambach scored.",Sports,Business
Take-Two Sees Higher Sports Prices for New Consoles NEW YORK (Reuters) - Take-Two Interactive Software Inc. TTWO.O on Monday said that prices for its sports video games will likely return to higher levels once new game consoles arrive in late 2005 or 2006.,Sci/Tech,Business
"Gleaning Insights From Berkshire Other than Comcast and ServiceMaster additions, it's been a quiet quarter of trading for this portfolio.",Business,Sci/Tech
"BlueGene sneaks past Earth Simulator The Earth Simulator, an NEC supercomputer, is surpassed, at last. IBM announced yesterday that its Blue Gene/L supercomputer had achieved a sustained performance of 36.",Business,Sci/Tech
"O's Stuff Devil Rays Javy Lopez drives in four runs, Daniel Cabrera becomes the first rookie to win 10 games this season, and the Orioles hold Tampa Bay to two hits in an 8-0 victory Wednesday night.",Sports,Business
London to unveil 2012 bid plans London #39;s bid team will reveal their final plans for hosting the 2012 Olympic Games when they unveil full details of the bid document on Friday.,Sports,Business
"SEC Adopts New Rules for Hedge Funds A deeply divided SEC voted Tuesday to mandate new oversight for hedge funds -- largely unregulated investment pools, traditionally for the wealthy, that have become popular with small investors.",Business,Sci/Tech
"Premier swallows Bird #39;s custard Bird #39;s custard and Angel Delight are back in British hands after a 70m deal announced yesterday. The famous brands have been bought by Premier Foods, owner of Ambrosia custard and Rowntrees jelly, from the US food group Kraft.",Business,Sports
"Unilever Cuts Profit Forecasts on Sluggish Sales (Update3) Unilever, the world #39;s largest maker of food and soap, cut its full-year earnings forecast after sales of ice cream and cold drinks slumped in Europe and demand for beauty and laundry products slowed.",Business,World
"GM pulls Guy Ritchie car ad after protest Protests from seven safety groups have prompted General Motors to pull a television ad that shows a young boy driving a Corvette sports car so recklessly that it goes airborne, officials of the automaker say.",Business,Sci/Tech
SCHUMER #39;RETURNS #39; FIRE AT RETAILERS Sen. Charles Schumer yesterday criticized retail grinches who are stealing Christmas by blacklisting customers who return too many gifts.,Business,Sports
"France Begins Evacuations From Ivory Coast France and the United Nations began evacuating thousands of French and other expatriates Wednesday trapped at U.N. offices and a French military base amid days of anti-foreigner rampages in Ivory Coast's largest city, French and U.N. officials said.",World,Sports
Cavs Pick Up Option on Drew Gooden CLEVELAND (Sports Network) - The Cleveland Cavaliers Thursday picked up the team's 2005-06 contract option on forward Drew Gooden.,Sports,Business
Lehmann may have played last Test The 34-year-old tore his right hamstring on day one of the third Test against India at the VCA Ground just as he was presenting a very good case to be retained when captain Ricky Ponting returns from injury next week.,Sports,Sci/Tech
"Experts Push for More Computer Security Efforts WASHINGTON (Reuters) - Computer-security experts, including former government officials, urged the Bush administration on Tuesday to devote more effort to strengthening defenses against viruses, hackers and other online threats.",Sci/Tech,World
"Six Flags 3Q Net Income Falls 60 Percent NEW YORK - Six Flags Inc. #39;s third-quarter net income fell 60 percent, as cool weather hurt attendance at its amusement parks. Six Flags late Monday reported net income of \$56.",Business,Sci/Tech
"Dell May Soon Unveil More Consumer Goods -Analyst (Reuters) Reuters - Dell Inc. (DELL.O), the world's\largest PC maker, could announce an expanded selection of its\consumer electronics line in the next several weeks, a retail\industry analyst said on Wednesday.",Sci/Tech,World
"Boeing, Airbus competition escalates into trade war A decades-long struggle between the world's two largest aircraft makers escalated into a trade war between the United States and Europe, just as France-based Airbus stepped up plans to challenge Boeing for lucrative US defense contracts.",Business,Sci/Tech
UN 'must ignore cloning ban call' The UK's Royal Society urges the UN to ignore a call by President Bush to ban all forms of human cloning.,Sci/Tech,World
"High-Tech Start-Up Strives For Open-Source Compatibility SourceLabs could create some buzz because of its pedigree team of founders. The company is led by Chief Executive Byron Sebastian, a former executive at San Jose #39;s BEA Systems, who founded the company in spring.",Sci/Tech,Sports
"Bipartisan Panel Seeks Greenhouse Gas Limits A bipartisan commission that includes energy industry executives, environmentalists and academics will issue a report Wednesday that calls on the nation to adopt mandatory limits on greenhouse gas emissions linked to global warming, set stricter fuel economy standards and promote nuclear power, renewable energy and oil exploration.",Business,Sci/Tech
Site security gets a recount at Rock the Vote Grassroots movement to register younger voters leaves publishing tools accessible to outsiders.,Sci/Tech,Business
"Thomson Joins Microsoft-Time Warner Deal (AP) AP - French technology company Thomson SA said Monday it was joining Microsoft Corp. and Time Warner Inc.'s proposed venture to make anti-piracy software, a move that could relieve European Union concerns about the pending deal.",Sci/Tech,World
"Bishop Indicted on Child Rape Charges SPRINGFIELD, Mass. - Bishop Thomas Dupre, the former head of the Springfield Diocese, was indicted Monday on child rape charges, accused of molesting two boys in the 1970s, the county prosecutor said...",World,Business
"CU Athletic Director Dick Tharp Resigns (AP) AP - Colorado athletic director Dick Tharp resigned Monday, ending a nine-year tenure sullied by accusations of recruiting violations and fiscal mismanagement.",Sports,World
Flower power turns up the volume A Japanese company has come up with a way of turning flowers into loudspeakers.,Sci/Tech,Sports
Pitcairn trial views police interview tape The court presiding over the Pitcairn Island sex trials has been shown a videotape of a police interview with one of the accused. Steven Christian denies rape but he does admit to having sex with underage girls.,World,Sports
England job remains full-time THE Football Association yesterday insisted it has no plans to reduce the England coach #39;s job to a part-time position. A report in the Daily Mirror claimed the FA was considering appointing a Premiership boss,Sports,Business
"Nissan #39;s supply shortage sends steel stocks up US steelmakers #39; shares rose sharply yesterday, with US Steel, Allegheny Technologies and Nucor (which operates a mill in Seattle) reaching their highest prices in at least seven years, after Nissan said the metal is in short supply in Japan.",Business,Sci/Tech
"Sharon to Hold Tense Meeting With Settlers JERUSALEM - After more than a year of avoiding Jewish settlers, Israeli Prime Minister Ariel Sharon has decided to directly confront his former supporters in a meeting about his contentious plan to withdraw from the Gaza Strip and part of the West Bank. Sharon invited settler leaders to meet with him in Jerusalem on Sunday, just a week before he presents his ""disengagement"" plan to parliament...",World,Business
Pires prepared to pay fine for wearing wrong kit Arsenal star Robert Pires said Monday he is prepared to pay a fine for not wearing the official French team sponsor #39;s kit in a television interview last month.,Sports,Business
Jarvis teeters on the brink Jarvis admitted yesterday it was in a race against time to raise enough cash from asset sales to satisfy lenders and keep trading beyond January.,Business,World
"Ford, GM report slow November sales The nation #39;s two largest automakers on Wednesday reported weak November sales, but both expressed confidence that new products would help them pick up momentum.",Business,Sci/Tech
Amazon Snaps Up China's Largest Web Retailer (NewsFactor) NewsFactor - Amazon.com (Nasdaq: AMZN) has said it will buy Joyo.com Limited -- a British Virgin Islands company that operates the largest Internet retail Web site in China -- for US #36;75 million.,Business,World
Supreme Court Ruling Expected in Ukraine Crisis (Reuters) Reuters - Ukraine's Supreme Court is expected to\rule on Friday on whether to overturn the result of a disputed\presidential election that has plunged the country into turmoil\and generated distrust between Russia and the West.,World,Business
"Steep rise in Haiti storm deaths The number of deaths from floods in Haiti caused by tropical storm Jeanne has risen sharply to 1,970, with 884 still missing, officials say.",World,Sports
"Running was a key human characteristic By Lee Bowman. The ability to run long distances across the African savannah gave human ancestors an evolutionary advantage over other primates that walked upright, but could not run the mile or 20, researchers argue in a new study.",Sci/Tech,Sports
Venezuela Prepares for Chavez Recall Vote Supporters and rivals warn of possible fraud; government says Chavez's defeat could produce turmoil in world oil market.,World,Business
"Australia 362-7 v India, third test - close (Reuters) Reuters - Australia were 362 for seven wickets at the close of play on the first day of their third cricket test against India on Tuesday.",World,Sci/Tech
Prso seals victory for 10-man Rangers Striker Dado Prso netted a second-half penalty as Rangers battled to a 1-0 Scottish Premier League win at Hibernian on Sunday. Prso converted after 65 minutes after,Sports,Business
"PM welcomes EU partnership Prime Minister Manmohan Singh arrived in the Hague last night to participate in the India-European summit. quot;In recognition of Indias growing stature and influence, the EU has proposed a strategic partnership with India.",Business,Sci/Tech
"Ace's wicked run leaves us wanting more Seven years of Pedro. Went by quickly, huh? Seven years, the best of which may very well have been the best pitching ever done in a Boston uniform. Seven years of feistiness. Seven years of blazing fastballs. Seven years of spellbinding changeups. Seven years of pitching inside, sometimes waaaaay inside. Seven years of double-digit strikeouts. Seven years of sheer virtuosity. ...",Sports,Business
CVS Same-Store Sales Up 5.4 Percent NEW YORK (Reuters) - Drugstore chain CVS Corp. CVS.N on Tuesday said October sales at stores open at least a year rose 5.4 percent on higher demand for prescriptions and other merchandise at its CVS stores.,Business,Sci/Tech
Francis Nixes Hurricanes' Front Office Job (AP) AP - Ron Francis turned down a front-office job with the Carolina Hurricanes and is still deciding whether he wants to continue his playing career.,Sports,Sci/Tech
"Heineken Profit Dips But Repeats Outlook AMSTERDAM (Reuters) - Dutch brewer Heineken posted a 4.5 percent fall in core profit for the first half on Wednesday, at the low end of expectations as a weak dollar and sluggish markets hurt business.",Business,Sci/Tech
"General Electric Raises Dividend General Electric Co., a maker of jet engines, plastics and appliances as well as owner of the NBC television network, said Friday that its board raised the company #39;s quarterly dividend by 10 percent to 22 cents per share, and authorized the repurchase of",Business,World
"NASA Chief Applies for Job at LSU (AP) AP - NASA Administrator Sean O'Keefe will resign this week, a government official said Sunday, and a spokesman for Louisiana State University said O'Keefe is a leading candidate to become a chancellor there.",Sci/Tech,World
"Markets Celebrate Bush Victory Wall Street threw a victory rally for President Bush today, driving up the entire market -- especially the stocks that investors believe will benefit from even more dominant Republican control of the federal government.",Business,World
"Copy, rip, or import? If you #39;ve been using the new Windows Media Player 10 for Windows XP, you may have noticed that Microsoft shifted from some of the more formal language that it used in Windows Media Player 9 -- quot;Copy from CD quot; and quot;Copy to CD quot; -- to the more casual terms",Sci/Tech,Sports
"Thousands to attend Moscow anti-terror rally Over 100,000 people are expected to attend an anti-terrorism rally in Moscow following the Beslan school massacre. The rally, being held outside the Kremlin, is taking place on the second day of official morning",World,Business
Amvescap reorganizes after settling The chairman of Amvescap said Wednesday that the company planned to wrap its US mutual fund businesses into one following a \$450 million settlement with regulators over improper trading.,Business,Sci/Tech
Storms batter Cornish coastline \Flooding causes chaos for homeowners all along Cornwall's south coast as 80mph winds hit land.,World,Sci/Tech
Poll: I was right to let Henry #39;s Arsenal goal stand Ref Graham Poll insists he didn #39;t get it wrong when allowing Arsenal #39;s Thierry Henry to take his free-kick early against Chelsea yesterday.,Sports,Sci/Tech
Leaked secrets reveal chaos at heart of Blair #39;s Iraq plans TONY Blair was facing a new Iraq crisis last night after explosive evidence emerged from within his own government that he was warned the country would be plunged into chaos after the fall of Saddam Hussein.,World,Business
"Intel in new chip breakthrough Intel creates a more powerful memory chip without increasing its size, confounding the firm's critics.",Business,Sci/Tech
"Ky. Company Wins Grant to Study Peptides (AP) AP - A company founded by a chemistry researcher at the University of Louisville won a grant to develop a method of producing better peptides, which are short chains of amino acids, the building blocks of proteins.",Sci/Tech,Sports
HOW DOES MONTGOMERIE RANK AMONG THE GREATS? Scotland #39;s Colin Montgomerie sank the winning putt at the 35th Ryder Cup at Oakland Hills in Detroit to ensure the trophy remained in European hands and maintain his unbeaten record in singles matches in the competition.,Sports,Sci/Tech
"Delay in Shuttle Flights The battering that the hurricanes of the last month has inflicted on NASA centers could strain an already tight schedule for resuming shuttle flights, but it is too early to tell how badly, experts said Thursday.",Sci/Tech,Sports
"Knight Ridder Says It Will Miss Targets Knight Ridder Inc. expects third-quarter earnings to exceed expectations, largely due to a per-share gain of 9 cents related to the finalization of certain tax matters.",Business,Sci/Tech
"Convicted spammer gets nine years in slammer A brother and sister have been convicted of three felony charges of sending thousands of junk e-mails; one of them was sentenced to nine years in prison, the other was fined \$7,500.",Sci/Tech,Sports
"Gunners Ready for Tough Test Fredrik Ljungberg admits Rosenborg have exceeded expectations in the Champions League, but is looking to put one over on his Scandinavian cousins tonight.",Sports,World
"USOC letter to FIG I write in response to your letter of August 26, 2004, which you asked the United States Olympic Committee to forward to Olympic gold medalist Paul Hamm of the United States of America.",Sports,Business
"ADV: Try Currency Trading Risk-Free 30 Days 24-hour commission-free trading, 100-to-1 leverage of your capital, and Dealbook Fx 2 - our free advanced trading software. Sign up for our free 30-day trial and receive one-on-one training.",Business,World
"U.S. Wants to Lease Swedish Submarine (AP) AP - The United States wants to lease a Swedish attack submarine for naval exercises in the Baltic Sea in a deal possibly worth tens of millions of dollars, defense officials said Sunday.",World,Sci/Tech
"Bofra burrows in through banner ads Hackers may be using banner ad servers to multiply the impact of the Internet Explorer virus, security experts warn.",Sci/Tech,Sports
Northwest fee increase has agents crying foul The airline said it will begin paying only \$5 of the \$12.50 cost of booking a Northwest ticket through a global distribution system such as Sabre or Galileo starting Wednesday.,Business,Sports
"CA offers usage-based pricing for mainframe tools OCTOBER 07, 2004 (IDG NEWS SERVICE) - Computer Associates International Inc. introduced a usage-based pricing and licensing option for its mainframe management products today, aligning its offerings with IBM #39;s on-demand model.",Sci/Tech,World
New Rules for Rematch of Colts and Patriots Indianapolis' loss to New England in the A.F.C. championship game in January will have an impact on officiating as the N.F.L. begins the 2004 season Thursday night.,Sports,Sci/Tech
"Mount St. Helens Releases More Steam (AP) AP - More steam gushed out of Mount St. Helens following an increase in earthquake activity, keeping scientists guessing as to what is happening deep within the volcano and perhaps showing that the mountain's seismic activity may not be over yet.",Sci/Tech,Sports
Activists Want Divestment From Sudan (AP) AP - Black activists and religious groups are pressing public pension funds to divest a purported #36;91 billion in holdings of companies operating in oil-rich Sudan.,World,Sports
"Where have all the people gone? While media and political attention is on the threat of outsourcing, the reality is that outsourcing is a sideshow in a much larger event.",Business,Sports
Feds Charge 28 in ID Theft Ring Agents at the US Secret Service unmasked 28 people who thought they were safe behind anonymous identities and charged them in connection with alleged ID Theft activities.,Sci/Tech,World
"New handheld computer from SONY with electroluminescent display (CP) - SONY has introduced it #39;s Clie PEG-VZ90, an entertainment multimedia handheld using Palm OS 5.2.1. The unit boasts the world #39;s largest 480x320 pixels organic electroluminescent (EL) display, which many regard as a next-generation technology capable",Sci/Tech,Sports
"Ivan devastates Grenada ST. GEORGE #39;S, Grenada - Hurricane Ivan took aim yesterday at Jamaica after killing 23 people in five countries and devastating Grenada.",World,Sci/Tech
"Health Highlights: Aug. 28, 2004 A new drug that fights a form of age-related macular degeneration (AMD), a leading cause of blindness in the elderly, won applause if not approval from a panel of advisors to the US Food and Drug Administration.",Business,Sci/Tech
"Three More Linux mobile Phones Coming in Japan An anonymous reader writes quot;NEC and Panasonic have developed three Linux-powered 3G mobile phones to be introduced in Japan in the coming months -- NEC #39;s N900iL, NEC #39;s N901iC, and Panasonic #39;s P901i.",Sci/Tech,World
"Two US soldiers killed KABUL -- Two US soldiers died and another was injured when a bomb ripped through their patrol in southern Afghanistan yesterday. The troops were attacked near Deh Rawood, a town 400 km southwest of Kabul where",World,Business
"Hostages plight clouds meeting of Blairs party BRIGHTON, England The annual conference of Prime Minister Tony Blair #39;s Labour Party opened here Monday under the pall of the war in Iraq, as the fate of the British hostage Ken Bigley remained uncertain amid fresh appeals for his release from family",World,Sci/Tech
"Anticipation nation LINCOLN, Neb. -- Carly Simon got it right a generation ago.AN-TI-CI-PA-TION. She wasn't singing about college football, but out here in the heartland of America, as Husker Nation prepares for a new season, the sense of anticipation is enormous.",Sports,Business
"More harmful drugs may be on the market After writing about hundreds of individual and class-action lawsuits that have been filed on behalf of consumers who developed cancer, suffered heart attacks or other medical problems from hormone replacement therapy drugs and Vioxx, an FDA employee now",Business,Sci/Tech
"5 dead in Dubai airport accident DUBAI - A steel mesh wall collapsed on workers building a multi-billion-dollar extension to Dubai #39;s international airport yesterday, leaving five dead and 12 injured, authorities said.",World,Sports
"Bush quietly signs corporate tax-cut bill WASHINGTON - With no fanfare, President Bush Friday signed the most sweeping rewrite of corporate tax law in nearly two decades, showering \$136 billion in new tax breaks on businesses, farmers and other groups.",Business,World
Boeing CEO: Jet Market Recovery Slower (Reuters) Reuters - Boeing Co. Chief Executive Harry\Stonecipher said on Friday the U.S. aircraft maker's archrival\Airbus was exaggerating the speed of recovery in the commercial\airplane market.,Business,Sci/Tech
"Britain #39;s unemployment falls to 20 year low British unemployment fell by 16,000 to 1.41 million between May and July, the lowest level since comparable records began in 1984, the Office for National Statistics said Wednesday.",Business,Sports
"Georgian Troops Leave South Ossetia The soldiers withdrew from the heights above the Ossetian of capital of Tskhinvali Thursday, turning the area over to peacekeepers. Georgia says three of its soldiers were killed in earlier fighting, while Ossetian authorities say three civilians died ...",World,Business
"Cisco invests \$12 million in Japan R amp;D center On Thursday, the company announced it will invest \$12 million over the next five years in a new research and development center in Tokyo.",Sci/Tech,Business
"Qantas says record profit not big enough Australia #39;s flagship carrier Qantas Airways has reported a record annual net profit but warned oil prices threatened its performance, increasing the chance of a hike in ticket price surcharges to offset its fuel bill.",Business,Sci/Tech
"LIFFE ratchets up price war with Merc Derivatives exchange LIFFE turned up the heat on rival Chicago Mercantile Exchange on Tuesday by ratcheting up its fee incentive program for some US traders in a bid improve volume in its Eurodollar contract, the CME #39;s flagship offering.",Business,Sci/Tech
"Europe Puts U.S. in Big Hole at Ryder Cup (AP) AP - Backed by the clutch performance from its English rookies and reliable play from Sergio Garcia and Lee Westwood, Europe put the United States in another huge hole Saturday by taking an 11-5 lead at the Ryder Cup and making victory Sunday seem like a mere formality.",Sports,World
PeopleSoft Investors Urged to Tender Shares NEW YORK (Reuters) - Oracle Corp. on Thursday said in a letter to PeopleSoft Inc. stockholders that it would withdraw its hostile takeover bid if less than half of PeopleSoft shares were tendered by the offer's deadline.,Business,Sci/Tech
"Al-Aqsa mosque restriction lifted Israel says it will not restrict access to the al-Aqsa mosque compound in Jerusalem during the Muslim holy month of Ramadan, that begins on Friday.",World,Sci/Tech
"Stewart Asks to Serve Sentence Soon NEW YORK Sept. 15, 2004 - Millionaire executive Martha Stewart announced Wednesday that she had decided to begin her prison sentence for lying about a stock trade as soon as possible.",Business,Sci/Tech
"Regulators Let Cingular Buy AT T Wireless The \$41 billion merger between Cingular Wireless LLC and AT T Wireless Services Inc. won approval from the Federal Communications Commission Friday, according to federal sources close to the agency. \-The Washington Post",Sci/Tech,Business
"Seoul says firms shipped lethal chemical to DPRK SEOUL: South Korean authorities stopped a shipment of a potentially lethal chemical to North Korea this year, but at least two other shipments got through to the communist state, South Korea said on Friday.",World,Business
"Barents Sea Under Threat from Fishing, Oil (Reuters) Reuters - The Arctic Barents Sea is\under threat from overfishing, oil and gas exploration and\Soviet-era radioactive waste, the U.N. Environment Program said\on Tuesday.",Sci/Tech,Sports
"Wireless sensors ready to go global? Soon millions of the data-collection devices will be scattered around the world, but there are still many obstacles to the networks.",Sci/Tech,Business
"Continental won #39;t make pension contributions this year Continental Airlines announced today it will not make any contributions to its pension plan this year, citing as reasons the ongoing uncertainty of the industry #39;s economic environment and the record high cost of jet fuel.",Business,Sports
"FEC Elects Chairman, Vice Chairman (AP) AP - The Federal Election Commission on Thursday elected a new chairman and vice chairman, choosing as its leaders two members who pushed unsuccessfully for tougher limits on partisan political groups.",World,Sports
"Skulls on your Symbian phone? Don #39;t panic! PETALING JAYA: Virus experts at British software security firm Sophos Plc have advised customers not to panic, following media reports of a Trojan horse which infects cellphones.",Sci/Tech,World
"Dogged Astros Refocus Eyes on Texas On the strength of Carlos Beltran and a tireless bullpen, the Astros came back from a three-run deficit on Sunday to defeat the Cardinals, 6-5.",Sports,Business
"Haiti Moves on Pro-Aristide Militants Haitian police and U.N. troops moved into a slum that has become a flashpoint for unrest, using bulldozers to remove a barricade of torched cars that had blocked traffic in the capital.",World,Sports
ACLU Seeks to Challenge Gay Adoption Ban (AP) AP - The American Civil Liberties Union asked the Supreme Court on Friday to hear its challenge to Florida's ban on adoptions by gays.,World,Sports
"Virgin Mobile growth prospects disappoint Richard Branson #39;s Virgin Mobile has forecast substantially higher earnings and margins, but disappointing predictions for service revenue",Business,Sci/Tech
Biography of a Worm Can anything stop the next global virus outbreak? We follow the trail of one recent worm to see how the security system works--and whether it can be fixed.,Sci/Tech,Business
"Big Television Remember Neo #39;s dilemma in The Matrix? Morpheus offers him two views of reality, extending a blue pill in his left hand and a red one in his right.",Sci/Tech,Sports
Clarke takes charge of Blunkett's Fear Agenda Analysis Horizontal drinkers rejoice,Sci/Tech,World
"Colts Lead Pats Early in Third Quarter FOXBORO, Mass. - Peyton Manning reached the 25,000-yard passing mark faster than anyone but Dan Marino, and the Indianapolis Colts shredded the New England Patriots for a 17-13 halftime lead Thursday night...",World,Sci/Tech
"Massive Merger of Galaxies is the Most Powerful on Record Scientists have now officially witnessed the perfect cosmic storm. Thanks to the European Space Agency's XMM-Newton observatory, they watched a nearby head-on collision between two galaxy clusters. The clusters smashed together thousands of galaxies and trillions of stars in one of the most powerful events ever witnessed.",Sci/Tech,Business
"Alleged U.S. Deserter Set to Surrender TOKYO - Accused U.S. Army deserter Charles Jenkins left his Tokyo hospital for an American military base to surrender to military authorities Saturday, nearly 40 years after he allegedly defected to North Korea...",World,Sci/Tech
"BlackRock Buys State Street Research NEW YORK (Reuters) - BlackRock Inc. BLK.N, one of the largest U.S. fixed income managers, on Thursday said it will buy its far smaller competitor State Street Research Management Co., marking the biggest takeover in the asset management business this year.",Business,World
"Coors' Donation to Own Campaign Draws Ire (AP) AP - A #36;500,000 donation by Republican beer baron Pete Coors to his own Senate campaign has triggered a new federal law that eases fund-raising restrictions for his Democratic opponent.",World,Sci/Tech
"Scientists Prepare for Huygens' Plunge into Titan UC Berkeley -- On Jan. 14, 2005, the Huygens probe will plow into the orange atmosphere of Saturn's moon, Titan, becoming the first spacecraft to attempt to land on a moon in our solar system since the Soviet Union's Luna 24 touched down on Earth's moon in 1976...",Sci/Tech,World
Senate Republican Unveils Plan for Intelligence The plan would give the proposed national director responsibility for intelligence-gathering of the C.I.A. and the Pentagon.,World,Business
Valencia accept Angulo ban Valencia say they do not plan to appeal against the seven-match ban given to midfielder Miguel Angel Angulo by UEFA for his behaviour during last week #39;s Champions League match against Werder Bremen.,Sports,Sci/Tech
"Prototype copter-cam: Here, there, everywhere It can only remain aloft for three minutes but weighs less than an empty soft drink can -- and it can take and transmit pictures in flight.",Sci/Tech,Sports
Stargazers Enjoy Total Lunar Eclipse (AP) AP - The Earth's last total lunar eclipse for nearly two and a half years didn't disappoint.,Sci/Tech,Sports
"Hackers, spoofers and malware--oh my! IE exploit code could boost risk of browser mishaps. Microsoft says teamwork makes for better defenses.\",Sci/Tech,Sports
Everyone wants a piece of Orton Every sports collectible dealer knows the key to profit is getting in early. And the hounds are suddenly on the scent of Kyle Orton.,Sports,Sci/Tech
"Venezuelans Flood Polls, Voting Extended CARACAS, Venezuela (Reuters) - Venezuelans voted in huge numbers on Sunday in a historic referendum on whether to recall left-wing President Hugo Chavez and electoral authorities prolonged voting well into the night.",World,Sci/Tech
FDA Bans Vioxx And Bextra Critic From Advisory Panel Meeting A drug safety expert says his invitation to participate in a meeting on the risks of arthritis drugs like Vioxx and Bextra has been rescinded by government officials because he publicly expressed concerns about the medications.,Business,Sports
"Gray, Demon Deacons Swing Back In Action, Seek To Shoot Down ... Justin Gray has had an ample amount of time to get his shooting stroke ready. Gray and No. 6 Wake Forest are back in action after an eight-day break when they visit Temple on Monday.",Sports,Business
"Glacier Grows in Mount St. Helen's Crater (AP) AP - While earthquakes, steam and magma are getting all the attention on Mount St. Helens these days, the volcano's most unique feature could be the icy epitome of slow motion that has sprouted on its flanks in the last two decades: its glacier.",Sci/Tech,Sports
"Call it one for the pages Google #39;s project to archive millions of books from top libraries, experts said, is the first major step toward the company #39;s goal of indexing massive amounts of printed material, music and video.",Sci/Tech,Sports
"Heathrow refuellers to push ahead with strike plans Aircraft refuellers at Heathrow Airport have vowed to push ahead with strike plans this weekend, potentially disrupting flights, after last-ditch pay talks collapsed, their union says.",Business,Sports
Nokia To Expand On-Device Storage Options Nokia joins Secure Digital industry group CNET News.com,Sci/Tech,Business
"Briefly: Israel, Egypt and US trade pact Egypt, Israel and the United States have reached an agreement that allows Egyptian industry to sell products using Israeli parts duty free in America.",World,Sports
"Google targets software giant SEATTLE -- Not too long ago, Google Inc. seemed little more than a pesky insect to Microsoft Corp.'s 800-pound gorilla.",Business,Sci/Tech
Johnson amp; Johnson Facing Single-Digit Growth Credit Suisse First Boston said it was quot;still cautious quot; regarding Johnson amp; Johnson (nyse: JNJ - news - people ) after the company reported quarterly results above Wall Street estimates.,Business,Sci/Tech
Jennings in charge CAPE TOWN - Ray Jennings was appointed as the interim coach of South Africa #39;s national cricket side yesterday afternoon following the resignation earlier of the under-fire Eric Simons.,Sports,World
"NASA puts off space shuttle flights until at least May WASHINGTON: The US space agency NASA has put off resumption of space shuttle flights from March until at least May, the agency has said.",Sci/Tech,Business
"SBC links e-mail, voice messages, fax SBC on Monday announced a new service that integrates voice messages, faxes and e-mails into a single mailbox that can be accessed from anywhere by phone or the Internet.",Business,Sci/Tech
"Hockey Labor Talks Broken Off TORONTO -- National Hockey League labor talks came to a halt Tuesday after each side rejected the other #39;s proposal. The talks lasted more than three hours, with the league making a one-hour presentation on",Sports,Business
"Typhoon Tokage Claims 25 Lives; 43 Missing, NHK TV Reports Twenty-five people were confirmed dead and 43 missing as of 5 am after typhoon Tokage passed through Japan, NHK television said on its Web site.",World,Sci/Tech
Cops Test Handheld Fingerprint Reader Several Minnesota police departments are field testing a handheld device that scans a suspect's fingerprint and digitally checks it against Minnesota's criminal history and fingerprint database.,Sci/Tech,Business
"Sinful new GTA: San Andreas trailer revealed Explicit lyrics, parachutes featured in new GTA: San Andreas trailer; official site also updated with info on Las Vegas-style city.",Sci/Tech,Sports
"A Better Solution for Israel The hysterical tone of Daniel Seidemann #39;s plea to the next US administration to save Israel from itself serves no useful purpose op-ed, Aug. 26.",World,Sports
"Sutton Adds Haas, Cink to Ryder Cup Team MILWAUKEE (Sports Network) - U.S. Ryder Cup captain Hal Sutton finalized his team on Monday when he announced the selections of Jay Haas and Stewart Cink as his captain's picks.",Sports,Sci/Tech
Funds: What Makes a Fund a Winner? (Reuters) Reuters - (Clint Willis is a freelance writer who covers mutual funds\for Reuters. Any opinions in the column are solely those of Mr.\Willis.),Business,Sports
"Rogers Wireless Whistles and Fido Responds Its official. Microcell Telecommunications Fido wireless service will be the new dog in Rogers Wireless Communications Canadian kennel, and that puppy wasnt cheap.",Business,Sci/Tech
"Judge Finds Halliburton Settlement Unacceptable A federal judge in Dallas yesterday rejected a \$6 million settlement in a shareholder suit that alleged Halliburton Co. engaged in accounting fraud, saying the lead plaintiffs #39; lawyer mishandled the case and may have settled for too little money.",Business,Sports
"UPDATE 2-Manchester United calls off bid talks with Glazer The world #39;s richest soccer club, Manchester United (MNU.L: Quote, Profile, Research) , has called off talks with US sports tycoon Malcolm Glazer over his proposed",Sports,World
"Technical Hitch Delays Russia Space Station Launch (Reuters) Reuters - The launch of a Russian rocket scheduled\to blast off to the International Space Station next month has\been postponed because of problems with the docking system,\Russia's space agency said on Wednesday.",Sci/Tech,World
"Ferrero advances; Moya stunned in rainy Beijing Beijing, China (Sports Network) - For the second time in as many days, rain was a major factor at the inaugural \$500,000 China Open.",Sports,Sci/Tech
"Citrix buying VPN company Net6 for \$50 million BOSTON - Citrix Systems is buying Net6, a privately-held maker of SSL (Secure Socket Layer) VPN (Virtual Private Network) technology, for \$50 million cash, Citrix said Tuesday.",Sci/Tech,Business
"Classmates agrees to \$100M buyout United Online Inc., a California-based provider of low-cost Internet subscription services, has agreed to buy Internet networking company Classmates Online Inc.",Business,Sci/Tech
"Putin's Chechnya options narrow On the fifth anniversary of the invasion of Chechnya, some say there are few alternatives to negotiations.",World,Business
"Nevada Implements 1st Touch-Screen Voting Machines With Paper-Trail By RACHEL KONRAD CARSON CITY, Nev. (AP) -- In what could become a model for other states, Nevada voters on Tuesday became the first in the nation to cast ballots in a statewide election on computers that printed paper records of electronic ballots...",Sci/Tech,Sports
Giuliani expands his Wall St. firm NEW YORK (CBS.MW) -- Former New York City Mayor Rudolph Giuliani is making a foray into investment banking. Free! Sign up here to receive our Weekly Roundup e-Newsletter!,Business,Sports
Tesco steps up RFID efforts Tesco is rolling out radio barcode technology across its 98 Tesco Extra stores to track high-value items between its internal distribution centres and its outlets.,Sci/Tech,Business
"NASA confident of debris solution Six months before NASA plans to return the shuttle to space, officials think they #39;ve essentially solved the problem that doomed Columbia in 2003 -- debris coming off its fuel",Sci/Tech,Business
"Cocky Arsene Arsene Wenger is confident that Arsenal will make the knockout stages of the Champions League, despite needing to beat Rosenborg to make sure.",Sports,Business
TSA #39;pat-downs #39; cross the line for some fliers Millions of holiday travelers nationwide are experiencing an all-too-intimate form of security screening that some say amounts to sexual groping - a quot;pat-down quot; by government officials.,Business,Sports
"Treasury Chief Urges Debt Relief for Poor Nations Global lenders need to offer more grants and debt relief to poor countries and tailor lending toward the private sector, Treasury Secretary John Snow said today.",Business,World
"Dual Internal Clocks Control Fruit Flies -Study (Reuters) Reuters - Humans are not the only creatures with\an internal biological clock. Fruit flies have two, which\separately control morning and evening activity, scientists\said Wednesday.",Sci/Tech,Sports
Cricket: NZ suffer Franklin blow New Zealand bowler James Franklin misses the first Test against Australia with injury.,World,Sports
American deaths The Pentagon has released the names of the following US service members killed recently in Iraq:,World,Business
"Nobel Peace Prize winner gives some credit to Kansas Catholic ... ATCHISON, Kan. (CNS) -- The 2004 winner of the Nobel Peace Prize says a small Catholic college in Kansas was instrumental in making her quot;who I am and may ever become, quot; according to correspondence released by the school.",World,Sci/Tech
Freeze on anti-spam campaign A campaign by Lycos Europe to target spam-related websites appears to have been put on hold. Earlier this week the company released a screensaver that bombarded the sites with data to try to bump up the running costs of the websites.,Sci/Tech,Business
Legal expert joins open-source screening firm Open Source Initiative general counsel Larry Rosen is now an advisor to Black Duck Software.,Sci/Tech,Business
"Sony Leads MGM Acquisition Entertainment companies had been vying for MGM to get their hands on its library of more than 4,000 titles. Time Warner initially was seen as the front-runner in the race.",Business,Sports
"Ig Nobel awards honor weird science advances If a herring asks you to pull his finger, be very afraid. Thats one of the lessons derived from this years Ig Nobel awards ceremony, an event that honors offbeat scientific achievements.",Sci/Tech,Business
"Time Warner, SEC near deal on AOL troubles The Securities and Exchange Commission and Time Warner Inc. are nearing agreement on a deal in which the media giant would pay about \$750 million to settle wide-ranging allegations",Business,Sci/Tech
"Microsoft Profit, Revenue Rises SEATTLE (Reuters) - Microsoft Corp. MSFT.O, the world's largest software maker, on Thursday said its first quarter profit climbed as personal computer sales and business demand fueled higher sales.",Business,Sci/Tech
"Four employees of British security firm slain by mortar attack in ... A mortar attack killed four employees of a British security firm and wounded 15 others in the Baghdad #39;s Green Zone, a fortified area that houses the",World,Business
"TSA Deal Overpaid Boeing, Report Says Boeing Co. received at least \$49 million in excessive profits on a \$1.2 billion contract to supply explosives-detection systems to hundreds of the nation #39;s airports, the Department of Homeland",Business,World
Russia official gives Yukos assurance Finance minister tells FT that asset sales to pay off tax debt will be market-oriented. MOSCOW (Reuters) - Russian Finance Minister Alexei Kudrin has promised that asset sales to pay off the tax debts of troubled,Business,World
"EU Unveils Plans for New Banana Tariffs (AP) AP - The European Union said Wednesday it will impose a duty of 230 euros ( #36;290) per ton of bananas starting in 2006, in an effort to prevent producers in former African and Caribbean colonies from losing business to larger growers in Latin America.",World,Sports
Row over Australian army photo A picture of Australian troops dressed as members of the Ku Klux Klan stirs accusations of racism.,World,Business
"France #39;s #39;Watergate #39; trial opens In France, 12 people have gone on trial for running a phone-tapping operation used by the late President Francois Mitterrand to monitor his opponents.",World,Sports
Oragenics Shares Up on FDA Clearance Shares of Oragenics Inc. jumped after the biotechnology company reported Tuesday that the Food and Drug Administration allowed it to proceed with safety trials on a lifelong tooth decay protection rinse that,Business,Sci/Tech
"Intel doubles cash dividend MANHASSET, NY - Intel Corp. (Santa Clara, Calif.) has taken some lumps this year due to weakening market conditions and several strategic errors, but the semiconductor supplier remains loyal to its shareholders.",Business,Sci/Tech
"Nobel Laureate Decries Stem Cell Limits (AP) AP - A Nobel laureate in medicine said Monday the Bush administration's limits on funding for embryonic stem cell research effectively have stopped the clock on American scientists' efforts to develop treatments for a host of chronic, debilitating diseases.",Sci/Tech,Sports
"First Howard, Now Mel: Karmazin Joins Sirius As CEO Hours after his close associate Howard Stern addressed a teeming crowd about the benefits of Sirius Satellite Radio, former Viacom Chief Operating Officer and President Mel Karmazin announced that he has signed onto the fledgling company as CEO.",Business,Sci/Tech
"Russia May Ratify Kyoto Protocol in Oct. -- Minister (Reuters) Reuters - The Russian government expects\parliament to ratify the Kyoto Protocol this month in a move\allowing the long-delayed climate change treaty to come into\force worldwide, a senior minister said Monday.",Sci/Tech,Sports
"Record biz hammers #39;ostrich #39; downloaders The music industry in the US is making great strides in its campaign against people it says have illegally downloaded music, with courts awarding huge settlements in many cases.",Sci/Tech,Sports
"London-Based Bank Wins Bid for Permata A consortium led by Standard Chartered PLC won the bidding for a majority stake in PT Bank Permata, agreeing to pay US\$300 million (euros 244 million) for control of Indonesia #39;s seventh-largest lender, Finance Minister Boediono said Friday.",Business,Sports
"King Singh ... at last! The No. 1 golfer in the world is on his way to Glen Abbey for this week #39;s Canadian Open. No, Tiger Woods hasn #39;t changed his plans.",Sports,Sci/Tech
Threat to behead Japanese soldier The group led by wanted terrorist Abu Musab al-Zarqawi has said it has abducted a member of Japan #39;s armed forces and is threatening to behead him if the Japanese government does not withdraw its troops from Iraq within 48 hours.,World,Sci/Tech
"DATA VIEW: Singapore Aug Indus Output Below Expectations SINGAPORE (Dow Jones)--Singapore #39;s industrial output rose a smaller-than-expected 5.3 on year in August, as the production of pharmaceuticals fell sharply from a high base a year ago.",Business,Sports
Tennis: Night final for Aus Open The centenary Australian Open will be the first Grand Slam event to stage its final at night.,World,Sports
"Toughest athlete is female and unknown You probably haven't heard about one of the toughest endurance sports around: the deca-ironman. That's 38 km swimming, immediately followed by an 1800 km bicycle ride and a 420 km run. Currently, the world record stands at about 187 hours, held by a German housewife. Nobody else has ever finished the course below 192 hours.",Sci/Tech,Sports
"Jos. A. Bank Profit Jumps Jos. A. Bank Clothiers (JOSB:Nasdaq - news - research) posted a handsome third-quarter profit Monday, as strong Internet and catalogue sales helped drive a 17 hike in net income.",Business,Sci/Tech
"PC Sales Hot For 2004, But Will Soon Cool Off PC shipments in the second quarter grew faster than any three-month period since 1999, IDC said Monday, citing the continued pent-up demand for replacement systems as the driving force behind the sales surge.",Business,Sports
"Japan beefs up its defense stance With an eye to North Korea and China, Prime Minister Koizumi #39;s Cabinet is set to pass new guidelines Friday. By Bennett Richardson Correspondent of The Christian Science Monitor.",World,Business
"Islamic Scholar, Visa Withheld, Gives Up U.S. Post GENEVA (Reuters) - A prominent Swiss-based Islamic scholar on Tuesday gave up plans to teach at a leading U.S. university after waiting in vain for a visa and accused the Bush administration of trying to silence him.",World,Sci/Tech
"Toyota #39;s quarterly profit drops Toyota Motor Corporation, the world #39;s second-largest carmaker, had an unexpected drop in quarterly profit as investment earnings declined at a truckmaking unit and a stronger yen cut the value of overseas sales.",Business,Sports
"Apple Sailing on Digital River the iPod -s a nifty little device, primarily allowing you to listen to downloaded music, but also giving you the opportunity",Sci/Tech,Business
"INTERVIEW: Australia #39;s QBE Consolidates European Units SYDNEY (Dow Jones)--Seeking to cut costs and encouraged by UK regulatory changes, Australia #39;s QBE Insurance group Ltd. (QBE.AU) Tuesday said it will merge its Lloyd #39;s division with other European operations.",Business,Sports
"ECB Eyed Rate Hike But Left Rates Steady The European Central Bank surprised financial markets on Thursday by revealing it had considered raising interest rates even as the euro zone economy slows, saying it is worried about inflationary risks.",Business,Sci/Tech
"Bank rate stable to boost exports: Reddy Mumbai: Despite the revision of the Gross Domestic Product (GDP) and inflation rate, the Reserve Bank of India (RBI) had kept the bank rate stable at 6 per cent in the mid-term review of annual policy statement for the year 2004-05 in order to boost",Business,Sports
US diplomat among 7 injured in Islamabad hotel explosion ISLAMABAD: Seven people including foreigners were injured in a powerful explosion at the entrance to the Marriott Hotel lobby on Thursday.,World,Business
"Sharon Rejects Army Bid to Wind Down Gaza Offensive Israel #39;s Ariel Sharon has rejected his army #39;s request to scale back its Gaza offensive, seeking to avoid any show of weakness after deadly bombings in Egyptian resorts crowded with Israelis, security sources said.",World,Business
"Epiphany looks to beef up call center CRM software maker Epiphany Inc. this week is rolling out new analytical software, including two new products and vertical-specific bundles aimed at the communications and retail finance industries.",Sci/Tech,Business
Straw: No British troops to Darfur British Foreign Minister Jack Straw said his country does not plan to deploy forces to Darfur in western Sudan but will provide technical assistance.,World,Sports
"Hurricane Ivan again growing in strength, Caribbean islands ... Islanders scrambled to put up storm shutters and buy water as hurricane Ivan churned toward Barbados just days after hurricane Frances tore across the Caribbean and through Florida.",World,Sci/Tech
"Greek, British Police Break Illegal Software Ring Greek and British police in a joint operation cracked a multi-million illegal software sales ring, arresting two people and seizing thousands of pirate high-tech software programs, Greek police said on Friday.",Sci/Tech,World
"Cambodia passes succession law Cambodia approves a law to choose a new monarch, after King Sihanouk's abdication announcement.",World,Sci/Tech
"New Siebel Chief Outlines Chapter 2 For CRM Vendor After 10 years of focusing on product development and delivery, CEO Michael Lawrie says Siebel had to recognize that technology is only one part of the CRM equation.",Business,Sci/Tech
Jury calls WTC attack two events Silverstein had hoped the 11-member jury would determine that the language of the insurance policy treated the attacks as two occurrences.,Business,Sports
"Legendary double for El Guerrouj In a historic 5,000-meter race, Hicham El Guerrouj of Morocco, who won gold at 1,500 meters last week, outkicked Kenenisa Bekele of Ethiopia in",Sports,World
Astronomers find proof of Einstein #39;s theory Einstein was right: Scientists say satellites pulled slightly off their orbits show that the earth is indeed twisting the fabric of space-time as it rotates.,Sci/Tech,World
Security company warning of vulnerabilities in Windows XP SP2 A US security company is warning that it has found ten #39;serious #39; vulnerabilities in Windows XP systems with SP2 installed.,Sci/Tech,World
"Soccer: Vller quits Roma after Bologna loss Rudi Vller said Sunday that he had left Roma of the Italian league. He had been manager for less than four weeks. Roma lost 3-1 to Bologna in Serie A on Saturday, even though its opponents played for 40 minutes with just nine men.",Sports,Sci/Tech
"La. Becomes Latest Political Battleground (AP) AP - The swamps, bayous and rice fields of Louisiana's Cajun country have emerged as the site of the nation's latest political battleground.",World,Sports
Amazon #39;s UK DVD Rentals Might Presage War with Netflix Analysts said Amazon #39;s launch of the DVD rental service in the UK might be to test its approach and streamline the logistically difficult process of handling DVDs through the mail.,Business,Sports
"Italian PM #39;s transplant confirmed After days of speculation sparked by the white bandanna worn by Mr Berlusconi on holiday in Sardinia, Piero Rosati said the results of the operation would show in a couple of months.",World,Sports
"Producer Price Surge Fuels Inflation Fears Producer prices surged 1.7 percent in October, their sharpest monthly increase in nearly 15 years.",World,Sci/Tech
Not exactly an idiotic idea This should give pause to anyone who thought the Red Sox might be interested in toning down their image as idiots: They've made a serious contract offer to David Wells.,Sports,Business
"Emi profits fall but online music market improving LONDON: EMI, the world #39;s third-largest music group, reported a drop in first-half profits on Friday but said the beleaguered industry was rebounding as online music sales start to take off.",Business,Sports
Delhomme Questionable Against Cardinals (AP) AP - Carolina quarterback Jake Delhomme did not practice Wednesday and is questionable this week because of a broken bone in his right thumb.,Sports,Sci/Tech
A Card to Your Future 401(k) credit card would give millions of American workers the chance to borrow their own money from their retirement savings plans.,Business,Sci/Tech
Junior swears by win at Talladega Dale Earnhardt Jr. went from 11th on a restart on Lap 184 to first less than two laps later to win the EA Sports 500. He led nine times for 78 laps.,Sports,Business
Man U condemns fan protest against Glazer Manchester United criticized fans who disrupted a game between reserve teams to protest a potential takeover of the famed English soccer club by Tampa Bay Buccaneers owner Malcolm Glazer.,Sports,Sci/Tech
"Tesco To Sell Downloadable Tunes Tesco aint daft, theyve done the insurance blag and now they getting stuck into the music downloading service. They will be the first supermarket to enter a market that is worth over 25million and is currently dominated by the Apple run iTunes.",Sci/Tech,Business
"Exhausted Yankees still in good shape Even after two draining nights of disappointment, the New York Yankees are still in good shape. Sure, they squandered a pair of chances to close out Boston.",Sports,World
"WordsWorth Books files Chapter 11 WordsWorth Books, a Harvard Square institution for 29 years, yesterday filed for bankruptcy protection, as its owners seek a buyer or investor to help the independent bookseller compete with giant rivals like Amazon.com.",Business,Sci/Tech
Four pay price for India defeats India have dropped wicket-keeper Parthiv Patel and batsman Yuvraj Singh for the final Test against Australia. Opening batsman Aakash Chopra and seamer Ajit Agarkar were also left out after India conceded the,Sports,World
NJ residents file lawsuit to block e-voting WASHINGTON - A coalition of New Jersey residents filed a lawsuit Tuesday asking a judge to stop the state from using electronic voting machines in the Nov. 2 election.,Sci/Tech,Business
Analysts See Post-Stern Ripple Effect Howard Stern will leave a very different company than the Infinity Broadcasting he first joined in 1985. The Viacom-owned radio giant started out a,Business,Sports
"Australia Police to Trap Cyberspace Pedophiles (Reuters) Reuters - Australian police acting as part of an\international ""cyber cop"" network will be able to trap\pedophiles who use the Internet to ""groom"" or lure children for\sex, under new laws passed by parliament on Tuesday.",Sci/Tech,Business
"Microsoft open new software development unit in India (AFP) AFP - Microsoft said it will join with India's second-largest software firm, Infosys Technologies, to provide software and consulting to manufacturing, banking and automobile companies.",World,Sci/Tech
"PM to discuss strategic partnership Prime Minister Manmohan Singh arrived on Tuesday for the first major diplomatic foray that includes talks with US President George W Bush, Pakistan President Pervez Musharraf and address to the UN General Assembly.",World,Business
"Samsung looks to top 100m unit sales next year (FT.com) FT.com - Samsung Electronics, the world's second-largest mobile phone maker, expects its handset sales to rise 16 per cent next year to more than 100m units.",Sci/Tech,Sports
"Mobile phone network reaches last of China's ethnic minorities (AFP) AFP - China has brought its mobile phone network to the last of its ethnic minority regions previously cut off from communication with the outside world, state media reported.",Sci/Tech,Sports
"Brand, Clippers Clobber Pacers INDIANAPOLIS, Nov. 10 (Ticker) -- The Indiana Pacers were looking for a first. The Los Angeles Clippers accomplished one. Elton Brand had 19 points and a season-high 16 rebounds as the Clippers pounded the Pacers, 102-68.",Sports,Business
"Revelations on ""children overboard"" incident put pressure on Australian PM (AFP) AFP - Australian Prime Minister John Howard was fighting to maintain his credibility after official transcripts backed up critics' claims about what he knew of a controversial 2001 sea rescue of boatpeople.",World,Business
"Trading blows When a can of worms is opened, all manner of slimy things crawl out. So it was when the US government fired the first shots in a fusillade against the European Union - by complaining to the World Trade Organisation",Business,World
GOP to Sue Over 573 Found Wash. Ballots (AP) AP - Republicans prepared a lawsuit Thursday to try to prevent King County from including 573 newly discovered ballots in a hand recount that could erase their gubernatorial candidate's razor-thin margin of victory.,World,Business
"Japanese Researchers 'Tap' Mushrooms for Rubber (Reuters) Reuters - Japanese researchers say they have\produced rubber from a natural substance extracted from an\edible, wild mushroom commonly found in the country.",Sci/Tech,World
"U.S. Stocks Headed for Flat Open NEW YORK (Reuters) - U.S. stocks appeared set for a modest rebound at the open on Thursday, as oil prices retreated a day after spiking to more than \$48 a barrel, a rise that fueled a sharp slide in stocks on concern that energy prices would hurt corporate profits and consumer spending.",Business,Sci/Tech
"Guyanese Batsmen Lead Windies Into Semis Of ICC Champions Trophy LONDON, England, Monday, Sept. 20: The West Indies Cricket squad has secured a place in Wednesdays semi-finals of the ICC Champions Trophy; thanks in large part to Guyanese-born cricketers, Ramnaresh Sarwan and Shivnarine Chanderpaul.",Sports,World
"Italian PM, Gaddafi open gas pipeline in new era of #39;friendship #39; MELLITAH, Libya : Italia #39;s Prime Minister Silvio Berlusconi and Libyan leader Muammar Gaddafi opened a gas pipeline between their countries in a new era of quot;friendship and cooperation quot; across the Mediterranean.",World,Sports
"Spike Lee Wins Cybersquatting Case Against Porn Site Movie director Spike Lee has won his\cybersquatting case against a Philippines-based operator who\misused the domain name to redirect surfers to a pornographic\Web Site, arbitrators ruled Friday.",Sci/Tech,Sports
Hall of Shame Hall of Fame We spotlight people and products that pester us...and the heroes saving us from annoyances.,Sci/Tech,Business
"Women, and the future of IT Interview Professor Wendy Hall talks to The Reg",Sci/Tech,Business
"German retailer snubs union plan Struggling German department store owner, KarstadtQuelle, has rejected unions concessions over pay considered crucial to a successful restructuring of the firm.",Business,Sports
"Webmaster Worlds World of Search Conference Features 70 Speakers Webmaster World's World of Search Conference Features 70 Speakers\\The WebmasterWorld of Search Conference scheduled for November 16-18 in Las Vegas has published a final speaker roster and announced over 24 sessions with more than 70 industry-leading speakers. The line up features speakers from such companies as Google, Yahoo, Kanoodle, Ask ...",Sci/Tech,World
Cricket-Lara mulls over future after England whitewash LONDON (AFP) - Brian Lara said he will take stock before deciding on his future as West Indies captain following his side #39;s 10-wicket defeat to England in the fourth and final Test.,Sports,World
Nevadans to benefit from sales tax deduction #39;s return WASHINGTON -- Gaylyn Spriggs can remember two decades back when she would keep every grocery and department store receipt in a shoebox on a closet shelf.,Business,Sports
Barroso proposal to defuse EU Commissioner row rejected The Socialist Group in the European Parliament (EP) on Thursday rejected a proposal by incoming European Commission President Jose Manuel Barroso designed to defuse a row over,World,Business
"DreamWorks Officer Quits DreamWorks SKG, the studio that created the quot;Shrek #39; #39; films, said yesterday that Helene Hahn would step down as chief operating officer.",Business,Sci/Tech
"Venus and Jupiter witnessed in dawn rendezvous WITH no planets on view, and with large areas of the southern sky devoid of bright stars, the evening sky at our star map times may not be the most exciting of the year.",Sci/Tech,Sports
"Arsenal boss: Flamini, Cesc will do job on Chelsea Arsenal boss Arsene Wenger has dismissed claims today #39;s clash with Chelsea will decide the title race. He said: quot;The season is not finished but you can say Chelsea are already better than they were last year.",Sports,Business
Australia embraced by Malaysia at ASEAN summit TONY EASTLEY: For years Malaysian Prime Minister Dr Mahathir blocked Australia #39;s closer involvement with the ASEAN group of nations.,World,Sci/Tech
"New York Unveils Last, Best Bid to Gain the Olympics in 2012 Leaders of the NYC2012 committee highlighted New York's advantages in multiculturalism, money and media power.",Sports,Sci/Tech
"Chicoutimi #39;was seaworthy #39; A submarine left stranded in the Atlantic after a fire was seaworthy when it left the UK, the Canadian navy has said. The second-hand vessel was sold to Canada by the Royal Navy who earlier denied a refit was botched.",World,Sports
"United seeking further cuts, ditching pension for 401(k) CHICAGO - United Airlines #39; workers are getting formal details on how the bankrupt company wants to replace their traditional pension with a 401(k)-style benefit plan - plus further steep reductions in pay and other benefits.",Business,Sci/Tech
"Album-on-a-card p2pnet.net News:- If you #39;re in Britain and you see people peering intently at their mobile phones, tapping their feet and snapping their fingers at the same time, they might be checking out the new Robbie Williams Greatest Hits album.",Sci/Tech,Sports
"USA: Smithfield Foods reports higher Q2 earnings US meat processor Smithfield Foods has reported higher second-quarter earnings, as higher hog prices offset lower pork margins and a loss in its beef operations.",Business,Sci/Tech
"Wal-Mart China business grows Wal-Mart Stores, the worlds No.1 retailer, said the number of its China stores would be lifted by at least 15 new stores with the total of around 45 outlets throughout China.",Business,Sci/Tech
"Another Oracle exec says company might lower offer price for ... WILMINGTON, Del. Another Oracle executive says the company could lower its offering price for rival PeopleSoft. During testimony this morning in Delaware, Oracle co-president Safra Catz said PeopleSoft #39;s declining",Business,Sci/Tech
"China's Lenovo to buy IBM's PC business TOKYO - China's Lenovo Group Ltd. signed a definitive agreement on Wednesday to acquire IBM Corp.'s personal computing division. Lenovo will pay US\$1.25 billion in cash for the business, which is expected to transform it into the world's number three PC maker, the companies announced.",Sci/Tech,Business
"Wall Street Set for a Flat Start (Reuters) Reuters - Wall Street was set for a flat start on\Tuesday as investors braced themselves for a slew of data, with\a steadier dollar helping to offset the impact of firmer crude\oil prices.",Business,World
Pitt to Interview at Least Three Coaches (AP) AP - Pittsburgh athletic director Jeff Long plans to interview at least three candidates to replace football coach Walt Harris.,Sports,Sci/Tech
"Linksys, Netgear prep soho VoIP kit WLAN kit makers Linksys and Netgear have rolled out consumer and small-business oriented wireless access points with integrated Voice over IP (VoIP) support.",Sci/Tech,Business
"Huskies fail 1st road test This so-called rivalry might be worth saving after all. UMass finally got one Thursday night. And the Minutemen did it in exciting fashion, one that totally disgusted Jim Calhoun.",Sports,Sci/Tech
"Interpublic Posts Wider 3Q Loss Interpublic Group of Cos., the world #39;s third-largest ad conglomerate, said Wednesday that third-quarter losses widened significantly on increased charges as well as greater salary and severance costs.",Business,World
Netflix and TiVo Joining Forces Online Home entertainment trendsetters Netflix Inc. (NFLX) and TiVo Inc. (TIVO) hope to link up on a service that will use high-speed Internet connections to pipe DVD-quality movies into the homes of their mutual subscribers.,Sci/Tech,World
"GPS in Cell Phones Performs Well While some handheld computers have GPS capabilities, not nearly as many people carry a PDA as the legions who've adopted cell phones as a daily appendage. That's why the notion of adding GPS navigation to a cell phone, as Nextel has with a service called TeleNav, seems appealing.",Sci/Tech,Sports
"Notes: Two-strike, two-out blues Chicago Cubs manager Dusty Baker talked to LaTroy Hawkins on Thursday, and said he #39;ll go to the right-hander again if the team is in a save situation.",Sports,Sci/Tech
"Saddam #39;s top aide al-Douri arrested File photo taken on March 1, 2003 shows Izzat Ibrahim at the Arab Summit in Sharm-el-Sheikh, Egypt. Ibrahim, the second most powerful man of the former Iraqi regime, was captured on Sept.",World,Sports
"AT amp;T Wireless Gets in Tune AT amp;T Wireless (NYSE: AWE) recently debuted its mMode Music Store. Developed together with Loudeye (Nasdaq: LOUD) and Microsoft (Nasdaq: MSFT), the store allows subscribers to browse",Sci/Tech,Business
"First Look: RemoteTV Offers Slick Media Streaming Belkin's latest product lets you effortlessly share digital content within the house, but is it lawful?",Sci/Tech,Sports
"WTO backs Korea in shipbuilding dispute with EU The World Trade Organization has ruled against European Union claims that the Korean government provided illegal subsidies to its shipbuilding industry, the Ministry of Foreign Affairs and Trade said today.",Business,Sports
"House Passes Second Anti-Spyware Bill WASHINGTON (Reuters) - The U.S. House of Representatives on Thursday unanimously passed a second bill targeting perpetrators of computer ""spyware"" that hides in users' computers and monitors their activities.",Sci/Tech,World
"San Juan Airport Shuttered for an Hour (AP) AP - San Juan's international airport was closed for more than an hour Thursday morning after bomb-sniffing dogs alerted police to a suspicious piece of luggage, authorities said.",World,Sports
"Merrill, Wachovia, others fined for late reporting NEW YORK: The NASD yesterday said it censured and fined 29 securities firms a total of \$US9.22 (\$NZ13.04) million for failing to properly disclose required information about their brokers more than 8300 times.",Business,World
"Leading Indicators Down for 5th Month (Reuters) Reuters - A key forecasting gauge of future\U.S. economic activity fell for a fifth straight month in\October, a private research firm said on Thursday.",Business,World
"House passes bill to criminalize spyware fraud The House Thursday passed a bill that would criminalize the use of spyware to commit fraud or other crimes, adding an additional two to five years to federal sentences.",Sci/Tech,Business
Security scare as intruder dives in A CANADIAN husband #39;s love for his wife has led to a tightening of security at all Olympic venues in Athens.,Sports,Sci/Tech
"Hewlett-Packard buys Synstar Palo Alto-based Hewlett-Packard Co. has bought IT services company Synstar plc, of Bracknell, England for about \$293.3 million. Synstar has some 1,500 customers across Europe, selling IT support for various computer platforms.",Business,Sports
Sainz forced off road TWO-TIME world champion Carlos Sainz #39;s career came to a premature end today after the Spaniard was forced out of the Rally of Australia.,Sports,Sci/Tech
"Regulators Let Cingular Buy AT amp;T Wireless The \$41 billion merger between Cingular Wireless LLC and AT amp;T Wireless Services Inc. won approval from the Federal Communications Commission yesterday, according to federal sources close to",Sci/Tech,Business
"Cambodia #39;s king wants to abdicate Cambodian King Norodom Sihanouk has announced he is too ill to continue and has confirmed he plans to abdicate. Prince Ranariddh, the king #39;s son has traveled to Beijing, where",World,Sports
"Feds: Syrian Clampdown on Terror Positive (AP) AP - A Syrian crackdown on terror groups would be the best way to halt violence in Syria and promote peace in the Middle East, the State Department said Monday after the assassination in Damascus of a leader of Hamas' bombing unit.",World,Sports
"US Sprinter Pulled From Relay for Marijuana Violation Less than two hours before the Olympic men #39;s 400-meter relay semifinal on Friday, the United States Coach George Williams pulled John Capel from the race after being told by",Sports,Business
"Japan Gadget Turns Plants Into Speakers (AP) AP - The therapeutic power of flowers takes on new meaning with a Japanese gadget that turns plants into audio speakers, making the petals and leaves tremble with good vibrations.",Sci/Tech,Business
"Disgraced Greek Sprinters Drug Tested by WADA ATHENS (Reuters) - Greek sprinters Costas Kenteris and Katerina Thanou have been dope tested by doctors from the World Anti-Doping Agency, an official said Tuesday.",Sports,Sci/Tech
"The Last Supernova: 400-Year-Old Explosion Imaged (SPACE.com) SPACE.com - Four hundred years ago this \ week, a previously unseen star suddenly appeared in the night sky. Discovered \ on Oct. 9, 1604, it was brighter than all other stars.",Sci/Tech,Sports
Terror scares hit Australia Australia #39;s frayed nerves were given another jolt yesterday by the discovery of a home-made firebomb on a Virgin Blue airliner and the unrelated arrest of a man accused of threatening terror attacks in Southeast Asia.,World,Sci/Tech
"Amazon to Buy Chinese Retailer Joyo.com Internet retailer Amazon.com Inc. said on Thursday that it will buy Joyo.com Ltd., which runs some of China #39;s biggest retail Web sites, for about \$75 million to gain entry into China #39;s fast-growing market.",Sci/Tech,Business
MOFA releases new names of Indonesian hostages JAKARTA (Antara): The Ministry of Foreign Affairs offered up on Tuesday yet new names of two Indonesian women that were released by Iraqi abductors on Monday.,World,Sci/Tech
"Bride of Kazaa Arnold Schwarzenegger married a Kennedy. Michael Jackson married a Presley. And Kazaa married an Internet phone company. Beginning Monday, the latest version of the embattled file sharing companys software",Sci/Tech,World
"China move on textile exports gets cautious response The US and the European Union responded cautiously yesterday to China #39;s surprise undertaking to impose duties on some textile exports, a step it said was designed to ensure a quot;smooth",Business,World
"Iran given nuclear deadline the (International Atomic Energy Agency) board of governors, quot; he said. quot;A proposal will be put to them. quot;. produce fuel for nuclear weapons -- but Tehran rejected the demand as illegal.",World,Sports
"Notre Dame To Interview Utah #39;s Meyer University of Notre Dame officials are apparently prepared to interview Utah football coach Urban Meyer as early as tonight, only two days after the school fired coach Tyrone Willingham after three seasons.",Sports,Sci/Tech
"New York Times Co. Cuts 2004 Profit Targets NEW YORK (Reuters) - New York Times Co. on Monday forecast third-quarter and full-year earnings below Wall Street's average targets on weak revenue so far in September, sending its shares to two-year lows.",Business,Sci/Tech
"Olympics-U.S. Women Show Men How to Win Gold ATHENS (Reuters) - The U.S. women's basketball team showed their men how to win gold Saturday as around 70,000 spectators flocked to the Olympic stadium for a hectic athletics program on the penultimate night of the Athens Games.",Sports,Sci/Tech
"Meet UK #39;s #39;Dr Dolittle #39; of animal behaviour London - Lincoln University in the east of England has appointed Britain #39;s first professor of animal psychiatry, a report said on Tuesday.",Sci/Tech,Sports
Kederis proclaims innocence Olympic champion Kostas Kederis today left hospital ahead of his date with IOC inquisitors claiming his innocence and vowing: quot;After the crucifixion comes the resurrection. quot; ...,Sports,Sci/Tech
"When Robots Rule the World Well, not the world maybe, but possibly your lawns and kitchens. The use of robots -- especially as domestic help -- is expected to increase sevenfold by 2007, according to the United Nations.",Sci/Tech,Sports
Track heads in the right direction RENAULT #39;S Formula One team boss Flavio Briatore paid the Shanghai International Circuit the greatest compliment when he said yesterday: #39;It #39;s going to be difficult to beat this one.,Sports,Sci/Tech
"BHP stock boosted by share buy-back Mining giant BHP Billiton has completed a bigger-than-expected A\$2.27 billion (950 million pound) share buyback, driving up its stock price as investors reinvest profits from the tax-efficient deal.",Business,Sci/Tech
"Cheney Campaigns for House Candidates (AP) AP - With two Louisiana congressional seats still up for grabs, Vice President Dick Cheney campaigned in the state Wednesday on behalf of Republicans who hope to sweep Saturday's runoff elections.",World,Sports
"African Troops Begin with Small Steps to Calm Darfur (Reuters) Reuters - The rebels emerge from the desert\haze like ghosts. First one, silhouetted atop a sand dune and\holding a grenade launcher, then a dozen more, their shadowy\figures appearing in unison.",World,Sports
"Suspect Animal Tested for Mad Cow Disease WASHINGTON (Reuters) - Government scientists are chasing a possible new case of mad cow disease in the United States, with final results on a suspicious slaughtered animal expected in coming days, officials said on Thursday.",Business,World
"Europe to send more troops to Iraq US appeals to European nations to boost NATO missions in Iraq and Afghanistan have been a success, with the alliance announcing a small expansion of its fledgling military training facility in Baghdad.",World,Business
Wen calls for better leadership from party BEIJING - Chinese Premier Wen Jiabao yesterday pledged to improve the leadership of the Communist Party at a time when its popularity is waning.,World,Business
Nortel warns of lower Q3 revenue TORONTO - Nortel Networks warned Thursday its third-quarter revenue will be below the \$2.6 billion US preliminary unaudited revenues it reported for the second quarter.,Business,Sci/Tech
"Games just don #39;t get much better than #39;San Andreas #39; This country has seen a massive upsurge in morality since Election Day, and nowhere is this more evident than in the commercial failure of the quot;Grand Theft Auto quot; games.",Sci/Tech,Sports
"Putin praises Ukraine #39;s leader Russian President Vladimir Putin has taken part in a live phone-in on Ukrainian TV, just days before the country #39;s presidential election.",World,Sports
European Abortion Debate Turns Divisive (AP) AP - European Parliament legislators on Thursday turned a fight over abortion rights in Portugal into an emotional and divisive debate on women's rights and the division between church and state.,World,Sports
"Skipper gives support while league sends warning Moises Alou has a right to his opinion, Chicago Cubs manager Dusty Baker said Monday. Alou said everything he needed to say Sunday.",Sports,World
"Starting today, funds' stances on proxies are matter of record Every year, public companies put a number of questions before their stockholders for a vote. Investors weigh in on whether to reelect company directors, reappoint auditors, and approve or kill plans to give big stock option packages to senior executives.",Business,Sci/Tech
"No miracle this time That miracle, of course, took place in Lake Placid, NY, during the 1980 Winter Olympics. Thanks to the likes of Jim Craig, Mike Eruzione, Ken Morrow and the rest of the US hockey team, the mighty Soviet Union",Sports,Sci/Tech
"Jabil Circuit Posts Higher Profit SAN FRANCISCO (Reuters) - Contract electronics manufacturer Jabil Circuit Inc. JBL.N on Tuesday posted a higher quarterly profit on stronger demand for computers, cellphones and other electronic products.",Business,Sci/Tech
"North Korea Says the Tyrant is Bush, not Kim North Korea says it sees no reason to join a working-level meeting with the United States to prepare for further six-party talks on the communist state #39;s nuclear weapons development.",World,Sports
"SAN FRANCISCO Mission District cyclist blew whistle on flawed lock The triumph last week of the Bic pen over expensive, state-of-the-art steel locks has panicked the bicycling community, and churned Internet rumor mills about how much the lock manufacturer knew and when the company knew it.",Business,Sci/Tech
"Heisman Horses Come Down to the Wire Entering the final week for Heisman Trophy voters to make their decision, the race has turned out tighter than it was believed to be last week.",Sports,Business
"Georgia Evolution Dispute Embarrasses Some Atlanta, Nov. 11 - First, Georgia #39;s education chief tried to take the word quot;evolution quot; out of the state #39;s science curriculum.",Sci/Tech,World
World's Tallest Bridge Soars Above French Valley A bridge officially designated the tallest in the world was inaugurated by President Jacques Chirac in southern France Tuesday.,World,Sci/Tech
UPDATE 1-Nalbandian suffers Beijing shock Finn Jarkko Nieminen overpowered David Nalbandian 6-2 2-6 6-2 at the China Open on Friday as the seeds continued to tumble in Beijing.,Sports,Business
"Europeans hail latest data from Mars The European Space Agency says data collected by its probe, Mars Express, has provided new evidence in the search for life on Mars.",Sci/Tech,Sports
Piracy crackdown yields \$2.2 million The Business Software Alliance collects out-of-court settlements from companies that violated copyright rules.,Sci/Tech,Business
PeopleSoft sweetens employee compensation Business software maker PeopleSoft Friday said it was boosting compensation packages for all employees except its chief executive in a move that would raise the,Business,Sci/Tech
UTC buys Kidde for 1.4bn UK fire equipment manufacturer Kidde agrees a 1.4bn takeover by US manufacturer United Technologies.,Business,Sports
"Gunfire Erupts in Pro-Aristide Haiti Slum PORT-AU-PRINCE, Haiti Oct. 3, 2004 - Gunfire erupted in a slum teeming with loyalists of ousted President Jean-Bertrand Aristide on Sunday, sending people scattering through trash-strewn streets following",World,Sports
"From overtime rules to job losses from outsourcing overseas to ... Labor Day is one of those terms, like driveway and parkway, that means the opposite of what it seems to mean. Honoring the nation #39;s workers, Labor Day is not for working but for picnics.",Business,Sci/Tech
"New defense consortium aims for greater systems interoperability SEPTEMBER 28, 2004 (COMPUTERWORLD) - An international consortium of 28 defense-oriented companies hopes to develop standards for a network-centric framework that allows a variety of communications and information systems and sensors to interact on a",Sci/Tech,World
"Business Week Names Adler Its New Editor Stephen J. Adler, deputy managing editor of The Wall Street Journal, has been named editor of Business Week magazine, succeeding Stephen B. Shepard, who announced last week that he would retire from the magazine to become the first dean of a new",Business,Sci/Tech
"Russian rocket carrying Russian-U.S. crew blasts off for space station (Canadian Press) Canadian Press - BAIKONUR, Kazakhstan (AP) - A Russian rocket carrying a new Russian-U.S. crew to the international space station lifted off from the Baikonur cosmodrome Thursday.",World,Sci/Tech
"PeopleSoft Plays Defense The business software maker inks a deal with IBM, but it isn't likely to dissuade Oracle.",Business,Sci/Tech
"Calif. OKs World's Toughest Smog Rules LOS ANGELES - California air regulators Friday unanimously approved the world's most stringent rules to reduce auto emissions that contribute to global warming - a move that could affect car and truck buyers from coast to coast. Under the regulations, the auto industry must cut exhaust from cars and light trucks by 25 percent and from larger trucks and sport utility vehicles by 18 percent...",World,Sci/Tech
"Scotch Whisky eyes Asian and Eastern European markets (AFP) AFP - A favourite tipple among connoisseurs the world over, whisky is treated with almost religious reverence on the Hebridean island of Islay, home to seven of Scotland's single malt distilleries.",World,Sci/Tech
"Sun previews next version of Java Sun Microsystems on Monday night posted a prerelease, ""snapshot"" version of Java 2 Standard Edition 6.0, code-named Mustang, which represents the next generation of the Java platform.",Sci/Tech,Business
"Mars water tops science honours The discovery that salty, acidic water once flowed across the surface of Mars has topped a list of the 10 key scientific advances of 2004.",World,Business
"Parties Allowed to Contact Absentee Voters (AP) AP - Like fishing in a stocked pond instead of an ocean, politicians are trying to catch votes by targeting phone calls and fliers at voters who have already applied for absentee ballots.",World,Business
"Cheese sandwich back on eBay MIAMI -- You might say that this time, eBay melted in the resolve to ban the online sale of part of a 10-year-old grilled cheese sandwich.",Sci/Tech,Business
"Business Objects touts dashboards, standardization Business Objects executives this week touted dashboard technology features and rallied support for standardization on their new business intelligence software -- two hot-button issues for users here at the company's International Users Conference.",Sci/Tech,Business
"GM, DaimlerChrysler plan hybrid cars SOUTHFIELD, MICHIGAN: General Motors Corp and DaimlerChrysler AG will jointly develop a petroleum-electric power system to catch up with Toyota Motor Corp and Honda Motor Co in so-called hybrid vehicles that save fuel and cut tailpipe emissions.",Business,Sci/Tech
"Nation's cybersecurity chief abruptly quits DHS post Amit Yoran, the government's cybersecurity chief, abruptly resigned yesterday after a year at the Department of Homeland Security, a move that raised questions about the Bush administration's ability to quickly improve cybersecurity.",Sci/Tech,Business
"Fallujah Violence Leaves 10 Troops Dead (AP) AP - U.S. troops powered their way into the center of the insurgent stronghold of Fallujah on Tuesday, overwhelming small bands of guerrillas with massive force, searching homes along the city's deserted, narrow passageways and using loudspeakers to try to goad militants onto the streets.",World,Sci/Tech
"Infiltration: Who knows better, Army or Patil? NEW DELHI: It appears another instance of the left hand not knowing what the right is doing. Barely hours after Shivraj Patil claimed in Srinagar that there was a drop in infiltration from across the border",World,Sci/Tech
"Agency reports climate change major problem Rising sea levels, disappearing glaciers in the Alps and more deadly heat waves are coming for Europeans because of global warming, Europes environmental agency warned Wednesday.",Sci/Tech,Sports
"Dolphins finally win, taking out frustration on Rams The Miami Dolphins finally gave their fans reason to celebrate, combining a polished offensive performance with solid defense for their first victory this season, 31-14 over the St.",Sports,Sci/Tech
Sharon Survives 3 Parliament No-Confidence Votes JERUSALEM (Reuters) - Prime Minister Ariel Sharon on Monday narrowly survived three parliamentary no-confidence votes sponsored by opposition parties over deepening poverty in Israel.,World,Sports
Tennis: Davenport to play on Lindsay Davenport says she plans to play in the Australian Open next January.,World,Sci/Tech
"Leftwich Snares Stunner Byron Leftwich caps an 80-yard touchdown drive with a 7-yard toss to rookie Ernest Wilford as time ran out, lifting the Jacksonville Jaguars to a 13-10 win over the Buffalo Bills on Sunday.",Sports,Business
"Earnhardt: Take money, not points Dale Earnhardt Jr. wants NASCAR to change its punishment for swearing on television and radio broadcasts before another driver commits a similar slip of the tongue.",Sports,Sci/Tech
DOJ won't appeal Oracle ruling WASHINGTON - The U.S. Department of Justice (DOJ) will not appeal a ruling by a California judge that would allow Oracle Corp.'s proposed hostile takeover of competing software vendor PeopleSoft Inc.,Sci/Tech,Business
"Jamaica had record FDI inflows in 2003 Jamaica last year attracted its highest level of Foreign Direct Investment (FDI) flows yet, US\$720.4 million, outperforming traditional powerhouse investment hosts such as Costa Rica, Trinidad and Tobago and even Argentina.",Business,Sci/Tech
"Project Megagrid shows off business side of grid Hoping to prove that grid computing can work in the business world, Dell, EMC, Intel and Oracle have announced a joint effort designed to show business users how to use the distributed computing technology.",Sci/Tech,Business
"Marlins Streak By Mets A four-day layoff fails to cool off the Marlins, who extend their winning streak to eight games by beating the Mets, 7-3.",Sports,Sci/Tech
UPDATE 1-Australia survive NZ flurry to square series Australia withstood a late flurry of exciting strokeplay from pace bowler Kyle Mills to beat New Zealand by 17 runs in Wednesday #39;s second limited-overs international to square their best-of-three series at 1-1.,Sports,Business
"Democracy thrives in largest Muslim state Indonesia #39;s presidential favorite Susilo Bambang Yudhoyono spent part of a three-day break between the campaign and Monday #39;s historic election not resting, but writing.",World,Sci/Tech
"Senate Panel Gives NASA Extra Money (AP) AP - NASA would get #36;16.4 billion next year under a bill a Senate committee approved Tuesday, reversing a decision by House lawmakers to cut the space agency's budget below this year's levels.",World,Sports
"Dropping Hyphen, Some Great Old Stores Become Just Macy #39;s n the not-so-distant past, the names Burdines, Rich #39;s, Goldsmith #39;s, Bon March and Lazarus had a local glory as the emporiums where customers bought their back-to-school clothes and discovered their Mother #39;s Day presents.",Business,Sports
Robson #39; Massively Disappointed #39; at Newcastle Exit Departing Newcastle boss Sir Bobby Robson has spoken of his regret at not being able to complete his mission after being relieved of his duties today.,Sports,Sci/Tech
"Safin, Petrova upset in Kremlin Cup Radek Stepanek of the Czech Republic pulled off a major upset Wednesday, eliminating top-seeded Marat Safin 7-6 (8), 4-6, 6-3 on the Russian #39;s home turf in the second round of the US\$2.",Sports,Business
"Murphy Acquitted of Sexual Abuse Charges Basketball Hall of Fame member Calvin Murphy, left, sits in a courtroom as he waits for the start of closing arguments in his trial Monday, Dec. 6, 2004, in Houston.",Sports,Business
Cricket: Pakistan edge ahead Pakistan take a slim lead over Sri Lanka by the end of the day two in the first Test.,World,Sports
"Saudis Take a Small Dose of Democracy For the first time in 41 years, Saudi Arabia is allowing local elections. The ruling family's goal, political analysts and diplomats say, is to determine whether a more open government might help defuse a rising armed threat by Muslim militants in the kingdom.",World,Business
"Powell Presses N. Korea on Weapons Talks US Secretary of State Colin Powell, left, shakes hands with Japanese Prime Minister Junichiro Koizumi before their meeting at the Foreign Ministry #39;s annex in Tokyo Sunday, Oct. 24, 2004.",World,Sci/Tech
Iran Suspends Key Nuclear Work to Avoid Sanctions Iran on Monday froze sensitive nuclear work including uranium enrichment in a move likely to thwart US efforts to report the Islamic state to the UN Security Council for possible sanctions.,World,Business
"Tom Clancy #39;s Rainbow Six 4 Announced As expected, Ubisoft today announced its plans to launch a new Tom Clancy #39;s Rainbow Six title on PS2, Xbox and PC. Rainbow Six 4 will introduce a new single player experience with a personal darker storyline",Sci/Tech,Sports
"WWW KOTV.com _ Nearly 800 British forces left their base in southern Iraq on Wednesday, heading north toward Baghdad to replace US troops who are expected to take part in an offensive against insurgent strongholds.",World,Business
Ovitz Defends His Tenure Michael Ovitz said on Tuesday that Walt Disney Co. would have made a string of dazzling deals and shrewd strategic moves during his brief tenure as the company #39;s president,Business,Sports
Socially Responsible Funds on a Tear Don't be too impressed -- great returns don't always mean much.,Business,World
"8 Accused of Inflating Kmart Profit The Securities and Exchange Commission yesterday filed civil fraud charges against three former Kmart Corp. executives and five employees of companies that supplied the Troy, Mich., retail chain, accusing them of scheming to inflate Kmart's profit by \$24 million in 2001.",Business,World
Hornets' Davis Out with Back Injury (Reuters) Reuters - New Orleans Hornets guard\Baron Davis is expected to be sidelined one-to-two weeks\because of a lower back injury.,Sports,Sci/Tech
Hummer going smaller for share of big market General Motors hopes to make its hulking Hummer lineup quot;more approachable quot; with a new midsize sport utility vehicle scheduled to go on sale next spring.,Business,Sports
"Big Dig Tunnel Is Riddled With Leaks In a burgeoning political and engineering scandal, Boston #39;s gleaming new underground Interstate 93 highway is riddled with hundreds of leaks.",Business,Sci/Tech
"NOBEL LAUREATE TO CONVEY CHEN #39;S GOODWILL TO BEIJING LEADER AT APEC Taipei, Nov. 12 (CNA) Academia Sinica President Lee Yuan-tseh said Friday he will convey President Chen Shui-bian #39;s goodwill to mainland Chinese President Hu Jintao at the upcoming informal leadership meeting",World,Sci/Tech
"iPod Comparison Newsday #146;s Stephen Williams reports on seeing Sony #146;s NW-HD1 audio player in a store: #147; #145;How #146;s it compare to the iPod? #146; I asked a salesman. #145;Battery life is a lot longer, up to 30 hours, #146; he said. #145;The LCD readout is kind of dim, #146; I said. #146;Battery life is a lot longer, #146; he said. #145;I understand it can #146;t play MP3 files, #146; I said. #145;Battery life is a lot longer, #146; he said. #148; Aug 17",Sci/Tech,Sports
"Prediction Unit Helps Forecast Wildfires (AP) AP - It's barely dawn when Mike Fitzpatrick starts his shift with a blur of colorful maps, figures and endless charts, but already he knows what the day will bring. Lightning will strike in places he expects. Winds will pick up, moist places will dry and flames will roar.",Sci/Tech,Sports
"Petherick delighted over Franklin hat trick Peter Petherick welcomed James Franklin into the test hat trick club with open arms last night. The former offspinner, who took his hat-trick on debut against Pakistan in Lahore 28 years",Sports,Business
Deal has S2io champing at the gigabit OTTAWA -- A local firm that says it can help shrink backup times at large data centres is growing its business thanks to an alliance with Sun Microsystems Inc.,Business,Sports
"Open Letter Against British Copyright Indoctrination in Schools The British Department for Education and Skills (DfES) recently launched a ""Music Manifesto"" campaign, with the ostensible intention of educating the next generation of British musicians. Unfortunately, they also teamed up with the music industry (EMI, and various artists) to make this popular. EMI has apparently negotiated their end well, so that children in our schools will now be indoctrinated about the illegality of downloading music.The ignorance and audacity of this got to me a little, so I wrote an open letter to the DfES about it. Unfortunately, it's pedantic, as I suppose you have to be when writing to goverment representatives. But I hope you find it useful, and perhaps feel inspired to do something similar, if or when the same thing has happened in your area.",Sci/Tech,Sports
Volcano #39;cowboys #39; who ride a ring of fire Scientists tap everything from gas-sniffing devices to GPS systems to better forecast when a mountain will stir. By Brad Knickerbocker Staff writer of The Christian Science Monitor.,Sci/Tech,Sports
"Blair, Paisley confer on N. Ireland British Prime Minister Tony Blair met in London with Democratic Unionist leader Ian Paisley Monday about power sharing with Northern Ireland #39;s Assembly.",World,Sci/Tech
"Before the Bell - ESS Technology drops 4.4 pct Shares of ESS Technology (ESST.O: Quote, Profile, Research) , a maker of computer chips for DVD equipment, fell 4.4 percent in premarket trading on Monday after the company lowered its third-quarter revenue and earnings",Business,Sci/Tech
Wal-Mart Anchors Windows Media Mall The world #39;s largest software company has teamed with the world #39;s largest retailer to help kick off the latest version of Windows Media Player.,Business,Sports
Baseballer shot on bus CLEVELAND Indians righthander Kyle Denney was reported to be in a stable condition after being shot in the leg on the team bus yesterday.,Sports,Business
"Nev. Move to Purge Some Dem Voters Fails (AP) AP - Elections officials have rebuffed an attempt by a former GOP operative to purge about 17,000 Democrats from the voter rolls in the battleground state of Nevada, where the two presidential candidates are in a dead heat.",World,Business
Islands press Govt to reverse phone call decision Diplomats from a number of islands in the South Pacific are reported to be pressing the Government to reverse a decision to block all phone calls made to the islands.,Sci/Tech,Business
Experts dampen bird flu fears International health officials at an emergency meeting in Bangkok Monday said there is no evidence that bird flu has been passed from one human to another.,World,Sports
"Egypt and Israel sign US trade accord 25 years after peace treaty (AFP) AFP - In a partnership hailed as a major boost to often chilly ties, Egypt and Israel signed a first joint trade accord with the United States since their historic peace treaty 25 years ago.",World,Sports
Iraq PM to address US Congress Iraqi Prime Minister Iyad Allawi is to address a joint session of the US Congress as well as meeting President Bush.,World,Business
Grinstein: Delta Pilots #39; Retirement Exodus Likely On Wednesday At least 100 Delta Air Lines (nyse: DAL - news - people ) pilots are expected to retire effective Wednesday. That #39;s the starting date for the 32.5 pay cut agreed upon under Chief Executive Gerald Grinstein #39;s master plan.,Business,Sci/Tech
Thomson to Sell Media Group for #36;350 Mln (Reuters) Reuters - Thomson Corp. said on Friday it\will sell its media division to investment group Investcorp in\a #36;350 million cash deal that will tighten its focus on\electronic publishing.,Business,World
"Index: RP institutions among cellar dwellers The countrys public institutions were ranked the sixth least effective in the world in the latest survey of the World Economic Forum (WER), which measured the capacity for growth of 104 economies this year.",Business,Sci/Tech
"So you think you get a lot of e-mail SINGAPORE -- If you didnt think anybody else could possibly get any more spam than you, then think of Bill Gates. The Microsoft Corp.",Sci/Tech,Business
Pascual Rodriguez wins 18th stage of Vuelta race; Heras still ... Spaniard Javier Pascual Rodriguez inched ahead of Colombia #39;s Ivan Parra at the finish line to take the 18th stage of the Spanish Vuelta cycling tour Thursday.,Sports,Sci/Tech
INDONESIA: #39;Blow to democracy #39; International and domestic observers lambasted on Thursday the guilty verdict against Tempo magazine #39;s chief editor Bambang Harymurti and called it a setback for the country #39;s press freedom and democracy.,World,Sci/Tech
Sarin Carries Hoyas Kim Sarin rushes for a career-high 180 yards and throws a scoring pass as Georgetown snaps a four-game losing streak with a 21-0 victory over winless Virginia Military Institute on Saturday.,Sports,World
"New Columbia Athletic Director Sounds Off (AP) AP - One day on the job, and Columbia University athletic director M. Dianne Murphy wasted little time saying what she thought of the school's sports performance.",Sports,World
Real Back on Track David Beckham could not hide his relief after Real Madrid overturned a two-goal deficit to defeat Roma 4-2 in Champions League Group B. Madrid opened their campaign with a shock 3-0 defeat at Bayer Leverkusen,Sports,Business
"New Ivory Coast Violence Shatters French Connection Chanting quot;We want the French! quot; a crowd of armed and angry young men swept past La Planta, a club owned by an Ivorian. They started to attack the nearby Byblos",World,Sports
"G5, PISANU: EUROPOL PLAYS KEY ROLE AGAINST TERRORISM (AGI) - Florence, Italy, Oct.18 - quot;EuroPol must play a key role in the struggle against terorrism quot; said Interior Minister Giuseppe Pisanu, illustrating the results of the G5 (Italy, UK, France, Germany, Spain) Interior Ministers meeting held today in",World,Sports
Atlanta police arrest Braves player on DUI charge ATLANTA - An Atlanta Braves player is in the Atlanta Jail today after being arrested on a charge of driving under the influence. Members of the DUI Task Force arrested shortstop Rafael Furcal about 4:20 am,Sports,World
Report Card In The Black Coaches Association gave most of the 28 schools that filled head-coaching jobs in I-A and I-AA football last year above-average marks in its first Hiring Report Card.,Sports,Sci/Tech
"Sid Meier #39;s Pirates! sets sail The fourth-quarter deluge of top-quality games continued today, with Atari announcing that Sid Meier #39;s Pirates! had shipped to stores.",Sci/Tech,Sports
US Hostage Apparently Beheaded (CBS/AP) A video posted on an Islamic Web site Monday shows the apparent beheading of a man identified in the tape as American construction contractor Eugene Armstrong.,World,Sports
"Canada, Finland rule pools Martin Brodeur made 27 saves, and Brad Richards, Kris Draper, and Joe Sakic scored to help Canada beat Russia, 3-1, last night in Toronto, giving the Canadians a 3-0 record in round-robin play of the World Cup of Hockey.",Sports,Business
Hundreds laid off at Fleet offices Bank of America Corp. yesterday laid off hundreds of workers at Fleet bank branches across the Northeast as the North Carolina bank began to implement its brand of ...,Business,Sports
"Hurricane Survivors Wait for Water, Gas PUNTA GORDA, Fla. - Urban rescue teams, insurance adjusters and National Guard troops scattered across Florida Monday to help victims of Hurricane Charley and deliver water and other supplies to thousands of people left homeless...",World,Business
"Let a Thousand Ideas Flower: China Is a New Hotbed of Research In recent years, hundreds of multinational companies have set up research laboratories in China.",Business,Sci/Tech
"Titantic is a treasure to be protected, explorer says Legendary explorer Robert Ballard was nervous this summer as he prepared to return to the Titanic for the first time since he discovered the famous shipwreck nearly two decades ago.",Sci/Tech,Sports
"Ailton Weighs Rising Sun Offer Schalke 04 striker Ailton has revealed that he has a big bucks contract waiting for him in Japan. (My agent) put a concrete offer from Japan in front of me, quot; the reigning German Footballer of the Year told SportBild.",Sports,Sci/Tech
"Britain #39;s Biggest Dinosaur Found in Isle of Wight (Update1) A prehistoric neck bone found 12 years ago by amateur fossil hunters in Britain belongs to the biggest dinosaur ever discovered in the UK and possibly Europe, a report published in the Cretaceous Research Journal said today.",Sci/Tech,Sports
SUVs: Live And Let Die NEW YORK - The newly released traffic crash fatality data have something for everyone in the debate about the safety of sport utility vehicles.,Business,Sports
"Israel to close Erez industrial zone before March Israel would start liquidating the Erez industrial zone in the northern Gaza Strip before launching the first stage of the disengagement plan in March 2005,local newspaper Ha #39;aretz reported on Tuesday.",Business,Sports
"Show lights up Paralympics The XII Paralympics begins in Athens, after a spectacular opening ceremony.",World,Business
"Lycos Europe Pauses Anti-spam Efforts Lycos Europe #39;s controversial anti-spam efforts had a bumpy first week, with various availability problems, some of which may have been caused by the same spammers the site targeted with distributed denial of service (DDoS) attacks.",Sci/Tech,World
"Safin stops Youzhny for China Open title Marat Safin won the China Open yestereday, beating fellow Russian Mikhail Youzhny, 7-6 (4), 7-5, to claim his first title in two years.",Sports,World
"FaceTime, IMlogic Back Live Communications Server 2005 Hard on the heels of Microsoft announcing that it #39;s taken Live Communications Server 2005 gold, instant messaging management software vendors IMlogic and FaceTime on Tuesday both touted their support for the communication product.",Business,Sci/Tech
Lowe #39;s Q3 earnings jump 15.5 percent NEW YORK (CBS.MW) - Lowe #39;s reported a strong 15.5 percent increase in earnings in the third quarter early Monday and offered a bullish outlook for the full year.,Business,Sports
"Walter Smith named manager of Scottish soccer team, succeeding ... After the German #39;s failure to revive the ailing national team, the Scottish Football Association has opted for a rare Rangers-Celtic linkup at the top with former Rangers manager Smith working with assistant Tommy Burns, his old rival at Celtic.",Sports,Business
"Committee Recommends Abusive Clergy Ban (AP) AP - A committee overseeing a review of the child protection plan adopted by Roman Catholic bishops has recommended preserving a ban on church work for clerics who molest young people, according to a document the panel has sent to all U.S. bishops.",World,Sports
Weather Data In Your Own Back Yard (washingtonpost.com) washingtonpost.com - WeatherBug wants to make meteorologists out of its users. The Internet weather service based in Gaithersburg has begun selling sensors that can turn anyone's back yard into a Web-connected weather station.,Sci/Tech,Business
"Italian GP, Race Fernando spun out of third position while Jarno finished tenth in this afternoon's Italian Grand Prix",Sports,Business
Sole Survivor Making sneakers in America is so yesterday. How can New Balance do it -- and still thrive?,Business,Sci/Tech
"Aids warning over bushmeat trade Meat from African wild animals being sold illegally in the UK is spreading a virus similar to HIV, a leading scientist warns.",Sci/Tech,World
"Bin Laden Driver Charged at Guantanamo GUANTANAMO BAY NAVAL BASE, Cuba - Osama bin Laden's chauffeur was officially charged Tuesday in the first U.S. military tribunal since World War II, appearing at a pretrial hearing where his lawyer challenged the process as unfair...",World,Sci/Tech
"US confirms commitment to defend Taiwan Mr Powell says that while the US recognises the one-China policy, it will offer to assist Taiwan if it is threatened. A US State Department spokesman says the issue came up during talks with China #39;s visiting military chief, General Liang Guanglie.",World,Business
"Promoting a Shared Vision As Michael Kaleko kept running into people who were getting older and having more vision problems, he realized he could do something about it.",Sci/Tech,Sports
"Services make big gains in Japan Tertiary index comes in at almost double expectations, drives up yen and helps Nikkei overcome oil. LONDON (Reuters) - The yen hit a four-week high against the dollar Friday as stronger-than-expected Japanese service sector data raised optimism about the ...",Business,World
"Celtics OK with this traveling Gary Payton was back at practice yesterday. His third round trip to California since the start of training camp was, as they say in the trade, an elevator ride. Out on Saturday. Check on the family. Back on Sunday in time for the rap concert at the FleetCenter.",Sports,Business
Auto Parts Sector Falls on Delphi News Investors sold off shares of auto parts makers Friday after Delphi Corp. issued a profit warning and said it would cut nearly 5 percent of its work force next year.,Business,World
"Stability Control Systems Can Save Lives (AP) AP - Stability control systems could save up to 7,000 lives each year if they were standard equipment on all vehicles, according to a study by the insurance industry.",World,Sports
"Supreme Court Asked To Hear File-Sharing Arguments The file-sharing legal battle has moved to the Supreme Court, with a group composed of labor unions, sports leagues and state attorneys general asking for a hearing on a claim brought",Sci/Tech,Business
"Serial HIV Assault Verdict Expected Mon. (AP) AP - A verdict will be announced Monday in the trial of a man charged with intentionally exposing 17 women to HIV, a county judge said.",Sci/Tech,Sports
"Tennessee Loses McNair Again in Loss MINNEAPOLIS -- With Randy Moss relegated to two snaps of decoy duty, Daunte Culpepper and the Minnesota Vikings shifted gears and grinded one out against the Tennessee Titans.",Sports,Sci/Tech
"Celtics put it together NEW YORK -- In the wake of a second straight fourth-quarter collapse Friday night, coach Doc Rivers said, quot;It just doesn't take a lot to distract us right now. quot;",Sports,Sci/Tech
"Ancient Skull Fragment Hints at Surgery (AP) AP - A skull fragment found in a 400-year-old trash pit at Jamestown contains evidence of the earliest known surgery #151; and autopsy #151; in the English colonies in America, researchers say.",Sci/Tech,World
"PeopleSofts big bash See you next year in Las Vegas , proclaimed a marquee at the PeopleSoft user conference in San Francisco in late September. It was one of many not-so-subtle attempts by the company to reassure its customers",Business,Sci/Tech
"Cazenove teams up with JP Morgan Cazenove said it had agreed to hive off its investment banking business into a joint venture with JP Morgan Chase and Co, in effect ending the independence of the 181-year-old British bank.",Business,Sci/Tech
Rijkaard - has suffered Edmilson blow Barcelona have been stunned by the news that Brazilian centre-half Edmilson will be out of action for at least six months with a knee injury.,Sports,Business
"Wall Street: Will the rally continue through December? So far, Wall Street #39;s hoped-for fourth-quarter rally has met investors #39; expectations. But there #39;s been enough bad news lately to make you wonder if the buying will sputter.",Business,Sports
Rugby: Kiwis earn draw New Zealand hold Australia 16-16 in the first game of the 2004 Tri-Nations series.,World,Sci/Tech
Abdullah conveys concerns over violence to Thaksin KUALA LUMPUR: Malaysia has conveyed to Thai Prime Minister Thaksin Shinawatra its concern over the latest incident of violence in southern Thailand.,World,Sci/Tech
No. 12 Mississippi St. Struggles in Opener (AP) AP - Two of the three ranked teams playing on the opening night of the college basketball season cruised to easy wins. Then there was Mississippi State.,Sports,World
"Russian army bullying 'horrific' The ritual of organised bullying in the Russian army is getting worse, an international rights group warns.",World,Sci/Tech
4 French schoolgirls expelled for wearing head scarves Two Muslim girls were expelled Wednesday from high school for refusing to remove their head scarf -- the fourth such expulsions in two days as officials began taking action against,World,Sports
"Best Buy a Bad Deal? Attorney General Jim Petro is suing Best Buy, alleging the electronics retailer has engaged in unfair and deceptive business practices.",Business,Sports
Retail Sales Fall 0.3 Percent in August Retail sales slid in August as people steered away from buying cars and shoppers kept a close eye on their spending after splurging in July.,Business,Sci/Tech
Al Qaeda Urge Wide-Scale Muslim Resistance Al Qaeda #39;s No. 2 man Ayman Zawahiri called for an all-out armed resistance in the Muslim world against the West and Jews whom he described as crusaders.,World,Sci/Tech
"PITCAIRN TRIAL FINDS 5 OF 7 GUILTY The three New Zealand judges presiding over sexual assault cases on Pitcairn Island have handed down their verdicts in Adamstown, finding five of the seven men charged guilty of sex crimes.",World,Sci/Tech
"Mining concern names outside managers SYDNEY Sons of Gwalia, the world #39;s leading supplier of tantalum, appointed outside managers on Monday after failing to reach agreement with creditors.",Business,Sports
World #39;s tallest bridge opens in France A bridge officially designated the tallest in the world was inaugurated by President Jacques Chirac in southern France on Tuesday - a stunning feat of engineering that will carry motorists at 270m above the valley of the river Tarn.,World,Sports
"UK growth at fastest pace in nearly 4 years Britain #39;s economy accelerated to the fastest annual pace in nearly four years in the second quarter as manufacturing emerged from a slump and consumers ratcheted up spending, the government said Friday.",Business,World
Seahawks Looking at Acquiring Jerry Rice (AP) AP - Jerry Rice could be headed north to reunite with Seattle Seahawks coach Mike Holmgren.,Sports,Sci/Tech
"NAB studying buyer interest for Irish banks SYDNEY: National Australia Bank Ltd (NAB), Australia #39;s biggest bank, is gauging buyer interest for its struggling Irish banks, signalling that it is prepared to exit part of its European market.",Business,Sci/Tech
"Rats in Mouse #39;s house? Remember John Edwards Two Americas campaign theme? It occurred to me how well that theme fits the corporate world. For proof, look no further than the stockholder lawsuit against Walt Disney Co.",Business,Sports
"Rivalry Blamed in Philippine Communist Leader #39;s Death A leader of a Philippine communist breakaway group has been killed, in what may be rivalry among former comrades. The shooting is the latest in a series of assassinations of Communist Party defectors.",World,Sports
Cummins 3Q Profit More Than Quadruples Service engine maker Cummins Inc. on Wednesday said that third-quarter profits more than quadrupled - beating both its own guidance and Wall Street estimates - and full-year earnings would also exceed previous expectations.,Business,World
A's Bullpen Blows Up and Angels Take Title Anaheim scored three runs in the eighth inning off Oakland relievers to rally for a victory and clinch the American League West title.,Sports,World
"A Pair of Dethroned Kings In the early 1980s, Sears and Kmart were American retail giants, with gobs of money, huge portfolios of real estate and loyal customer bases that should have made them fast-growing fulfillers of Americans #39; insatiable demand for more stuff.",Business,World
"Cracks in Martian rock point to watery past LOS ANGELES - NASA #39;s Mars rover, Opportunity, has found more signs that rocks on the Red Planet were once submerged in water. Data sent by Opportunity suggest a crater was drenched a second time after drying out, scientists said.",Sci/Tech,Business
"EasyGroup close to launching low-cost mobile phone service (AFP) AFP - EasyGroup, the holding company of no-frills British airline easyJet, is close to striking a deal to launch a low-cost mobile telephone service in Britain, the Financial Times reported.",World,Business
"Gates and Ballmer get pay raises Bill Gates and Steve Ballmer each received total compensation of \$901,667 in Microsoft Corp.'s 2004 fiscal year, up 4.4 percent from \$863,447 one year ago.",Sci/Tech,Sports
"International Space Station Crew Begins Preflight Exams MOSCOW (AP) -- The replacement crew for the International Space Station started two days of preflight exams Monday, part of final preparations to relieve the two-man Russian-American crew finishing a six-month mission. Russian cosmonaut Salizhan Sharipov and U.S...",Sci/Tech,World
"Times to Scrap Broadsheet Edition The Times is to scrap its broadsheet edition and go tabloid from Monday, it was confirmed today. The decision was made after a trial run of the compact edition proved a success, said editor Robert Thomson.",Sports,Business
"In Asia, Powell defends N. Korea policy SEOUL -- Secretary of State Colin L. Powell yesterday sought to fend off complaints from key partners in the effort to end North Korea's nuclear programs that the Bush administration has not been sufficiently creative or willing to compromise in the negotiations.",World,Sci/Tech
"Britain Agrees to Redeploy Troops Britain agreed Thursday to meet a U.S. request for British troops to be moved into volatile central Iraq, a proposal that has met strong opposition within the governing Labour Party.",World,Business
"President Susilo stresses fighting against graft, terror as ... In line with his pledge made during the election campaign, Indonesian new President Susilo Bambang Yudhoyono stressed the importance of fighting corruption and terror while",World,Business
"Samsung plans to launch mobile phone with stamp-sized hard disc 2004-09-07 Samsung Electronics, the world #39;s third-largest handset maker, recently announced its plans to launch the first mobile phone with a stamp-sized hard disc drive that would expand the memory capacity by 15 times.",Sci/Tech,Sports
"Sara Lee 1st-Quarter Net Rises on Fee (Reuters) Reuters - Sara Lee Corp. on Tuesday\posted a 53 percent increase in quarterly profit, as a fee\related to the 1999 sale of a tobacco business helped offset\higher costs for meat and cotton.",Business,World
"Campaigning Begins for Afghan Election (AP) AP - Afghanistan's historic election campaign got under way Tuesday, pitting 17 hopefuls against interim leader Hamid Karzai in the race to become the impoverished country's first popularly elected president.",World,Sports
"Braves, Smoltz agree to new deal Atlanta, GA (Sports Network) - The Atlanta Braves announced Thursday that the team has come to terms with longtime pitcher John Smoltz to a new two-year contract with a club option for the 2007 season.",Sports,Business
"Hu top dog, but more of same for now China #39;s new leader is forging ahead with policies set by Jiang, but trouble with Taiwan looms. BEIJING--Having taken over Sunday as chairman of the ruling Communist Party #39;s",World,Sports
"Ispat, LNM, ISG merge to form world's largest steelmaker (AFP) AFP - Dutch steel groups Ispat International and LNM Holdings, both run by Indian businessman Lakshmi Mittal, said they had agreed to merge with US International Steel Group to form the world's largest steelmaker.",World,Business
Hyperion targets broader base New Essbase 7X is intended to draw customers beyond Hyperion's usual corporate-finance crowd.,Sci/Tech,Business
"Calif. Mental Health Services May Expand (AP) AP - As pressures increase on California's mental health system, its workers and advocates say they are forced to do more with a supply of money that seems to shrink each year.",World,Sci/Tech
Retailers Looking to Move Plasma TV's (AP) AP - Hanging stockings by the chimney with care? Retailers hope that St. Nicholas soon will be there #151; to hang a 42-inch plasma-screen TV.,Business,Sports
"Volcanoes May Have Sparked Life on Earth, Study Says How did the building blocks of life arise on Earth? A new study says a volcanic gas may have been the key.",Sci/Tech,Business
Australian PM fails to apologize on wrong pre-war intelligence on ... Australian Prime Minister John Howard said Thursday he won #39;t automatically follow his British counterpart Tony Blair who has said he could apologize for faulty evidence on Iraqi weapons of mass destruction.,World,Business
Cambodia plays active role in ASEAN Cambodia has been active and playing an increasingly important role in the Association of Southeast Asian Nations (ASEAN) and regional affairs politically and economically,World,Sports
"Ya #39;alon: IDF is in advanced stages of preparation for Gaza pullout The army is in a very advanced stage of preparations for a withdrawal from the Gaza Strip and four small West Bank settlements in 2005, Israel Defense Forces Chief of Staff, Lieutenant",World,Sports
Ukraine Challenger Predicts Mass Cheating in Vote (Reuters) Reuters - Liberal challenger Viktor Yushchenko\predicted on Friday that Ukrainian authorities would resort to\mass fraud to ensure victory for the establishment candidate in\an increasingly tense weekend presidential poll.,World,Business
Angels Rally Past A's to Clinch AL West Crown OAKLAND (Reuters) - Garret Anderson capped a three-run eighth inning rally with a run-scoring single as the Anaheim Angels edged the Oakland Athletics 5-4 Saturday to capture their first AL West pennant in 18 years.,Sports,Business
"Virus-Free Macs #147;The single most effective way to avoid viruses and spyware is to simply chuck Windows altogether and buy an Apple Macintosh, #148; writes Walt Mossberg in the Wall Street Journal. #147;There has never been a successful virus written for Mac OS X, and there is almost no spyware that targets the Mac. Plus, the Mac is invulnerable to viruses and spyware written for Windows. Not only is it more secure, but the Mac operating system is more capable, more modern and more attractive than Windows XP, and just as stable. #148; Sep 17",Sci/Tech,Sports
"DATA VIEW: HK Exports Slow In July, But Momentum Intact HONG KONG (Dow Jones)--Hong Kong #39;s export expansion slowed a touch in July, as expected, but still continued at double-digit rates thanks to high trade volume with mainland China.",Business,Sci/Tech
"Nigerian Senate approves \$1.5 bln claim on Shell LAGOS - Nigeria #39;s Senate has passed a resolution asking Shell #39;s Nigerian unit to pay \$1.5 billion in compensation to oilfield communities for pollution, a Senate spokesman said.",Business,Sports
Kidnappers threaten to kill western journalist The kidnappers of an American-French journalist in Iraq have threatened to execute him within 48 hours unless US forces withdraw from the holy city of Najaf.,World,Business
"Publisher Files Copyright Suit Against Google An adult publishing company sued Google last week, alleging a dozen counts of copyright infringement. Perfect 10, a Beverly Hills, CA-based publisher of an adult-oriented magazine and Web sites, asserts that",Sci/Tech,Business
Aisin finishes deal for Michigan land HANDY TOWNSHIP -- A Japanese auto supplier said Thursday it completed the purchase of about 750 acres of Michigan land for a proving ground.,Business,Sci/Tech
"Sci/Tech - Virus gang wars on the Web Following his arrest in May, the teenage computer wizard admitted to police he wrote the code for Sasser and more than two dozen Netsky viruses that wreaked havoc across the Internet during the first few months of 2004.",Sci/Tech,Sports
Infineon to Pay a Fine in the Fixing Of Chip Prices Federal prosecutors announced on Wednesday that they had cracked a global cartel that had illegally fixed prices of memory chips in personal computers and servers for,Business,Sci/Tech
"Large Gambian Rats Worry Fla. Officials (AP) AP - The Florida Keys, already dealing with invasive exotics from melaleuca to iguanas, have added another to the list of unwanted newcomers: the African Gambian pouch rat.",Sci/Tech,World
#39;Star Trek #39; spaceship enters the gateway to the Moon A EUROPEAN spacecraft powered by a Star Trek-style thruster has flown through a lunar gateway that puts it on course to reach the Moon on Monday.,Sci/Tech,Sports
RealNetworks Gets in Content Business (AP) AP - RealNetworks Inc. survived the dot-com collapse and an assault from Microsoft Corp. Now it's trying to remake itself into a provider of paid Internet content.,Sci/Tech,Sports
"VARs: Stone #39;s Exit Won #39;t Slow Novell #39;s Linux Drive Solution providers last week said they do not expect the sudden departure of Novell vice chairman Chris Stone, who engineered the company #39;s aggressive Linux push, to slow its Linux initiative.",Sci/Tech,Sports
"Russia wants new business partnership with old ally India (AFP) AFP - Russia is seeking a new economic partnership to boost a decades-old friendship with India, envisaging sophisticated arms sales, high-end technology swaps and political support on the world stage.",World,Sci/Tech
Bush Signs Internet Access Tax Ban State and local governments will be barred from taxing connections that link people to the Internet for the next three years under legislation signed Friday by President Bush.,Sci/Tech,Sports
"Scientists Stumped by Dead Croakers (AP) AP - Thousands of croakers have washed ashore at beaches along the Atlantic coast in recent days, the latest mass deaths of the popular sport fish.",Sci/Tech,Sports
"EU increases pressure for rights in Myanmar EU foreign ministers agreed Monday to tighten sanctions against Myanmar if it does not improve its human rights record by Oct. 8, when an EU meeting with Asian countries starts in Vietnam.",Business,World
"Microsoft Readies Next Business IM Server A little over a year after introducing the first version of Office Live Communications Server, Microsoft says it plans to release the next version of its enterprise instant messaging software, in December.",Business,Sci/Tech
"Nissan comes apart without parts Tokyo - Japan #39;s Nissan Motor said on Thursday that the company may have to suspend some production next March in addition to already announced suspensions, due to parts shortages, resulting in a decline of about 6 billion (R339.8 million) in annual sales",Business,Sci/Tech
Jury Nearly Set for Enron Criminal Trial (Reuters) Reuters - Opening arguments in the first criminal\case against former Enron Corp. employees are set to begin\after a federal court spent Monday whittling down a panel of\Houston-area residents to find an impartial jury in the city\still stinging from the company's downfall.,Business,Sci/Tech
"Training is the Key to Defibrillator Success By DANIEL YEE ALPHARETTA, Ga. (AP) -- Because defibrillators are more affordable than ever, they are quickly becoming commonplace in schools, businesses and other public places such as airports...",Sci/Tech,Sports
"Revenge of the Sith turning DS, PSP, GBA to the dark side Ubisoft and LucasArts are teaming up to bring the adaptation of the third Star Wars prequel to all portables; will be released alongside the game in Spring 2005.",Sci/Tech,Business
"Libya hosts #39;mini-summit #39; on Sudan #39;s Darfur conflict TRIPOLI, Libya: Libya confirmed that the leaders of Sudan, Egypt, Chad and Nigeria would join Moammar Gadhafi for a quot;mini-summit #39; #39; Sunday on Sudan #39;s Darfur region, which the United Nations calls the world #39;s worst humanitarian crisis.",World,Sci/Tech
"LCC Int #39;l Posts 3Q Profit, Shares Tumble LCC International Inc., which offers wireless voice and data technical consulting, on Monday saw shares plummet as much as 12 percent in after-hours trade after the company swung to a third-quarter profit but predicted lower revenues are ahead.",Business,Sci/Tech
"ANWAR RETURNS TO MALAYSIA Former deputy leader of Malaysia, Anwar Ibrahim, has returned home after two months overseas, and ahs pledged to fight on for reform in Malaysia.",World,Business
"VeriSign bundles authentication tools Unified support for passwords, smart cards and tokens means better network security, the company says.",Sci/Tech,Business
"Apple releases Security Update 2004-09-30 (MacCentral) MacCentral - Apple on Monday released Security Update 2004-09-30, which fixes two AFP Server and CUPS issues as well as problems with NetInfoManager, postfix and the ServerAdmin component in Mac OS X Server v10.2.8 and v10.3.5. In addition, a QuickTime heap buffer overflow problem that could allow someone to execute code hidden in a BMP has been repaired. The CUPS and QuickTime fixes apply to Mac OS X v10.3.5 and v10.2.8 as well as the Server versions of each while the others apply only to the user and Server editions of v10.3.5.",Sci/Tech,Sports
"Africa must move away from conflicts: Mbeki LUSAKA: Africa must move away from conflicts and begin to pool its resources to develop the impoverished continent and reduce poverty, South African President Thabo Mbeki said on Sunday.",World,Sports
Sports: Khalil Greene breaks finger LOS ANGELES Khalil (kuh-LEEL #39;) Greene has a broken right index finger and will miss the rest of the regular season. The San Diego Padres shortstop was injured in the fifth inning of Monday night #39;s 9-7 victory,Sports,Sci/Tech
"Russia slaps Yukos with fresh, potentially fatal, tax claims MOSCOW : Russian authorities hit the bruised Yukos oil giant with a battery of fresh tax claims which could see the firm #39;s total debt soar to an astronomical 17 billion dollars.",Business,Sci/Tech
Al-Sadr #39;s militia keeps fighting in Baghdad US forces and radical Shiite cleric Muqtada al-Sadr #39;s militia battled Saturday in Baghdad even as the truce that ended the bloody fighting between US-Iraqi troops and the militia forces in Najaf held for a second day.,World,Sports
"Bush Picks Kellogg CEO for Commerce WASHINGTON (Reuters) - President Bush on Monday chose Carlos Gutierrez, the Cuban-born CEO of Kellogg Co, as his nominee to be commerce secretary, his second selection of a Hispanic for a second-term Cabinet.",Business,World
"Explorers Find Ancient City in Remote Peru Jungle (Reuters) Reuters - An ancient walled city complex\inhabited some 1,300 years ago by a culture later conquered by\the Incas has been discovered deep in Peru's Amazon jungle,\explorers said on Tuesday.",Sci/Tech,World
Two top Nokia executives resign HELSINKI: Nokia said the respected head of its networks unit had resigned and another top networks official left in the second major departure of top management in two weeks at the world #39;s largest mobile phone maker.,Business,Sci/Tech
"Crowton Steps Down as BYU Football Coach PROVO, Utah (Sports Network) - Gary Crowton has resigned from his position as the head football coach at Brigham Young.",Sports,Business
"Quicken, Money Duel to a Draw (washingtonpost.com) washingtonpost.com - The Intuit-Microsoft battle for supremacy in the personal-finance software market is as long-running as some sports rivalries -- except that few users seem to care all that much about the outcome of this contest.",Sci/Tech,Business
"Ivorian unrest poses new test for France Two years after French forces arrived to restore order in turmoil-torn Ivory Coast, a peace agreement between Ivorian rebels and the government of President Laurent Gbagbo is in",World,Business
Football Association charges Bolton striker over spitting incident Bolton striker El-Hadji Diouf was cited for improper conduct by the Football Association on Monday after spitting in the face of an opponent.,Sports,Sci/Tech
"Argentina Views China As Market Economy Argentina recognized China as a market economy on Thursday, granting the Asian country a status it has been seeking worldwide to keep countries from imposing penalties on the dumping of Chinese exports.",Business,Sports
"Bourses set for losses after Wall St falls (FT.com) FT.com - European equity markets were poised for opening losses on Thursday following a weak session on Wall Street overnight, while caution was likely ahead of results from Nokia, the leading mobile handset maker.",Sci/Tech,Sports
"Loss-making Smart 'is not doomed' The head of Smart cars denies rumours that the loss-making firm may be sold, or even closed down, by parent group DaimlerChrysler.",Business,Sci/Tech
"Facing a fund gap Lucent Technologies' population of retired workers has grown so large over the years, there are four retirees for every active employee on its payroll. With health insurance costs soaring, Lucent now is saying that it's time for retirees to help pay for the benefit.",Business,Sci/Tech
"Rehhagel runs into adoring Greeks in Germany Otto Rehhagel, the German who led Greece to an upset win at Euro 2004, is amazed how many adoring Greeks there are in every corner of the world and how hard it is to pay for anything when he meets the grateful fans.",Sports,World
"Will iTunes ever make a lot of money for Apple? On its latest earnings call (7/14/04), a question was asked about the profitability of iTunes, and management responded by stating that it made just a small profit.",Sci/Tech,Sports
"Playboy Posts Unused Google Excerpt to Web Site (Reuters) Reuters - Playboy magazine on Tuesday\posted to its Web site an unpublished portion from its\interview with Google's founders, which raised regulatory\eyebrows not for what it revealed, but for its timing -- just\before the Internet search engine's much-anticipated initial\public offering.",Sci/Tech,Business
"Motorola cuts may not hurt Chandler Although Motorola Inc. announced it is cutting 1,000 jobs at its facilities worldwide, Chandler economic development officials Tuesday said the city should not see a negative impact at the company #39;s two sites.",Business,Sci/Tech
"Another homicide in Holland It is a sad day. In what seems to be another politically inspired homicide in Holland, Dutch filmmaker, and controversial columnist Theo van Gogh was brutally murdered in the streets of Amsterdam this morning.",Sci/Tech,Sports
"India, Myanmar sign three accords India and Myanmar today signed three accords and agreed to step up cooperation in trade, economic and other key areas. A Cultural Exchange Programme for 2004-06 and another MOU on the Tamanthi Hydroelectric Project in Myanmar were inked.",World,Sports
"Vioxx Faces Challenges from Insurers, Lawyers Merck amp; Co. faces a dual threat from health insurers and patients #39; lawyers, after a US study suggested its Vioxx arthritis drug carries a greater risk than rival medicines.",Business,Sports
"22 killed, 100 injured in Nagaland twin blasts : India News gt; Guwahati, Oct 2 : At least 22 people, including women and children, were killed and over 100 injured when two simultaneous landmine blasts ripped through the busy railway station here and a crowded market place of this commercial town of",World,Sports
China confronts lack of pipelines China will spend about \$3.4 billion over two to three years laying thousands of miles of oil pipelines to help secure its energy supply in the face of soaring prices and demand.,Business,World
"Constellation gets Mondavi for \$1.36B CHICAGO (CBS.MW) - By upping the ante a bit, Constellation Brands has made an apparently successful bid to gobble up winemaker Robert Mondavi in a \$1.",Business,Sports
"Rough ride won #39;t stop next X Prize shot The rolling experienced by SpaceShipOne on its first Ansari X Prize flight on Wednesday will not jeopardise the team #39;s chances of winning the \$10 million purse, team members said in a post-flight briefing.",Sci/Tech,Sports
Workers from 4 SF hotels go on strike Hotel workers at four San Francisco hotels have commenced a two-week strike this morning after working without a union contract for more than six weeks.,Business,Sci/Tech
"Dell, Philips cut \$700 million deal Dell will supply PCs, managed services and application packaging services to Philips Electronics worldwide, the two companies said Thursday.",Sci/Tech,Business
Panama-Cuba 'pardon' row worsens Panama recalls its Havana ambassador after Cuba threatened to cut ties if jailed anti-Castro activists are pardoned.,World,Sports
"Bombardier, DaimlerChrysler Settle Bombardier Inc. (BBDb.TO: Quote, Profile, Research) and DaimlerChrysler AG (DCXGn.DE: Quote, Profile, Research) ended a three-year dispute over the Montreal company #39;s acquisition of train",Business,Sci/Tech
"St. Paul Travelers Posts Hurricane Losses St. Paul Travelers Co., the second-largest business insurer in the United States, said Wednesday that it estimates losses from Hurricane Ivan to be about \$94 million, and expects the losses to cut third-quarter earnings by about 14 cents per share.",Business,Sci/Tech
"Japan loses whale trade bid A UN meeting has harpooned a Japanese bid to ease curbs on trade in whale products, but a defiant Tokyo accused the West of quot;cultural imperialism quot; and vowed to press efforts to expand whaling.",World,Business
"Fellowship of the Customized Ring Tone In a short time, in a public way -- while on Metro, or in line at Starbucks, or inside a movie theater -- ring tones signal who you are. Or who you want people to think you are.-The Washington Post",Sci/Tech,World
"US names cyber chief The Department of Homeland Security has named an acting US cybersecurity chief as Congress weighed whether to give the position greater clout to fight hackers, viruses and other online threats.",Sci/Tech,Business
"Coding Viruses for the Mind If as some have suggested religions are viruses of the mind, then it might make sense to separate the components of any given religion into two parts. The first part being those things which are necessary to maintain viral infection and which assist in the infection of new hosts. The second part is the payload: Those instructions which the virus writer wishes those who have been infected to carry out or execute. My hope is that this method of analysis will assist others in understanding the structure of existing religions as well as those who aim to write one from scratch",Sci/Tech,Sports
"Fashionably late What do women want? Luciano Manganella, the owner of the trendy Boston women's boutique JasmineSola, has a pretty good idea. And now after 34 years in business, he's plotting a major expansion.",Business,Sports
"Fired Ecuador justices are barred from offices QUITO, Ecuador -- Ecuadorean police barred Supreme Court judges from returning to their offices yesterday after the judges tried to defy a decision by Congress to fire them for bias against President Lucio Gutierrez.",World,Sports
"Oracle chairman says can close gap with SAP - report Oracle Corp can close the gap with SAP, the world #39;s biggest software company, after buying US rival PeopleSoft, Oracle #39;s Chairman Jeff Henley said in an interview published on Wednesday.",Business,Sci/Tech
Malaysia expects to resume poultry exports to Singapore soon By Channel NewsAsia #39;s Malaysia Correspondent Melissa Goh. KUALA LUMPUR : Malaysia expects to resume export of poultry and eggs from two states to Singapore by the end of this month but only after meeting conditions set by the island.,World,Sci/Tech
"Israel to present PA with #39;good will #39; steps in coming days Israel will respond with a series of positive gestures if the successors to Palestinian Authority Chairman Yasser Arafat will implement security reforms and a quot;real quot; cease-fire felt on the ground in the territories, Israeli security and diplomatic sources",World,Sports
"Hamm not looking back Controversial Olympic gold medalist Paul Hamm is back in the United States and ready to move on. Hamm, in Worcester for the Rock amp; Roll",Sports,Business
"Vivendi, Messier Are Fined \$1.35M Each French regulators fined Vivendi Universal SA and its former boss Jean-Marie Messier nearly \$1.4 million each on Tuesday for deceiving investors with a litany of inaccurate financial communications issued over a two-year period.",Business,Sci/Tech
"Under Attack, Director Says Hollinger's Black Misled Him Richard N. Perle, a director at the media company Hollinger International who was criticized in an internal report, says he was duped by its former chief, Conrad M. Black.",Business,World
"Japan to Deport Ex-Chess Champion Bobby Fischer (Reuters) Reuters - Japan issued a deportation order on\Tuesday against former world chess champion Bobby Fischer, who\is wanted in the United States for defying sanctions on\Yugoslavia, an immigration official said.",World,Business
"World #39;s #39;worst plunderers #39; named HUMAN beings are plundering the earth #39;s resources at an alarming and unsustainable rate, and Australians are among the worst offenders.",Sci/Tech,Sports
Jordan #39;s Zarqawi Financier Jailed Six Months Jordan #39;s state security court jailed an Islamist militant for six months on Sunday for financing al Qaeda ally Abu Musab al-Zarqawi #39;s bombings in Iraq but found no evidence to charge him with plotting any attacks.,World,Sports
Wariner Succeeds Johnson as 400 Meter Champion ATHENS (Reuters) - American 400 meters champion Jeremy Wariner succeeded Michael Johnson as the Olympic gold medallist Monday with a personal best of 44.00 seconds.,Sports,World
"EU draft draws fire in Turkey BRUSSELS: Turkey will have to recognize the Republic of Cyprus, if only tacitly, if it wants to begin membership negotiations with the European Union, according to a draft document that was leaked here Monday.",World,Sci/Tech
Wonkette: Blogs force quick action from major media Plus: Row brewing over peer-to-peer ads. News.com Extra,Sci/Tech,Business
"Leiter returns as Pavano prepares to go Al Leiter is returning to the Marlins, but Carl Pavano appears to be a goner. Leiter, a left-hander who threw the franchise #39;s first no-hitter in 1996 and helped the team win its first World Series in 1997, signed a one-year \$8 million contract Wednesday.",Sports,Business
"Bank of America Fires Back at Parmalat LONDON (Reuters) - Grant Thornton and Bank of America have filed motions in a New York court to remove a U.S. injunction stopping them counter-suing insolvent Italian dairy group Parmalat, which has sued each for \$10 billion.",Business,Sports
"Rebels use late TD to top Gamecocks COLUMBIA, S.C. -- Ethan Flatt found Bill Flowers in the corner of the end zone for a 29-yard touchdown pass with 1:05 left to give Mississippi a 31-28 victory over No. 25 South Carolina yesterday.",Sports,World
"Small Fixes Can Pay Big Security Dividends Computer users could stop most viruses and cyber attacks by fixing a small number of common flaws, according to new research. Viruses, spam and distributed denial of service attacks could",Sci/Tech,Business
"Robo-servants set to sweep into homes Millions of new robots will be installed in households over the next few years, a UN report predicts.",Sci/Tech,Business
#39;Poison pill #39; just in case THE haste with which News Corporation has adopted a quot;poison pill quot; - or stockholders rights plan - following the bold move of John Malone #39;s Liberty Media to put its foot on a further 8 per cent of the voting stock demonstrates a real concern as to his,Business,Sports
"Arthritis drug withdrawn after trial A prescription painkiller used by more than 250,000 Australians to treat arthritis has been withdrawn from sale after a clinical trial found it doubled the risk of heart attack and stroke.",Business,Sci/Tech
It #39;s Time for Tech Firms to Bet on Growth Industry leaders have been offering too few innovations and too many marginal upgradesat not-so-marginal prices. There #39;s a joke going around that our lives have become so boring that we #39;ve taken up watching people play cards on TV.,Sci/Tech,Sports
"Democrats Seek Louder Voice From Edwards At a time when Vice President Dick Cheney has been mocking John Kerry, John Edwards has adopted a lower-profile stance.",World,Sports
"Bienvenue, Carrefour Lesser-known French retailer turns in a strong first half. Investors, take notice.",Business,Sports
"Vonage Calls on Linksys for VoIP (PC World) PC World - Linksys will provide broadband-to-phone adapters and, eventually, Wi-Fi equipment.",Sci/Tech,World
"Turkey #39;s Adultery Ban Would Hinder EU Bid, Aides Say (Update1) Turkey #39;s plan to make adultery a crime may hinder its bid to join the European Union by showing the dominance of conservative forces #39; #39; in Turkish society, European officials said.",World,Sports
No IE? No Can See One thing that #39;s always irritated those who don #39;t choose to use Internet Explorer is finding a website that requires IE. Such complaints seem to have grown all the more passionate now security concerns are driving more users to consider IE alternatives.,Sci/Tech,Sports
Mars is more Earth-like SAN FRANCISCO: Pictures of Earth-like clouds were captured by Nasa #39;s Mars rover on Wednesday. Reports also indicate that there #39;s a rock that doesn #39;t look like anything scientists have ever seen.,Sci/Tech,Business
"Ex-WorldCom CEO Wants Witness Immunity (Reuters) Reuters - Lawyers for former WorldCom Chief\Executive Bernard Ebbers are seeking immunity for two witnesses\who they believe could clear their client of fraud charges\related to the company's #36;11 billion accounting scandal,\according to court papers filed on Wednesday.",Business,World
"In Indonesia, Businesses Hopeful After Election After suffering through two shambling administrations, Indonesia appears to have a new president who many of its business leaders say they believe will uproot corruption and revive investment.",World,Sci/Tech
"Cape Town F1 bid And they plan to build a multi-million-dollar race track here for the event, an official said today. quot;The plans for the bid are far advanced.",Sports,Business
"Champions Trophy: England rout Zimbabwe BIRMINGHAM, Sep 11: England got their Champions Trophy campaign off to a successful start with a record 152-run win against Zimbabwe at Edgbaston here Saturday.",Sports,Sci/Tech
"COL FB: Tennessee 42, UNLV 17 Freshman Brent Schaeffer threw for one touchdown and ran for another Sunday as the 14th-ranked Tennessee Volunteers defeated the UNLV Rebels, 42-17.",Sports,Sci/Tech
"Russians Next In Line To Receive Cheap Windows After Thailand, Malaysia and Indonesia, Microsoft has identified Russia as the fourth market for its low cost scaled down operating system, Windows XP Starter Edition (XP SE).",Sci/Tech,Business
"UK: GTA San Andreas Sells One Mi According to the ELSPA, GTA: San Andreas has become the fastest selling video game of all time in the UK. They claim that the title has sold more than one million units in just nine days.",Sci/Tech,Sports
"Cingular to Cut About 7,000 Jobs (Reuters) Reuters - Cingular Wireless will cut about 7,000\jobs, or 10 percent of its work force, to cut costs as it\integrates recently purchased AT T Wireless, the company said\on Tuesday.",Sci/Tech,Business
"Will Your Next Cell Phone Have a Hard Drive? Hitachi Global Storage Technologies and Intel are pushing the development of an interface technology that they hope will smooth the adoption of compact hard drives into mobile phones, PDAs, and digital music players, the companies say.",Sci/Tech,Sports
"Guinea-Bissau Soldiers Stage Mutiny, Kill Army Chief Mutinous soldiers demanding pay for peacekeeping duty abroad killed the commander of Guinea-Bissau #39;s armed forces on Wednesday and seized key buildings in the capital of the former Portuguese colony.",World,Sports
"Haitian storm survivors give thanks Amid the destruction from Tropical Storm Jeanne, Haitians have prayed for the 1,500 dead and given thanks that their lives were spared at services on Sunday.",World,Sports
"EU Clears Flextronics Purchase of Units (AP) AP - European Union regulators Friday cleared Singapore's Flextronics International Ltd., the world's largest contract electronics manufacturer, to acquire factories from Canada's Nortel Networks Corp.",World,Sports
"Nonnative Goats Bunking at Yellowstone (AP) AP - A new study shows mountain goats are taking hold in Yellowstone National Park, but park officials aren't sure how to handle the presence of the nonnative animals.",Sci/Tech,Sports
"The Newest Hope ; Marriage of Necessity Just Might Work Out NEW YORK - The TV lights were on, the cameras rolled and the symphony of cameras flashing in his face blinded Pedro Martinez - but not for long.",Sports,Sci/Tech
Hezbollah rejects abolition call The leader of militant Lebanese group Hezbollah rejects a UN call for the organisation to be disbanded.,World,Business
"Ex-U.S. Cyber Security Chief Sees Curb on Phishing \ By Lisa Baertlein SAN FRANCISCO (Reuters) - A former White House Web security\chief predicted on Wednesday that technology companies and law\enforcers could soon stamp out most Internet ""phishing"" scams\that aim to trick people into giving away personal and\financial information.",Sci/Tech,World
Rover gets mystery power boost Scientists have been baffled by a mysterious boost in power to one of its two robotic rovers which are exploring the surface of the Red Planet.,Sci/Tech,Business
"Red Hat replaces CFO Red Hat on Thursday named Charles Peters Jr. as executive vice president and chief financial officer. Peters replaces Kevin Thompson, who unexpectedly announced his resignation in June, a few days before the",Business,Sci/Tech
"Elephant DNA Could Help Stem Ivory Trade (AP) AP - Analyzing the DNA of elephants may help trace the origins of ivory being sold illegally, information researchers hope will help foil such trade.",Sci/Tech,Sports
"Amazon Updates Web Services Tools, Adds Alexa Access The Amazon Web Services (AWS) division of online retail giant Amazon.com yesterday released Amazon E-Commerce Service 4.0 and the beta version of Alexa Web Information Service.",Sci/Tech,Sports
Employees from 10 hotels locked out The San Francisco Multi-Employer Group announced this morning that it has locked out UNITE HERE Local 2 employees from 10 hotels and staffed the vacated positions with replacement workers.,Business,Sports
"La. Seeks New Bridge, Elevated Highway If you think oil is expensive now, just imagine if Hurricane Ivan had swung west and come ashore at this bustling oil and gas port at the southernmost point of Louisiana.",Business,Sci/Tech
"Israelis OK new homes in West Bank A leaked Israeli plan to build 1,000 new Jewish settler homes in the West Bank yesterday sent Bush administration officials scrambling for a response in the sensitive period before November #39;s presidential election.",World,Sports
Washington Baseball Fans Await Word on Expos (Reuters) Reuters - Baseball fans in the nation's\capital were anxiously awaiting formal word on Wednesday that\the financially beleaguered Montreal Expos would relocate to\the city for the 2005 season.,Sports,World
"Iran refutes allegation about collaboration with IAEA chief Iran on Sunday refuted a report made by some US media that UN nuclear watchdog chief Mohamed ElBaradei had collaborated with Iran by giving Tehran an advance look at his reports, the official IRNA news agency reported.",World,Sports
"LIVE: prime minister #39;s questions Despite Alan Milburn holding his first press conference as Labour #39;s election strategist yesterday, it #39;s unlikely Tony Blair will be able to escape the shadow of Iraq at today #39;s session of PMQs.",World,Sports
"Colin Jackson: Hard lessons learnt in the human laboratory Yesterday #39;s Olympics treated us to the two extremes of athletics, the endurance race which tests the body to its limits, and the heavyweight showdown, the sprint, which is in the mind.",Sports,Sci/Tech
ROCASTLE OFFERS SUPPORT TO NOVO Hibernian midfielder Craig Rocastle has promised to back Rangers striker Nacho Novo if he decides to appeal against the red card he picked up at Easter Road.,Sports,Business
"Cingular to Reduce Work Force by Roughly 10 Percent, CEO Says Cingular Wireless LLC, the nation's largest cell phone company, will cut about 10 percent of its 68,000 jobs over the next 12 to 18 months as it combines operations with the recently acquired AT T Wireless, Cingular's chief executive said Tuesday.",Sci/Tech,Business
"Danish fan falls to his death in Copenhagen stadium A 24-year-old Danish football fan died after falling from the top tier of the stands at FC Copenhagen #39;s Parken Stadium during a weekend match against Viborg, news agency Ritzau said.",Sports,Business
IT Heavies Launch quot;MegaGrid quot; Project SAN FRANCISCO -- Four mainstream IT companies are pooling resources to launch a standardized enterprise grid infrastructure based on their products.,Sci/Tech,Business
Republicans Endorse Ban on Gay Marriage NEW YORK - Republicans endorsed an uncompromising position against gay unions Wednesday in a manifesto that contrasts with Vice President Dick Cheney's supportive comments about gay rights and the moderate face the party will show at next week's national convention. A panel made up largely of conservative delegates approved platform language that calls for a constitutional amendment banning same-sex marriage and opposes legal recognition of any sort for gay civil unions...,World,Sports
"Halliburton leading contender in construction of British aircraft carriers: report (AFP) AFP - Halliburton, the oil services giant once run by US Vice President Dick Cheney, has emerged as a leading contender to manage the construction of two British aircraft carriers, The Sunday Telegraph said.",World,Sci/Tech
"Geiberger joins father as a winner in Greensboro When it was over, after Brent Geiberger made his final putt, he finally got to talk to his father, Al, about their latest achievement.",Sports,Sci/Tech
"Grid bids to save the world Hoping to harness a few million of the personal computers not already running the SETIhome screensaver, IBM and United Devices yesterday launched the World Community Grid to act as a clearing house for humanitarian IT projects.",Sci/Tech,Business
"Netflix, TiVo sign VoD alliance Netflix, the online DVD rental company, and TiVo yesterday said they will work together to deliver movies digitally down the wires, presumably specifically to the latter #39;s PVR equipment.",Business,Sports
"UPDATE 1-BMW, Honda drop challenge to F1 rules Carmakers BMW and Honda have dropped plans to challenge Formula One #39;s governing body over engine rules for 2006 after deciding that legal action would be bad for motor racing.",Sports,Business
"Japan to Resume Space Rocket Launches (AP) AP - A government panel Wednesday approved plans to send a weather satellite into Earth's orbit by February 2005, in the first scheduled launch for Japan's troubled space program since late last year, an official said.",Sci/Tech,Business
"Singh looking to finish year in style Vijay Singh of Fiji tees off on the sixth hole during the first round of the Chrysler Championship on Oct. 28 on the Copperhead Course at the Innisbrook Resort in Palm Harbor, Fla.",Sports,Business
"Intel Outlook May Portend PC Weakness NEW YORK (Reuters) - Intel Corp's INTC.O sharp cut in its revenue outlook dragged down shares of personal computer makers on Friday, on fears that the chipmaker's problems could signal weak PC markets, analysts said.",Business,Sci/Tech
"Colombia back in business, needs reforms-Uribe Colombia is back in business and the Andean country has ample room for growth backed by aggressive and transparent government policies but with some challenges",Business,Sci/Tech
"Travelers Stuff Roads, Terminals Traditionally, the Wednesday before Thanksgiving is the busiest travel day of the year, and the American Automobile Association expected travel this year to hit pre-Sept.",Business,Sports
"Saks announces store closings BIRMINGHAM, Ala. They #39;re closing eight Saks Fifth Avenue stores and three Off Fifth outlet stores. Saks Incorporated says shutting down weaker stores will allow the company to focus on its more quot;productive quot; locations and further strengthen its brand.",Business,Sci/Tech
Italy and Libya move on migrants Italy's Interior Minister visits Libya to pave the way for joint efforts to curb illegal immigration into the EU.,World,Sports
"Running may have defined the body Next time you drive past a jogger on the street, give her a honk and a wave - she #39;s honing the skill that helped define the human body, according to a study by researchers from the University of Utah and Harvard.",Sci/Tech,Sports
"Lego, Carrefour in French Price-Fix Probe (AP) AP - French competition authorities are investigating Danish toy maker Lego Systems AS and supermarket retailer Carrefour SA as part of a probe into alleged price fixing in the French toy market in 2002 and early 2003.",Business,World
"Hewitt cruises to quarterfinals Former Wimbledon and US Open winner Lleyton Hewitt cruised to a 6-1, 6-4 victory over Michael Llodra on Thursday to advance to the quarterfinals of the TD Waterhouse Cup.",Sports,Business
UPDATE 3-Clarke cracks debut 151 as India collapse Michael Clarke hit a sparkling 151 on his debut and a revitalised Glenn McGrath then ripped the heart out of India #39;s batting as Australia took command of the first test on Thursday.,Sports,World
"Now It's Official: Economy Shrunk WASHINGTON (Reuters) - The U.S. economy slowed more sharply in the second quarter than first thought as oil prices rose and the trade gap swelled, the government said on Friday in a report that confirmed momentum faltered in the spring.",Business,Sci/Tech
"Sun To Refresh UltraSPARC Servers SAN FRANCISCOSun Microsystems Inc. next week will roll out two new servers featuring its UltraSPARC IV processors, a Sun executive said Friday.",Sci/Tech,Business
Stanley set sights on Elland Road for casino Stanley Leisure plc has announced a Stanley Casinos Limited plan to develop a casino complex on land adjacent to Leeds United #39;s Elland Road stadium.,Business,Sports
Australia Airline Announces Fuel Surcharge Australian budget airline Virgin Blue announced Monday it will increase the fuel surcharge it adds to ticket prices from Aug. 26 because of soaring oil prices.,Business,Sci/Tech
"The Rippling Pain from Vioxx Prescription-drug recalls aren #39;t common, and they #39;re almost always controversial. Now that Merck (MRK ) is voluntarily withdrawing its Vioxx pain medication around the world, due to a heightened risk of cardiovascular",Business,Sports
"Intel planning Centrino-like brand for desktops Intel is preparing a marketing strategy that will brand desktop PCs with a similar label that made its Centrino notebook technology a household name, according to sources familiar with the company's plans.",Business,Sci/Tech
"Khan urged to stay amateur British boxing sensation Amir Khan is being urged to shun a big-money move to the professional ranks, whether he wins or loses his shot at Olympic gold on Sunday.",Sports,Business
No ticket matched all four numbers and the MegaBall in Friday #39;s ... No ticket matched all four numbers and the MegaBall in Friday #39;s Mega Money drawing of the Florida Lottery. The numbers drawn were 10-18-19-22; the Megaball was 6. Twelve tickets matched four of the numbers,Business,Sports
"In Taipei, Talk of Arms -- and Amity Premier Yu Shyi-Kun hopes economic ties to the mainland will guarantee peace. If not, quot;Taiwan has to have to ability to defend itself quot;.",World,Business
Digital home entertainment hits the road Theater-quality entertainment systems are coming to the car. Is rush hour ready for wireless file swapping?\ Photo gallery: Consumer gear takes a test drive,Sci/Tech,Sports
Some Md. MDs Curtail Surgeries in Insurance Protest Physicians in a northwest Maryland county plan to halt non-emergency surgeries for at least two weeks to protest a 33 percent increase in malpractice insurance premiums.,Business,Sci/Tech
"Taliban Wanted List to Be Drawn (AP) AP - The United States could cut its forces in Afghanistan next summer if Taliban militants accept an amnesty to be drawn up by President Hamid Karzai and neighboring Pakistan, the senior U.S. commander here said Sunday.",World,Sports
"Bucs decline option on reliever Boehringer Jose Mesa and Salomon Torres did most of their best work in tandem in 2004, so it is only fitting that they would come to terms on news deals with the Pittsburgh Pirates on the same day, too.",Sports,Business
"Computer Associates Launches PestPatrol Computer Associates is releasing eTrust PestPatrol Anti-Spyware r5, aimed at consumers and small businesses, and based on technology CA obtained when it bought anti-spyware provider PestPatrol two months ago.",Sci/Tech,Business
India launches rural aid project India launches a \$445m food-for-work programme aimed at tackling hunger in poor rural areas.,World,Sci/Tech
"WCQ Group 6 preview: Eriksson considers three up front. MANCHESTER, Oct 9 (SW) - England manager Sven Goran Eriksson looks set to play with three forwards in Saturdays World Cup qualifier against Wales at Old Trafford.",Sports,Sci/Tech
"Official: MLB to Move Expos to Washington WASHINGTON - Major League Baseball will announce Wednesday that Washington will be the new home of the Montreal Expos, bringing the national pastime back to the nation's capital for the first time in 33 years, The Associated Press has learned. A city official, speaking on condition of anonymity, said Washington has been notified by Major League Baseball of the impending announcement...",World,Business
Nhl Players Still Express Solidarity The cracks that were appearing in the NHL Players #39; Association #39;s resolve in the last two weeks were apparently smoothed over during a meeting Tuesday in Toronto.,Sports,Sci/Tech
"Google puts desktop search privacy up front Google has announced a new desktop search application that enables users to search their e-mail, files, web history, and chats. Perhaps learning from previous mistakes, Google says it has designed the product quot;from the ground up to respect user privacy.",Business,Sci/Tech
"U.S. Says N.Korea Blast Probably Not Nuclear SEOUL (Reuters) - A huge explosion rocked North Korea last week but U.S. and South Korean officials said on Sunday it was unlikely to have been a nuclear weapons test despite the appearance of a ""peculiar cloud"" over the area.",World,Sci/Tech
"Strikes at London airports London - A 48-hour strike by aircraft refuellers at London Heathrow airport got under way on Friday, with baggage handlers at Gatwick airport also preparing to walk out, threatening a weekend of travel disruptions.",Business,Sports
Football: Azerbaijan 0-1 England Michael Owen heads England's winner in the World Cup qualifier against Azerbaijan.,World,Sci/Tech
"Federated Will Rename Stores as Macy #39;s All regional Federated Department Stores will change their names to Macy #39;s in January, the company said yesterday. The decision affects regional department stores that operate as Burdines-Macy #39;s in Florida",Business,Sports
Sheffield day to day with sprained left ankle New York Yankees right fielder Gary Sheffield missed Sunday #39;s against the Toronto Blue Jays with a sprained left ankle. Sheffield is listed as day to day.,Sports,Business
"Study: Few Americans Buy Drugs Online NEW YORK - Only 4 percent of Americans have ever used the Internet to buy prescription drugs - and even fewer do so through foreign pharmacies - despite Web sites maintained by a handful of states to help citizens import medicines more cheaply from Canada, a new study finds. A majority - 62 percent - believe drugs bought online are less safe than those purchased from a local pharmacy, accepting the federal government's stated concerns in opposing drug imports, the Pew Internet and American Life Project said in a report Sunday...",World,Sci/Tech
"How the credit policy will affect you The Reserve Bank of India announced the mid-term review of its monetary policy on Tuesday. Though the central Bank kept away from the much expected interest rate hike, the policy contained recommendations",Business,Sci/Tech
"Sharon takes step towards peace ARIEL SHARON, the Israeli Prime Minister, made his first conciliatory gesture towards Palestinians after the death of Yassir Arafat when he said that he would consider co-ordinating the dismantling of Jewish settlements in the Gaza Strip with a new",World,Sports
"West Mulls Boundries for African Fighting (AP) AP - As the month-end deadline nears for Sudan to disarm the mostly Arab pro-government militias in Darfur, the United Nations and Western powers are in a dilemma over how far to go to stop the killing in an African country.",World,Sports
Gurkhas win citizenship fight The Gurkhas who have served in the British Army have won an historic fight to be allowed to apply for British citizenship. The decision comes after a lengthy fight by the Nepalese soldiers for the right to,World,Sports
"Oracle #39;s bid still facing hurdles PeopleSoft reiterated on Tuesday its opposition to a \$7.7 billion takeover offer from Oracle after the European Union approved the bid, removing the last regulatory hurdle to a deal.",Business,Sci/Tech
Internet Explorer Wins the Battle There #39;s a remarkable graph on Google #39;s Zeitgeist site showing the meteoric rise of Microsoft Internet Explorer 6 use and equally catastrophic decline of all other competing browsers.,Sci/Tech,Sports
"Grand Jury Adds to HealthSouth Charges Federal prosecutors yesterday announced new perjury and obstruction-of-justice charges against HealthSouth Corp. founder Richard M. Scrushy, accusing the former chief executive of the rehabilitation",Business,Sci/Tech
Airport Staff Walk-Out Fails to Disrupt Flights A strike by hundreds of baggage handlers and maintenance workers at Gatwick Airport failed to disrupt flights today. The workers mounted picket lines outside,Business,Sci/Tech
"Lenovo confirms acquisition talks CHINA #39;S largest manufacturer of personal computers Lenovo Group has confirmed it is in acquisition negotiations with a major information technology company, widely believed to be IBM.",Business,Sports
"Unhappy Robinson Rejoins 76ers (AP) AP - Unhappy he hasn't been traded, Glenn Robinson rejoined the Philadelphia 76ers on Tuesday.",Sports,Business
Weis Sues Doctors Notre Dame head coach Charlie Weis files suit against the doctors who performed weight-loss surgery on him in 2002 that almost killed him.,Sports,Sci/Tech
"Wal-Mart Keeps Its September Sales View Wal-Mart Stores Inc. (WMT.N: Quote, Profile, Research) on Monday maintained its September sales forecast and said back-to-school demand picked up for key categories including electronics and clothing after a sluggish start.",Business,Sci/Tech
"Stanford ties Arizona in poll Media splits on who #39;s favorite in ... The two teams that shared the Pac-10 women #39;s basketball title last season -- Stanford and Arizona -- are primed to share it again, according to the annual poll released at Pac-10 media day Tuesday at HP Pavilion in San Jose.",Sports,World
"US Supreme Court asked to rule on homosexuals' right to adopt children (AFP) AFP - The American Civil Liberties Union, the leading US civil rights group, petitioned the US Supreme Court to rule on the right of homosexuals to adopt children.",World,Business
Nokia plans to boost memory for phones New handsets from the mobile phones global leader will have hard disk to store more songs and pictures in a move to tap the rapidly growing smartphone market.,Sci/Tech,Business
"Google stock falls as share lockups expire SAN FRANCISCO, - Shares of Google Inc. fell as much as 6.5 percent Tuesday, as selling restrictions were lifted on 39 million shares held by employees and early investors in the newly public Web search company.",Business,Sci/Tech
TV aims for prime time in digital home New standard uses Web-based protocols to let televisions control other devices in a home.,Sci/Tech,World
"Australian man killed by shark on Great Barrier Reef (Canadian Press) Canadian Press - CAIRNS, Australia (AP) - A 38-year-old Australian man bled to death Saturday after he was rescued from the jaws of a shark while spearfishing on the Great Barrier Reef, authorities said.",World,Business
"Coke plans new push into energy niche In January, Coke plans to introduce an energy drink called Full Throttle. Coke hopes it will be a better competitor than an earlier entry, the slow-selling KMX.",Business,Sports
"Fujitsu Siemens profit grows 60 percent Fujitsu Siemens Computers (Holding) BV, Europe #39;s largest remaining computer manufacturer, posted a 60 percent leap in profit for the first half of its fiscal year on higher sales of laptops and servers to business customers, the company said Wednesday.",Sci/Tech,Business
Liberty rally to edge Shock Bethany Donaphin didn #39;t have time to think when she got the ball with the score tied and clock winding down in regulation. Donaphin hit a turnaround jumper with 0.5 of a second remaining to lift the host New,Sports,Sci/Tech
"Safety concerns stand in way of space tourism Thrill seekers are plunking down six figures to ride rockets not even been built yet, and a new airline called Virgin Galactic promises to be soaring in the next three years.",Sci/Tech,Business
"Reebok Third-Quarter Earnings, Sales Up Athletic shoe and apparel maker Reebok International Ltd. (RBK) on Thursday posted better-than-expected quarterly earnings, helped by improved sales due to acquisitions and the weak dollar.",Business,Sci/Tech
"Voters Flock to Register by Deadline In a glimpse of what the nation might see a month from now, people lined up at election offices and caused parking lot traffic jams as voter registration deadlines fell Monday in more than a dozen states. Many officials reported record numbers of new voters, some said they were overwhelmed, and allegations were already flying about fraud and the disqualification of some voters' applications...",World,Business
Congress Passes Bill Allowing Space Tours (AP) AP - Outer space could become the final frontier of tourism under legislation passed Wednesday by the Senate to regulate commercial human spaceflight.,Sci/Tech,Sports
"Cowboys Own Orange Stephen Graham scores 16 points, including two late three-point plays, and No. 5 Oklahoma State beat No. 4 Syracuse, 74-60.",Sports,Sci/Tech
"Bryant Prosecutors Question Defense DNA Evidence DENVER (Reuters) - Prosecutors in the rape case against U.S. basketball star Kobe Bryant are questioning the validity of DNA evidence crucial to the defense's case, saying data appeared to have been manipulated and might have to be thrown out.",Sports,World
"Alternative Energy: Ready or not? Even with a boost from higher oil prices and growing concern about global warming, the payoff on most alternative energy technologies seems a ways off.",Business,Sci/Tech
"Unisys to lay off 1,400 workers Unisys Corp. plans to cut 1,400 jobs, primarily in general and administrative areas, and consolidate its office space worldwide, it announced Wednesday. The cuts represent 3.8 percent of the company's staff of 37,000.",Sci/Tech,Business
Fan Death Family members of a college student killed by Boston police during a Red Sox celebration will wait for an internal investigation before deciding if they will sue the department.,Sports,Business
"Arafat #39;s legacy: Statelessness for Palestinians The exit from the world stage of Palestinian leader and icon Yasser Arafat will mark the end of a turbulent era, and the beginning of a period of uncertainty and possible instability in the volatile cauldron of the Israeli-Palestinian conflict.",World,Sports
Haywood suspended for three games NEW YORK - Brendan Haywood of the Washington Wizards was suspended for three games by the NBA yesterday for fighting during a pre-season game against the Chicago Bulls.,Sports,Sci/Tech
"Media speculate on successor as England coach prepares to step ... With Sir Clive Woodward seemingly on his way to soccer, England #39;s rugby team is looking for a new coach to follow up last year #39;s World Cup triumph.",Sports,Business
Iraqis Plead With U.S. to Return to City (AP) AP - U.S. troops barred anguished crowds from returning to their homes in the besieged city of Tal Afar on Monday as residents described corpses scattered across orchards and the collapse of essential services such as water and electricity.,World,Sci/Tech
"RESEARCH ALERT-First Albany ups SuperGen to quot;buy quot; on drug deal First Albany Capital on Wednesday raised SuperGen Inc. #39;s (SUPG.O: Quote, Profile, Research) stock rating to quot;buy quot; from quot;neutral, quot; following its cancer-drug deal with MGI Pharma Inc.",Business,Sports
"Many NHL players head for Europe National Hockey League players began scattering across the globe yesterday in search of work on Day 1 of the lockout, with no negotiations scheduled between union and management.",Sports,Sci/Tech
"Canucks Announce Partial Sale VANCOUVER, British Columbia (Sports Network) - The Vancouver Canucks Wednesday announced the sale of 50 percent of the team and its arena, General Motors Place.",Sports,Sci/Tech
"DreamWorks Animation IPO Set at 29M Shares Underwriters for DreamWorks Animation SKG Inc., producer of the blockbuster ""Shrek"" movies, Tuesday set the terms of the company's pending initial public offering at 29 million common shares, with an estimated price range of \$23 to \$25 a share.",Sci/Tech,Business
Romanians vote for a new President BUCHAREST: Romanians voted for a new president on Sunday with fighting corruption and joining the EU the main themes in a run-off round pitting Prime Minister Adrian Nastase against Bucharest Mayor Traian Basescu.,World,Sci/Tech
"Israel withdraws from Gaza camp Israel withdraws from Khan Younis refugee camp in the Gaza Strip, after a four-day operation that left 11 dead.",World,Sports
"Science Magazine: Asia Farmers Sucking Continent Dry (Reuters) Reuters - Asian farmers drilling millions of\pump-operated wells in an ever-deeper search for water are\threatening to suck the continent's underground reserves dry, a\science magazine warned on Wednesday.",Sci/Tech,World
"NASD Warns of Risky Home-Equity Investing WASHINGTON (Reuters) - Too many house-rich Americans are borrowing money against their homes to play the stock market, brokerages regulator NASD warned on Wednesday.",Business,World
"Franklin claims a test hat-trick DHAKA, Bangladesh -- James Franklin became the second New Zealander to take a test hat-trick, on the second day of the first test against Bangladesh in Dhaka.",Sports,Business
Study: Return of Wolves Changes Ecosystem (AP) AP - Scientists studying the broader effects of wolf reintroduction said a growing body of evidence suggests that killing off predators such as wolves and grizzly bears in the last century started a cascade of effects that threw ecosystems out of balance.,Sci/Tech,Sports
"A Year of Charges, Reforms for Funds NEW YORK -- Just a year ago this week, New York Attorney General Eliot L. Spitzer shook the financial services industry -- and investor confidence -- by revealing that four big-name mutual fund companies had cut secret deals allowing a New Jersey hedge fund to profit from short-term trading at the expense of ordinary investors.",Business,Sci/Tech
"Still no beef resolution after latest talks NEW YORK, (Aug. 30, 2004) - Cattle farmers and haulers finally looking for a quick end to a 15-month ban on live cattle exports to the US are out of luck after Canadian Agriculture Minister Andy Mitchell",Business,Sports
"Gas prices up 5 cents after Hurricane Ivan CAMARILLO, Calif. - Gas prices jumped more than 5 cents a gallon in the past two weeks, largely because of supply problems related to Hurricane Ivan, an industry analyst said.",Sci/Tech,Business
"Men, Women More Different Than Thought CHICAGO - Beyond the tired cliches and sperm-and-egg basics taught in grade school science class, researchers are discovering that men and women are even more different than anyone realized. It turns out that major illnesses like heart disease and lung cancer are influenced by gender and that perhaps treatments for women ought to be slightly different from the approach used for men...",World,Sci/Tech
"U.S. October Hiring at a Seven-Month Peak WASHINGTON (Reuters) - U.S. jobs were created at the heartiest pace in seven months during October, the government said on Friday, spurred by rebuilding in the hurricane-battered Southeast and brisk hiring in service industries.",Business,Sci/Tech
"Pfizer Hikes Warning on Bextra Skin Risk NEW YORK (Reuters) - Pfizer Inc. PFE.N said on Friday it is sending additional information to healthcare professionals about its arthritis drug Bextra, a COX-2 product in the same class as the withdrawn drug Vioxx.",Business,Sports
"Indy 500 qualifying changes aimed at regaining interest INDIANAPOLIS - The Indianapolis 500 will return to four days of qualifying for next year #39;s race, but with a new format of bumping on each day.",Sports,Sci/Tech
"Toy Safety Report Released checking for them by hand before buying -- because children could choke on them, consumer advocates said in an annual warning on toy safety.",Business,Sports
"The Handbag? Total Knockoff. The Price Tag? All Too Real. It is as much a rite of the New York holiday season as sidewalk Santas or crowded Fifth Avenue sidewalks: the proliferation of hawkers selling counterfeit products like the fake Fendi handbag, the replica Rolex watch and the pirated DVD.",Business,Sports
"French captives #39; fate mulled BAGHDAD, Iraq - An Islamic militant group that claimed to have kidnapped two French journalists said it would soon decide their fate, according to a message posted on a Web site Friday, and an Iraqi negotiator called the chance for their release quot;excellent",World,Sports
"Bryant Prosecutors Say Some Data Tainted DENVER - Crucial DNA evidence tested by defense experts in the Kobe Bryant sexual assault case might have been contaminated, prosecutors said in a court filing released Wednesday, just two days before jury selection is to begin. Prosecutors said they had found contamination in DNA ""control"" samples intended to ensure testing was accurate...",World,Sci/Tech
"Accounting body delays rule on expensing options Bowing to corporate pressure, the group that sets standards for the US accounting industry yesterday postponed by six months its plan to force companies to expense employee stock options.",Business,World
Campbell targets City date for Arsenal return Sol Campbell is expected to play for Arsenal #39;s reserves on Monday and could be back in the first team for next weekend #39;s visit to Manchester City.,Sports,Business
"#39;Breakthrough #39; on hydrogen fuel US scientists had made a breakthrough in their quest to make low-cost hydrogen, a technology key to finding new sources of energy to end US dependence on foreign oil, they said.",Sci/Tech,Sports
"Samsung readies Philips #39; near-field communications for cellphones MANHASSET, NY - Philips Electronics and Samsung Electronics have entered into a deal that will enable Samsung to deploy cellular devices using Philips #39; near-field communications chip and technology.",Sci/Tech,Sports
"DaimlerChrysler, Bombardier Settle Dispute German-American automaker DaimlerChrysler and Canadian transportation company Bombardier have settled a dispute over the 2001 sale of railcar maker Adtranz, the companies said in statements Tuesday.",Business,Sports
"Zarqawi group claims attack on Australian soldiers in Baghdad (AFP) AFP - The group loyal to Al-Qaeda-linked militant Abu Mussab al-Zarqawi claimed to have bombed an Australian convoy in Baghdad, in a statement posted on an Islamist website.",World,Business
"Log on to be a satellite spy A Canadian inventor has created Internet-based technology that could soon see regular computer users acting as armchair spies. Vincent Tao, an engineer at Toronto #39;s York University",Sci/Tech,Business
Spawn of X Prize on Horizon Innovators take note: The folks behind the X Prize vow there will soon be more competitions in several disciplines. Also: The da Vinci team presses ahead in Canada.... Rubicon team plans another launch attempt. By Dan Brekke.,Sci/Tech,World
"Soy-Fertility Risk Downplayed (WebMD) Eating a diet rich in soy or taking soy supplements probably won #39;t harm a woman #39;s fertility, according to a new study.",Sci/Tech,World
Coalition asks US Congress to kill copyright bill WASHINGTON - A coalition of technology and advocacy groups on Friday asked the U.S. Senate to kill copyright legislation that might result in jail time for people who trade copyrighted files online.,Sci/Tech,Business
UPDATE 1-Ronaldinho strikes to give Barca win over Milan A brilliant late strike from Ronaldinho gave dominant Barcelona a 2-1 win over AC Milan in an epic Champions League contest at the Nou Camp on Tuesday.,Sports,Business
"Tiny telescope detects a giant planet A tiny telescope has spotted a giant planet circling a faraway star, using a technique that could open a new phase of planetary discovery, scientists say.",Sci/Tech,Sports
Kashmir separatist chief arrested Kashmir separatist leader Syed Ali Shah Geelani is prevented from leading a protest against allleged rapes by an Indian army officer.,World,Sci/Tech
"Early astronaut showed the moon was attainable Gordon Cooper Jr., one of the original seven astronauts who became space pioneers and national celebrities, died Monday at his home in Ventura, Calif.",Sci/Tech,Sports
"US team stumbles Marion Jones, the queen of Sydney who finished those 2000 Olympics with a record five track-and-field medals, ended her next Olympics much differently Friday -- out of medals and in tears.",Sports,Business
"Santander sells stake in Royal Bank of Scotland LONDON, September 9 (New Ratings) - Santander Central Hispano (BSD2.FSE) has indicated that it is selling a 2.51 stake in Royal Bank of Scotland Group Plc, in an attempt to seek regulatory approval to acquire UKs Abbey National Plc.",Business,Sci/Tech
"Google Lowers Its IPO Price Range SAN JOSE, Calif. - In a sign that Google Inc.'s initial public offering isn't as popular as expected, the company lowered its estimated price range to between \$85 and \$95 per share, down from the earlier prediction of \$108 and \$135 per share...",World,Sci/Tech
"Tennis: Canas crushes Novak to reach Shanghai final, faces ... SHANGHAI : Argentina #39;s Guillermo Canas dominated Jiri Novak of the Czech Republic to book his place in the final of the 380,000-dollar ATP Shanghai Open tennis tournament against unheralded German Lars Burgsmuller.",Sports,Sci/Tech
"Science Students Win \$100,000 Prize Description: Siemens Westinghouse announces the winners of its annual competition for high school students in math, science and technology.",Sci/Tech,Sports
"For Guidant, J amp;J #39;s resources sealed the deal After lengthy talks and stiff negotiations over price, the decision by Guidant executives to sell the company for \$25.4 billion came down to the attractiveness of Johnson amp; Johnson #39;s deep resources.",Business,Sports
"Astros 2, Cardinals 1 Jeff Bagwell drove in two runs and Brandon Backe pitched five solid innings to help the Houston Astros gain ground in the NL wild-card race with a 2-1 win over the St.",Sports,Sci/Tech
"Prosecutor Explains Why Spammer Sent to Slammer During my opening statement, I explained to the jury that sending spam by itself is not a crime, but when you masquerade your identity, you violate Virginia #39;s law that took effect in July 2003.",Sci/Tech,Sports
Co-stars nearly steal show IT was a match that didn #39;t run to the script but this is the land where life often imitates the silver screen. And for 64 minutes yesterday the USA Tomahawks were pure Hollywood,Sports,Sci/Tech
Malaysia discovers new bird flu case KUALA LUMPUR - Malaysia discovered new cases of bird flu on Sunday within a quarantine area in northern Malaysia where workers have struggled for a month to eradicate the virus.,World,Sci/Tech
"Music firms reach out to creator of Napster LOS ANGELES As a teenager, Shawn Fanning brought free music to the masses, creating the Napster file-swapping program and unleashing a technological genie that granted the wishes of fans seeking virtually any song at any time - gratis.",Sci/Tech,Business
"Bidding is hot for hotel eyed for condos The Doubletree Guest Suites Hotel in Allston is for sale, and its great views of the Charles River may soon be owned instead of rented nightly.",Business,Sports
Saks announces store closings Saks says shutting down weaker stores will allow the company to focus on its more quot;productive quot; locations and further strengthen its brand.,Business,Sports
Job-Loss Panic Rises in Western Europe (AP) AP - Stephane Zervos first suspected his job was threatened when his bosses removed most of the heavy equipment from the car wheel factory where he'd worked for 24 years.,World,Sports
"Lawyer for Bush Quits Over Links to Kerry's Foes The quick resignation suggests that the Bush campaign, which has repeatedly said it has no ties to the Swift boat veterans group, is eager to put the issue behind it.",World,Sports
"Before-the Bell; Rouse Co. Shares Jump RSE.N jumped before the bell after General Growth Properties Inc. GGP.N, the No. 2 U.S. shopping mall owner, on Friday said it would buy Rouse for \$7.2 billion.",Business,Sci/Tech
"RIAA legal action barely gets a mention SOMETHING INTERESTING HAPPENED in the filesharing world this week, the music industry launched another round of lawsuits against their core user base.",Sci/Tech,Sports
"Hanover Striker Mathis to Return to US Hanover 96 striker Clint Mathis is to return to the United States after only a year in the Bundesliga, the German club said Tuesday.",Sports,Sci/Tech
Casagrande and Golbano out of Vuelta Italy #39;s Francesco Casagrande and Carlos Golbano of Spain have been declared unfit to start the Tour of Spain following pre-race blood tests.,Sports,Sci/Tech
"Pricey Drug Trials Turn Up Few New Blockbusters The \$500 billion drug industry is stumbling badly in its core business of finding new medicines, while aggressively marketing existing drugs.",World,Business
"Stocks Close Higher on Brokerage Earnings NEW YORK - Stocks dashed higher Tuesday as investors welcomed strong earnings from financial services companies, upbeat economic data and some reassuring news from the Federal Reserve. The Fed's decision to raise short-term interest rates by another quarter-percentage point to 1.75 percent did not come as a surprise to the market...",World,Business
"Coca-Cola Makes Very Good #39; Bid to End Probe, EU Says (Update2) Coca-Cola Co. moved closer to settling a five-year European Commission antitrust probe after regulators said an offer from the world #39;s biggest soft-drink maker to revamp its sales practices is very good.",Business,World
"Scientists Discover Ganymede has a Lumpy Interior Jet Propulsion Lab -- Scientists have discovered irregular lumps beneath the icy surface of Jupiter's largest moon, Ganymede. These irregular masses may be rock formations, supported by Ganymede's icy shell for billions of years...",Sci/Tech,Sports
"SpaceShipOne Wins X Prize Scaled Composites #39; SpaceShipOne broke the 100-km barrier for the second time, satisfying the conditions to win the \$10 million X Prize.",Sci/Tech,Sports
"N.Korea called worst for press freedom Media watchdog Reporters Without Borders has labeled North Korea and Cuba the worst countries in terms of press freedom, with Denmark being the best.",World,Sports
"AMD Rolls Out Low-Cost Net Access Device in India US chip maker Advanced Micro Devices AMD.N has unveiled a low-cost Internet access device that could cost just a few hundred dollars, aimed at first-time technology users in the developing world.",Sci/Tech,Business
"GM, Daimler Go Green Oil prices have fallen in recent weeks from record highs, relieving the anxieties of consumers and economists alike. However, OPEC recently signaled that it #39;s not ready for the price of black",Business,Sci/Tech
"New York's Spitzer Expects to Sue Universal Life (Reuters) Reuters - New York Attorney General Eliot\Spitzer, who is probing bid-rigging in the insurance industry,\expects to file suit against health insurance consultant\Universal Life Resources as early as Friday, a spokesman for\his office said.",Business,World
"One billion #39;denied a childhood #39; More than one billion children around the world face a brutal existence because of poverty, war and Aids, the UN children #39;s agency reports.",World,Sports
"Douglas, Fraser, and blue await you Jim McLeod has a great day job, but a seasonal sideline is his #39; #39;tree #39; #39; calling. Throughout the year, he #39;s president and owner of a software company called InfoCode Corp.",Business,Sci/Tech
Holiday-Shopping Season Remains Sluggish (Reuters) Reuters - U.S. shoppers have kept a tight grip\on their wallets this holiday season with indices on Tuesday\showing sluggish sales in the second week of the season.,Business,Sports
"Nintendo to Unveil Handheld Upgrade Facing its biggest threat ever from the arrival of Sony Corp. in the portable video-game machine market, Japanese game-maker Nintendo Co.",Business,Sci/Tech
"Serena sails into final at China Open Though in an unfamiliar city, top seed Serena Williams turned the inaugural China Open WTA tennis tournament into a home court here on Saturday as she stormed into the singles",Sports,World
"UPDATE 2-TD, Banknorth in talks on possible deal Toronto Dominion Bank (TD.TO: Quote, Profile, Research) said on Wednesday that it is in talks with US-based Banknorth Group (BNK.N: Quote, Profile, Research) about a possible deal, in line with the Canadian bank #39;s push for",Business,World
"Africa condemned to major polio epidemic - U.N. (Reuters) Reuters - A major polio epidemic in West and Central Africa is inevitable in coming months, but the disease could be eradicated worldwide next year by mass immunisations, the World Health Organisation (WHO) said on Friday.",World,Sci/Tech
"Hotel workers #39; lockout off for now Employers, union OK 60-day ... Thirty-eight raucous days of picket lines, tough talk and the angst of 4,300 San Francisco hotel workers locked out of their jobs with the holidays nigh were put aside Saturday when negotiators for the hotels and the workers #39; union agreed to a 60-day",Business,Sports
"Jets hit rebel city in payback for hotel raid BAGHDAD: US fighter jets bombed the rebel-held city of Fallujah yesterday, killing at least 10 people, hours after rockets slammed into a Baghdad hotel used by foreign journalists and contractors.",World,Sports
"FCC asks high court to rule on broadband (USATODAY.com) USATODAY.com - The federal government is challenging an appeals court ruling that, officials fear, would stifle the expansion of cable broadband services by burdening the providers with new regulations.",Sci/Tech,Business
AU Issues Deadline to Khartoum and Darfur Rebels ABUJA (Reuters) - The African Union issued a 24-hour deadline to the Sudanese government and Darfur rebels on Friday to end fighting after a massive military build-up in the region over the last two weeks.,World,Business
Bush vows to cut deficit President Bush pledged yesterday to work with Congress to reduce the government #39;s huge budget deficit as a key step in assuring the world that his administration supports a strong dollar.,Business,World
"Toys Will Be Toys Trust me, you don #39;t want to see desperate parents shopping over the holidays. I was at Circuit City (NYSE: CC) last week and saw a mother pleading with a sales clerk for a Nintendo DS portable video game system.",Sci/Tech,Sports
"Low Turnout Sinks Macedonian Bid to Kill Rights Bill SKOPJE (Reuters) - A referendum bid to block a law that gives Macedonia's Albanian minority more rights failed on Sunday, upholding a Western-brokered peace plan which ended ethnic fighting in 2001.",World,Sci/Tech
Econ Edge: The Economic Week President Bush #39;s White House conference on the economy is sure to attract some of the nation #39;s political and economic superstars to Washington this week.,Business,Sports
"Hudson Traded to Braves (Reuters) Reuters - The Atlanta Braves have acquired\standout righthander Tim Hudson from the Oakland Athletics in\exchange for outfielder Charles Thomas, right-handed pitcher\Juan Cruz and left-handed pitcher Dan Meyer.",Sports,Sci/Tech
Beckham Could Quit England After World Cup England captain David Beckham has revealed that he is considering retiring from international football after the 2006 World Cup. The 29-year-old Real Madrid midfielder is keen to preserve his club career for,Sports,World
N Korea crisis talks set to resume A top North Korean official has flagged the resumption of multilateral talks over the country #39;s efforts to develop nuclear weapons.,World,Sci/Tech
"Double dip NEW YORK - Maybe it will seem just mere whistling in the Bronx, these pledges by manager Terry Francona and general manager Theo Epstein even before Boston's 3-1 loss in Game 2 that the Red Sox would somehow find a way to overcome the possible loss of Curt Schilling for the rest of this American League Championship Series because of ...",Sports,Sci/Tech
Merck Pulls Arthritis Drug from Market NEW YORK (Reuters) - Merck Co Inc. MRK.N pulled its arthritis drug Vioxx off the market on Thursday after a study showed it doubled the risk of heart attack and stroke. The move sent the company's shares plunging almost 27 percent and erased \$25 billion of its market value.,Business,Sports
"Broker Downgrades Sink Medtronic CHICAGO (Reuters) - Shares of Medtronic Inc. MDT.N on Thursday sank 7 percent to their lowest level in more than three months after the medical device maker posted weaker-than-expected growth in one of its key business units, sparking at least three broker downgrades.",Business,Sci/Tech
"Nuggets 112, Raptors 106 Carmelo Anthony scored 30 points and Kenyon Martin added 24 points and 16 rebounds, helping the Denver Nuggets hold off the Toronto Raptors 112-106 Wednesday night.",Sports,World
"Delegation Is Delayed Before Reaching Najaf AGHDAD, Iraq, Aug. 17 A delegation of Iraqis was delayed for security reasons today but still intended to visit Najaf to try to convince a rebellious Shiite cleric and his militia to evacuate a shrine in the holy city and end ...",World,Business
webcrawler: A9.com is cool NOW heres something else thats off the mind. Theres no more need to make mental or computer notes while searching the Internet.,Business,Sports
"October Games Provide Moments to Remember FOR all the polls that show how football is now America #39;s most popular game, the Yankees-Red Sox showdown for the American League pennant is this year #39;s sweet reminder that October baseball",Sports,Sci/Tech
"Europe Must Adapt to U.S. View on Terror, NATO Chief Says The head of NATO said there was a critical ""perception gap"" between Europe and the U.S. on the subject of global terror.",World,Sci/Tech
"Greek Orthodox patriarch is accident victim Vatican, Sep. 13 (CWNews.com) - The Greek Orthodox Patriarch Petros VII of Alexandria was killed in a helicopter crash on September 11, along with several other Orthodox prelates, as he traveled to Mount Athos.",World,Business
"Tech Giants Declare, 'United We Stand' Tough times often make for strange bedfellows, and the explosion of viruses, computer worms and spyware programs on the Internet is producing unique alliances among top technology firms. -washingtonpost.com",Sci/Tech,World
"Chinese Mobile Phone Giant to Open Up to 3000 Internet Cafes China #39;s second-largest mobile phone company says it plans to open up to 3,000 Internet cafes by the end of this year. State-controlled China Unicom, which already operates 400 Internet cafes across the country",Sci/Tech,Business
Israelis force down Lufthansa jet Israeli jets force a flight to Tel Aviv to land in Cyprus after a bomb alert German officials did not consider serious.,World,Business
Costa Rica quake A powerful early-morning earthquake in Costa Rica shook presidents and prime ministers from their beds while damaging houses and frightening several people into heart attacks.,World,Sports
"Ramsey, Redskins Come Up A Little Short in First Start Patrick Ramsey can picture each long pass he threw during his first start this season. The five deep throws came on tight spirals that were only a tad off.",Sports,Business
"Scientists: Volcano Monitoring Funds Low (AP) AP - For lack of funds, more than a third of the nation's ""truly dangerous"" volcanos lack even a seismometer for detecting signs of an impending eruption, scientists say.",Sci/Tech,World
"Email this to a friend Print this story Never content with the simple things in life, Microsoft is apparently on a mobile media crusade with the deceptively unassuming announcement of the companies MSN Music service.",Sci/Tech,Business
"Number of Kids on Antidepressants Drops Dramatically NEW YORK (AP) -- The number of children taking antidepressants has dropped dramatically since the Food and Drug Administration cautioned that the drugs can provoke suicidal behavior, according to a study. Pharmacy benefit manager Medco Health Solutions found that the number of children taking antidepressants fell 18 percent in the first quarter and an additional 5 percent in the second quarter...",Sci/Tech,World
"Virgin dips its toe into the Pacific SIR Richard Branson did not disappoint with his stunts yesterday, flying into Sydney to promote his international airline Virgin Atlantic.",Business,Sci/Tech
"CREDIT: Canadian Press, Reuters Gretzky, executive director of Team Canada, says each player should treat tonight #39;s World Cup of Hockey championship game against Finland as quot;one of the greatest nights of their life.",Sports,Sci/Tech
"Feds kick off digital TV consumer campaign WASHINGTON - It #39;s one of the biggest technical changes in television since color TV: the digital transition. And because many Americans remain in the dark about it, federal regulators began an education campaign Monday to enlighten them.",Business,Sports
Wal-Mart Dec. Sales Seen Up 1-3 Pct (Reuters) Reuters - Wal-Mart Stores Inc. said on\Saturday it still expects a 1 percent to 3 percent increase in\December sales at its U.S. stores open at least a year.,Business,Sci/Tech
Symbol Arms Mobile Professionals With New Handheld Symbol Technologies Tuesday launched a line of enterprise-class handheld devices aimed at mobile professionals such as retail managers and supply chain management professionals.,Sci/Tech,Business
"SICK KIDS VS. DISNEY IN #39;PETER PAN #39; DUSTUP It #39;s a story that would make Peter Pan glad that he never grew up. Walt Disney Co. is caught in a feud with a UK children #39;s hospital over the copyright to JM Barrie #39;s classic novel, quot;Peter Pan.",Business,Sci/Tech
"New drug extends multiple sclerosis options 25/11/2004 - The first in a completely new class of drug for multiple sclerosis has been approved in the US, opening up a new avenue of treatment for sufferers of the debilitating diseases and potential blockbuster revenues for developers Elan and Biogen",Business,Sci/Tech
"New housing goals finalized for Fannie, Freddie The US Department of Housing and Urban Development has finalized a rule that will require the nation #39;s two largest housing finance companies to increase their purchase of mortgages for low- and moderate-income families and underserved communities.",Business,Sci/Tech
"Kenyan Laureate Urges Rich Nations to Ratify Kyoto (Reuters) Reuters - Kenya's Nobel Peace Prize winner,\Wangari Maathai, on Monday urged wealthy nations to ratify the\Kyoto protocol on climate change to ease the burden of\pollution on poor countries.",Sci/Tech,Sports
Africa fights AIDS with girl power A bill is currently in Uganda's parliament that would strengthen women's rights.,World,Sports
Civil servants in net porn probe More than 200 staff at the Department of Work and Pensions have been disciplined for downloading porn at work.,Sci/Tech,Sports
"Sun to shine spotlight on new operating system, Solaris 10 Sun Microsystems SUNW is expected to release a new version of its operating system today - a big part of the struggling computer maker #39;s plan to save itself.",Sci/Tech,Business
"Novell ships Desktop Linux for the enterprise NOVELL Inc has announced the availability of the Novell Linux Desktop 9, powered by SuSE Linux. Backed by Novells extensive enterprise-level support, training and consulting services, Novell Linux Desktop",Sci/Tech,Sports
"Right-hander must pass physical Right-hander Matt Clement and the Boston Red Sox agreed Friday to a three-year deal in the \$25 million range, according to a report on MLB.",Sports,Sci/Tech
"Bush shields shrimp industry The Bush administration yesterday said Chinese and Vietnamese shrimp are sold at unfairly low prices in the United States, siding with US fishermen as they try to fend off overseas competition.",Business,World
"Dell takes second shot at blades Two years after launching its first blade server, Dell Inc. on Monday is set to launch a follow-up product: the PowerEdge 855, a server based on Intel Corp.",Sci/Tech,Sports
"Hurricanes soak Knight Ridder #39;s 3Q Knight Ridder Inc., publisher of the Miami Herald and the Philadelphia Inquirer, said third-quarter earnings will miss Wall Street estimates due to the impact of three recent hurricanes on its Florida newspapers.",Business,Sports
Bangkok animal trade talks open The rules controlling the trade in many at-risk wildlife species may change at a Bangkok meeting starting on Saturday. The 166 member states of the Convention on International Trade in Endangered Species of,World,Sports
"Audit finds no fraud in Venezuelan recall vote CARACAS : An audit of last Sunday #39;s recall vote in Venezuela, which favored keeping President Hugo Chavez in office, found no evidence of fraud, as the opposition had charged, electoral officials said.",Business,World
"Afghan court convicts US trio of torture KABUL, Afghanistan -- Three Americans -- led by a former Green Beret who boasted he had Pentagon support -- were found guilty yesterday of torturing Afghans in a private jail and were sentenced to prison.",World,Business
Refugees: Fate of Hundreds Unknown UN officials have been denied permission to check the safety of about 850 migrants deported to Libya from Italy since Friday. The Italian government is flying the migrants to Libya after hundreds landed on,World,Sci/Tech
"Fallujah Assault Traps 50,000 Residents, Party Says (Update2) Tens of thousands of civilians are confined to their houses in Fallujah and may be in need of humanitarian aid as US and Iraqi forces battle insurgents for control of the city, according to Iraq #39;s Islamic Party.",World,Business
Is Mad Cow Disease Back? Reuters is reporting that the US Department of Agriculture (USDA) has a possible second case of mad cow disease in the United States.,Business,World
"Southwest In, AWA Out Of Midway Bidding DECEMBER 10, 2004 -- Southwest Airlines this morning said it will submit a bid to the federal bankruptcy court in Indianapolis today for certain assets of bankrupt ATA Airlines.",Business,Sports
"103 arrests for Internet fraud, related crimes since June: US (AFP) AFP - US authorities arrested at least 103 suspects and filed 117 criminal complaints since June 1 in a crackdown on various forms of online fraud, Attorney General John Ashcroft said.",Sci/Tech,Business
"Howe won #39;t be back in 2005 According to a report on the MSG Network website, New York Mets manager Art Howe will not return as the team #39;s manager for the 2005 season.",Sports,Sci/Tech
Stem Cells Emit Healing Molecules WASHINGTON (AP) -- Embryonic stem cells may not have to actually grow replacement body parts to be useful. New research suggests these cells also secrete healing molecules powerful enough to reverse a lethal birth defect in mice...,Sci/Tech,Sports
"Howard Stern: Serious business for Sirius Shock jock Howard Stern is jumping from radio broadcasting to satellite radio, promising to boost the ratings of the growing medium and bring his show to fans quot;my way.",Business,Sci/Tech
Measures Aim to Stem Middle East Bird Slaughter (Reuters) Reuters - Conservationists launched a\three-year project on Tuesday to protect millions of migrating\birds which are indiscriminately targeted by hunters in North\Africa and the Middle East.,Sci/Tech,Business
"Nobel Economics Prize Awarded Norwegian-born Finn Kydland and Edward Prescott of the United States won the 2004 Nobel\economics prize, the Royal Swedish Academy of Sciences said on Monday.",Business,World
"UK browser claims Phishing victory UK browser business Deepnet Explorer today trumped global competitors Microsofts Internet Explorer, Netscape and Firefox, with the claims that its new Phishing Alarm and enhanced pop-up killer made Deepnet Explorer the first known browser to pass",Sci/Tech,World
"SpaceShipOne's 2nd Shot at X Prize Slated for Monday (SPACE.com) SPACE.com - The second attempt by the rocketplane SpaceShipOne to soar into space and snag \ the #36;10 million Ansari X Prize is planned for Monday, officials announced last \ night.",Sci/Tech,World
"Stunt pilots to save sun dust IT PROMISES to be a scene worthy of a science fiction spectacular. A space probe carrying primordial material scooped from outer space starts to plunge towards our planet. But before it can strike, a helicopter flown by a Hollywood stunt ...",Sci/Tech,Business
"Saturday Essay When in his mid-50s, immigrant Andrew Carnegie sold his steel holdings into a trust headed by JP Morgan in 1901, the Scottish immigrant and former cotton factory bobbin boy left a life of astounding, ground-up capitalism for retirement into philanthropy.",Business,Sports
"CHAMPIONS LEAGUE: Expect a comfortable night for the Highbury boys The Gooners take their first step into European football this season tonight by welcoming Dutch league runners-up, PSV Eindhoven, to Highbury.",Sports,Sci/Tech
"Dow Jones to buy MarketWatch SAN FRANCISCO: MarketWatch Inc, which owns the CBS.MarketWatch.com website, has agreed to be acquired by Dow Jones amp; Co for US\$520mil, ending a month-long bidding war for the online financial news and information provider.",Business,Sci/Tech
Google Stock Falls on Outlook - Analyst NEW YORK/CHICAGO (Reuters) - Shares of Google Inc. fell almost 9 percent on Friday after an analyst forecast a sharp drop in the price over the next 12 months as the Internet search company grows more slowly.,Business,Sci/Tech
"California Official Rules on Gay Marriage SAN FRANCISCO - California's constitution permits laws against gay marriage, the state's attorney general declared Friday in a long-awaited legal opinion that sought to avoid offending either side of the debate. While acknowledging that ""committed and loving relationships between two individuals deserve recognition under California law,"" Attorney General Bill Lockyer said it was up to the voters or the Legislature to decide questions about whether gay couples should be allowed to marry...",World,Business
"Dutch mulling limits on freedom of expression Many Dutch decision-makers wondering whether reactions, particularly criticism of Muslims, did not go too far. By Isabelle Wesselingh - THE HAGUE.",World,Business
Safety Group Closely Echoes Rail Industry Documents show that the nation's most influential rail-safety group is tightly bound to the railroad industry.,World,Sci/Tech
"Judge Threatens to Punish MCI Over Fees It Has Paid The judge who presided over the Securities and Exchange Commission #39;s fraud suit against MCI, the long-distance telephone company, threatened to punish the company yesterday for ignoring his",Business,Sci/Tech
"Russians to see full lunar eclipse Thursday morning MOSCOW, October 28 (Itar-Tass) - People in Russia #39;s European part will have an opportunity to see a full eclipse of the Moon during several hours Thursday morning, said Dr Andrei Finkelshtein, director of the Russian Institute of Applied Astronomy.",Sci/Tech,Business
"James Lawton: In mourning for big fights of Las Vegas En route to Las Vegas for the world heavyweight title fight between Vitali Klitschko and Britain #39;s Danny Williams, there is, inevitably, an old stirring of that anticipation which is familiar to almost anyone who has attended a big fight.",Sports,World
"Camarillo #39;s Homer Lifts Mexico SOUTH WILLIAMSPORT, Pa., Aug. 26 -- Alan Camarillo #39;s first homer of the series came at a perfect time for Mexico. Camarillo hit a three-run homer in the 10th inning on Thursday to propel Guadalupe, Mexico, into",Sports,Sci/Tech
"Supreme Court to Review Inmate Freedom Law (AP) AP - The Supreme Court agreed Tuesday to consider the constitutionality of a federal law that requires state prisons to accommodate inmate religions, from Christianity to Satanism.",World,Sci/Tech
"Oil Surges to New Intraday High in Europe (AP) AP - The price of crude oil surged to a new intraday high of US #36;53.42 in European trade Monday, despite assurances from Middle East oil producers that they were committed to bringing the price down as a strike began in Africa's largest exporter.",World,Business
Drug makers target counterfeits Big pharmaceutical companies are testing new tracking technology they hope will help them spot counterfeit drugs before they reach consumers' medicine cabinets.,Business,Sci/Tech
"No Safe Place for Satellites (SPACE.com) SPACE.com - SAN FRANCISCO -- A pocket of near-Earth space tucked between radiation belts gets flooded with charged particles during massive solar storms, shattering the illusion it was a safe place for satellites.",Sci/Tech,Sports
Panama flooding kills nine people At least nine people - seven of them children - have died in flooding in the capital of Panama. The authorities say at least 13 people are still missing after heavy rainfall caused rivers to break their banks.,World,Sci/Tech
"AMD Launches Low-Cost Web Device Advanced Micro Devices is launching a low-cost Internet access device dubbed quot;PIC, quot; or personal Internet communicator, targeted at first-time computer users in the developing world.",Sci/Tech,Business
"German Finance Professionals Grow Sharply (AP) AP - German finance professionals grew sharply more pessimistic about the country's economic growth outlook, fearing that the euro's record highs against the U.S. dollar will weigh on exports, a monthly survey showed Tuesday.",Business,Sports
"Warrick doubtful for Sunday Cincinnati, OH (Sports Network) - Cincinnati Bengals wide receiver Peter Warrick is doubtful for Sunday #39;s game against Cleveland because of a shin injury.",Sports,Sci/Tech
"When Wireless Networks Merge Now that its \$41 billion takeover of AT T Wireless has been completed, Cingular will spend hundreds of millions of dollars in coming weeks on its advertising campaign.",Sci/Tech,Business
"Target Earns \$537 Million Target Corp. , the No. 2 US discount retailer, on Thursday posted a higher quarterly profit on stronger sales and gains from selling its Mervyn #39;s department store chain, and forecast 2004 would end well.",Business,Sci/Tech
Longhorns face steeper competition against Razorbacks The University of Texas football team is coming off a 65-0 victory over the North Texas Eagles. Texas dominated every facet of the game against the Eagles.,Sports,Sci/Tech
"Bad weather blamed for Indon crash BAD weather was the main cause of an accident which killed 26 people aboard an airplane whose spoiler did not work well, Indonesian investigators said today.",World,Business
"USC, Miami Top BCS Standings, Not Okla. Southern California took the top spot Monday in the season's first Bowl Championship Series standings, and surprisingly Miami is ahead of Oklahoma in a close race for the second spot. Oklahoma is No...",World,Sports
"Kremlin rules out public inquiry on Beslan LONDON President Vladimir Putin of Russia has ruled out a public inquiry into the Beslan school siege and snarled at those who think he should do business with Chechen militants, two British newspapers said Tuesday.",World,Business
"FTSE dips as insurers fall Blue-chip shares have retreated from 28-month highs, with insurer Royal amp; Sun Alliance leading the losers as investors baulk at the potential for further adverse claims from its US business and a rating downgrade.",Business,Sci/Tech
Gazza goes back to school PAUL GASCOIGNE has quit as player-coach at League Two side Boston because he wants to study for a coaching qualification. The 37-year-old former wants to complete the course before trying to get a player-manager role.,Sports,Business
World News: Zimbabwe jails UK #39;coup plotter #39; The British leader of a group of 67 alleged mercenaries accused of plotting a coup in Equatorial Guinea has been sentenced to seven years in jail.,World,Sports
"Nikkei Rises to Highest Close in 4 Weeks TOKYO (Reuters) - Japan's Nikkei share average rose to its highest close in four weeks on Friday as hopes grew for a seasonal year-end rally, spurring buying in a wide-range of issues.",Business,Sports
"Wrigley to Buy Life Savers, Altoids CHICAGO (Reuters) - Wm. Wrigley Jr. Co. WWY.N is buying the Life Savers and Altoids candy and mint businesses from Kraft Foods Inc. KFT.N for \$1.48 billion in cash, the companies said on Monday.",Business,Sci/Tech
"Nations Use Net to Spy, Plot Attacks Ex-Bush Aide (Reuters) Reuters - The world's most advanced\military powers are using the Internet to spy on their enemies\and prepare digital attacks against rogue targets, a leading\cyber security expert said on Friday.",Sci/Tech,World
"New RIAA File-swapping Suits Target Students Fletcher writes quot;The Recording Industry Association of America filed another round of lawsuits against alleged file-swappers, including students on 13 university campuses.",Sci/Tech,World
"Landslides, floods kill nearly 340 in Philippines MARAGUNDON, Philippines -- A powerful rainstorm triggered landslides and flash floods that killed nearly 340 people in the eastern Philippines, officials said yesterday, and rescuers raced to save those stranded in three coastal towns before a typhoon strikes the hard-hit region.",World,Sci/Tech
"Cray promotes two execs Ly-Huong Pham becomes the supercomputer maker's senior vice president of operations, and Peter Ungaro is made senior vice president for sales, marketing and services.",Sci/Tech,Business
"Expansion may lead to division The Asia-Europe Meeting, ASEM, will hold its fifth summit in Hanoi in October amidst a recent crisis over the inclusion of Myanmar.",World,Business
VILLENEUVE ON VERGE OF F1 RETURN Former world champion Jacques Villeneuve is on the verge of a shock return to Formula One with Renault. The Canadian has been out of Formula One since leaving BAR one race before the end of last season but,Sports,Business
Waugh: Shoaib will test Australians Former Australian skipper Steve Waugh says he thinks Shoaib Akhtar will test the home side when it tackles Pakistan at the WACA. Having recently watched Australia end a 35-year hoodoo in India with a 2-1 series,Sports,Sci/Tech
"UK #39;s Diageo gets \$2.26 bln from General Mills sale Britain #39;s Diageo Plc (DGE.L: Quote, Profile, Research) , the world #39;s biggest spirits group raised \$2.26 billion from its sale of 49.",Business,Sports
"Sony group to buy MGM A consortium led by Sony Corp. has agreed in principle to acquire famed Hollywood studio Metro-Goldwyn-Mayer Inc. for nearly \$3 billion, MGM said late yesterday.",Business,Sci/Tech
"Dubois helps Maine top Dartmouth David Dubois scored a game-high 17 points as Maine held on for a 58-52 men's basketball victory over Dartmouth last night at Hanover, N.H.",Sports,Sci/Tech
"SABMiller #39;s China JV in \$154m deal SABMiller, the world #39;s second largest brewer #39;s Chinese joint-venture, China Resources Breweries Limited (CRB) has acquired the Chinese brewing interests of Lion Nathan for an equity value of \$71-million and estimated assumed debt of \$83-million, CRM",Business,Sports
"Putin Signs Up Russia for Kyoto Pact MOSCOW (Reuters) - President Vladimir Putin gave his seal of approval for Russia's crucial backing of the Kyoto Protocol, clearing the way for the U.N. environment pact aimed at curbing global warming to come into force early next year.",World,Sports
"Fake Lycos Screensaver Hides a Keylogger Lycos made headlines during the past several days by distributing a screensaver designed to swamp the sites of those deemed responsible for spam with traffic, in effect giving spammers, at least the companies that bankroll them, a taste of their own",Sci/Tech,World
10 O'Clock News goes interactive BBC One's 10 O'Clock News is launching the first interactive news television bulletin on Tuesday.,Sci/Tech,Sports
"Internet users far from being secure WASHINGTON - Internet users at home are not nearly as safe online as they believe, according to a nationwide inspection by researchers.",Sci/Tech,World
"El Guerrouj, Holmes book spots in Olympic Pantheon Britain #39;s Kelly Holmes and Morocco #39;s Hicham El Guerrouj earned their places among Olympic athletic legends here on Saturday as they won their second golds of the Games.",Sports,World
"Invasion of the Data Snatchers (washingtonpost.com) washingtonpost.com - Think your PC is safe? Think again. A new study indicates your home computer is likely bogged down with spyware, viruses and other scourges wrought by hackers and PC pranksters. Ignorance may be bliss for some people, but for computer users, not knowing can be costly and inefficient.",Sci/Tech,Business
"Milosevic Startled: No Applause It was to have been Slobodan Milosevic #39;s day of dignity, the day on which the former Serbian leader would, with certain drama, lay out his defense strategy in his trial",World,Sports
"Game Daze: #39;Grand Theft Auto: San Andreas, #39; #39;Midway Arcade ... It #39;s violent. It #39;s profane and politically incorrect. It #39;s packed wall to wall with tough thugs doing terrible things.",Sci/Tech,Sports
"Internet pioneer closes Manitoba pharmacy; blames dollar, uncertain climate (Canadian Press) Canadian Press - WINNIPEG (CP) - Just one year ago, Mark Rzepka was opening a #36;1-million Internet pharmacy in the small Manitoba town of Niverville believing he would be able to quadruple his staff within 12 months.",World,Sci/Tech
Trump's Casinos File for Bankruptcy PHILADELPHIA (Reuters) - Donald Trump's casino operations filed for bankruptcy Sunday in a long-expected move that would allow the real estate maverick to restructure the company's debt and overhaul its aging casinos.,Business,World
"#39;We walk a fine line, #39; says the boss whose airline tripped up After one of the most embarrassing weeks in British Airways #39; history, the recriminations begin tomorrow. Rod Eddington, the airline #39;s gregarious Australian chief executive, says he will mount a full investigation",Business,Sports
"Ofcom's review of telecoms due this week Analysis That'll be the circus in town, then",Sci/Tech,Business
Wenger keep tabs on SWP Arsenal boss Arsene Wenger has upped the stakes ahead of Saturday #39;s clash against Manchester City by claiming he would love to sign Shaun-Wright Phillips.,Sports,Business
"The Kid Stays in His Home, Dressed in PJ's, With a Live Mike Robert Evans, the fabled Hollywood producer and man about town, will be enjoying his latest gig, as a satellite radio talk-show host, from the comfort of his home.",Sci/Tech,Sports
"Top Court Upholds Visa, MasterCard Ruling WASHINGTON (Reuters) - The Supreme Court on Monday let stand a ruling that the Visa and MasterCard credit card associations violated federal antitrust law by barring their member banks from issuing credit and charge cards on the rival networks of American Express Co. AXP.N and Morgan Stanley. MWD.N.",Business,Sci/Tech
"It's Inauguration Time Again, and Access Still Has Its Price President Bush's inaugural committee, seeking to raise more than \$40 million, a record, sent out hundreds of solicitations.",World,Sports
"Ghostzapper Has Speed to Burn GRAND PRAIRIE, Tex.The most brilliant American racehorse in years has labored in relative obscurity until now. But when he runs Saturday in the Breeders' Cup Classic at Lone Star Park, Ghostzapper can demonstrate his talent to the world and, quite possibly, win the horse-of-the-year...",Sports,World
"Bayern rallies to draw with Stuttgart, keep Bundesliga lead Paolo Guerrero scored the equalizer and set up another goal to allow Bayern Munich to spend the winter break in first place in the Bundesliga with a 2-2 draw against Stuttgart on Saturday.",Sports,Sci/Tech
"GM May Close Plant in Europe DETROIT (Reuters) - General Motors Corp. GM.N will likely cut some jobs in Europe and may close a plant there as part of a restructuring plan under development to try to return the region to profitability, the U.S. automaker said on Wednesday.",Business,Sci/Tech
Cellphone Industry Hits Snag as It Woos Untapped Market The mobile phone industry is turning its attention to the last untapped demographic - people over 65.,World,Business
We have to learn to be patient on Indian pitches: Smith (AFP) AFP - South African skipper Graeme Smith said his team had to learn to be patient on slow pitches if they hoped to do well in an upcoming two-Test series against India.,World,Business
"Monday Fortune Business Report Monday #39;s opening levels are: The Dow opens at 9,757.81, lower by 107.95. The Nasdaq starts the day at 1,915.14, lower by 38.48 .",Business,Sci/Tech
Cisco tightens security on voice products Cisco Systems announces an upgrade to its CallManager software to improve security on its IP telephony gear.,Sci/Tech,Business
"UPDATE 4-New York #39;s Spitzer charges Universal Life with fraud New York Attorney General Eliot Spitzer on Friday filed suit against Universal Life Resources (ULR), charging the life and disability insurance broker with taking fraudulent kick-backs for steering business to certain insurers",Business,World
"Unskilled jobs to go There will be no jobs for unskilled workers in Britain within 10 years, the leading employers #39; organisation claims today. The prediction is based on the growth in",Business,World
Insurers Eye Ivan the Terrible How will companies and investors fare if the storm spawns moderate damage?,Business,Sci/Tech
Safin Clinches Third Paris Masters PARIS (Reuters) - Marat Safin won the Paris Masters for a record-equaling third time when he beat Czech qualifier Radek Stepanek 6-3 7-6 6-3 on Sunday.,Sports,World
"Chile's Lagos Receives Torture Commission Report By Ignacio Badal SANTIAGO, Chile (Reuters) - Chilean President Ricardo Lagosreceived a chilling report on Wednesday from a governmentcommission that interviewed more than 30,000 victims tochronicle for the first time the systematic use of tortureduring Augusto Pinochet's 1973-1990 dictatorship.",World,Sci/Tech
VoIP becomes new option Jackson is one of the first to take advantage of Time Warner Cable #39;s new venture into Voice over Internet Provider (VoIP) telephone service here and she says it works great.,Business,Sci/Tech
"Earthquakes Shake Central Japan; Bullet Train Resumed (Update4) A series of earthquakes shook central Japan in Niigata prefecture, where quakes that began last month have killed more than 30 people.",World,Business
US mounts fresh attack on Taliban The US-led militarycoalition in Afghanistan has beguna big offensive against militants loyal to the ousted Taliban regime in an attempt to quash any attempt to disrupt parliamentary elections next spring.,World,Business
"Dominant US captures gold with 79th straight win The US softball team completed its scorched-earth run through the Olympics on Monday with a 5-1 win over Australia, America #39;s third straight gold medal.",Sports,Business
"Labor: Anti-Peres meetings scheduled for Sunday Labor members have scheduled two #39;rebel #39; anti-Peres conferences for Sunday, one to be headed by MK Matan Vilnai and the second by MK Binyamin Ben-Eliezer.",World,Sci/Tech
"Cricket-Lillee a victim of generational change, says spin guru MELBOURNE, Australia (AFP) - Cricket Australia said it was better off hiring full-time coaches than employing bowling great Dennis Lillee, who has abruptly ended his long coaching involvement with the body.",Sports,Business
"Silva's Party Could Lose Sao Paulo Control President Luiz Inacio Lula da Silva's leftist Worker's Party appears set to lose control of South America's biggest city, Sao Paulo, with polls showing voters will replace the mayor with the man who lost the presidential election to Silva two years ago.",World,Sci/Tech
"Sun to enter content switch market Sun Microsystems Inc. plans later this month to unveil its first ever content switch: a load-balancing and SSL (Secure Sockets Layer) acceleration switch based on the Nauticus N2000 products that the Santa Clara, California, company acquired in January of this year.",Sci/Tech,Business
"Wall St.'s Nest Egg - the Housing Sector NEW YORK (Reuters) - If there were any doubts that we're still living in the era of the stay-at-home economy, the rows of empty seats at the Athens Olympics should help erase them.",Business,Sports
"=== Houston re-signs Vizcaino to one-year contract === Houston, TX (Sports Network) - The Houston Astros re-signed free agent infielder Jose Vizcaino to a one-year contract on Friday. Vizcaino appeared in 138 games for the Astros in 2004, his fourth season with",Sports,Sci/Tech
BT sells off stake in Eutelsat BRITISH Telecom today announced the sale of its stake in one of the worlds largest satellite companies for 363 million. The telecoms giant said it was offloading its 15.8 per cent holding in Paris-based,Business,Sports
Irish Union Airs Fears Over Natl Australia Bank Units DUBLIN (Dow Jones)--Ireland #39;s banking union said Monday it #39;ll write to the Irish Competition Authority and European Commission expressing concern over the prospective sell-off of National Australia Bank Ltd.,Business,Sports
"Report: Gretzky pondering a move to coaching Mesa, AZ (Sports Network) - Phoenix Coyotes managing partner Wayne Gretzky is considering a move into the coaching ranks, according to a published report.",Sports,Sci/Tech
"Cingular, AT amp;T deal gets an OK from Justice (USATODAY.com) USATODAY.com - Justice Department antitrust regulators cleared the way Monday for Cingular Wireless' #36;41 billion acquisition of AT amp;T Wireless Services (AWE), a crucial step toward creating the nation's largest wireless telephone company.",Sci/Tech,Business
Singletary shuffles into winner #39;s circle It is the best story of the Breeders #39; Cup World Thoroughbred Championships at Lone Star Park. A partnership puts together an ownership group to buy and race thoroughbreds.,Sports,Sci/Tech
Mariners riding the Ichiro wave Ichiro Suzuki singled three times last night to etch out a spot in history and to send the Toronto Blue Jays a little deeper into oblivion.,Sports,Sci/Tech
Qwest: The end of the beginning Thursday #39;s agreement between Qwest Communications and federal regulator settles allegations of quot;massive financial fraud quot; at a price of \$250 million.,Business,Sci/Tech
Tremor shook Japan At least 14 people sustained injuries when a strong earthquake with a preliminary magnitude of 7.1 hit a sparsely populated area of Japan #39;s northernmost main island of Hokkaido.,World,Sci/Tech
"Core intermediate goods prices #39; rise fastest in nine years WASHINGTON (CBS.MW) -- Prices of US wholesale goods and services fell 0.1 percent in August, the Labor Department said Friday. The core producer price index -- adjusted to exclude food and energy goods -- also fell 0.1 percent.",Business,Sports
"Social Security Reform a Boon for Funds? NEW YORK (Reuters) - The bonanza many believe President Bush has handed the mutual fund industry with his plans to reform Social Security may be a mirage, industry leaders said on Friday.",Business,Sci/Tech
"Embattled Mortgage Giant Agrees to Meet New Standards Fannie Mae agreed to keep more cash on hand while it corrects accounting problems, a U.S. regulator said.",World,Sci/Tech
"Pakistan says to give extra security to Chinese Pakistan will provide extra security to the Chinese working in the country and pursue a former Guantanamo Bay inmate who masterminded the abduction of two Chinese engineers, the interior minister said on Saturday.",World,Business
"Court Weighs Legal Rights of Mich. Poor (AP) AP - With backing from two-fifths of all states, Michigan asked the Supreme Court on Monday to whether a state can refuse to pay for appeals by indigent defendants who plead guilty to crimes.",World,Business
"Eritreans deported by Libya hijack a plane KHARTOUM, Sudan -- Armed with knives, Eritrean deportees hijacked a plane that left Libya carrying about 80 fellow Eritreans and forced it to land yesterday in the Sudanese capital before surrendering to security forces, officials said.",World,Sci/Tech
"Is Google News Biased? Google News tends to favor news stories with a conservative bias, according to new media observer J.D. Lasica, a claim which Google denies.",Sci/Tech,Business
"Pacifist Japan boosts #39;self-defence #39; measures After almost 60 years of pacifism, Japan today overhauled its defence policy; easing an arms exports ban and singling out North Korea and China as security threats.",World,Sports
Xstrata in new bid for mines firm Swiss firm Xstrata relaunches a takeover bid for Australian mining company WMC Resources by appealing directly to its shareholders.,Business,Sci/Tech
"#39;Miracle in mud #39; as four pulled alive from Philippine disaster REAL, Philippines (AFP) - Philippine rescuers were frantically digging for more survivors after four people, including a toddler, were pulled alive from a building crushed by a landslide 11 days ago.",World,Sports
"Gold Indian Coin Expected to Fetch #36;27,000 (Reuters) Reuters - An Indian gold coin which is nearly\1,900 years old and shows one of the earliest depictions of\Buddha is to be sold at auction where it is expected to fetch\up to 15,000 pounds ( #36;27,000).",Sci/Tech,Business
Israeli Tanks Surge Into Gaza Refugee Camp -Witnesses GAZA (Reuters) - A column of Israeli tanks surged into the heart of the Jabalya refugee camp in the northern Gaza Strip on Thursday as the army broadened its sweep for militants behind a deadly rocket attack on an Israeli town.,World,Business
"Sea-Level Rise Gives Clue to Big Chill A sudden influx of freshwater from North America's ancient Lake Agassiz to the North Atlantic 8,200 years ago triggered a precipitous cooling of the region, scientists believe. Now they are trying to predict if and when a similar scenario might happen again.",Sci/Tech,Business
"Belarus Bank Denies Money Laundering Charge A bank in Belarus has denied US charges that it laundered money for former Iraqi leader Saddam Hussein. Infobank, in a statement, said it has strictly followed international agreements related to the fight against illegal transactions.",Business,Sports
A.I.G. Will Accept Monitor and Pay \$80 Million to Close Inquiries The insurance company has agreed to pay about \$80 million to settle investigations into insurance sales that were used by companies to manipulate their earnings.,Business,Sci/Tech
Panama pardons Castro 'plotters' Four men accused of planning to kill Cuba's Fidel Castro have been pardoned by Panama's president.,World,Sports
"GM trims earnings projection for year Kicking off what promises to be a dismal round of automotive earnings reports, General Motors yesterday laid out a range of problems that have no ready solutions, from the slowdown in auto-sales growth in China and record-high steel costs to intractable",Business,Sci/Tech
"#NAME? In what seems to be one of the more bizarre and confusing aspects of the unholy alliance between Sun and Microsoft, Sun #39;s recent 10k filingincludes previously unseen legalese from the settlement agreement.",Sci/Tech,Sports
Perry OKs money for APS as more accusations arise The state #39;s Adult Protective Services agency will get an emergency infusion of \$10 million to correct the kinds of problems that have arisen in El Paso.,Business,Sports
Drive maker files counterclaims in patent suit Cornice blasts Seagate's suit over patents for tiny hard drives used in portable gadgets.,Sci/Tech,Sports
Cosatu Delegation Sent Home in Minibus A 12-member delegation of the Congress of South African Trade Unions (Cosatu) was deported early yesterday after being driven to Beitbridge overnight in a minibus.,World,Business
Harry Flies Home after #39;Kidnap Plot #39; Claims Prince Harry flew back to the UK from Argentina today amid reports of a plot to kidnap him. Local media said that gunshots had been heard at a polo ranch where he was working.,World,Sports
"Delta #39;s Aborted Crash Landing If you #39;ve ever been in an airplane that has to abort a landing, you know that it is a completely hair-raising, disorienting experience.",Business,Sports
Supercomputing at your fingertips Machines that only a few years ago seemed to be the stuff of fantasy are slowly but surely reaching the mainstream. Photos: IBM's Blue Gene/L Photos: Barcelona's big blade,Sci/Tech,Sports
Allies discuss early revival of 6-way talks Washington #39;s top nuclear negotiator arrived in Seoul yesterday from China to brainstorm ways to jump-start the stalled six-nation disarmament talks on the North Korean nuclear standoff.,World,Sports
"Lehman May Settle Over Enron NEW YORK, Sept. 23 -- Investment banking firm Lehman Brothers Holdings Inc. is nearing an agreement to pay approximately \$200 million to settle a shareholder lawsuit over its work for bankrupt energy trader Enron Corp., sources familiar with the case said.",Business,Sci/Tech
The reforms that Putin announced Russian President Vladimir Putin has announced a series of measures to strengthen central state powers following the hostage-taking at Beslan when more than 300 people died.,World,Business
AIG #39;s War of Words with Watchdogs America #39;s largest insurer is in hot water again with regulators. American International Group (AIG ) said on Oct. 4 that officials at the Securities amp; Exchange Commission and the Justice Dept.,Business,Sci/Tech
"French Trial Watches Bomb Plot Surveillance Tape (Reuters) Reuters - A Paris court watched on Friday a\surveillance video shot by Islamic militants plotting to bomb a\Strasbourg market, in which a commentator brands the French\city a modern-day Babylon whose residents would go to hell.",World,Business
"Skulls Trojan keelhauls Symbian phones Users with Symbian-based mobile phones have been hit by malicious code that disables smartphone features. Skulls, a Trojan horse program that poses as gaming software, is one of the first examples of malicious code to successfully infect mobiles.",Sci/Tech,World
"Credit Card Delinquencies at a 4-Year Low NEW YORK (Reuters) - Americans paid their credit card bills on time at a record high level in June, sending credit card delinquencies to their lowest level in four years, Moody's Investors Service said on Monday.",Business,Sci/Tech
"Ford underlines committed to motorsport. Despite confirming the successful sale of both Jaguar Racing and its Cosworth engine company to new owners, Ford Motor Company has stressed that it remains committed to supporting motorsport at all levels.",Sports,Business
US moves on to final round The United States national soccer team revealed both its immediate and long-term future in a 6-0 victory over Panama last night.,Sports,Business
"Dutch security reviewed on threat THE HAGUE, Netherlands - The government vowed tough measures yesterday against what a leading politician called quot;the arrival of jihad in the Netherlands quot; after a death threat to a Dutch lawmaker was found pinned with a knife to the body of a slain",World,Sci/Tech
"Inheriting Aura From Woods, the New King of Golf Is a Lion Vijay Singh has a golf swing to envy, even when fooling around. A few days ago on the driving range at the Tour Championship, Singh grabbed Steve Flesch #39;s golf clubs.",Sports,Sci/Tech
"Intuit gets deeper into IT, revamps Quicken The software maker adds a network management application. It also updates its Quicken personal-finance software.",Sci/Tech,Business
