text,Actual Class,Predicted Class
"Paris Tourists Search for Key to 'Da Vinci Code' (Reuters) Reuters - A funny thing happened on the way to the\Mona Lisa. Visitors to the Louvre museum in Paris, home of the\world's most famous painting, started quizzing tour guides\about Dan Brown's best-selling novel ""The Da Vinci Code.""",World,Sci/Tech
"Net firms: Don't tax VoIP The Spanish-American War is over and a ""temporary"" tax created to pay for it should not be extended to Internet phone calls, industry groups tell the IRS",Sci/Tech,Business
Chavez rejects CD as opposition Venezuela #39;s President Hugo Chavez has announced that he will no longer recognize the Democratic Coordination or CD as the opposition coalition.,Business,World
"Selling Houston Warts and All, Especially Warts Descriptions of urban afflictions and images of giant mosquitoes and cockroaches to convey a sense of how Houston is nevertheless beloved by many residents.",Business,World
"Ramirez should be taking it to heart When it comes down to this, when it's worse than you could have possibly imagined, if you are any kind of ballplayer at all, you look within and ask yourself what you can do to make it better.",Sports,Sci/Tech
"Google #39;s New PC Search Tool Poses Risks NEW YORK Oct. 18, 2004 - People who use public or workplace computers for e-mail, instant messaging and Web searching have a new privacy risk to worry about: Google #39;s free new tool that indexes a PC #39;s contents for quickly locating data.",Business,Sci/Tech
"At Last, Success on the Road for Lions The Detroit Lions went three full seasons without winning an away game, setting an NFL record for road futility. They ended that ignominious streak Sunday in their first opportunity of the season, beating the Chicago Bears 20-16 at Soldier Field...",World,Sports
"Signing of Teenage Racer Raises Questions (AP) AP - Next October, Chase Austin will finally be old enough to drive to the grocery store by himself. By then, though, he'll also have a full season of stock car racing under his belt.",Sports,Sci/Tech
"Thailand Shows No Easy War Against Wildlife Crime (Reuters) Reuters - With an AK-47 assault rifle slung over\his shoulder, Sompong Prajobjan roamed one of Thailand's lush\national parks for more than a decade.",Sci/Tech,World
"Gap, Wild Planet Get Together on Radio Sweatshirt NEW YORK (Reuters) - Wild Planet, a toy maker known for its spy gear and adventure gadgets, said on Wednesday it was teaming up with clothing retailer Gap Inc GPS.N to sell sweatshirts with FM radios built in at GapKids stores.",Sci/Tech,Business
Megawati kicks off 36th ASEAN economic meeting JAKARTA (Agencies): President Megawati Soekarnoputri opened high-level economic talks between members of the Association of Southeast Asian Nations (ASEAN) on Friday with a warning to ASEAN leaders that they must stay the course on their agreed,Business,World
"Desert turns into Parks place Annika Sorenstam may be the reigning queen of the LPGA Tour, but its Grace Park who seems to be royalty in the desert these days.",Sports,World
"Barrichello Wins Chinese Grand Prix SHANGHAI, China - Rubens Barrichello won the inaugural Chinese Grand Prix on Sunday, taking advantage of Formula One champion Michael Schumacher #39;s disastrous weekend and outlasting runner-up Jenson Button by just over a second.",Sports,World
"Software revenue pushes up Oracle #39;s Q2 earnings Oracle Corp. reported second-quarter 2005 earnings that beat analyst expectations on Monday, thanks to new software revenue and continued gains from license updates and product support.",Business,Sci/Tech
"Opportunity Rings (Forbes.com) Forbes.com - This past summer 25,000 consumers, aged 18 to 24, received short text messages on their cell phones alerting them to numbers on 225 million bottle caps of Snapple iced tea, pink lemonade and the like. People holding a winning number, announced by text message and traditional media, landed overseas trips and walk-on parts on TV shows.",Sci/Tech,Business
US edge out Brazil for gold The United States beat Brazil 2-1 in extra time to win the women's Olympic football tournament.,World,Sports
Microsoft Storms India Microsoft is making big news in India this week by expanding its Hyderabad campus and signing two lucrative deals in Asias fourth largest economy.,Business,Sci/Tech
Panel Urges N.Y. to Pay \$14 Billion More for City Schools Court-appointed referees recommended the state pay an additional \$14 billion over four years to improve New York City schools.,World,Business
APEC Ministers Urge New Effort on Trade Talks Pacific Rim trading nations said on Wednesday they should pool their influence to energize talks to free up world trade. As trade and foreign ministers from the 21-member Asia-Pacific,World,Business
"National Geographic Photo Camps Give Kids New Views In New York, San Francisco, and Washington, D.C., National Geographic's Photo Camps this summer paired underprivileged students with seasoned photogropaphers. With photo gallery.",Sci/Tech,World
Cricket: Dubai global academy The International Cricket Council are to open a global cricket academy designed to improve standards of lesser nations.,World,Sports
"Oreskes Named Times Deputy Managing Editor The New York Times has appointed Michael Oreskes, who directed much of the newspaper #39;s coverage of the Clinton-Lewinsky scandal, to deputy managing editor.",Business,World
Oil Companies In Nigeria Say They Won #39;t Give In To Threats Major oil companies operating in Nigeria #39;s oil-rich southern region say they will not give in to threats of attacks on their facilities and employees by militias.,World,Business
Live: Olympics day four Richard Faulds and Stephen Parry are going for gold for Great Britain on day four in Athens.,World,Sports
"Study: Wrecks Jump 3 Days After Terrorism Fatal traffic accidents increase sharply in Israel on the third day after a terrorist attack, and researchers are searching for an explanation why.",Sci/Tech,World
Microsoft to hire hundreds in India Microsoft on Tuesday announced its decision to localise Windows and Office software in 14 Indian languages over the next 12 months and that the company would hire #39;hundreds #39; in India this year.,Business,Sci/Tech
"General Assembly committee opens two-day debate on anti-cloning ... The UN General Assembly #39;s legal committee begins a two-day debate today that will focus on the contentious issue. There is support among member states for a treaty banning human cloning, but divisions remain",Sci/Tech,World
14 Nations to Participate in Plan to Reduce Methane Thirteen countries agreed yesterday to join a global plan proposed by the Bush administration to curb methane emissions by capturing the greenhouse gas and using it as an energy source before it is released into the atmosphere.,Sci/Tech,Business
"Eagles Bring Back Levens; Place Andrews on IR (Reuters) Reuters - The Philadelphia Eagles\made several roster moves on Tuesday, including bringing back\Dorsey Levens and placing Shawn Andrews on injured reserve.",Sports,World
"American Economist Expected to Win Nobel (AP) AP - Americans have dominated the annual Nobel Memorial Prize in Economic Sciences five years running, and it may not surprise Nobel watchers if the trend continues.",Business,Sci/Tech
"The C.E.O. Vanishes, and Other Mysteries Why did PeopleSoft, in the midst of a takeover fight with Oracle, fire its chief executive and president? Who knows? And that's a problem.",Sci/Tech,Business
"Motorola Quarterly Earnings Rise Motorola Inc., the world's No. 2 maker of cell phones, on Tuesday said its quarterly profit\more than tripled, as sales rose 26 percent, driven in part by a host of new handset models and cost controls.",Sci/Tech,Business
Toile Gets A Makeover The traditional pattern shakes its fussy image as designers give it a new look,Business,Sci/Tech
"World briefs LONDON - A man wielding a machete and a knife attacked two security guards at the building housing the headquarters of the British domestic intelligence service MI5 on Friday, police said.",Business,World
"DHS faces IT management challenge, GAO says A quot;formidable information and technology management challenge quot; faces the Homeland Security Department, according a report released today by the Government Accountability Office.",Sci/Tech,World
"Get Real? This time last week, first lady Laura Bush was having what she might call her Christmas Tree Day. First, she showed off the decorated executive mansion to reporters and then joined her husband",Business,Sports
"Alaska #39;s summer tourism pegged at 1.4 million visitors The number of summer visitors to Alaska rose from the year before, prompting the president of the Alaska Travel Industry Association to say tourism appeared to be back on track since leveling off after the 2001 terrorist attacks.",Business,World
"Stocks Climb on Strong Economic Data NEW YORK - Newly optimistic investors sent stocks sharply higher Friday, propelling the Dow Jones industrials up more than 100 points, after economic data showed strength in manufacturing and construction. Wall Street greeted the departure of PeopleSoft Inc.'s chief executive by buying up technology shares...",World,Business
"Link Between Migraine, Endometriosis Found There #39;s evidence of a possible link between endometriosis and migraine, says an Italian study in the latest issue of Human Reproduction.",Sci/Tech,World
US Bells Do Video on Path Blazed by Small Telcos The three largest US local telephone corporations made a splash this summer with plans to sell video services on their voice and data lines in a few years.,Business,Sci/Tech
"McCain again opposes the president Global warming needs more attention, according to John McCain, and President Bush needs to lead the way. I listened to some of the hearings on this subject this week, and I must say the people testifying are",Sci/Tech,World
"Forecasters: More Hurricanes May Be on Way Ivan, Frances and Charley delivered three staggering blows to the Gulf Coast and Florida, as well as Caribbean island nations, all in just five weeks.",Sci/Tech,Business
Will Hutton There were two stories last week that will have world-shaping implications. The first was in a Paris hospital and a compound in Ramallah.,Business,World
"Lazard adversaries edge closer to a deal Bruce Wasserstein, head of Lazard, could reach an agreement as early as this week with Michel David-Weill, the chairman, extending the deadline for",Business,World
"Sony, IBM, Toshiba Give Details of 'Cell' Chip (Reuters) Reuters - IBM , Sony Corp. (6758.T) and\Toshiba Corp. (6502.T) on Monday revealed their plans for the\powerful new ""Cell"" processor the three are jointly producing\to run next-generation computers, game consoles and\televisions.",Business,Sci/Tech
"At Tuesday #39;s midnight hour, you #39;ll find a meteor shower While walking the pooch in the crisp early morning air Wednesday, you might hear a few snaps, perhaps a buzz, and maybe even some whistles overhead.",Sci/Tech,Sports
"Soldiers' War Blogs Detail Life in Iraq Iraq war blogs are as varied as the soldiers who write them. Some sites feature practical news, war pictures and advice. Some are overtly political, with more slanting to the right than to the left. Some question the war, some cheer it.",Sci/Tech,World
"Selig Welcomes Government Help In Steroids Scandal NEW YORK -- Baseball commissioner Bud Selig said Monday he would accept government intervention on steroid testing if the players #39; association refuses to change the current rules, which run for two more years.",Sports,World
"Blockbuster Cuts Online Price, Challenges Netflix (Reuters) Reuters - Video chain Blockbuster Inc on\Friday said it would lower the price of its online DVD rentals\to undercut a similar move by Netflix Inc. that sparked a stock\a sell-off of both companies' shares.",Sci/Tech,Business
"Broadcaster Donates #36;325,000 to GOP (AP) AP - One of the state's biggest broadcasters has given 13 Republican county committees #36;325,000 worth of free air time to promote candidates on its radio and television stations throughout California.",World,Sci/Tech
"Storage, servers bruise HP earnings update Earnings per share rise compared with a year ago, but company misses analysts' expectations by a long shot.",Sci/Tech,Business
"Microsoft Launches New Media Center PC Microsoft Corp. MSFT.O on Tuesday unveiled a new version of its Windows XP Media Center, adding features such as instant messaging and high-definition television to a personal computer designed for the living room.",Business,Sci/Tech
"Former Dire Straits Front Man Uses AMD Opteron for New Album Mark Knopfler, the former lead guitarist and singer for Dire Straits, has recorded his new quot;Shangri-La quot; album on a dual AMD Opteron processor-based digital audio workstation.",Sci/Tech,World
"U.N. Urges Funds to Curb African Locusts (AP) AP - With swarms of locusts threatening crops in a number of African countries, a U.N. agency appealed for an additional #36;70 million in assistance Thursday to prevent the upsurge from becoming a full-scale plague.",Sci/Tech,World
"The Bag of Aeolus quot;Aeolus was keeper of the winds. He gave a bag of evil winds to Odysseus, instructing him to keep it closed while a good breeze wafted him home.",World,Business
"State, drug chains reach agreement The state of Maine, Rite Aid Corp., and Community Pharmacy LP have agreed to a consent decree placing conditions on the sale of five Community Pharmacy stores to Rite Aid.",Business,World
Regulators Approve Artificial Heart The Food and Drug Administration approved the use of an artificial heart made by SynCardia Systems as a temporary device for people awaiting transplants.,Sci/Tech,Business
"Mexico Migrant Smugglers Turning to Sea (AP) AP - Migrant smugglers are skirting heightened security along the border by using small boats to shuttle people from the under-supervised Baja coast into Southern California marinas and harbors, already jammed with legal commercial ships and pleasure boat traffic.",World,Sci/Tech
"Guilty Plea Seen in Computer Associates Case Steven Woghin, the former general counsel of Computer Associates, will plead guilty to criminal charges.",Business,Sci/Tech
"Microsoft Settles Novell Antitrust Suit (Reuters) Reuters - Microsoft Corp. said\on Monday it agreed to settle antitrust lawsuits with Novell\Inc. and an industry trade group, marking the end of a\decade-long antitrust battle.",Business,Sci/Tech
"Intel Cancels Plan to Enter Digital TV Chip Market SAN FRANCISCO (Reuters) - Intel Corp. INTC.O on Thursday said it has scrapped plan to enter the digital television chip business, marking a major retreat from its push into consumer electronics.",Sci/Tech,Business
"Sun posts narrower quarterly loss OCTOBER 14, 2004 (REUTERS) - SAN FRANCISCO -- Sun Microsystems Inc. today posted a narrower quarterly loss as revenue rose year over year for the second consecutive quarter after three years of declines, sending shares slightly higher.",Sci/Tech,Business
"TheStreet.com May Be Up for Sale -- Report (Reuters) Reuters - TheStreet.com Inc. , the\financial news and commentary Web site, may be up for sale,\according to a report in Business Week, sparking a 7 percent\rise in its shares.",Sci/Tech,Business
"India test-fires missile NEW DELHI, Nov 26: India on Friday test fired Akash, the indigenously developed surface-to-air missile from the Integrated Test Range at Chandipur-on-sea, about 14km from Balasore (Orissa).",World,Business
Closing Arguments In Enron Barge Trial Houston -- Prosecutors claim six executives conspired to push through a 1999 sham sale of barges because they didn #39;t think they #39;d get caught.,Business,Sports
"Semiconductor Manufacturing to Boost Capacity by Half (Update2) Semiconductor Manufacturing International Corp., China #39;s biggest supplier of made-to-order chips, said its factory capacity will rise by more than half in the second half as the company brings more plants on line.",Sci/Tech,Business
Mass. court denies new trial for convict BOSTON -- The state appeals court on Thursday declined to allow a new trial for a father convicted of beating a man to death at their sons #39; hockey practice.,Sports,World
Indonesian diplomats asked to help improve RI #39;s bad image JAKARTA (Antara): President Susilo Yudhoyono asked Indonesian diplomats on Monday to help the government improve Indonesia #39;s bad image.,Business,World
"Plus: Cendant reported to buy Ebookers SAN FRANCISCO (CBS.MW) -- Not only did the word quot;blog quot; enter Merriam-Webster #39;s dictionary this year, but Microsoft is getting on the personalized e-journal bandwagon.",Sci/Tech,Business
System glitch hits HSBC A glitch leaves customers of HSBC bank unable to use its internet services as well as cash machines.,Sci/Tech,Business
Rumours surround Google browser The search giant Google is rumoured to be working on its own web browser.,Business,Sci/Tech
Take Two Torts and Call Me in the Morning The friction that sometimes strains the patient-doctor relationship when lawyers seek medical care is at an all-time high.,Sci/Tech,World
"Stocks Climb on Drop in Consumer Prices NEW YORK - Stocks rose for a second straight session Tuesday as a drop in consumer prices allowed investors to put aside worries about inflation, at least for the short term. With gasoline prices falling to eight-month lows, the Consumer Price Index registered a small drop in July, giving consumers a respite from soaring energy prices...",World,Business
Cricket: Tendulkar to miss test Sachin Tendulkar is almost certain to miss Thursday's second Test against Australia in Madras.,World,Sports
"HP Shifting Last of Itanium Engineers Hewlett-Packard Co. (HPQ.N: Quote, Profile, Research) and Intel Corp. (INTC.O: Quote, Profile, Research) on Wednesday ended their 10-year partnership to co-develop the Itanium chip",Sci/Tech,Business
"Iraq's Neighbors to Get Little for Environment Loss (Reuters) Reuters - Iraq's neighbors want tens of billions\of dollars for environmental damage done in the 1990-1 Gulf\conflict, but are set to get only paltry funds from the United",Sci/Tech,World
"Appeals court faults Oracle in shareholder suit Judges send case back to lower court to sort out allegations of improper bookkeeping and ""suspicious"" stock sales.",Sci/Tech,Business
"Bea Arthur for President Bea Arthur sparked a security scare at Logan Airport in Boston this week when she tried to board a Cape Air flight with a pocketknife in her handbag. The ""Golden Girls"" star, now 81, was flagged by a Transportation Security Administration agent, who discovered the knife - a strict no-no following 9/11. ""She started yelling that it wasn't hers and said 'The terrorists put it there,' "" a fellow passenger said. ""She kept yelling about the 'terrorists, the terrorists, the terrorists.' "" After the blade was confiscated, Arthur took a keyring from her bag and told the agent it belonged to the ""terrorists,"" before throwing it at them. - via philly.com",Sci/Tech,World
"Worldwide PC Market Seen Doubling by 2010 NEW YORK (Reuters) - The number of personal computers worldwide is expected to double to about 1.3 billion by 2010, driven by explosive growth in emerging markets such as China, Russia and India, according to a report released on Tuesday by Forrester Research Inc.",Sci/Tech,Business
"Ford to Recall 474,000 SUVs Worldwide (Reuters) Reuters - Ford Motor Co said on Friday it\was recalling about 474,000 Escape and Mazda Tribute sport\utility vehicles globally because the accelerator cable may\prevent the engine from returning to the idle position, which\could increase stopping distance and result in a crash.",Business,Sci/Tech
"Locusts Encroach on West African Rice-Growing Area (Reuters) Reuters - West Africa's worst locust plague for 15\years has encroached on one of the region's largest\rice-growing areas, authorities in Mali said on Friday.",Sci/Tech,World
"ASEAN moves closer to single market with #39;road map #39;, global trade ... JAKARTA : ASEAN finance ministers ended a meeting which saw Southeast Asia edge closer to a Europe-style single market, laying out a quot;road map quot; for integration and opening doors to wider global trade.",World,Business
Iran shuts reformist websites WEBSITES CLOSE to Iran #39;s leading reformist party have been blocked by religious hardliners in the police bureau of public morals.,Sci/Tech,World
"Coast Guard Shuts Gulf of Mexico Ports HOUSTON (Reuters) - The U.S. Coast Guard shut five ports on Wednesday in the Gulf of Mexico coast states of Alabama, Florida and Mississippi as Hurricane Ivan churned nearer.",Business,World
Novell reshuffles biz for Linux focus Novell is reorganising its business to focus on two key areas - Linux and identity management. The networking software firm #39;s Nterprise and Linux operations will be folded into a Platform and Application Services group CRN reports.,Sci/Tech,Business
"Stocks Drop After Greenspan Testimony NEW YORK - Investors were unmoved by Federal Reserve Chairman Alan Greenspan's improved assessment of the economy, with stocks falling narrowly Wednesday in light trading. While Greenspan said the economy has ""regained some traction"" after the summer's slowdown, he echoed Wall Street's concerns over energy prices, which have fallen from record highs in recent weeks but stubbornly remain above \$40 per barrel...",World,Business
"Disney takes sides in battle for next generation DVD Hollywood movie powerhouse Walt Disney has taken sides with Japans Sony Corp in a bitter battle between studios to define a technical standard for next generation DVDs, it said.",Sci/Tech,Business
"New Year, New Notebooks For All T.C. Williams High School is handing out laptops to make sure students of all backgrounds have the latest equipment in an increasingly computerized world.",Sci/Tech,Sports
"FCC exempts fiber-to-curb from sharing requirements The Federal Communications Commission Thursday voted to allow incumbent telephone carriers from sharing fiber-to-the-curb deployments from competitors, prompting one incumbent to announce an accelerated fiber rollout.",Business,Sci/Tech
Google Founders Selling Off Stock Google Founders Selling Off Stock\\Is this a sign that Google stack is overpriced? Or does it just mean that since there is so much interest in Google and its shares right now that the founders decided to sell off a big part of their holdings with the search engine. Dow ...,Sci/Tech,Business
Honda aiming for BAR buyout? Motorsport.com. Reports this week suggest that Honda is aiming to either buy BAR or become co-owner of the team by purchasing a shareholding.,Sports,Business
Will Tellabs Push Its Luck? Perhaps the optical network supplier should call off its merger with AFC.,Business,Sci/Tech
"Cocoa prices down but Ivorian exports still blocked World cocoa prices were down on Tuesday but off the day #39;s lows as exports remained on hold after mob violence and military clashes in Ivory Coast, the key global supplier, traders said.",World,Business
Flu sidelines Clemens on Sunday Roger Clemens was scratched from his start on Sunday after spending most of the overnight hours battling a stomach virus. Clemens #39; blood pressure was slightly elevated,Sports,World
"ViewPoints: Just say #39;No #39; You can #39;t get much clearer than No. That was the strongly implied response of the US Treasury secretary, John Snow, to Europe #39;s growing cries that he help it deal with a weakening dollar by intervening to stop the slide.",Business,Sports
"Cowboys Defeat Redskins 21-18 LANDOVER, Md. - Bill Parcells celebrated the touchdown with a big smile and his fist thrust high in the air...",World,Sports
"Pitchers finally getting job done? At least it #39;s a start This is a mirage or a sight to behold. This is something you can #39;t trust with your own eyes, or maybe what you #39;re watching is real.",Sports,Business
"Kill The Poor I've been a soup van volunteer for three months plus a couple of weeks. I've also been casually mentioning this example of my beneficence in everyday conversation for about the same length of time. I use this particular phrasing, rather than ""I work on a soup van"", because what I'm trying to emphasise is that I didn't take it up lightly or gingerly. In the beginning, I didn't know exactly how it would turn out, but I did know that I wanted to be good. Between then and now, an awful lot became clear.",Sci/Tech,World
Signs of a Glut and Lower Prices on Thin TV's Dont buy that high-definition TV yet. Competition may force the prices down further.,Sci/Tech,Business
"Scaffold collapse survivors improving One of the men who survived Friday #39;s fatal scaffold collapse is in guarded condition at Detroit Receiving Hospital and the two other survivors were released on Sunday, a hospital spokeswoman said.",Business,World
Amelie's final footsteps retraced Detectives have staged a reconstruction of the final steps of murdered French student Amelie Delagrange.,World,Sci/Tech
"US, Allies Far Apart on Iraq Debt Relief WASHINGTON Oct. 2, 2004 - The United States and its major economic allies struggled Saturday to resolve deep differences over how best to relieve the heavy debt burden for Iraq and the world #39;s poorest countries.",Business,World
Canada defends submarine fleet Canada has defended its decision to buy second-hand submarines after a crewman died from injuries sustained on one of the vessels that had broken down.,World,Business
"Sony shows off new, smaller PlayStation Sony on Tuesday showed a smaller, book-sized PlayStation 2 that will go on sale worldwide next month and help the Japanese electronics giant cut costs as video-game consoles continue to drop in price.",Sci/Tech,Business
"For Now, Unwired Means Unlisted. That May Change. In October, most major cellphone carriers plan to start compiling a publicly accessible listing of wireless phone numbers.",Business,Sci/Tech
"Yahoo Debuts Mobile Search SAN FRANCISCO -- Yahoo (Quote, Chart) expanded its search empire to the mobile arena with the launch of some additional services. The company was one of the original content providers for mobile devices running",Business,Sci/Tech
"New pension 'would help millions' Britain's pension system could easily be replaced by a new payment that would make millions better off, a report says.",Business,World
"Japan #39;s Sato staying at BAR Japan #39;s Takuma Sato will continue to drive for BAR next season, the Formula One team said on Tuesday. Sato, gearing up for his home grand prix at Suzuka on Sunday, is eighth in the",Sports,World
"Same-sex divorce rules still hazy Now that an Ontario couple has been given Canada #39;s first same-sex divorce, experts are divided over just how easy it will be for gays and lesbians in other provinces to end their marriages.",World,Business
"I.B.M. Sought a China Partnership, Not Just a Sale Inside I.B.M., the issue of whether to stay in the personal computer business has been debated for a decade. The issue was put to rest last week.",Business,Sci/Tech
"Amazon.com net sales jump 29; Google reports \$52M in net income OCTOBER 22, 2004 (IDG NEWS SERVICE) - Amazon.com Inc. fell a penny short of analysts #39; per-share earnings expectations, while reporting net sales of \$1.",Sci/Tech,Business
Amazon sues spammers for misleading consumers SEATTLE -- Amazon.com has filed three lawsuits in King County Superior Court against unidentified defendants who allegedly forged e-mails and Web sites to fool consumers into thinking they are doing business with the Internet retailer.,Business,Sci/Tech
"PeopleSoft ousts CEO, still opposes Oracle bid (USATODAY.com) USATODAY.com - PeopleSoft's board might have finally blinked. The business-software maker, facing a 16-month takeover siege from rival Oracle, has canned the CEO who bitterly opposed the deal and lost crucial regulatory support in its bid to stay independent.",Sci/Tech,Business
"Vampire: The Masquerade - Bloodlines Review November 17, 2004 - Most of us who #39;ve been gamers for a while are familiar with the history behind Troika, which was formed from key members of the Black Isle group that made the Fallout, among other talented individuals.",Sci/Tech,World
"HP Wins Defense Contract HP (Quote, Chart) was awarded a \$290 million, 10-year outsourcing contract with the Defense Logistics Agency #39;s (DLA) Enterprise Data Center (EDC) program, officials announced Wednesday.",Business,Sci/Tech
"Britain's Not-So-Civil War: Hunters Outfoxed? If hunting is banned in Britain, the pro-hunt lobby says its supporters will continue to hunt illegally.",World,Sci/Tech
Judge asked to penalize Microsoft over e-mails Burst.com asked a US judge to penalize Microsoft for destroying e-mails it says the world #39;s largest software company should have preserved as evidence in antitrust suits.,Business,Sci/Tech
Ross Stores Profit Plummets 40 Percent (AP) AP - Discount retailer Ross Stores Inc. Wednesday said its profit fell about 40 percent in the latest quarter due to problems with a new computer system that limited the company's ability to respond to changes in customer demand.,Business,Sci/Tech
SEO #39;s Multiplying Effect on Paid Inclusion Paid inclusion (PI) has always been a hot potato. It #39;s not quite SEO (define) and not quite search advertising. No one wants to touch it.,Sci/Tech,Sports
Is PeopleSoft waiting for the right price? A company board member testifies in trial that a sale would be possible if Oracle ups its offer.,Sci/Tech,Business
Swedes beam poetry into outer space (Reuters) Reuters - Swedish poets have broadcast their work into outer space by radio to give alien life forms -- if they exist -- a taste\of earthling literature.,World,Sci/Tech
"Tom Ridge sets all-age record in winning World Trotting Derby Tom Ridge set an all-age record of 1 minute 50.2 seconds in winning the \$530,000 World Trotting Derby at the DuQuoin (Ill.) State Fair yesterday.",Sports,Business
"RSS Feeds Hunger for More Ads There's no such thing as a free lunch. And soon, there may be no such thing as an ad-free RSS feed, either, as publishers add advertisements to their feeds in hopes of making money through the popular content-aggregating technology. By Cyrus Farivar.",Sci/Tech,World
Microsoft signs two Indian deals The announcement came as Microsoft chief executive Steve Ballmer opened the group #39;s new Indian headquarters in the city of Hyderabad.,Business,Sci/Tech
"Argentina Beats U.S. Men's Basketball Team Argentina defeated the United States team of National Basketball Association stars 89-81 here Friday in the Olympic semi-finals, dethroning the three-time defending champions.",World,Sports
"IBM #39;s eServer Blue Gene For Sale IBM #39;s five-year, \$100 million Blue Gene project on Monday bore commercial fruit as the Armonk, NY-based computer maker announced it was offering the supercomputer to anyone who has at least \$1.",Sci/Tech,Business
"Siemens in 2.69bn deal with BBC German industrial giant Siemens has signed a 2.69bn contract to deliver technology services around the world to the BBC, a deal that will see it acquire the broadcasters technology subsidiary.",Business,Sci/Tech
"AOL Is Said to Plan 700 Layoffs America Online, the country #39;s leading Internet service, is preparing to lay off as many as 700 of its 13,000 employees in the United States, according to an executive knowledgeable about its plans.",Business,Sci/Tech
Land Rover aims new model at US Land Rover will launch a sports tourer next year in a what is likely to be a test of British carmakers #39; ability to compete in the US.,Business,Sports
"Deal in Congress to Keep Tax Cuts, Widening Deficit Republican and Democratic leaders agreed to extend \$150 billion worth of tax cuts sought by President Bush without trying to pay for them.",World,Business
"VZ Wireless Slams National 411 Directory WASHINGTON -- Verizon Wireless, the nation #39;s largest wireless carrier, clashed with other cellular carriers on Tuesday, telling a US Senate committee that a proposal for a national wireless telephone directory is a quot;terrible idea quot; and that the proposal",Business,Sci/Tech
"September Retail Sales Up by 1.5 Percent WASHINGTON - Shoppers got their buying groove back last month, propelling sales at the nation's retailers by a strong 1.5 percent. It was the best showing since March...",World,Business
Justices hear cases on shipping wine (USATODAY.com) USATODAY.com - States that block direct shipments of wine to consumers from out-of-state wineries faced skeptical comments from Supreme Court justices on Tuesday.,World,Sci/Tech
"Viruses keep on growing Most IT Managers won #39;t question the importance of security, but this priority has been sliding between the third and fourth most important focus for companies.",Sci/Tech,Business
"Caterpillar snaps up another remanufacturer of engines PEORIA - Caterpillar Inc. said Wednesday it will acquire a South Carolina remanufacturer of engines and automatic transmissions, increasing its US employment base by 500 people.",Sci/Tech,Business
"Ravens Star Jamal Lewis Pleads Guilty to Drug Charge (Reuters) Reuters - Baltimore Ravens football star Jamal\Lewis pleaded guilty on Thursday to using a cell phone to try\to broker a cocaine deal, avoiding more serious federal drug\charges that could have sent him to prison for life.",Sports,Business
"Spanish teenager pleads guilty in first trial stemming from Madrid ... MADRID, Spain There #39;s been a guilty plea in the first trial stemming from the Madrid train bombings earlier this year. A 16-year-old has pleaded guilty to charges he helped transport dynamite used in the attack.",World,Sports
"Gateway Can Party Like It #39;s 1999 Those were heady days, they were, back in 1999. The bull market was still roaring. We hadn #39;t yet heard of hanging or dimpled chads.",Sci/Tech,Sports
"Salesforce.com 2Q Profit Up Sharply Software developer Salesforce.com Inc. posted a sharp rise in second-quarter profit on better-than-expected revenue during its first quarter as a public company, but investors shunned the stock in late trading",Sci/Tech,Business
"Texas Instruments Plans Buyback (Reuters) Reuters - Texas Instruments Inc., the\largest maker of chips for cellular phones, on Thursday said it\plans to buy back #36;1 billion in stock and boost its quarterly\dividend by more than 17 percent, becoming the latest\technology company to return extra cash to investors.",Sci/Tech,Business
"Car Seats Measured for Whiplash Safety Using a new dynamic test and a dummy designed especially for rear impact testing, the Insurance Institute for Highway Safety has rated 73 seat/head restraint combinations available in 63 car models sold in the US market.",Sci/Tech,Business
"Foreseeing the Suns fate: Astronomical interferometry reveals ... For the first time, an international team of astronomers led by Guy Perrin from the Paris Observatory/LESIA, (Meudon, France) and Stephen Ridgway from the National Optical Astronomy Observatory (Tucson, Arizona, USA) has observed the close environment of",Sci/Tech,World
Fusion reactor decision must wait Six nations planning to build the world's biggest nuclear fusion reactor fail to agree where to site the facility.,Sci/Tech,World
"Patron Saint of the Nerds St. Expedite might not even be a true saint, but that doesn't stop programmers and job seekers from asking for his help. Michelle Delio reports from New Orleans.",Sci/Tech,World
"South Korea, Singapore seal free-trade pact Korea and Singapore sealed a free-trade agreement yesterday that covers nine broad areas, including electronics, finance and intellectual property rights.",Business,World
"Cuts offered, issue remains tax or cap The union #39;s proposal to end the lockout, made Thursday at the league #39;s Canadian headquarters, calls for a tax that would penalize -- and perhaps deter -- high-end payrolls.",Sports,Business
"Ivory Coast violence deals economic blow Burned, looted shops dot the commercial capital. European airlines have suspended flights. And only a few ships remain in what was one of West Africa #39;s busiest ports.",World,Business
"Korean and Japanese Phone Makers Win -Survey AMSTERDAM (Reuters) - South Korean mobile phone makers continued a rapid move up the global market rankings during the third quarter, while growth in the wider mobile phone market slowed, a survey found on Wednesday.",Sci/Tech,Business
"Giants Hold On to Warner Eli Manning, sleepy-eyed and tousled-haired, dropped off his playbook at his locker Thursday. Four television crews swarmed around him.",Sports,Business
"E-mail scam targets police chief Wiltshire Police warns about ""phishing"" after its fraud squad chief was targeted.",Sci/Tech,Business
"Lonely whale #39;s song remains a mystery A lone whale with a voice unlike any other has been wandering the Pacific for the past 12 years. Marine biologist Mary Ann Daher of Woods Hole Oceanographic Institution in Massachusetts, US, and her colleagues",Sci/Tech,Sports
Florida deaths blamed on Hurricane Frances State and local officials Tuesday said nine people have died in Florida because of Hurricane Frances. The following describes those deaths: - A 15-year-old grandson and a former son,Sports,Business
Panasonic Races to Meet Plasma Demand Company is expanding production to deliver more flat-panel TVs.,Sci/Tech,Business
Australia in grip of water crisis There is a warning that some of Australia's major cities could run out of drinking water.,Sci/Tech,World
"Stock Prices Climb Ahead of Google IPO NEW YORK - Investors shrugged off rising crude futures Wednesday to capture well-priced shares, sending the Nasdaq composite index up 1.6 percent ahead of Google Inc.'s much-anticipated initial public offering of stock. In afternoon trading, the Dow Jones industrial average gained 67.10, or 0.7 percent, to 10,039.93...",World,Business
"Hamm should support Yang Paul Hamm needs a new marketing strategy. Either that, or he needs a clue. One harmless gesture separates him from lionization in America and canonization in South Korea, and",Sports,World
"Plan B Proposes Its Own Alternatives Donnie Downs, president and chief executive of Plan B Technologies Inc., said the company itself is a ""plan B.""",Sci/Tech,Business
Columnists: Simple and Secure isn't so Simple Simple to code does not always mean simple for the user. And simple for the user is often not easy to code.,Sci/Tech,Sports
"FCC expected to keep states off VoIP's back Sources expect that on Tuesday, the FCC will exempt more Net phone calls from state telephone rules and taxes, even as the cable industry tries to grab VoIP's coattails.",Sci/Tech,Business
"Quick end to US election crucial US President George W. Bush is on the verge of a re-election victory, but Democratic challenger John Kerry is not conceding defeat, at least not now.",Business,World
"San Diego fiscally sound, mayor says SAN DIEGO - In the wake of another downgrading of San Diego #39;s credit rating, Mayor Dick Murphy today reassured the public that the city is fiscally sound.",Business,Sports
"Cycling: Ulmer #39;s scorching times in secret rides New Zealand #39;s star cyclist, Sarah Ulmer, last week rode under world record time twice in an hour during a secret training session in France.",Sports,World
IBM #39;to sell PC business #39; IBM is reportedly in talks to sell its personal computer business. It would mark the end of an era for the company that brought the computer into the mainstream when it began selling its desktop PC to corporations and consumers in 1981.,Business,Sci/Tech
Hughes allowed to speak to Rovers The Football Association of Wales have given national boss Mark Hughes permission to speak to Blackburn over their vacant managerial post.,Sports,Sci/Tech
"Murdoch novel reveals Alzheimer's The last novel by the author Iris Murdoch reveals the first signs of Alzheimer's disease, experts say.",World,Sci/Tech
"Mamma Search is Buying Copernic Mamma Search is Buying Copernic\\Mamma.com Inc., the paid search company, and Copernic Technologies Inc. announced that Mamma has signed a letter of intent where they will acquire all of the shares of Copernic Technologies for a combination of cash and shares of Mamma.com Inc. The closing of the acquisition will ...",Sci/Tech,Business
"ConocoPhillips boosts LUKoil stake to 10 percent (AFP) AFP - US oil major ConocoPhillips has boosted its stake in Russia's second-largest oil producer LUKoil to 10 percent, giving Conoco at least one representative on LUkoil's board.",World,Business
"Disney takes sides in battle for next generation DVD (AFP) AFP - Hollywood movie powerhouse Walt Disney has taken sides with Japan's Sony Corp. in a bitter battle between studios to define a technical standard for next generation DVDs, it said.",Sci/Tech,World
"Productivity Growth Slowest in 2 Years (AP) AP - The productivity of America's workers grew at a 1.8 percent annual rate in the third quarter, the slowest pace in nearly two years, the government reported Tuesday.",Business,Sci/Tech
"A Canadian Invasion A few weeks ago, in a story on Nortel (NYSE: NT), I asked people to submit a Canadian joke to me. This is as good a place as any to reveal the winner.",Business,World
"Dream Team Leads Spain 44-42 at Halftime ATHENS, Greece - As expected, the U.S. men's basketball team had its hands full in a quarterfinal game against Spain on Thursday...",World,Sports
Yahoo! Ups Ante for Small Businesses Web giant Yahoo! is gambling that price cuts on its domain name registration and Web hosting products will make it more competitive with discounters in the space -- which means that small businesses looking to move online get a sweeter deal through ...,Business,Sci/Tech
"Ljubicic Downs Hanescu at Open De Moselle Top-seeded Ivan Ljubicic of Croatia beat Victor Hanescu of Romania 6-4, 6-4 Tuesday in the first round of the Open de Moselle.",World,Sports
"Ancient fungus 'revived' in lab Fungus from a deep-sea sediment core that is hundreds of thousands of years old will grow when placed in culture, scientists discover.",World,Sci/Tech
"A great catch? Lobsters How does he like lobster? Boiled, steamed, broiled, baked, grilled? Newburg? Bahar Uttam prefers his with a capital L -- Lobsters -- and sees them frolicking on a tennis court rather than laid out on a plate. In Uttam's mind lurks a tasty dish for the town's sporting crowd, one that could satisfy the five-year hunger of tennis junkies, a ...",Sports,Sci/Tech
Yahoo and SBC extend partnership and plan new services Yahoo and SBC Communications have agreed to collaborate to extend some of the online services and content they currently provide to PC users to mobile phones and home entertainment devices.,Business,Sci/Tech
"#39;Somebody please save my dad #39; Nick du Toit #39;s wife and stepdaughter are distraught that there is nothing they can do to help him. On Monday his stepdaughter, Marilise Bezuidenhout, was forced to convey the news of his possible death sentence",World,Business
"India's Tata makes powerful debut Shares in Indian software services giant Tata Consultancy close 16 higher on their market debut, raising \$1.2bn for the company.",World,Business
"AMD et Chartered signent des contrats d #39;approvisionnement et de ... SUNNYVALE, Calif. and SINGAPORE--(BUSINESS WIRE)9 Novembre 2004--Chartered adopte la fabrication de prcision automatise d #39;AMD et prvoit de fabriquer des processeurs AMD64 en 2006.",Sci/Tech,Sports
"Ex-Guard Speaks Out About Di Tapes (CBS) Newly-surfaced videotapes of the late Princess Diana address her sometimes bizarre relationship with Prince Charles. The tapes were recorded by Diana #39;s voice coach, Peter Settelen.",World,Sports
"Faces From The 1929 Crash NEW YORK - The people who will forever be associated with the Great Crash of 1929 were all white, male and wealthy, but their occupations and ethics varied considerably.",Business,World
Climax to show off Avalon to US publishers #39;Project Avalon #39; becomes just plain Avalon; developer will show playable prototype of next-generation shooter to American execs.,Sci/Tech,Business
"Panasonic unleashes new DVD recorder line Matsushita Electric Industrial Co., better known for its Panasonic brand, will soon start international sales of a high-end DVD recorder that offers network connectivity, the company said Wednesday.",Sci/Tech,Business
Japan govt body to call for 5.7 billion dollar aid to Daiei (AFP) AFP - A Japanese government-backed organization will ask financial institutions to provide troubled retailer Daiei with 600 billion yen (5.7 billion dollars) in financial assistance.,Business,World
IBM reported to be exiting PC business IBM #39;s possible exit from the personal-computer business would be the latest move in what amounts to a long goodbye from a field it pioneered and revolutionized.,Business,Sci/Tech
"Plane repos ready to take flight At the airport, you hear all of the usual explanations: bad weather, mechanical difficulties, no crew available. But now there #39;s another excuse you might hear as times get tougher for cash",Business,Sports
"Court Hears Interstate Wine Sales Case (AP) AP - The Supreme Court considered Tuesday whether state alcoholic beverage regulations put in place 70 years ago, after Prohibition was lifted, should remain the law of the land in the Internet age.",World,Sci/Tech
"Volkswagen May Be Close to Settling Its Wage Talks Volkswagen and its workers entered a critical week in their wage negotiations on Monday, with signs that a compromise was taking shape even as protests flared at factories across Germany.",World,Business
Broadband charges set to tumble The cost of broadband internet access is likely to fall after Ofcom ordered British Telecom to cut the amount it charges internet providers.,Business,Sci/Tech
"On Wall Street: Dominic Rushe: Disney trial is more than a Mickey ... WILMINGTON, Delaware, isnta popular spot with the Hollywood crowd. I imagine they would be a bit sniffy about what passes for local entertainment.",Business,World
"PeopleSoft goes a bundle on IBM 'Most Significant Enterprise Applications Alliance in History,'it sez here...",Sci/Tech,World
"Legendary all-rounder Miller dies Keith Miller, arguably Australia's greatest all-rounder in Test cricket, has died in Melbourne aged 84.",World,Sports
"Stewart #39;s Prison Chosen That prison is located in West Virginia which means that she is not headed to a facility in Connecticut or Florida, as she had hoped.",Business,World
"Global sales of mobile phones hit record levels PARIS Global cellphone sales rose to record levels in the second quarter as Nokia clawed back some of its lost market share, according to figures released Thursday.",Sci/Tech,Business
"Jewish state fears world isolation An internal report prepared by Israel #39;s foreign ministry paints a gloomy picture for the future of the country #39;s global standing, giving warning that in the coming decade it could",World,Sci/Tech
"AOL pushes into Internet shopping Looking for new ways to boost its revenue, America Online is launching an online shopping service that won #39;t require an AOL account to access.",Business,Sci/Tech
Bush Scraps Most U.S. Sanctions on Libya (Reuters) Reuters - President Bush on Monday formally\ended the U.S. trade embargo on Libya to reward it for giving\up weapons of mass destruction but left in place U.S.\terrorism-related sanctions.,Sci/Tech,World
Benitez Plans Tactical Overhaul Rafael Benitez embarks on his first European campaign as Liverpool boss tomorrow with a warning to his players that the continents finest have got wise to English tactics.,Sports,World
"Argentina gets China investment China is to invest nearly \$20bn (11bn) in Argentina over the next 10 years, Argentine officials say.",World,Business
"The battle for DR Congo's wildlife As donors pledge \$40m to save DR Congo's wildlife, life in Virunga Park remains a battle ground.",Sci/Tech,World
"Intel Taps Otellini As Next CEO Intel #39;s board, as expected, has named Paul Otellini to succeed Craig Barrett as CEO effective next May 18, the company announced Thursday.",Business,Sci/Tech
"Detailed View of Dione Summary - (Nov 25, 2004) Cassini took this amazing photograph of Dione, one of Saturn #39;s larger moons, on October 27 when it was 1.2 million km (746,000 miles) away.",Sci/Tech,Sports
"India test-fires surface-to air missile India has successfully test-fired a surface-to-air missile from a site in the eastern Orissa state on Friday, a government official said on condition of anonymity.",World,Business
Teenage T. rex's monster growth Tyrannosaurus rex achieved its massive size due to an enormous growth spurt during its adolescent years.,Sci/Tech,Business
"FDA OKs Scientist Publishing Vioxx Data (AP) AP - The Food and Drug Administration has given a whistle-blower scientist permission to publish data indicating that as many as 139,000 people had heart attacks that may be linked to Vioxx, the scientist's lawyer said Monday.",World,Business
"Porn Processor Settles Deceptive-Billing Charges WASHINGTON (Reuters) - A pornography bill-processing company has agreed to forego \$17 million that it billed computer users in order to settle deceptive-business charges, the U.S. Federal Trade Commission said on Monday.",Sci/Tech,Business
Press review 0850CET--The seizure of fake Nike sportswear by the Customs Department was one of the main stories on Wednesday #39;s newspapers. L-Orizzont published,Sci/Tech,Sports
"Discovery Channel Tests Power of Licensing By rushing more than 700 products under the American Chopper brand as part of a new in-house licensing program, the cable channel is relying more heavily on licensing to market shows.",Business,Sci/Tech
"Linux: Paris weighs a shift to open-source camp PARIS The open-source computer system known as Linux won a tough battle over Microsoft earlier this year when the city of Munich decided to change the operating software of 14,000 government computers, despite the personal intervention of Steve Ballmer",Business,Sci/Tech
"O2 to roll out i-mode The deal, which was leaked to the press last week, will see the UK-based mobile operator deliver data services -- such as games, ringtones and entertainment -- through a platform that has been credited with making NTT DoCoMo the force that it is in",Sci/Tech,Business
"Kenyan tree planter wins Nobel Peace Prize: report LONDON (CBS.MW) -- Kenyan tree planter and government minister Wangari Maathai has won the Nobel Peace Prize, Agence France-Presse said.",World,Business
"Product Previews palmOneUpgrades Treo With Faster Chip, Better Display\With more than 600,000 units shipped, the Treo 600 is one of the big smartphone success stories. Last week, palmOne introduced the follow-on Treo 650 with a higher resolution 320-by-320-pixel TFT screen, which the company claims increases the visible area of the display and makes pictures and documents much clearer. The 650 also carries a removable battery; 32MB of flash memory, and a faster 312MHz, Intel XScale processor. Improved multimedia features include a built-in MP3 player, a digital camera with improved low-light capabilities, as well as video capture and playback functionality. Products are expected to ship by years end from some carriers who will add their own services, and will be priced at about \$499.\ Treo 650, palmOne",Business,Sci/Tech
SC to hear Zee petition tommorrow Five judges of the top court will hear a petition filed by Zee Telefilms on Tuesday. A three-judge panel of the Supreme Court said a five-judge bench would hear the dispute that threatens the rights of India #39;s,Sports,World
"Approval Expected for Big Cellphone Deal Federal regulators will formally approve Cingular Wireless #39;s \$41 billion purchase of AT amp;T Wireless today, company officials briefed on the matter said over the weekend.",Sci/Tech,Business
England humble Sprinboks Charlie Hodgson scores 27 points as England overwhelm the Springboks at Twickenham.,World,Sports
McData offers SAN consolidation McData plans to introduce a new SAN router this week designed to connect the growing number of isolated SAN networks in corporations.ADVERTISEMENTSBC Case Study: Crate BarrelWhat sold them on improving their network? A system that could cut management costs from the get-go. Find out more.,Sci/Tech,Business
"NVIDIA and Intel sign broad cross-license and chipset license ... quot;NVIDIA and Intel Corporation announced that the companies have signed a broad, multi-year patent cross-license agreement spanning multiple product lines and product generations.",Sci/Tech,Business
"Microsoft Makes Another Antitrust Deal Software giant settles with Novell and the CCIA, ending years of legal wrangling.",Sci/Tech,Business
"Cingular Closes #36;41 Bln ATT Wireless Deal (Reuters) Reuters - Cingular Wireless on Tuesday closed\its #36;41 billion cash purchase of AT T Wireless Services Inc.\, creating the biggest U.S. mobile service with more\than 46 million customers.",Business,Sci/Tech
BSkyB sees profits rise after strong subscriber growth (AFP) AFP - British satellite broadcaster BSkyB said profit rose by 16 percent in the first quarter as the group enjoyed strong subscriber growth in the run-up to the key Christmas trading period.,World,Business
"Peruvian Maoist trial thrown into chaos The first hearing in the re-trial of former leaders of Peru #39;s Shining Path guerrilla group has ended in chaos. The judge suspended the hearing after the group #39;s founder, Abimael Guzman, and his 15 co-defendants",World,Business
"Internet Emerging As Potent Terrorist Tool By THOMAS WAGNER LONDON (AP) -- The images coming out of the latest hostage crisis in Iraq - capped by dramatic video of British captive Kenneth Bigley begging for his life - have transfixed Britons, left governments looking helpless, and revived a classic dilemma about whether to negotiate with terrorists. But the plight of the British construction worker and his two murdered American colleagues has also raised new concerns about terrorists' tremendous ability to set agendas in an Internet age that makes their messages - even in the form of shocking beheading videos - all but impossible to stop...",Sci/Tech,World
"For Many Airline Pilots, the Thrill Is Gone While pilots still feel in command in the air, they increasingly are feeling slighted on the ground, as airlines extract salary and benefits concessions from them.",World,Business
"Alamosa Offers to Buy AirGate (Reuters) Reuters - Alamosa Holdings Inc. said\on Monday it made an unsolicited bid for AirGate PCS Inc.\ worth about #36;380 million, which would create one of\the largest sellers of wireless telephone service under the\Sprint brand.",Sci/Tech,Business
"Prized Fossil Just a Rock? With positive and negative results, it remains to be seen what type of Fossil this company really is.",Business,Sci/Tech
"The servers cannot take the strain, captain! A San Francisco startup plans to boldly go where no game developer has gone before with an online game based on the cult TV series quot;Star Trek.",Sci/Tech,Sports
Drugstore Offers New Wave of Disposable Cameras NEW YORK (Reuters) - Pharmacy chain CVS Corp. on Thursday said it would offer the world's first disposable digital camera with a bright color viewing screen that allows consumers to instantly preview pictures.,Sci/Tech,Business
"Going ballistic: Agni-II test fired NEW DELHI: Indias quest to develop a solid missile defence took a step forward today when it successfully test-fired the surface-to-surface Agni-II missile, which can cover targets in the 2000-2500 kms-range, from the Integrated Test Range (ITR) at",World,Sci/Tech
Florida Linebacker Charles Charged (AP) AP - Florida linebacker Taurean Charles was charged with aggravated battery and culpable negligence-infliction of injury Wednesday from a fight at an off-campus party in June.,Sports,World
"Headshake to the SETI Headfake Did the famous screensaver, SETIhome, uncover the first strong evidence for an extraterrestrial signal? The SETI Institute's Seth Shostak discusses how hyperbole can misrepresent the last addition to a list of stellar candidates.",Sci/Tech,Sports
Oracle to Acquire PeopleSoft Oracle Corp. announced today it has signed a definitive merger agreement to acquire PeopleSoft Inc. for approximately \$10.3 billion. -AP,Sci/Tech,Business
Research Is Definitely in Motion The Blackberry wireless device maker is straining to exceed expectations.,Business,Sci/Tech
"US Men Have Right Touch in Relay Duel Against Australia THENS, Aug. 17 - So Michael Phelps is not going to match the seven gold medals won by Mark Spitz. And it is too early to tell if he will match Aleksandr Dityatin, the Soviet gymnast who won eight total medals in 1980. But those were not the ...",Sports,World
India seeks new TV bids The Indian Board re-opens the bidding for TV rights after Australian threaten to cancel their tour.,World,Sports
"Man arrested for fatally stabbing elderly parents SAITAMA -- A middle-aged man who fatally stabbed his parents has been arrested, police said. Hideo Nakajima, an unemployed man from Soka, Saitama Prefecture, apparently called police shortly before 8 pm, Wednesday.",Sci/Tech,World
"FSB FUD over FOI, you cry Letters The postbag, and your miscellaneous musings",Sci/Tech,Business
Sandia Motor Speedway for Sale on eBay (AP) AP - And the race is off! Only 29 days and some odd hours left to place your bid on eBay to buy the Sandia Motor Speedway.,Sci/Tech,Business
Red Hat replaces CFO Charles Peters Jr. is taking over as the company deals with the aftereffects of restating its earnings for the past three fiscal years.,Sci/Tech,Business
"Oracle v. Peoplesoft: the joke is on... Opinion I thought it was a joke when Oracle first announced that it was going to try to buy PeopleSoft; or, at best, a spoiling tactic over PeopleSoft #39;s acquisition of JD Edwards.",Business,Sci/Tech
"EBay Expands PayPal Buyer Protection Up to \$1,000 PayPal, eBay Inc. #39;s (EBAY.O: Quote, Profile, Research) online payment service, will expand its US buyer protection program to cover up to \$1,000 for qualified transactions, the company said on Thursday.",Sci/Tech,Business
"Adobe updates RAW plug-in with digital negative format Adobe has updated Photoshop #39;s support for digital cameras #39; RAW image formats. The new plug-in adds to the number of camera models supported and includes a utility for converting images into the DNG, digital negative format.",Business,Sci/Tech
"Oil exports flow as strike woes ease A general strike in Nigeria, which has raised fears over oil supply from the world #39;s seventh-largest exporter, will likely end its first phase on Thursday quot;all going well quot;, union leaders said.",World,Business
"Breast scans 'fail' in some women Some women with breast cancer are less likely to have their tumours picked up by scans, say experts.",World,Sci/Tech
"SBC and Yahoo! extend pact to offer Internet service SAN ANTONIO SBC Communications and Yahoo are expanding their high-speed Internet service partnership to link video, wireless phone, Internet and other services.",Business,Sci/Tech
"Lockheed Profit Jumps on IT, Jet Demand \ NEW YORK (Reuters) - No. 1 U.S. defense contractor Lockheed\Martin Corp. reported a 41 percent rise in quarterly\profit on Tuesday, beating Wall Street forecasts, as demand\soared for its combat aircraft and information technology\services.",Sci/Tech,Business
"Giga counters They #39;re bold, brash and break most rules of business -- so why are the Google guys multi-billionaires? GOOGLE Inc had plenty to celebrate at its recent annual summer picnic -- its debut as a public company",Sci/Tech,Business
"Locusts Devastate Mauritania Crops, Others Escape (Reuters) Reuters - Crop-devouring locusts have caused major\damage to cereals in Mauritania but other West and Central\African states have suffered much less than feared from the\worst infestation in over a decade, the U.N. said on Thursday.",Sci/Tech,World
Congress Sends 'Net Access Ban to White House The U.S. Congress on Friday reinstated a ban on Internet access taxes after the House of Representatives agreed to extend it for another three years rather than make it permanent.,Sci/Tech,World
"Glory Comes Amid Empty Seats and Closed Shutters HERE in Old Europe, people install shutters outside their windows to keep out the heat, the pollution, the daylight, the noise. They also lock the shutters tight when they go away on holiday.",Sports,World
"Plant a tree at Easter urges Nobel laureate world to plant trees at Easter as a symbol of renewal and to protect the planet. planted, quot; Maathai told Reuters Television in Oslo, where she received the 2004 Nobel Peace Prize.",World,Sci/Tech
Siebel looks to midmarket to bolster revenues CRM software giant Siebel Systems said yesterday that it is launching a new program that will cater to small and midsize businesses in a bid to help it boost flat revenues.,Sci/Tech,Business
"Is this the end of IT as we know it? Halsey Minor, CEO of hosted integration provider grand central Communications, has a powerful message for IT: In four years, ... basically the whole notion of enterprise application software is going to be dead. He believes application functionality will instead be available as hosted, pay-per-use services delivered by companies such as Salesforce.com. Putting his money where his mouth is, Minor has recently launched a \$50 million venture capital fund with his own money to fuel on-demand startups. For its part, Grand Central will handle data and process integration between enterprises and multiple on-demand services.",Business,Sci/Tech
"Telephone Tag (Forbes.com) Forbes.com - ARRIS GROUP (5, ARRS) saw its market cap unjustifiably halved recently when Comcast, a huge customer (24 of Arris' sales), hinted it might buy next-generation technology from Cisco Systems. Arris supplies the technical guts that cable companies use to provide phone service. (For the reverse phenomenon, see story on p. 162.)",Business,Sci/Tech
"SIA: Chip sales to hit record, flatten Worldwide semiconductor sales will hit an all-time high in 2004 but stay relatively flat in 2005 before climbing again over the next two years, according to the Semiconductor Industry Association.",Business,Sci/Tech
"Sony goes OLED with Japanese CLIE PEG-VZ90 Despite pulling out of the US and European markets, Sony #39;s CLIE line is still kicking in Japan, and is now kicking with an OLED display.",Sci/Tech,Business
"Cisco Buys IP Platform Maker Network equipment giant Cisco Systems (Quote, Chart) is buying IP platform specialist P-Cube for \$200 million in cash and stock. P-Cube #39;s technology helps telecom carriers, cable operators and ISPs manage",Sci/Tech,Business
"Maddux Wins No. 302, Baker Wins No. 1,000 Greg Maddux pitched the Chicago Cubs into the lead in the NL wild-card race and gave Dusty Baker a win to remember. Maddux threw seven shutout innings for his 302nd career win, Baker got his 1,000th victory as a manager and Chicago beat the Montreal Expos 5-2 on Monday night...",World,Sports
"Alaska Wildfires Grow to Record 5 Million Acres (Reuters) Reuters - Wildfires have scorched over\5 million acres in Alaska as of Tuesday, forestry officials\said, a new record that signals possible changes in climate\conditions and the composition of the vast forests.",Sci/Tech,World
Boxer Begs Bush to Back Bum Bill Members of California's congressional team make one last effort to look good for the tech industry back home.,Business,World
"Advanced Micro Devices meets reduced forecast for third quarter SAN FRANCISCO - Advanced Micro Devices Inc. reported a third-quarter profit from a loss a year-earlier on today, but sales fell from the second quarter in line with the chip maker #39;s recently reduced outlook.",Business,Sci/Tech
"Munro, Morris Face Off in NLCS Game 2 ST. LOUIS - The Houston Astros put their hopes in a pitcher untested in the postseason when they give Pete Munro the ball to start Game 2 of the NL Championship series on Thursday, one night after dropping the opener to the St...",World,Sports
"Contradiction in Terms : How to make beer It's been around for thousands of years. It has been worshiped, reviled, banned, and made the cornerstone of economies. It has helped us celebrate, weep, relax, and get laid. And now we're going to make some. A pint, a glass, an ale, a lager, a beer.",Sci/Tech,World
"Chavez victory confirmed Caracas, Venezuela - The results of an audit support the official vote count showing that President Hugo Chavez won this month #39;s recall referendum in Venezuela, the head of the Organization of American States said Saturday.",Business,World
"Colombia Accuses Cos. of Illegal Imports The Colombian government has filed a lawsuit accusing Pernod Ricard SA, Diageo PLC and Seagram Export Sales Co. of illegally importing spirits via Colombian companies that launder drug money.",World,Business
"May have been transmitted between humans- report Thailand confirmed its second death from bird flu Tuesday, and said the fatal case might have been transmitted by a human victim rather than a bird, according to published report.",World,Sci/Tech
Freddie #39;s goal rage FED-UP Freddie Ljungberg says Arsenal must stop letting in stupid goals or face another season of Euro heartache. The disappointed Swede reckons the Gunners have already wasted a golden opportunity,Sports,Business
U.N. War Court Transfers First Case to Serbia BELGRADE (Reuters) - The U.N. war crimes prosecutor sent the first case to the Serbian judiciary Friday in a move that could warm ties between the Hague-based court and Belgrade.,World,Business
"World Population to Rise to 8.9 Billion Although world families are getting smaller in many regions, the 50 poorest countries are expected to triple in size to 1.7 billion people by 2050, posing many challenges for world countries.",World,Business
"Israel Unions Start Nationwide Strike JERUSALEM (Reuters) - Israeli unions began a nationwide strike on Tuesday expected to affect about 400,000 public sector workers and severely hamper international travel.",World,Business
"Bangladesh boss slams detractors Bangladesh's coach says they still deserve Test status after their 30th defeat, to India.",World,Sports
"Microsoft vs Sendo: It #39;s over The legal battle between UK phone manufacturer Sendo and Microsoft has been settled, the companies announced on Monday morning. Sendo had been suing Microsoft for the alleged theft of trade secrets, fraud",Business,Sci/Tech
"Dell Exits Low-End China Consumer PC Market HONG KONG (Reuters) - Dell Inc. , the world's largest PC maker, said on Monday it has left the low-end consumer PC market in China and cut its overall growth target for the country this year due to stiff competition in the segment.",Sci/Tech,Business
Travelzoo Shares Rise as Offering Rumor Fades (Reuters) Reuters - Shares of Internet travel site\Travelzoo Inc. rose nearly 4 percent on Wednesday as\market rumors of a secondary stock offering faded.,Sci/Tech,Business
"Plan Would Turn Restore Wash. Estuary NISQUALLY NATIONAL WILDLIFE REFUGE, Wash. - A 15-year plan would restore salt marshes and mudflats for migrating salmon at the Nisqually National Wildlife Refuge, more than 100 years after the farmland was drained and diked.",Sci/Tech,World
"Sony Set to Exert Influence on Discs As the leader of the group that plans to buy Metro-Goldwyn-Mayer, Sony is poised to gain considerable power in its fight to set the format for the next generation of digital video discs.",Sci/Tech,Business
Woman's death probed Public health officials are investigating why a 38-year-old woman died two weeks after undergoing gastric bypass surgery at Saint Anne's Hospital in Fall River. The hospital has stopped offering the surgery during the state probe and an internal review.,Business,World
"Netopia to Restate Results (Reuters) Reuters - Netopia Inc. a maker of\networking gear, on Thursday said its auditor KPMG LLP\resigned, and said it will restate two years of results and\revise the results in its most recent fiscal quarter.",Sci/Tech,Business
"Microsoft Browser Market Share Slips Slightly Microsoft Corp. #39;s (MSFT.O: Quote, Profile, Research) share of the browser market slipped slightly in recent months but still dominated with 92.",Sci/Tech,Business
"Report: Intel Logs Big Gains In Flash Market Intel #39;s share of the booming flash market jumped 40.8 percent in the second quarter, according to market-research firm iSuppli Corp.",Sci/Tech,Business
TGn Sync Proposes New WLAN Standard The battle over home entertainment networking is heating up as a coalition proposes yet another standard for the IEEE #39;s consideration.,Sci/Tech,Sports
"Shareholders Approve Aether Changeover Shareholders approved Aether Systems Inc.'s sale of one of its two remaining operating divisions Wednesday, a deal that will take the Owings Mills company out of the wireless business and nearly complete its transformation into a mortgage investment fund.\-The Washington Post",Sci/Tech,Business
"MicroStrategy Turnover Draws Analyst Scrutiny MicroStrategy Inc. said yesterday that president and chief financial officer Eric F. Brown had resigned and that founder Michael J. Saylor would again hold the company's top three jobs, prompting some analysts to raise concerns about the company's stock.",Sci/Tech,Business
"Conversion Rates Between PPC (Paid) and Organic (Free) Results Conversion Rates Between PPC (Paid) and Organic (Free) Results\\In a thread over at Cre8asite Forums named Organic vs Paid traffic ROI?, there is a discussion going on about the different conversion rates and ROI seen between the pay per click traffic (paid traffic) and organic traffic (free traffic). I have ...",Sci/Tech,Business
Producer sues for Rings profits Hollywood producer Saul Zaentz sues the producers of The Lord of the Rings for \$20m in royalties.,World,Business
"R.I.P. Gary Webb -- Unembedded Reporter The finest journalist ever to get fired for telling the truth is dead at age 49. The official cause of death on the death certificate will be suicide. But, as we shall see, he had much help getting to that point. The story of the life and death of Gary Webb says much about the state of American politics and what passes as ""journalism"" in today's America.",Sci/Tech,World
Next Big Hit at the Modern: Its Reopening The buzz over the greatly enlarged museum is expected to turn into a cacophony on Saturday.,World,Sci/Tech
British couple shot dead in Thailand A Thai policeman was today being hunted after being accused of killing a British couple near a popular tourist destination last night.,World,Sports
Nine men Bhoys fall at Ibrox CELTIC lost ground in the title race today after Rangers won a heated Old Firm encounter that will be better remembered for its sending offs and scuffles.,Sports,Business
"Poes condition worsens--doctors (2nd UPDATE) MOVIE actor Fernando Poe Jr. #39;s condition has deteriorated, according to a bulletin his doctors issued on Monday. He is still in a coma and has multiple organ system involvement.",World,Sports
"US star slams sweet-rustlin', phone beepin' theatre crowd (AFP) AFP - Kevin Spacey, the US screen star who is spending a season working for one of London's top West End theatres, lashed out at members of the audience who rustle sweet wrappers and forget to turn off their mobile phones during performances.",Sci/Tech,World
"Next gen games prove a challenge Making games for the future consoles is going to take a lot of time and money, a games conference is told.",Sci/Tech,Sports
Slovaks and Czechs reject French minister #39;s suggestion over EU ... The Slovak and Czech governments Monday rejected a proposal by French Finance Minister Nicolas Sarkozy to axe structural funds for new EU members whose taxes were lower than the European average.,Business,World
CBI calls for cuts in spending to reduce borrowing GORDON BROWN faces a new warning today that he will have to raise taxes by 7 billion or cut swaths of government spending if Labour wins next years general election.,Business,World
Danish group #39;s gift criticized A Danish group has caused controversy in Colombia by publicly donating money to the country #39;s largest Marxist guerrilla organization.,World,Business
"Report: Construction boom ahead A report released on Monday by the Washington-based Brookings Institution says that half of the residential, commercial and industrial buildings that will be up in 2030 in the largest metropolitan areas don #39;t yet exist.",Business,World
"Jays power up to take finale Contrary to popular belief, the power never really snapped back at SkyDome on Sunday. The lights came on after an hour delay, but it took some extra time for the batting orders to provide some extra wattage.",Sports,World
"MOM 2005 Released to Manufacturing Microsoft on Wednesday announced the release to manufacturing of Microsoft Operations Manager (MOM) 2005 and MOM 2005 Workgroup Edition, a new edition that the company previously called MOM 2005 Express.",Business,Sci/Tech
"Fable; Nascar 2005: Chase For The Cup Fable comes with a big reputation behind it -- it was developed by Peter Molyneux, creator of such involved, engrossing games as Populous and Black and White.",Sci/Tech,Sports
Bangladesh bars female swim Pressure from an Islamic group halts a women's swimming contest in Bangladesh.,World,Sports
"A Fair Tax Some say a ""fair tax"" that removes the need to file tax returns from the vast majority of the citizenry is a national sales tax. This doesn't seem to be very fair to people trying to feed, house and clothe themselves and seems to subsidize large land holders (Bush's favorite constituency). There is a tax that lives up to the promises broken by Bush's proposal for a national sales tax.",Sci/Tech,Business
The king who courted the Khmer Rouge (and survived) The career of King Norodom Sihanouk of Cambodia has been a bewildering trail of political twists and expedient turns. Now the man they call the #39;mercurial monarch #39; has announced his abdication.,World,Sports
A PC in the toaster? How mod! photos There's also room in the humidor and the Darth Vader helmet. Take a gander at some strange and wonderful creations.,Sci/Tech,Business
Update 1: Passengers Stranded by Canceled Flights Thousands of disgruntled vacationers were stranded at Heathrow Airport Tuesday after British Airways canceled scores of flights because of staff shortages and technical hitches.,World,Business
"Oracle vs. PeopleSoft: Lies and Lying CEOs Who Tell Them PeopleSoft #39;s board knew that CEO Craig Conway had erred in his comments, so it filed a corrected version of the meeting transcript with the Securities and Exchange Commission.",Sci/Tech,Business
"Cox brings VoIP service to more cities Company also plans to launch a business-class Net phone service in Roanoke, Va., as cable providers battle to gain market share.",Sci/Tech,Business
"Working Long Hours? Take a Massage Break, Courtesy of Your Boss Companies across the country are offering yoga and meditation classes to help employees relax, reduce stress and recharge.",Sci/Tech,Business
"Big guns board Intertrust DRM bandwagon Intertrust, Philips and Sony have added more top consumer electronics, content and technology heavyweights to their attempt to create an open interoperable Digital Rights Management environment.",Sci/Tech,Business
"Navy streamlines NMCI contract Officials at the Navy and contractor EDS said they have reached an agreement to revise performance measurements on the Navy Marine Corps Intranet contract, which EDS called a critical step toward billing NMCI seats on a 100 percent basis.",Sci/Tech,Business
"Solar Minimum is Coming Soon Something strange happened on the sun last week: all the sunspots vanished. This is a sign, say scientists, that solar minimum is coming sooner than expected.",Sci/Tech,Sports
"SUSAN TOMPOR: Stores turn paper into e-checks I picked up my 6-year-old son from school last week, and we drove to Wal-Mart to see the future for paper checks. We grabbed a few of life #39;s staples: some Legos, a pack of 3x5 cards to create",Business,Sci/Tech
I.B.M. Agrees to Settle Part of Giant Pension Case I.B.M. said that it had agreed to pay \$320 million to its employees to settle in part a class-action lawsuit over its pension plan.,Sci/Tech,Business
"Spyware opponents win another battle The Federal Trade Commission won an important victory last week in its fight to protect consumers from spyware, the software that tracks unsuspecting Web surfers, bombards them with advertisements and sometimes even steal login information and passwords.",Business,Sci/Tech
"IBM posts broad Q3 revenue growth NEW YORK - IBM Corp. posted quarterly results on Monday showing 9 percent revenue growth from last year and slight earnings growth, despite a \$320 million charge it took during the quarter to settle some claims in a lawsuit over its pension plan.",Sci/Tech,Business
"Without Batting An Eyelash : A very French welcome for a new ... THAT night, it seemed as if three or four parties were going on at once in Cosmo Manille. Wrong, palanggas. Actually, there were five in Makati alone, and one of them had a stream of traffic",Business,World
"Brockton upset makes Waltham's day WALTHAM -- Paul Mayberry was dripping, Luis Cotto was weeping, and Alex Russo was kneeling on the sideline.",Sports,Business
"America #39;s curse There is an all but unanswerable case for asserting that the biggest story out of the United States this week has nothing to do with the presidential election, has no connection with the flu vaccine shortage and that it does not involve a gay bishop either",Sports,Business
"BBC 'must keep up' BBC boss Mark Thompson says the corporation must keep up with change, after announcing nearly 3,000 job cuts.",World,Business
The Great Vegetarian Scam Ive written before about my struggle to remain a vegetarian on Tuesday - when I abjure meat for religious reasons -hile travelling.,Sci/Tech,World
Brewers buyer expected to step out of the shadows Monday MILWAUKEE - Paul Attanasio says the story of his brother buying a baseball team is like a script straight out of Hollywood. He should know.,Business,Sports
Record Breaking Supercomputer Performance US Secretary of Energy Spencer Abraham announced that a supercomputer developed for the nation #39;s Stockpile Stewardship Program has attained a record breaking performance of 70.,Sci/Tech,Business
"T-Online returns to Deutsche Telekom mothership German incumbent telco Deutsche Telekom announced over the weekend it is to begin taking its internet division, T-Online, back entirely within the mother corporation.",Business,Sci/Tech
"Oil prices bubble to record high The price of oil has continued its sharp rise overnight, closing at a record high. The main contract in New York, light sweet crude for delivery next month, has closed at a record \$US46.75 a barrel - up 70 cents on yesterday #39;s close.",World,Business
"Bush Signs Into Law Debt Ceiling Increase WASHINGTON (Reuters) - President Bush on Friday signed intolaw a measure authorizing an \$800 billion increase in thecredit limit of the United States, the White House said.",World,Business
"US consumers unaware of spyware The findings come in a report from the newly formed Consumer Spyware Initiative, a joint effort by Dell and the non-profit Internet Education Foundation that aims to increase awareness of spyware.",Business,Sci/Tech
"With work, Dana-Farber learns from '94 mistakes Nurse Teresa Mazeika has known the woman knitting in the blue reclining chair for months. But she asks Carolyn Harlow her name and birthday anyway, as she approaches with chemotherapy for Harlow's blood cancer. Mazeika, a 17-year nursing veteran at Dana-Farber Cancer Institute, isn't taking any chances that she is about to give the drug to the wrong patient.",Business,World
"Microsoft Lawyer Says Company Able To Comply with EU Antitrust ... Microsoft attorney Brad Smith, said: quot;We will certainly be prepared to comply with the court #39;s order whatever it may be. We have invested a tremendous amount of time and energy and spent millions",Business,Sci/Tech
Qatar Defense Show Focuses on Videogame Technology DOHA (Reuters) - Rick Bracewell is driving through Baghdad when gunmen open fire. Then a nearby dead dog strapped with explosives blows up and his vehicle goes up in flames.,Sci/Tech,World
"Chargers, Rivers Agree to Deal The San Diego Chargers finally reached a contract agreement last night with quarterback Philip Rivers. Rivers, the fourth overall choice in April #39;s draft, agreed to a six-year deal worth about \$40 million, including",Sports,Business
"Johnson amp; Johnson bids for rival NEW YORK Johnson amp; Johnson is in advanced negotiations to acquire Guidant, one of the largest US makers of devices to treat heart and circulatory illnesses, according to executives close to the talks.",Business,Sports
"Global server sales on the rise Sales of server systems rose 7.7 percent globally in the second quarter to \$11.55 billion as demand for Information Technology remained strong after a three year downturn, market research firm Gartner said in a statement.",Sci/Tech,Business
"FCC Mulls Airborne Mobile Phone Use Although there may have been technical limitations at the time the cell phone ban was established, according to IDC #39;s Shiv Bakhshi, it is unclear why the ban has remained in place, given that",Business,Sci/Tech
"Sources: Sprint, Nextel closing in on \$36B deal Sprint Corp. is in advanced talks to buy Nextel Communications Inc. for more than \$36 billion in a mostly stock deal, sources familiar with the situation said today.",Sci/Tech,Business
"Howard Stern Says He Plans to Jump to Satellite Radio After heavy F.C.C. fines, Howard Stern expects to deliver ""my show my way"" in the mostly unregulated medium.",World,Sci/Tech
Court considers textbook stickers downplaying evolution A Georgia school board is in court this week over quot;disclaimer quot; stickers it placed on biology textbooks stating that the theory of evolution has not been proven as fact.,Sci/Tech,World
"Senate Resolves Corporate Tax Bill Delay Sen. Mary Landrieu, D-La., is shown in Washington in this Nov. 11, 2003, file photo. Known as one of the Senate #39;s more moderate Democrats, Landrieu undertook a fiery defense Sunday, Oct. 10, 2004, of military",Business,World
"Stern to Join Sirius Satellite Radio NEW YORK - Howard Stern has long had two words for the Federal Communications Commission - and in 15 months, he can finally utter them on the air. The self-proclaimed ""King of All Media,"" perhaps the most influential radio voice of the last 20 years, is shifting his salacious act to satellite radio and freeing himself from the increasingly harsh glare of federal regulators...",World,Business
"Stocks Sink on Coke's Gloomy Forecast NEW YORK - Stocks headed lower Wednesday after beverage giant Coca-Cola Co. issued a gloomy forecast, and a lower-than-expected reading on industrial production for August threw the nation's broader economic outlook into question...",World,Business
"Apology, refund from cruise line In a move almost unheard of in its industry, Norwegian Cruise Line has apologized for service problems during the Pride of Aloha #39;s first two months of sailing around Hawaii, and is refunding a portion of the service charge to everyone who has cruised on",Business,Sci/Tech
Ryder Cup: Europe close on victory Another good day at Oakland Hills sees Europe move 11-5 clear of the USA going into Sunday's Ryder Cup singles.,World,Sports
"Dreams of perfect market are fine, as long as they don't come true In these times of financial wrongdoing and subsequent systemic changes, it's only natural to wonder what a perfect investment world would look like.",Business,Sci/Tech
"FasTrak Toll Bridge Discounts End Monday About 70,000 motorists signed up for FasTrak, the electronic toll collection system, since July 1, when tolls went up from \$2 to \$3.",Business,Sci/Tech
"Lloyds TSB cashes in on VoIP Lloyds TSB is gearing up to roll out one of the largest converged networks in Europe, a 500m 70,000 phone VoIP infrastructure linking all the bank #39;s branches and cash points.",Sci/Tech,Business
Senate weighs H-1B visa changes U.S. senators are debating a controversial measure to exempt foreign student graduates from the cap on H-1B visas.,Sci/Tech,World
PeopleSoft Chief Threatens to Sue Over Oracle Statements PeopleSoft's chief executive accused Oracle of spreading misleading information about his stock sales and threatened to sue for defamation.,Sci/Tech,Business
"A #39;Plan B #39; for PeopleSoft customers com September 20, 2004, 6:13 PM PT. This fourth priority #39;s main focus has been improving or obtaining CRM and ERP software for the past year and a half.",Sci/Tech,Business
"ICANN Gives Preliminary OK to 2 Domains NEW YORK Dec 13, 2004 - The Internet #39;s key oversight agency gave a preliminary nod Monday to new domain names targeting mobile services and the jobs market.",Sci/Tech,Business
"EU to probe Microsoft-Time Warner buy The decision is a setback for the two companies and their plan to acquire ContentGuard, a digital rights management firm.",Sci/Tech,Business
"India, Russia must join hands to develop new tech: Putin Mr Vladimir V. Putin, President of the Russian Federation, Mr NR Narayana Murthy, Chief Mentor and Chairman, Infosys, and Mr Nandan Nilekani, CEO and Managing Director, at the Infosys campus in Bangalore on Sunday.",World,Business
"On TV -- from the Internet SAN MATEO, Calif. -- The promise of Internet-based video has long been hamstrung by copyright and piracy worries, slow dial-up connections, technical challenges, and consumer disdain for watching blotchy videos on their home computers.",Business,Sci/Tech
"An Unknown Giant Flexes Its Muscles Although virtually unknown in the U.S., Lenovo - in talks to buy I.B.M.'s personal computer business - is China's largest PC maker and the world's fastest growing one.",Sci/Tech,Business
Skyboxes May Reach A Limit Verizon Communications Inc. would seem to be a prime candidate to snap up a luxury suite at the \$440 million ballpark being planned for Washington's Major League Baseball team.,Business,Sci/Tech
"Boeing casts eyes on live TV over Connexion service The Boeing Co. is planning to add live television to its Connexion by Boeing service during 2005, a company executive said in a recent interview.",Sci/Tech,Business
Surviving Biotech's Downturns Charly Travers offers advice on withstanding the volatility of the biotech sector.,Business,Sci/Tech
How to take the perfect penalty A sports psychologist says how footballers should prepare themselves for the high-pressure penalties.,Sci/Tech,Sports
Erdogan Believes European Council #39;s Decision Will Be A Milestone PARIS - Turkish PM Recep Tayyip Erdogan expressed belief on Thursday that the decision that the European Council would make on December 17th (on whether and when to open negotiations with Turkey) would be a milestone for not only Turkey-(EU) relations,Business,World
This week in merger news This week saw three merger deals worth about \$60 billion--including one that ranks as the largest software merger in history.,Sci/Tech,Business
U.S.-Australia Swimming Rivalry Set to Heat Up INDIANAPOLIS (Reuters) - The rivalry between the U.S. and Australia is set to heat up at the short course world championships with most of the five finals later Sunday featuring head-to-head clashes by the two swimming powerhouses.,Sports,World
Finnish Watchdog Raps TV Game Operators (Reuters) Reuters - Finland's consumer watchdog said on\Monday it had reprimanded broadcasters for causing children to\run up huge mobile phone bills with interactive television game\and chat programs.,World,Sci/Tech
"Toshiba claims Hollywood backing in war for next DVD standard (AFP) AFP - Toshiba said four major Hollywood studios had thrown their crucial weight behind High Definition DVD (HD-DVD), one of two disc formats contending to be the standard in next-generation DVDs.",World,Sci/Tech
"Pa. Golfer Cleared of Not Yelling 'Fore' (AP) AP - A golfer plunked in the face by an errant ball was unable to convince a jury that the man who hit him was negligent for failing to yell ""Fore!""",Sports,World
"Mom Hugs 'Miracle' Baby After Ovarian Transplant (Reuters) Reuters - Ouarda Touirat, her day-old baby\daughter nestling in her arms, said Friday she had never lost\hope that she could conceive after cancer treatment left her\infertile.",Sci/Tech,World
Football: Spanish FA apologises The Spanish FA apologises to its English counterparts following racist chanting.,World,Sports
"Intel to delay product aimed for high-definition TVs SAN FRANCISCO -- In the latest of a series of product delays, Intel Corp. has postponed the launch of a video display chip it had previously planned to introduce by year end, putting off a showdown with Texas Instruments Inc. in the fast-growing market for high-definition television displays.",Business,Sci/Tech
"Local group joins suit to de-list endangered species Bob Briggs wifes family has owned about 1,000 acres of redwood forest off Waddell Creek since 1913. He doesnt clearcut, and logs about once a decade.",Business,Sci/Tech
"Sun Reports Smaller Loss and Calls It a Turnaround As it struggled to increase sales and cut costs, Sun Microsystems managed to reduce its net loss in the first quarter to \$174 million.",Sci/Tech,Business
US football: Patriots' historic win New England win a record-tying 18th straight game - plus an NFL round-up.,World,Sports
"US Supreme Court to Decide Grokster Case The US Supreme Court on Friday agreed to consider whether Internet file-trading networks should be held responsible when their users copy music, movies and other protected works without permission.",Sci/Tech,Business
"Mr Downer shoots his mouth off Just what Alexander Downer was thinking when he declared on radio last Friday that quot;they could fire a missile from North Korea to Sydney quot; is unclear. The provocative remark, just days before his arrival yesterday on his second visit to the North Korean ...",World,Business
G7 fails to reach debt deal Hopes of a deal to write off completely the debts of some of the world #39;s poorest countries were dashed after the Group of Seven rich nations club failed to reach agreement.,Business,World
JFK killing fades in intensity WASHINGTON: The 41st anniversary of President John F Kennedy #39;s assassination passed on November 22 - a lot more quietly than earlier ones.,Sci/Tech,World
"Unknown Nesterenko Makes World Headlines (Reuters) Reuters - Belarus' Yuliya Nesterenko won the top\women's athletics gold medal at the Olympics on Saturday,\triumphing over a field stripped of many big names because of\doping woes to win the 100 meters.",World,Sports
"FCC Proposes \$1.2M Indecency Fine for Fox WASHINGTON - Federal regulators proposed a record indecency fine of nearly \$1.2 million Tuesday against Fox Broadcasting Co. for an episode of its reality series ""Married by America"" that included graphic scenes from bachelor and bachelorette parties...",World,Business
"Beijing gears up for 2008 Although the Beijing Olympics is still four years away, the Chinese capital is already gearing up to host the event. The city of over 12 million is refurbishing ancient landmarks in",Sports,World
Lazarus-like virus hits computers A new computer virus is catching people out by coming back from the dead.,Business,Sci/Tech
"Quietly, tide of opinion turns on Chechen war Although discussion of the war has been marginalized, many experts say Russians may not prefer it that way.",World,Sci/Tech
Time to look overseas for a healthier 401(k) I change the mutual funds in my 401(k) plan about as often as the Red Sox win the World Series.,Business,Sports
"Travelocity Says Speed Is the Ticket For Growth Sam Gilliand, the chief executive of Travelocity, talks about the online travel industry, the Cendant-Orbitz merger and the woes of the airline industry.",Sci/Tech,Business
"Streamlined Cable TV in a Card An innovation called the CableCard, which slides into a slot on the back of many new TV sets, is meant to eliminate the cable box. So why aren't cable customers hearing more about it?",Sci/Tech,Business
"Dow Jones Agrees to Buy MarketWatch in \$519 Million Deal Dow Jones Company, the publisher of The Wall Street Journal, has agreed to buy MarketWatch, the parent company of the financial news Web site CBS MarketWatch, for approximately \$519 million, the companies said today.",World,Business
"Holiday Stamps to Be Issued in Oct. (AP) AP - Holiday postage stamps celebrating Christmas, Hanukkah and Kwanzaa will be issued next month, the U.S. Postal Service announced Monday.",World,Business
"Guidant merges with Johnson and Johnson Indianapolis, Dec. 16 - An announcement Thursday morning ends weeks of speculation and means that if Guidant shareholders sign off, Indiana will lose one of its few Fortune 500 companies.",Business,Sports
"German investor confidence slumped in September BERLIN - German investor confidence dropped sharply in September, a key economic indicator released Tuesday showed amid concerns about the impact of high oil prices on consumer demand and the outlook for the global economy.",World,Business
"Ex-Bush Official on Cybersecurity Returns (AP) AP - Howard Schmidt, a highly regarded technology executive who was former special adviser to President Bush for cybersecurity, is returning to work with the Homeland Security Department on efforts to protect the nation's computer networks.",World,Sci/Tech
Tough to predict a hurricane landfall this season #39;s busy season of landfalling Atlantic hurricanes has seen a few less-than-perfect calls by tropical,Sci/Tech,Sports
"Boeing gets downpayments Boeing has received downpayments for up to 200 of its new 7E7 planes in addition to the known 52 orders it has gained, Chief Executive Harry Stonecipher said in an interview published on Thursday.",Business,World
"United without key pair Keane was not with the squad flying out to the Czech capital after contracting a virus and Ferdinand, who would almost certainly have skippered United in the Irishmans absence, was due to attend his grandmothers funeral.",Sports,World
"Avis blames IT for multimillion-dollar loss The car rental company takes a major hit because of problems with IT, including high costs associated with an ERP project.",Sci/Tech,Business
"Ken Caminiti, 1996 NL MVP, Dies at Age 41 NEW YORK - Ken Caminiti, the 1996 National League MVP who later admitted using steroids during his major league career, died Sunday. He was 41...",World,Sports
Nepal blockade 'blow to tourism' Nepal tour operators say tourists cancelled millions of dollars of bookings due to the rebel blockade of Kathmandu.,Business,World
OPM Delving Deeper Into Employees #39; Backgrounds which sets hiring and employment standards for the government -- is reviewing its employees to ensure that they are suitable for jobs involving the quot;public trust.,Sci/Tech,Business
"Amtrak Infrastructure On Brink, DOT Warns The national passenger rail service risks a ""major point of failure"" if infrastructure needs remain unaddressed, the U.S. Department of Transportation warned in a scathing report made public.",Business,Sci/Tech
"PeopleSoft CEO Conway maintains defiant tone SEPTEMBER 21, 2004 (IDG NEWS SERVICE) - With 15,000 attendees at PeopleSoft Inc. #39;s Connect 2004 user show waiting to hear how the company would handle Oracle Corp.",Business,Sci/Tech
"Residents Protest Nation #39;s First Hydrogen Refueling Station Two dozen protesters greeted Mayor Tony Williams and top executives of Shell, who came to open North America #39;s first hydrogen refueling station.",Business,Sports
"Nigerian oil flows despite rebel threat-companies Oil should continue to flow from Nigeria, the world #39;s seventh largest exporter, despite a rebel threat to attack foreign oil workers in an quot;all-out war quot; due to start on Friday, multinational energy companies said.",World,Business
"US economic growth slips to 2.8 Annual US economic growth fell to 2.8 in the second quarter of 2004, marking a slowdown from the 3 estimated a month ago.",World,Business
A wandering Congress trips over the US Constitution That is the one-word message of advice that citizens wanted to send to members of Congress at the end of last week. Both the House of Representatives and the Senate looked as if they are having trouble seizing,Business,World
TiVo loss widens SAN FRANCISCO (CBS.MW) - TiVo said its second-quarter loss widened from a year earlier on higher customer acquisition costs. Free!,Sci/Tech,Business
Federal CISOs Rank Patch Management As Biggest Obstacle Survey by Intelligent Decisions indicates that patch management leaves less time for chief information security officers to work on improving overall security.,Business,Sci/Tech
"Black Market in British Treasure Sold on EBay (Reuters) Reuters - Pieces of Britain's past, including a\second-century silver ring and a 500-year-old Tudor trade\weight, are among artifacts being peddled daily on the Internet\to the alarm of experts at the British Museum.",World,Sci/Tech
"Paralympics: China Surges As First Doping Cases Result In Lifetime ... ATHENS (AFP) - The Athens Paralympics weathered its first doping scandal, while juggernaut China continued to dominate the competition, racking up nearly twice as many as second-place Britain over the first four days of competition.",Sports,World
"Young People Practicing Unhealthy Habits They show greatest increase in smoking, obesity and poor eating, study says HealthDayNews -- Smoking, obesity and poor eating habits increased among young people in the United States in the 1990s, a trend that may lead to higher future rates of cancer, heart disease, diabetes and lung disease as that generation ages. That warning comes from a study in the September/October issue of the American Journal of Health Promotion...",Sci/Tech,World
"Chicago to Hold EBay Auction to Raise Money for Cultural Programs City officials hope there are people willing to pay plenty of money to own a vintage Playboy Bunny costume, toss green dye into the Chicago River or throw a dinner party prepared by Oprah Winfrey's chef.",Sci/Tech,Business
"Stocks to Open Up As Election Day Starts Dow Jones futures rose 37 points recently, while Nasdaq futures climbed 6 points and Standard amp; Poor #39;s futures edged up 3.60 points.",Business,Sports
"Why 2004 was the year of the blog A US dictionary publisher declares ""blog"" as one of the words of the year.",World,Sci/Tech
"E.U. Regulators Approve Oracle's PeopleSoft Bid European Union antitrust regulators on Tuesday cleared Oracle Corp.'s hostile \$7.7 billion bid for rival business software maker PeopleSoft Inc., removing one of the last major hurdles to the contested takeover proposal.",Sci/Tech,Business
Chip and PC Stocks Mixed on Warnings Semiconductor stocks were mixed Tuesday after Advanced Micro Devices Inc. warned quarterly revenue would be lower than expected due to sluggish sales of flash memory chips used in mobile phones and other devices.,Business,Sci/Tech
Software Service Aims to Outfox Caller ID A new computerized service enables customers to create phony outbound phone numbers in order to mask their telephone identities.,Business,Sci/Tech
"34 tech firms sued for alleged LCD patent theft Honeywell has issued lawsuits against 34 companies, including Dell, Apple, Sony and Toshiba alleging LCD panels used in their products infringe a 1992 patent the company holds.",Business,Sci/Tech
Judge declines to dismiss BALCO case A federal judge said Wednesday that she would not immediately dismiss charges against four men accused of distributing steroids to top athletes.,Sports,Business
Cadence poaches another Intel server staffer IDF Fall '04 Malhotra rejoins St. Fister,Sci/Tech,Sports
Bryant Makes First Appearance at Trial (AP) AP - NBA star Kobe Bryant arrived at his sexual assault trial Monday as attorneys in the case who spent the weekend poring over questionnaires prepared to question potential jurors individually.,Sci/Tech,Sports
"Hasbro's No Conehead Its Saturday Night Live version of ""Trivial Pursuit"" is good strategy for staying ahead of age compression.",Business,World
Personal Tech Fast Forward columnist Rob Pegoraro discusses his latest column on Windows Media Player 10 and answer your personal tech questions.,Sci/Tech,Business
"Justices to debate mail-order wine Being freelance wine critics may sound like a sweet gig, but Ray and Eleanor Heald have soured on it. Because their home state, Michigan, blocks direct shipments from out-of-state",Business,Sci/Tech
"Diesels, Hybrids Fated to Wed Two leading technologies used in fuel-efficient vehicles seem destined to unite. Industry experts say joining hybrid motors with diesel engines would result in the greenest mainstream vehicles ever, and the initial tests are promising.",Business,Sci/Tech
"Lexmark Loss Good for Consumers Lexmark's loss in court on Tuesday may mean that consumer electronics companies won't try to use the Digital Millenium Copyright Act as an all-purpose competition shield anymore, consumer advocates say. By Katie Dean.",Business,Sci/Tech
Banks seek court ruling over F1 Three banks go to the High Court in London seeking a ruling which could lead to Bernie Ecclestone losing control of Formula One racing.,Business,Sports
"PayPal Outages Persist, Worry Users Sporadic outages at PayPal stretched into a fifth day on Tuesday, though the company late in the day reported that access had returned to normal for most users.",Sci/Tech,Business
AOL Files Lawsuit Against IM #39;Spim #39; America Online Inc. said Thursday it had filed a federal lawsuit accusing numerous unnamed defendants of violating federal and state laws by sending bulk messages known as quot;spim quot; to instant message accounts and Internet chat rooms.,Business,Sci/Tech
"Oil Prices, Earnings Send Stocks Lower NEW YORK - Investors sent stocks lower Tuesday as oil prices crossed another milestone, \$54 per barrel. Earnings reports from heavyweights Johnson Johnson and Merrill Lynch Co...",World,Business
"Stern Blasts FCC at Satellite Promotion #39;Down With the FCC! #39; Howard Stern Says at New York Rally to Promote Switch to Satellite Radio. Radio host Howard Stern, below center, waits as thousands of his fans line up to receive a free Sirius radio from him in Union Square in New York Thursday, Nov.",Business,Sports
"Florida #39;s prepaid tuition program thriving Already the biggest of its kind in the country, Florida #39;s popular prepaid-tuition program expects to count its millionth customer during a sign-up period that runs Monday through Jan. 31.",Business,World
"IBM Claims Its BlueGene Supercomputer Is the Fastest IBM Corp. on Wednesday said it has developed the world #39;s fastest computer - a 16,000-processor version of its BlueGene/L supercomputer.",Business,Sci/Tech
"Cricket telecast: Prasar Bharati to move SC as aggrieved party #39; THE legal battle surrounding the awarding of telecast rights to Sony Entertainment Television for the forthcoming Australia tour of India is getting complicated with the Prasar Bharati CEO, Mr KS Sarma, saying that the national broadcaster would approach",Sports,World
Google Stock Slips as New Shares Hit Market Google Inc. stock dropped more than 6 percent Tuesday as tens of millions of new shares held by early investors and employees of the search engine giant became available for sale for the first time..-The Washington Post,Sci/Tech,Business
Prosecutors Say Ebbers Lied to Obtain Loans Court documents show federal prosecutors have told lawyers for former WorldCom Inc. chief executive Bernard J. Ebbers that they plan to argue he lied about the telecommunications giant's financial condition in order to get personal loans. -The Washington Post,Sci/Tech,Business
Sun settles Kodak patent suit Sun Microsystems says it will pay Kodak \$92 million to settle a high-profile patent suit involving Sun #39;s Java programming technology.,Business,Sci/Tech
"Ellison: Data Hubs Could #39;ve Prevented 9/11 SAN FRANCISCO -- Oracle CEO Larry Ellison is convinced that had the intelligence community used a unified database from Oracle, the terrorist attacks on 9/11 would never have happened.",Business,Sci/Tech
"New \$50 bill designed to counter counterfeits WASHINGTON - The green is still there, but with touches of blue, red and yellow. A stylized image of the Stars and Stripes now waves in the background.",Business,Sci/Tech
Testimony Ends In Evolution Sticker Trial ATLANTA -- Testimony concluded Wednesday in the lawsuit against Cobb County Georgia schools for placing disclaimer stickers about evolution in high school biology texts.,Sci/Tech,Business
BT cuts prices for telecom rivals Ofcom is cutting the price BT can charge its rivals for putting their broadband equipment in its exchanges by up to 60.,Business,Sci/Tech
"Travel Column: Australia Through Aboriginal Eyes This week's TravelWatch column profiles Anangu Tours, an Aborigine-owned tour company in Australia's Red Center.",Sci/Tech,World
"Rivals Try to Turn Tables on Charles Schwab By MICHAEL LIEDTKE SAN FRANCISCO (AP) -- With its low prices and iconoclastic attitude, discount stock broker Charles Schwab Corp. (SCH) represented an annoying stone in Wall Street's wing-tipped shoes for decades...",Sci/Tech,Business
"Virgin Starts (70) Mile-High Club With the misery that has plagued the airline industry recently, the last place you #39;d expect to see some inspiring -- heck, potentially rule-breaking -- thinking would be from an airline entrepreneur.",Sci/Tech,Business
"O's Still Fishing With big fish like Richie Sexson still looking for work and prizes like Tim Hudson being dangled in the market, the Orioles remain hopeful that they can bag a big catch.",Sports,Business
"Gateway Reports Smaller Quarterly Loss Gateway Inc. reported a narrowed net loss in the first quarter as it continues to restructure its operations and integrate its acquisition of eMachines. Still, the personal computer and electronics company posted a tiny operating profit -- its first in nearly three years.",Sci/Tech,Business
"Japan should outsource more The Japanese information services industry clocked up sales of 13,703.9 billion yen in fiscal 2001, according to a report on selected service industries for 2001 released by the Ministry of Economy, Trade and Industry (METI).",World,Business
"China, Argentina sign 5 cooperation documents China and Argentina signed five agreements in Buenos Aires Tuesday that will allow them to expand cooperation in the areas of trade, space, education, tourism and railways.",Business,World
No Sign Yet of Predicted Big California Earthquake (Reuters) Reuters - The clock is running out on a\highly publicized prediction that a major earthquake will rip\through Southern California by Sunday.,Sci/Tech,World
"Woods, Mickelson form dynamic US duo For three days, it had been about dinners, galas, black-tie affairs, and enough social engagements to please Paris Hilton.",Sports,World
"Sales of industrial robots surging: UN report Geneva - Worldwide sales of industrial robots surged to record levels in the first half of 2004 after equipment prices fell while labour costs grew, the United Nations Economic Commission for Europe said in a report to be released today.",Sci/Tech,Business
F1 debuts in China Formula One made its long-awaited debut in the People #39;s Republic of China today as the stunning new Shanghai International Circuit echoed to the banshee wail of Formula One engines being used in anger for the first time.,Sports,World
"(B)old new frontiers Northrop Grumman Corp. and Boeing Co. yesterday announced plans to team up to design a vehicle to take astronauts back to the moon and even beyond, but they #39;ve got to make one stop first",Business,Sci/Tech
"Sony looks under the Christmas tree Americans will go gadget shopping this holiday season even if oil prices go up, Sony execs say.",Sci/Tech,Business
"CA aquires computer security firm Computer Associates International Inc., as promised, is back in the acquisition game, scooping up its second computer security company in as many months with an agreement to buy Netegrity Inc.",Business,Sci/Tech
AOL's Viral Marketing America Online will now provide gratis antivirus protection to its subscribers.,Business,Sci/Tech
"Nortel to file restated results next year Nortel Networks said today that after months of trying to untangle faulty financial results, it won't file its 2003 and first-half 2004 results until early next year.",Sci/Tech,Business
Court ruling has fat cats purring THE future of horseracing in Britain was thrown into confusion this week as a result of a judgment by the European Court of Justice.,Sci/Tech,World
"Chips are down in tech world EUROPE #39;s biggest chipmaker, Infineon, rocked the technology world today as profits fell e100m (70m) short of analysts #39; expectations.",Business,Sci/Tech
"Nokia wins 115-million-dollar network deal from Brazil's Oi Celular (AFP) AFP - Nokia, the world's largest mobile phone maker, said it had received a 115-million-dollar (90-million-euro) order to expand Oi Celular's second-generation GSM network in Brazil.",Sci/Tech,Business
"Senate panel opposes overtime rules A Senate committee voted yesterday to scuttle new rules that critics say would deny overtime pay to millions of workers, as Democrats won the latest round in their election-year bout with President Bush over the issue.",Business,World
FERGUSON ATTACKED IN TUNNEL BUST-UP SIR ALEX FERGUSON was pelted with food and pea soup by an Arsenal player in an extraordinary tunnel bust-up at Old Trafford yesterday.,Sports,World
"Slowing population 'lacks funds' Rich countries are giving only half the amount they promised to help to slow world population growth, the UN says.",Sci/Tech,World
"Consumer Confidence Dips in September NEW YORK - Job worries helped push consumer confidence down in September for the second consecutive month, a New York-based private research group said Tuesday. The Consumer Confidence Index fell 1.9 points to 96.8 from a revised reading of 98.7 in August, according to The Conference Board...",World,Business
PeopleSoft revises third-quarter profit Oracle target adds \$2.6 million to bottom line after tax adjustment related to ex-CEO's severance package.,Sci/Tech,Business
"Rocking the Cradle of Life When did life begin? One evidential clue stems from the fossil records in Western Australia, although whether these layered sediments are biological or chemical has spawned a spirited debate. Oxford researcher, Nicola McLoughlin, describes some of the issues in contention.",Sci/Tech,World
"PeopleSoft, SAP make bid for manufacturing dollars Business software vendors PeopleSoft and SAP separately debuted new technologies to further consolidate their respective positions in the manufacturing market.",Sci/Tech,Business
"Henman Sails at the Swiss Indoors By Mark Ledsom BASEL (Reuters) - Britain's world number four Tim Henmanwon his opening match at the Swiss Indoors tennis tournamentwith little difficulty on Wednesday, beating Frenchman AntonyDupuis 6-3, 6-4.",World,Sports
Tokyo Stocks Higher at Late Morning (AP) AP - Tokyo stocks rose moderately Monday morning on bargain hunting following Friday's losses. The U.S. dollar was up against the Japanese yen.,World,Business
"Microsoft, EU Officials in Procedure Meeting Microsoft (Quote, Chart) and representatives of the European Union #39;s Competition Commission will sit down at the table together on Thursday, but it won #39;t be to eat.",Business,Sci/Tech
EU foreign ministers hope to break deadlock over ASEM summit The European Union said Friday it quot;hoped to reach a conclusion quot; at a meeting of foreign ministers on the participation of military-ruled Myanmar in an upcoming summit of Asian and European nations.,Business,World
Vonage Awash in Venture Capital VoIP (define) upstart Vonage has quickly amassed another \$105 million from venture capitalists and is looking to Latin America and Asia to accelerate an already torrid growth rate.,Sci/Tech,Business
Florida Starts To Recover in the Wake of Hurricane Frances President Bush will travel to Florida Wednesday to survey damage from Hurricane Frances. He sent a letter to Congress asking for \$2 billion to help with recovery efforts.,Sci/Tech,World
"Japanese Utility Plans IPO in October (AP) AP - Electric Power Development Co., a former state-run utility, said Friday it is planning an initial public offering on the Tokyo Stock Exchange in October, a deal that could be the country's biggest new stock listing in six years.",World,Business
"Japanese electronics giants in LCD joint venture Hitachi, Toshiba and Matsushita Electric have formed a joint venture to manufacture large liquid-crystal displays for flat-screen televisions, escalating competition for a piece of the digital living room.",Sci/Tech,Business
"London Times goes strictly tabloid After more than two centuries as a broadsheet newspaper, The Times of London has gone strictly tabloid. On Monday, The Times moved to a totally compact format after almost a year of dual publication.",Sci/Tech,World
"Glazer stake in Man Utd nears 30 US tycoon Malcolm Glazer lifts his stake in Manchester Utd to 28.11, one day after spending 17m on further share buys.",World,Sports
Our mobile margins will fall: Telstra TELSTRA chief financial officer John Stanhope has admitted Telstra #39;s margins in its \$4.5 billion a year mobile phone business will shrink this year in the face of increased price competition and the growing cost of acquiring new customers.,Sci/Tech,Business
"Groups Offers Beer for Blood Donations (AP) AP - Some in Michigan who roll up their sleeves to donate blood will get a racetrack T-shirt, hat and pin. Sponsors in San Diego have given away whale-watching trips. On Wednesday, the Cleveland Regional Transit Authority handed out vouchers for a pint of any beverage, including beer, in exchange for a pint of blood.",Sci/Tech,World
"Setback for asbestos settlement at ABB ABB said it was aware of the ruling, but remained confident that a settlement would be reached. ABB is naturally surprised and disappointed at todays decision, but remains confident that it can resolve.",Business,World
"Future Doctors, Crossing Borders Students at the Mount Sinai School of Medicine learn that diet and culture shape health in East Harlem.",World,Sci/Tech
"Counting the Hops (Forbes.com) Forbes.com - Like Network Appliance, many top tech firms are snapping up Linux programmers, hoping to influence the way the operating system evolves. The trick is to hire programmers closest to Linux creator Linus Torvalds. Torvalds oversees Linux development, but he delegates pieces of the system to the 25 or so code maintainers,like Trond Myklebust at NetApp.Maintainers in turn break their projects into smaller pieces, overseen by submaintainers.",Sci/Tech,Business
"More buyers choose artificial Renee McDonald remembers the Christmas trees of her youth: spindly, fake and out of a box. They were hard to put up, and they just didn #39;t smell right.",Business,Sports
Playstation 3 to arrive spring 2006 In Japan NVIDIA HAS MADE A big noise about Playstation 3 deal but unfortunately you won #39;t see this console any time soon. Nvidia stock holders definitely know about Sony and its Playstation 3 killer business and therefore Nvidia is recovering on the stock market.,Sci/Tech,Business
"Argentina Basketball Coach Magnano Quits Ruben Magnano, who coached Argentina to the Olympic basketball gold medal in Athens, resigned Thursday to accept a coaching job in Italy.",World,Sports
"Pixar Delays Its Next Film #39;Cars #39; to 2006 Pixar Animation Studios will delay the release of its next film, quot;Cars, quot; until June 2006 as it switches from a holiday release schedule to releasing films during the summer when more children are at home.",Business,World
"Atlantis ""Evidence"" Found in Spain, Ireland In 360 B.C. the Greek philosopher Plato described an island he called Atlantis. Now contradicting new evidence claims the fabled city-state was based on a real place.",Sci/Tech,World
Visit to a Potemkin village Gongzhong does not resemble any Tibetan village in Tibet. It is a village more from Epcot Center in Walt Disney World.,World,Sports
"Flying taxis - quot;within five years quot; British company Avcen, designers of quot;Jetpod quot; taxi, believe they can offer a flying taxi service within 5 years. The taxi, due to undergo quot;proof of concept quot; test flights over the next 18 months, cruises to 228m with speeds of up to 350 mph (563 kph).",Sci/Tech,Sports
"Sports Court Hears Hamm Gold Medal Appeal LAUSANNE, Switzerland - Paul Hamm appeared before the sports world's highest court Monday to argue why he should he keep his Olympic gymnastics gold medal. The Court of Arbitration for Sport convened to hear the appeal from a South Korean gymnast who believes he was unfairly deprived of the gold in the men's all-around event in Athens last month because of a scoring error...",World,Sports
'Cities in crisis' leaders warn World leaders warn that rapid urbanisation will become one of the biggest challenges of the 21st Century.,Sci/Tech,World
"Union leaders held under ESMA on Day 6 of strike New Delhi, August 26: The sixth day of the truckers strike on Thursday saw 12 more truckers being arrested under the Essential Services Maintenance Act (ESMA)in the Capital.",Business,World
"Els Looks Ahead with Promise After Major Woes LONDON (Reuters) - After being a frustrated 'nearly man' at this year's majors, Ernie Els plans to make the most of a near-perfect finish to the 2004 season.",Sports,Business
"Ciena Posts a Loss, Forecasts Flat Sales By Deborah Cohen CHICAGO (Reuters) - Telecommunications equipment makerCiena Corp. on Thursday reported a wider loss for thefiscal third quarter due to slack demand and forecast sales inthe current quarter would be little changed from the thirdquarter.",Sci/Tech,Business
"Poor? Who #39;s poor? Poverty is down The proportion of people living on less than \$1 a day decreased from 40 to 21 per cent of the global population between 1981 and 2001, says the World Bank #39;s latest annual report.",World,Sci/Tech
"Mobile boom draws telecom manufacturing to India BANGALORE, INDIA - An anticipated boom in mobile telephony use in India is attracting multinational and local companies to establish manufacturing operations in the country.",Sci/Tech,Business
"MedImmune CEO Talks Finance and Science David Mott, a Dartmouth-educated Wall Street investment banker, is increasingly leveraging his reputation in the local and national biotech communities.-The Washington Post",Sci/Tech,Business
"FOAFKey: FOAF, PGP, Key Distribution, and Bloom Filters \\FOAF/LOAF and bloom filters have a lot of interesting properties for social\network and whitelist distribution.\\I think we can go one level higher though and include GPG/OpenPGP key\fingerpring distribution in the FOAF file for simple web-of-trust based key\distribution.\\What if we used FOAF and included the PGP key fingerprint(s) for identities?\This could mean a lot. You include the PGP key fingerprints within the FOAF\file of your direct friends and then include a bloom filter of the PGP key\fingerprints of your entire whitelist (the source FOAF file would of course need\to be encrypted ).\\Your whitelist would be populated from the social network as your client\discovered new identit ...\\",Sci/Tech,Business
"BTG hits Amazon, Netflix and others with patent suit BTG, a London-based firm that focuses on intellectual property and technology commercialization, filed suit against Amazon.com, Barnesandnoble.com and two other Internet companies for infringing on patents related to the tracking of users online.",Sci/Tech,Business
"China's Lenovo in talks with 'major IT firm' for acquisition (AFP) AFP - China's largest manufacturer of personal computers Lenovo Group said it is in negotiations with a major information technology company, believed to be US-based IBM.",Sci/Tech,World
"Wi-Fi successor is called high-speed hype -- for now SAN FRANCISCO -- At virtually every turn, Intel Corp. executives are heaping praise on an emerging long-range wireless technology known as WiMAX, which can blanket entire cities with high-speed Internet access.",Business,Sci/Tech
"Study: Posture found able to communicate fear A fight breaks out, and even though people at the far side of the crowd can #39;t see what #39;s going on, they are immediately on edge.",Sci/Tech,Sports
"Bush Pledges Strong-Dollar Policy President Bush meets with Italian Prime Minister Silvio Berlusconi in the Oval Office of the White House, Wednesday, Dec. 15, 2004, in Washington.",Business,World
"Nikkei Opens Higher (Reuters) Reuters - The Nikkei average rose 1.37 percent at\the opening on Monday as a recovery in U.S. stocks encouraged\investors to seek bargains among lagging issues, including\Canon Inc. and other high-tech issues.",World,Business
"RTX Provides Cordless Phones for Net-Based Calls COPENHAGEN (Reuters) - Danish electronics equipment maker RTX Telecom RTX.CO said on Monday it had signed an agreement with Skype, a provider of Internet-based voice telephony, to develop and market cordless handsets.",Sci/Tech,Business
British Music Fans Decry ITunes Pricing Consumer group complains of higher prices in U.K. than elsewhere in Europe.,Sci/Tech,Business
"Med school move delayed to 2007 The MSU College of Human Medicine won #39;t be relocated to Grand Rapids until at least 2007, and could cost only half as much as university officials originally estimated.",Business,Sci/Tech
"Mr. Chang, Strike a Pose Halfway around the world, standing virtually in the middle of the Pacific Ocean, the incomparable Timmy Chang is just days away from throwing his first pass of the season. From my tattered sofa, I will be watching him. I want you to watch him, too.",Sports,Sci/Tech
"Cocoa Price Off, Ivory Coast Shot to Bits (Reuters) Reuters - World cocoa prices rose from intraday\lows, but exports from the Ivory Coast, the key global\supplier, remain on hold after mob violence and military\clashes paralyze business in the West African country, traders\said on Tuesday.",Business,World
Pen can pick some bike U-locks That U-shaped bike lock that you thought was so secure may be easy pickings for thieves who have nothing more sophisticated than a Bic pen.,Business,Sci/Tech
"Report: E-voting problems cause loss of votes E-voting machine problems caused more than 4,500 votes to be lost in one North Carolina county during Tuesday's general election, and gave U.S. President George Bush more than 3,800 extra votes in Ohio, according to The Associated Press.",Sci/Tech,World
"Attack prompts Bush website block The re-election website of President Bush is blocking overseas visitors because of ""security reasons"".",Sci/Tech,World
"Sign off, then sign in G. Michael Caggiano Jr. lies awake at night thinking about bank signs. He ponders them during breakfast, while brushing his teeth, and quot;constantly quot; during the day, he says.",Business,Sports
"August Chip Sales Growth Slows on High Inventory SAN FRANCISCO (Reuters) - Global semiconductor sales growth slowed to 1 percent in August as electronics makers reacted to growing inventories in Asia by limiting orders of chips, an industry trade group said on Thursday.",Sci/Tech,Business
"Dell, AOL team up in schools initiative ROUND ROCK, Texas -- Dell Inc. and America Online Inc. announced a partnership Monday to provide 5,000 low-income students with free refurbished personal computers and a year #39;s worth of Internet access.",Business,Sci/Tech
Corning begins work on Taiwan LCD facility Demand for flat-panel devices means that the time is ripe for factories to churn out more glass.,Sci/Tech,World
Bond game fails to shake or stir GoldenEye: Rogue Action fails to deliver on the promise of its name and struggles to generate the original's massive sense of fun.,Sci/Tech,Business
"Study raises stent doubts Heart patients aren #39;t more likely to live long term after getting the artery-opening tubes called stents, according to a study released yesterday by researchers at Duke University.",Business,Sci/Tech
"Death bell tolls for Russia's Yukos oil giant (AFP) AFP - Russia's Yukos does not begin the week teetering on the edge of ruin where it has been for months now. The oil giant is flat on its back, gasping for its last breaths of air.",World,Business
"Gates, Ballmer pay holds at about \$900,000 Paychecks stay the same for the top two, but compensation changes for other Microsoft workers as stock grants replace options.",Sci/Tech,Business
Playing with the traumas of war Are games based on the Vietnam conflict making us immune to realities of history?,Sci/Tech,Business
"SAP software exposes shipper's financial errors The installation of SAP financial software at a major London-based container transport firm exposed flaws in the company's accounting systems and processes, forcing it to restate its earnings.",Sci/Tech,Business
"PeopleSoft, IBM strike middleware alliance PeopleSoft Inc. is deepening its ties with IBM Corp., announcing on Tuesday a sales and development partnership it called the most significant enterprise applications alliance in the companies' history.",Sci/Tech,Business
"Antidepressants to Reflect Suicide Risk WASHINGTON (Reuters) - The U.S. Food and Drug Administration plans to update antidepressant labels to reflect studies that suggest a link between the drugs and suicide in youths, but remains cautious about the strength of such ties, according to documents released on Friday.",Business,World
"Saudi Arabia, Qatar, Kuwait still risky investments: study (AFP) AFP - Investing remains risky in Saudi Arabia, Qatar and Kuwait, notably because the presence of US forces in the region makes these countries vulnerable to terrorist attacks, a security consulting firm said.",Business,World
"Catalina Foxes Back After Near Extinction (AP) AP - A unique subspecies of fox that is about the size of a house cat is back from the brink of extinction on Santa Catalina Island and can survive on its own thanks to a captive breeding program, the head of a nonprofit group that manages most of the island said Tuesday.",Sci/Tech,World
"Scientist Ramanna mourned BOMBAY: Raja Ramanna, the scientist who pioneered India #39;s drive to become a nuclear power, died yesterday in Bombay at age 79.",World,Sci/Tech
"Dodgers Nip Giants 3-2 in Crucial Series SAN FRANCISCO - Shawn Green can sit out Saturday knowing he was a huge help to the Dodgers during their crucial series against San Francisco. Green hit a two-run homer in Los Angeles' 3-2 victory over the Giants on Friday night, a day before the first baseman will miss a game to observe the Jewish holiday Yom Kippur...",World,Sports
"China shuts 1,600 cybercafes The Chinese government confirmed this weekend that it has closed 1,600 internet cafes and fined operators a total of 100m yuan since March, when it began its crackdown on violent or pornographic content, and other material it considers harmful to public",Sci/Tech,Business
Week's delay for Delta launcher Boeing's new heavy-lift Delta 4 rocket must wait a further week before making its maiden flight.,World,Business
"For Craigslist, city was just the ticket Hadley Weinzierl used Craigslist to furnish her Jamaica Plain apartment, and when she bought a Maltese puppy, she sought advice from fellow Craigslisters on a good vet, a cheap dog-walker, and a park where she could let the dog run without a leash.",Business,Sports
"Supah Blitz captures Del Mar BC Handicap After spending the first 29 starts of his career mostly confined to the East Coast, Supah Blitz found out what everyone eventually does - it #39;s much better at Del Mar. In his",Sports,World
"PRESS START FOR NOSTALGIA Like Led Zeppelin #39;s #39; #39;Stairway to Heaven #39; #39; and Lynyrd Skynyrd #39;s #39; #39;Freebird, #39; #39; classic video games like Frogger and Pong can bring back an entire era.",Sci/Tech,Sports
"EPA May Conduct Human Tests for Chemicals (AP) AP - In setting limits on chemicals in food and water, the Environmental Protection Agency may rely on industry tests that expose people to poisons and raise ethical questions.",World,Sci/Tech
"English 'world language' forecast A third of people on the planet will be learning English in the next decade, \says a report.",World,Sci/Tech
"Kids Opt for Kerry in Bellwether Online Poll (Reuters) Reuters - The kids have spoken, and it's Sen.\John Kerry with a convincing victory over President Bush on",World,Business
"Intel defeats AMD in court AMD #39;s attempt to persuade the US court to sanction the release of over 60,000 pages of Intel documentation to a European Commission anti-trust enquiry has failed.",Business,Sci/Tech
Final Round in Cable-ISP Fight The U.S. Supreme Court has agreed to hear whether cable operators must give access to their lines to third-party ISPs. Michael Grebb reports from Washington.,Sci/Tech,Business
New Fat-Busting Microwave Oven Unveiled TOKYO (Reuters) - Eyeing up that juicy steak but worried about your waistline? Japanese electronics maker Sharp Corp. 6753.T says it has developed a new fat-busting microwave oven that can melt some of your worries away.,Sci/Tech,Business
ST Tele-TM Intl to buy 47.7 in Idea Mumbai: Singapore Technologies Telemedia and TM International have announced that their consortium has signed definitive agreements for the acquisition of 47.7 per cent stake in Idea Cellular.,Business,Sci/Tech
"Hawks Evicted From New York City Perch (AP) AP - Pale Male the city hawk was evicted from his nest, and the flap has already begun.",Sci/Tech,Sports
"Alstom to sign 1 billion Euro in contracts with China (AFP) AFP - The French Group Alstom Saturday will sign contracts worth up to 1 billion Euros (1.23 billion dollars) in China for the delivery of trains and locomotives, French sources with knowledge of the deal revealed to AFP.",World,Business
"Dinosaur May Have Been Stealth Hunter (AP) AP - The strike would have come out of nowhere: One second the fish was swimming placidly, no danger in sight, a moment later it was lunch.",Sci/Tech,Sports
"Calvin Murphy removed as Rockets broadcaster Murphy will go to trial Nov. 4 on charges he molested his daughters, a state district judge said Tuesday. Murphy is charged with three counts of indecency with a child and three counts of aggravated sexual assault, punishable by up to life in prison.",Sports,World
Hynix's 3Q Profit More Than Triples (AP) AP - South Korea's Hynix Semiconductor Inc. said Monday its third-quarter net profit more than tripled from same period last year thanks to steady global prices for memory chips.,World,Business
Donors seek clarity on PA finances Donors to the Palestinians are asking whether the change of leadership can let more light into Palestinian finances.,Business,World
"Cendant Near Deal to Buy Orbitz for #36;1.2 Bln-Source (Reuters) Reuters - Travel and real estate company\Cendant Corp. is close to an agreement to buy online\travel site Orbitz Inc. for about #36;1.2 billion in\cash, a source close to the talks said on Tuesday.",Sci/Tech,Business
Nortel lowers expectations Nortel said it expects revenue for the third quarter to fall short of expectations.,Sci/Tech,Business
"FCC Mull November VoIP Vote WASHINGTON -- In the absence of congressional action, Federal Communications Commission (FCC) Chairman Michael Powell has taken over the direction of Voice over IP (define) policy in the Capitol, at least for the time being.",Sci/Tech,Business
"Feds Make A Strike Against Spyware Companies WASHINGTON -- In what regulators are calling a first, the federal government has asked for a court order to shut down a spyware operation.",Sci/Tech,Business
"Aussies battle EU over cheese, champagne AP - The United States and Australia have prevailed in an interim ruling by World Trade Organisation (WTO) in a dispute over the protection given by the European Union to its regional goods such as Champagne wine and Feta cheese, trade officials said.",Business,World
"GoldenEye: Rogue Agent golden EA #39;s James Bond-baddie shooter has left its secret headquarters and taken over the factory. Like an evil genius announcing his demands, Electronic Arts has let the world know that GoldenEye: Rogue Agent has gone gold.",Sci/Tech,Sports
"Va. Biotech Looks to Md. For Inspiration Business and education leaders in Northern Virginia are working hard to lure biotechnology companies. But for a daunting reminder of how far they need to go, all they have to do is look at neighboring Maryland. -The Washington Post",Sci/Tech,Business
F1: British Grand Prix ruled out Jackie Stewart rejects Bernie Ecclestone's claims that the British Grand Prix is dead.,World,Sports
"Abu Ghraib report 'spreads blame' A report on the Abu Ghraib prisoner abuse scandal will blame at least two dozen more people, say US officials.",World,Business
Oracle 1Q Earnings Rise 16 Percent (AP) AP - Business software giant Oracle Corp. said Tuesday that first-quarter earnings rose 16 percent driven by new database license sales that rose 19 percent.,Sci/Tech,Business
"Robby Gordon Planning to Proceed With Caution Robby Gordon plans to join the oil spills, the tire chunks, the sharp pieces of debris and the other typical racetrack hazards on Sunday.",Sports,Business
"Ants Follow Forks in Their Roads to Find Home Forget GPS, forget road signs. Researchers in England say foraging Pharaoh's ants employ a simpler means to find their way home: geometry.",Sci/Tech,Sports
Senators Want Boeing Deal Investigated Leaders of the Senate Armed Services Committee asked the Defense Department on Friday to have its inspector general #39;s office investigate the Air Force #39;s effort to,Business,World
"A Founding Father? Give the guy some credit. Tung Chee-hwa, Hong Kong #39;s embattled Chief Executive, gets precious little of it from his people these daysand heaps of",World,Business
Hope Fades for Saving 2 Boys Stuck in Mexico Cave (Reuters) Reuters - Hopes of rescuing two small boys\trapped for five days in a jungle cave faded fast on Friday\after contact was lost with the brothers and as the cavern\flooded in overnight rains.,Sci/Tech,World
Telescope snaps distant 'planet' The first direct image of a planet circling another star may have been obtained by a US-European team of astronomers.,World,Sci/Tech
"2 charged after Chicago area pals are slain in NC tragedy Ever since they met in fourth grade, Brett Johnson Harman and Kevin McCann were as close as brothers. quot;They had the same mannerisms, the same kind of humor, and they even looked alike, quot; said McCann #39;s father, Dennis McCann.",Sports,World
"Don King Productions Presents: quot;Battle For Supremacy quot; On Saturday November 13th, ten misfits, nomads and upstarts seek to wage war or settle the score at the famed Madison Square Garden in New York, New York.",Sports,Business
"The Shockwaves of Sumatra The Indian Ocean earthquake of December 2004 produced a shockwave that created tsunamis all across the Indian Ocean. The tsunamis hammered nearby Indonesia and struck as far as the coast of East Africa. The death toll has climbed over 100,000 and continues to grow. It also created social shockwaves.",Sci/Tech,World
"Dominicans' Swift Step Into Crisis SANTO DOMINGO, Dominican Republic -- When Sandro Batista smashed his banana truck into a tree in April, leaving him with two hideously shattered legs and a broken arm, his orthopedic surgeon sent his sister shopping.",Business,World
"Matsushita Unveils DVD Recorders, Eyes Higher Share TOKYO (Reuters) - Panasonic brand products maker Matsushita Electric Industrial unveiled five new DVD recorders on Wednesday and said it was aiming to boost its share of the domestic market to over 40 percent from around 35 percent.",Sci/Tech,Business
"India's low-cost airline eyes business travel (AFP) AFP - India's pioneer low-cost carrier Air Deccan plans to raise 50 million dollars in private equity by shedding a 26 percent stake and also aims to enter the corporate business jet segment, its chairman said.",World,Business
"FCC Finds US Broadband Deployment Is Accelerating US broadband deployment is accelerating as underserved rural and inner city areas gain greater access to new services, according to a government report.",Sci/Tech,World
"Ballmer strikes big rivals from Microsoft shopping list LISBON - Customers watching for Microsoft Corp. to make a headline-grabbing buy in the business applications market faced disappointment Tuesday as company Chief Executive Officer Steven Ballmer ruled out acquisitions of PeopleSoft Inc., Oracle Corp. and SAP AG.",Sci/Tech,Business
"Blame player, not game It was like nothing youd ever exercised your thumbs to before. You could do whatever you wanted, whenever you wanted. The game seemed endless.",Sci/Tech,Sports
"Microsoft Opens Software Development Center in India (Update3) Microsoft Corp., the world #39;s largest software maker, will hire several hundred #39; #39; people in the next year at its development center in India, expanding its workforce of 800, Chief Executive Steve Ballmer said.",Business,Sci/Tech
"GM Plans to Use Woods More Creatively (AP) AP - General Motors Corp. is thrilled that Tiger Woods will promote Buick for the next five years, but GM chairman Rick Wagoner says the automaker could make better use of the world's best-known golfer.",Sports,Sci/Tech
Before-the-Bell: GenCorp Falls 5.6 Pct. (Reuters) Reuters - Shares of GenCorp Inc. fell 5.6\percent before the opening bell on Monday after investment fund\Steel Partners withdrew its proposal to acquire the aerospace\and real estate company.,Sci/Tech,Business
"IBM: Blue Gene Supercomputer For Sale Fresh after taking the performance crown and capping a five-year, \$100 million R amp;D effort, IBM today announced that Blue Gene is officially going on sale with a starting price of \$1.",Sci/Tech,Business
"IBM to hire even more new workers By the end of the year, the computing giant plans to have its biggest headcount since 1991.",Sci/Tech,Business
Old Rumors of Gay Sex Prove Powerful on Web Va. GOP members chose Del. Thelma Drake (Norfolk) to replace Rep. Edward L. Schrock after he resigned amidst allegations Schrock indulged in or solicited gay sex.,Sci/Tech,World
"Taiwan #39;s Acer picks a European as president TAIPEI Acer, the Taiwan computer company, named Gianfranco Lanci of Italy as its president on Wednesday, an appointment that signals the company #39;s ambitions to expand its global market share.",Sci/Tech,World
"Smoking ban would target pubs ritain #39;s government proposed banning smoking in most public places yesterday, setting off debate over what one smoker decried as the brainchild of a busybody quot;nanny state.",World,Business
TV's Passport Stamp of Approval The sixth season of a popular reality television show is ready to rock the world.,Business,Sports
"Christmas clash over gift choices Children would like expensive hi-tech gifts for Christmas, but few parents are happy to buy these, research suggests.",Sci/Tech,Business
"Panera Hopes 'Chilling Out' Brews Sales (AP) AP - Bakery cafe chain Panera Bread Co. hopes its customers will stick around a little longer #151; grab a bite to eat, buy another cup of coffee, try the Wi-Fi. In other words, just chill out.",Sci/Tech,World
Casino owners team up in Macao MACAO Publishing amp; Broadcasting said Tuesday that it had bought a stake in Stanley Ho #39;s latest gambling project in Macao as Asia #39;s two leading casino operators team up to expand in the region.,Business,Sports
"AOL, E-Mail Companies Sue Spammers The nation #39;s largest e-mail providers today filed a new round of lawsuits against Internet spammers allegedly responsible for shoveling millions of junk e-mail messages into computer users #39; in-boxes and their instant messaging screens.",Business,Sci/Tech
"A Bit of Wall St. on the Tigris The 150 brokers and traders on the Iraq Stock Exchange are not waiting for the war to end, buying and selling orders a few hundred yards away from the fighting.",World,Business
"Ontario won #39;t help other provinces squeeze Ottawa for more ... Premier Dalton McGuinty sent a shot across the bow of have-not provinces Sunday, warning that Ontario will not support efforts to wring billions more in equalization payments out",Business,World
"Hyundai signs deal for China truck plant Hyundai Motor Co. said yesterday that it has signed an agreement with a Chinese company, Jianghuai Automobile Corp., to build a commercial vehicle and engine plant in China #39;s Anhui province.",Sci/Tech,Business
"Oil Company on Trial in Madagascar Over Pollution (Reuters) Reuters - The operator of Madagascar's\privatized oil refinery went on trial on Tuesday, accused of\polluting the environment around the Indian Ocean island's main\international port, officials said.",Sci/Tech,Business
"GM Protests Spread Across Europe Tens of thousands of General Motors workers across Europe were set to stop working on Tuesday in a sign of solidarity with their German colleagues, who face massive job cuts.",Business,World
"Three jockeys, one trainer arrested LONDON -- British police arrested 16 people, including three jockeys and a trainer, Wednesday as part of a major crackdown on corruption in horse racing.",Sports,World
Strong Hurricane Roars Over Bahamas Toward Florida (Reuters) Reuters - Hurricane Frances battered the\southeastern Bahamas islands with 140 mph winds on Wednesday as\it roared toward the United States and put millions of people\on alert along Florida's heavily populated east coast.,Sci/Tech,World
"LETTER FROM EUROPE The All-Too-Human Hitler, on Your Big Screen The release of a major movie about Hitler is, by definition, a remarkable event in Germany, especially if it portrays one of history #39;s great monsters as a human being, given",World,Sci/Tech
"Dell cuts prices on many corporate products Dell on Monday said it had cut prices by as much as fifth for a range of products aimed at US corporate customers, as the computer maker passed along savings from cheaper components.",Sci/Tech,Business
Special to ESPN.com It #39;s the age old question: quot;What do you give to the man who #39;s been everything? quot;. Only time will tell whether Phil Knight #39;s retirement will be as long-lived as so many players he paid to endorse Nike.,Business,Sports
"Tokyo Stocks Finish 2.6 Percent Higher (AP) AP - Tokyo stocks finished sharply higher Monday, fueled by Wall Street's gains last week. The U.S. dollar was higher against the Japanese yen.",World,Business
"Revolving Door IN Aylwin B. Lewis, president of Yum Brands, as chief executive of Kmart.",World,Business
"Malls setting curfews for unchaperoned teens COLUMBUS, Ohio -- It's 10 on a Friday night, and all 15-year-old Sylvia Fallon wants is to hang out with her friends at the mall.",Business,World
"Japan's comics retool the art Animation in America once meant Mickey Mouse and Winnie the Pooh. These days, it's just as likely to mean Japanese fighting cyborgs, doe-eyed schoolgirls, and sinister monsters -- thanks in large part to people like John Ledford.",Business,World
"Super ant colony hits Australia A giant 100km colony of ants which has been discovered in Melbourne, Australia, could threaten local insect species.",Sci/Tech,Business
Singapore Telecom ties up with Malaysia's TIME dotcom (AFP) AFP - Singapore Telecommunications (SingTel) said it has entered into an agreement with Malaysia's TIME dotCom to link their corporate customers through private leased line circuits.,Sci/Tech,World
Hit TV series 24 goes from small screen to smaller screen (AFP) AFP - The hit US television show quot;24 quot; is going from the small screen to the smaller after 20th Century Fox and Vodaphone struck a groundbreaking deal to distribute the drama on mobile telephones.,Sci/Tech,World
"Russia #39;s Putin Defends Reforms, Worries About Clans Russian President Vladimir Putin said on Thursday he had no plans to grab more power or change the constitution when reforming Russia #39;s government structure.",Business,World
Nintendo Returns to Profit (AP) AP - Nintendo Co. returned to profit in the first half of the fiscal year from a loss a year ago as the Japanese video-game maker erased foreign exchange losses and turned more profit with game-software sales.,Sci/Tech,Business
"TSMC, Freescale expect initial production of 65nm SOI in 4Q 2005 Taiwan Semiconductor Manufacturing Company (TSMC) and Freescale Semiconductor expect to begin initial production of a high-speed 65nm silicon-on-insulator (SOI) process in the fourth quarter of 2005, with volume production pending on market demand",Sci/Tech,Business
"Philippines mourns dead in Russian school siege The Philippines Saturday expressed quot;deepest sympathy quot; to the families of the dead in the Russian school siege on Friday, in which 322 people were killed when Russian troops stormed",Sci/Tech,World
"Summer Box Office Hits a High, Despite Lows In a summer when many of the studios' biggest bets failed to pay off, it was familiarity in the form of sequels and low-budget comedies that resonated with movie audiences.",Business,World
"Tyncastle sale gets official go ahead Of the votes received by proxy and from shareholders in the room at a stormy extraordinary general meeting last night, 62.5 were in favour of the resolution.",Sports,World
"Miss Peru takes Miss World crown Twenty-year-old Miss Peru has been crowned Miss World in a southern Chinese resort town, as China looks to become the regular host of an event that would have once been deemed heretical by its Communist leaders.",Sports,World
"French Take Gold, Bronze in Single Kayak ATHENS, Greece - Winning on whitewater runs in the family for Frenchman Benoit Peschier, though an Olympic gold is something new. Peschier paddled his one-man kayak aggressively but penalty free in both his semifinal and final runs on the manmade Olympic ...",Sports,World
"Southern Africa Faces Food, Water Crises - Study (Reuters) Reuters - Southern Africa faces major\challenges to feed its swelling populations and to keep its\wells from running dry, a study showed Wednesday.",Sci/Tech,World
"Intel Posts Higher Profit, Sales Computer-chip maker Intel Corp. said yesterday that earnings for its third quarter were \$1.9 billion -- up 15 percent from the same quarter a year ago -- but the company cautioned that computer-processor demand in the United States is likely to remain low.",Sci/Tech,Business
"Poison Toads Leap Across Australia Small, warty, and poisonous enough to kill crocodiles, the cane toad has wreaked havoc in parts of Australia. Experts say climate change is benefiting the invasive species.",Sci/Tech,World
Highlights of What Congress Has Done (AP) AP - Highlights of what Congress has done #151; and has not done #151; this year.,World,Sports
"Intuit Posts Wider Loss After Charge (Reuters) Reuters - Intuit Inc. (INTU.O), maker of\the No. 1 U.S. tax presentation software TurboTax, on Wednesday\posted a wider quarterly loss after taking a goodwill\impairment charge during its seasonally weaker fourth quarter.",Sci/Tech,Business
"IBM, LG Electronics to End Joint Venture International Business Machines Corp. and LG Electronics Inc. will end an eight-year alliance that helped expand the US computer maker #39;s presence in the booming South Korean PC market.",Business,Sci/Tech
"Crude Price Spike May Send Gas Higher (AP) AP - Amid soaring crude oil prices, gasoline costs have been dropping. But don't expect that to last, economists say.",World,Business
"Ask Jeeves retools search engine in bid to catch Google, Yahoo SAN FRANCISCO -- Hoping to emerge from the shadow of its more popular rivals, Ask Jeeves Inc. is adding new tools for visitors to save and organize links to Web pages they find through the company's online search engine.",Business,Sci/Tech
"Cable and Wireless to cut 600 jobs, shut London headquarters (AFP) AFP - Cable and Wireless, the struggling British telecoms group, said it would cut 600 jobs across Europe, part company with a top executive and shut its London headquarters.",Sci/Tech,Business
"Report Says N.H.L. Will Reject Proposal The N.H.L. appears poised to reject a proposal made by the players union, which included a 24 percent reduction in pay and other concessions but not a hard salary cap.",Sports,Sci/Tech
"Study Ranks St. Louis as Fourth Most Dangerous City A new study ranks St. Louis as the fourth most dangerous city. Camden, New Jersey came in first, followed by Detroit and Atlanta. The rankings are in Morgan Quitno #39;s quot;City Crime Rankings, quot; an annual reference",Business,Sports
Warne takes six but India establish handy lead (Reuters) Reuters - World test wicket record holder Shane Warne grabbed six wickets as India established a handy 141-run first innings lead in the second test on Saturday.,World,Sports
Turkey eyes \$15 billion investment years ANKARA: Turkey is hoping to attract \$15 billion of foreign investment between 2005 and 2007 through reforms designed to overhaul its economy and ease the country #39;s entry into,World,Business
Lackluster Jobs Report Pushes Stocks Down NEW YORK - Investors pushed stocks lower Friday as a surprisingly lackluster job creation report deepened Wall Street's pessimism over the health of the economy. A solid earnings report from General Electric Co...,World,Business
"FBI Interviews Halliburton Whistleblower Bunnatine Greenhouse, chief contracting officer of the Army Corps of Engineers, is seen in her official undated government photo. FBI agents recently spent a day interviewing Greenhouse, the Army contracting",Business,World
"PeopleSoft down on testimony, forecast Investors react to a disappointing earnings projection and to testimony that dampens hopes of negotiations with Oracle.",Sci/Tech,Business
The Bahamas - the real medal winner of the Athens Olympics A different way of calculating the medal standings brings some interesting results.,Sci/Tech,Sports
Gregg: I will help to close deal EVERTON chairman Bill Kenwright #39;s plans for a Russian revolution at Goodison Park may have thawed the cold war with director Paul Gregg.,Sports,World
"Siemens Says Cellphone Flaw May Hurt Users and Its Profit Siemens, the world #39;s fourth-largest maker of mobile phones, said Friday that a software flaw that can create a piercing ring in its newest phone models might hurt earnings in its handset division.",Business,Sci/Tech
Ban for former Ahold executives Dutch retailer Ahold's former chairman and its ex-finance officer are barred from executive posts as part of a US fraud case settlement.,World,Business
Take-Two Sees Higher Sports Prices for New Consoles NEW YORK (Reuters) - Take-Two Interactive Software Inc. TTWO.O on Monday said that prices for its sports video games will likely return to higher levels once new game consoles arrive in late 2005 or 2006.,Sci/Tech,Business
"BlueGene sneaks past Earth Simulator The Earth Simulator, an NEC supercomputer, is surpassed, at last. IBM announced yesterday that its Blue Gene/L supercomputer had achieved a sustained performance of 36.",Business,Sci/Tech
"GM pulls Guy Ritchie car ad after protest Protests from seven safety groups have prompted General Motors to pull a television ad that shows a young boy driving a Corvette sports car so recklessly that it goes airborne, officials of the automaker say.",Business,Sports
"Report finds handheld device market in continued decline The worldwide market for handheld devices saw its third successive quarter of year-over-year decline in the third quarter of 2004, according to a new report released by IDC.",Business,Sci/Tech
A U.S. brain drain? A drop in engineering degrees combined with a fall-off in foreign students matriculating at U.S. colleges spells big trouble ahead.,Sci/Tech,World
UN 'must ignore cloning ban call' The UK's Royal Society urges the UN to ignore a call by President Bush to ban all forms of human cloning.,Sci/Tech,World
Site security gets a recount at Rock the Vote Grassroots movement to register younger voters leaves publishing tools accessible to outsiders.,Sci/Tech,World
Flower power turns up the volume A Japanese company has come up with a way of turning flowers into loudspeakers.,Sci/Tech,Business
Amazon Snaps Up China's Largest Web Retailer (NewsFactor) NewsFactor - Amazon.com (Nasdaq: AMZN) has said it will buy Joyo.com Limited -- a British Virgin Islands company that operates the largest Internet retail Web site in China -- for US #36;75 million.,Business,Sci/Tech
Flat-screen TV prices are falling for holidays But trend provokes industry unrest; panel makers call for drop in retail markups to move units. By Evan Ramstad and Gary McWilliams.,Sci/Tech,Business
"BASS moving headquarters to Florida The Bass Anglers Sportsman Society is moving its headquarters to Central Florida. The bass fishing organization, based in Montgomery since its inception in 1967, announced Monday",Business,Sci/Tech
Venezuela Prepares for Chavez Recall Vote Supporters and rivals warn of possible fraud; government says Chavez's defeat could produce turmoil in world oil market.,World,Business
"Australia 362-7 v India, third test - close (Reuters) Reuters - Australia were 362 for seven wickets at the close of play on the first day of their third cricket test against India on Tuesday.",World,Sports
"PM welcomes EU partnership Prime Minister Manmohan Singh arrived in the Hague last night to participate in the India-European summit. quot;In recognition of Indias growing stature and influence, the EU has proposed a strategic partnership with India.",Business,World
"Ace's wicked run leaves us wanting more Seven years of Pedro. Went by quickly, huh? Seven years, the best of which may very well have been the best pitching ever done in a Boston uniform. Seven years of feistiness. Seven years of blazing fastballs. Seven years of spellbinding changeups. Seven years of pitching inside, sometimes waaaaay inside. Seven years of double-digit strikeouts. Seven years of sheer virtuosity. ...",Sports,World
"Intel in new chip breakthrough Intel creates a more powerful memory chip without increasing its size, confounding the firm's critics.",Business,Sci/Tech
"Where have all the people gone? While media and political attention is on the threat of outsourcing, the reality is that outsourcing is a sideshow in a much larger event.",Business,Sci/Tech
"Spread of GM grass raises fears of crossbreeding Pollen from a genetically modified grass was found 21 kilometres from where it was planted, scientists reported in a study published Tuesday, raising fears of transgenic crossbreeding.",Business,Sci/Tech
"Israel kills 5 in strike at Hamas activist Islamic group #39;s armed wing, the Izz el-Deen al-Qassam Brigades. Doctors said he suffered leg wounds.",World,Business
"5 dead in Dubai airport accident DUBAI - A steel mesh wall collapsed on workers building a multi-billion-dollar extension to Dubai #39;s international airport yesterday, leaving five dead and 12 injured, authorities said.",World,Business
"Maid sues Sony Pictures exec p2pnet.net News- James Jackson, vp of legal affairs for Sony Pictures Entertainment, filed for bankruptcy protection just days before a lawsuit accusing him and his wife of involuntary servitude, false imprisonment, invasion of privacy, negligence and",Sci/Tech,Business
"Cisco invests \$12 million in Japan R amp;D center On Thursday, the company announced it will invest \$12 million over the next five years in a new research and development center in Tokyo.",Sci/Tech,Business
"Regulators Let Cingular Buy AT T Wireless The \$41 billion merger between Cingular Wireless LLC and AT T Wireless Services Inc. won approval from the Federal Communications Commission Friday, according to federal sources close to the agency. \-The Washington Post",Sci/Tech,Business
"Ontario gets harsh with school dropouts HUNTSVILLE, ONT. - The Ontario government plans to introduce legislation that will require students to stay in school until they reach the age of 18, said the province?",Business,World
"Big Television Remember Neo #39;s dilemma in The Matrix? Morpheus offers him two views of reality, extending a blue pill in his left hand and a red one in his right.",Sci/Tech,Sports
Clarke takes charge of Blunkett's Fear Agenda Analysis Horizontal drinkers rejoice,Sci/Tech,World
"Colts Lead Pats Early in Third Quarter FOXBORO, Mass. - Peyton Manning reached the 25,000-yard passing mark faster than anyone but Dan Marino, and the Indianapolis Colts shredded the New England Patriots for a 17-13 halftime lead Thursday night...",World,Sports
"Prototype copter-cam: Here, there, everywhere It can only remain aloft for three minutes but weighs less than an empty soft drink can -- and it can take and transmit pictures in flight.",Sci/Tech,Sports
"Google targets software giant SEATTLE -- Not too long ago, Google Inc. seemed little more than a pesky insect to Microsoft Corp.'s 800-pound gorilla.",Business,Sci/Tech
"Hurricane center #39;s projection on Charley not far off, data show FORT LAUDERDALE, Fla. - (KRT) - Despite criticism that it should have better anticipated Hurricane Charley #39;s rapid intensification and quick turn, the National Hurricane Center #39;s forecast wasn #39;t that far off, a preliminary post-mortem shows.",Sci/Tech,Business
"Wineries look to high court for change in shipping rules A customer asked vintner Leon Santoro this week if he could ship a case of wine to the customer #39;s home in New York. Not legally, replied Santoro, general manager of Orfila Vineyards amp; Winery in Escondido.",Business,Sports
"Samsung plans to invest Won25,000bn in chips Samsung Electronics, the world #39;s second largest computer chip manufacturer, yesterday said that it would invest Won25,000bn (\$24bn) in its semiconductor business by 2010 to generate",Business,Sci/Tech
"SBC links e-mail, voice messages, fax SBC on Monday announced a new service that integrates voice messages, faxes and e-mails into a single mailbox that can be accessed from anywhere by phone or the Internet.",Business,Sci/Tech
"Rogers Wireless Whistles and Fido Responds Its official. Microcell Telecommunications Fido wireless service will be the new dog in Rogers Wireless Communications Canadian kennel, and that puppy wasnt cheap.",Business,Sci/Tech
"Dark arts of spin evident in phoney war for Abbey THE phoney war over the fate of Abbey grinds on. Along the way, on all sides, it is producing its predictable crop of knowing winks and destabilising nudges.",Business,Sci/Tech
"Citrix buying VPN company Net6 for \$50 million BOSTON - Citrix Systems is buying Net6, a privately-held maker of SSL (Secure Socket Layer) VPN (Virtual Private Network) technology, for \$50 million cash, Citrix said Tuesday.",Sci/Tech,Business
Cricket: NZ suffer Franklin blow New Zealand bowler James Franklin misses the first Test against Australia with injury.,World,Sports
"Nobel Peace Prize winner gives some credit to Kansas Catholic ... ATCHISON, Kan. (CNS) -- The 2004 winner of the Nobel Peace Prize says a small Catholic college in Kansas was instrumental in making her quot;who I am and may ever become, quot; according to correspondence released by the school.",World,Sci/Tech
Tennis: Night final for Aus Open The centenary Australian Open will be the first Grand Slam event to stage its final at night.,World,Sports
"Toughest athlete is female and unknown You probably haven't heard about one of the toughest endurance sports around: the deca-ironman. That's 38 km swimming, immediately followed by an 1800 km bicycle ride and a 420 km run. Currently, the world record stands at about 187 hours, held by a German housewife. Nobody else has ever finished the course below 192 hours.",Sci/Tech,Sports
"Epiphany looks to beef up call center CRM software maker Epiphany Inc. this week is rolling out new analytical software, including two new products and vertical-specific bundles aimed at the communications and retail finance industries.",Sci/Tech,Business
"New Siebel Chief Outlines Chapter 2 For CRM Vendor After 10 years of focusing on product development and delivery, CEO Michael Lawrie says Siebel had to recognize that technology is only one part of the CRM equation.",Business,Sci/Tech
Jury calls WTC attack two events Silverstein had hoped the 11-member jury would determine that the language of the insurance policy treated the attacks as two occurrences.,Business,World
Amazon #39;s UK DVD Rentals Might Presage War with Netflix Analysts said Amazon #39;s launch of the DVD rental service in the UK might be to test its approach and streamline the logistically difficult process of handling DVDs through the mail.,Business,Sci/Tech
"Producer Price Surge Fuels Inflation Fears Producer prices surged 1.7 percent in October, their sharpest monthly increase in nearly 15 years.",World,Business
Four pay price for India defeats India have dropped wicket-keeper Parthiv Patel and batsman Yuvraj Singh for the final Test against Australia. Opening batsman Aakash Chopra and seamer Ajit Agarkar were also left out after India conceded the,Sports,Business
"Microsoft open new software development unit in India (AFP) AFP - Microsoft said it will join with India's second-largest software firm, Infosys Technologies, to provide software and consulting to manufacturing, banking and automobile companies.",World,Sci/Tech
Hall of Shame Hall of Fame We spotlight people and products that pester us...and the heroes saving us from annoyances.,Sci/Tech,Business
"Women, and the future of IT Interview Professor Wendy Hall talks to The Reg",Sci/Tech,Business
Halo 2 scores record sales of \$125 million in first 24 hours Halo 2 broke entertainment retail records in its first 24 hours. Microsoft Game Studios said that the video game sold through 2.4 million stores in the US and Canada raking in \$125 million in sales.,Business,Sci/Tech
Cricket-Lara mulls over future after England whitewash LONDON (AFP) - Brian Lara said he will take stock before deciding on his future as West Indies captain following his side #39;s 10-wicket defeat to England in the fourth and final Test.,Sports,World
Barroso proposal to defuse EU Commissioner row rejected The Socialist Group in the European Parliament (EP) on Thursday rejected a proposal by incoming European Commission President Jose Manuel Barroso designed to defuse a row over,World,Sci/Tech
"Brennan Confirms Departure For 18 years Tom Brennan has been has been a sidelines fixture at Patrick Gym.His 19th will be his last. Today at his news conference, Brennan admitted he was at the end.",Sports,Business
"New York Unveils Last, Best Bid to Gain the Olympics in 2012 Leaders of the NYC2012 committee highlighted New York's advantages in multiculturalism, money and media power.",Sports,World
"China's Lenovo to buy IBM's PC business TOKYO - China's Lenovo Group Ltd. signed a definitive agreement on Wednesday to acquire IBM Corp.'s personal computing division. Lenovo will pay US\$1.25 billion in cash for the business, which is expected to transform it into the world's number three PC maker, the companies announced.",Sci/Tech,Business
Netflix and TiVo Joining Forces Online Home entertainment trendsetters Netflix Inc. (NFLX) and TiVo Inc. (TIVO) hope to link up on a service that will use high-speed Internet connections to pipe DVD-quality movies into the homes of their mutual subscribers.,Sci/Tech,Business
"Google Shows It #39;s Only Human Shares of Google slipped after the search engine warned, for the second time in a week, that its fourth-quarter revenue growth rate is likely to slow from previous quarters.",Sci/Tech,Business
"Oracle Fails to Inspire Tech Rally Oracle Corp. handed the software industry some positive earnings news after the bell on Tuesday, but investors pulled cash from the sector on concerns that information technology spending has become anemic.",Business,Sci/Tech
Transport strike hits Netherlands Public transport grinds to a halt in the Netherlands as workers strike against the government's planned welfare cuts.,Business,World
Security scare as intruder dives in A CANADIAN husband #39;s love for his wife has led to a tightening of security at all Olympic venues in Athens.,Sports,World
"Regulators Let Cingular Buy AT amp;T Wireless The \$41 billion merger between Cingular Wireless LLC and AT amp;T Wireless Services Inc. won approval from the Federal Communications Commission yesterday, according to federal sources close to",Sci/Tech,Business
"Amazon to Buy Chinese Retailer Joyo.com Internet retailer Amazon.com Inc. said on Thursday that it will buy Joyo.com Ltd., which runs some of China #39;s biggest retail Web sites, for about \$75 million to gain entry into China #39;s fast-growing market.",Sci/Tech,Business
"Games just don #39;t get much better than #39;San Andreas #39; This country has seen a massive upsurge in morality since Election Day, and nowhere is this more evident than in the commercial failure of the quot;Grand Theft Auto quot; games.",Sci/Tech,Sports
"Skipper gives support while league sends warning Moises Alou has a right to his opinion, Chicago Cubs manager Dusty Baker said Monday. Alou said everything he needed to say Sunday.",Sports,World
"FireFox Roars from the Gates Tuesday, November 9, 2004 will likely go down in the history books as the day the browser wars officially started. Obviously things happened before today to get us to the point where there was a real, legitimate",Sci/Tech,Sports
"Americans Have Dirty Paws New report gives them a 'C' for hand hygiene HealthDayNews -- Americans are doing a crummy job of keeping their hands clean. They got a ""C"" in hand hygiene in the 2004 Clean Hands Report Card produced by the Soap and Detergent Association...",Sci/Tech,World
"Mexico's 'Fire Volcano' Erupts, No Evacuations Yet (Reuters) Reuters - Mexico's so-called ""Fire\Volcano"" spewed lava, glowing rocks and flames on Friday in an\eruption that authorities said was not yet serious enough to\evacuate nearby villages.",Sci/Tech,World
"Georgia Evolution Dispute Embarrasses Some Atlanta, Nov. 11 - First, Georgia #39;s education chief tried to take the word quot;evolution quot; out of the state #39;s science curriculum.",Sci/Tech,World
"Calif. OKs World's Toughest Smog Rules LOS ANGELES - California air regulators Friday unanimously approved the world's most stringent rules to reduce auto emissions that contribute to global warming - a move that could affect car and truck buyers from coast to coast. Under the regulations, the auto industry must cut exhaust from cars and light trucks by 25 percent and from larger trucks and sport utility vehicles by 18 percent...",World,Business
"Mars water tops science honours The discovery that salty, acidic water once flowed across the surface of Mars has topped a list of the 10 key scientific advances of 2004.",World,Sci/Tech
"A Distraction as a Deadline Approaches As the holidays approach, Christmas spirit is a bargain-hunting essential.",Sci/Tech,Business
Tennis: Davenport to play on Lindsay Davenport says she plans to play in the Australian Open next January.,World,Sports
"Senate Panel Gives NASA Extra Money (AP) AP - NASA would get #36;16.4 billion next year under a bill a Senate committee approved Tuesday, reversing a decision by House lawmakers to cut the space agency's budget below this year's levels.",World,Sci/Tech
"Dropping Hyphen, Some Great Old Stores Become Just Macy #39;s n the not-so-distant past, the names Burdines, Rich #39;s, Goldsmith #39;s, Bon March and Lazarus had a local glory as the emporiums where customers bought their back-to-school clothes and discovered their Mother #39;s Day presents.",Business,Sports
"Cingular to upgrade wireless data network DECEMBER 01, 2004 (REUTERS) - Cingular Wireless LLC, the largest US wireless telephone company, said yesterday that it would upgrade its network next year to handle high-speed data transmissions.",Business,Sci/Tech
"Big Dig Tunnel Is Riddled With Leaks In a burgeoning political and engineering scandal, Boston #39;s gleaming new underground Interstate 93 highway is riddled with hundreds of leaks.",Business,World
"Prediction Unit Helps Forecast Wildfires (AP) AP - It's barely dawn when Mike Fitzpatrick starts his shift with a blur of colorful maps, figures and endless charts, but already he knows what the day will bring. Lightning will strike in places he expects. Winds will pick up, moist places will dry and flames will roar.",Sci/Tech,Sports
Islands press Govt to reverse phone call decision Diplomats from a number of islands in the South Pacific are reported to be pressing the Government to reverse a decision to block all phone calls made to the islands.,Sci/Tech,World
"Index: RP institutions among cellar dwellers The countrys public institutions were ranked the sixth least effective in the world in the latest survey of the World Economic Forum (WER), which measured the capacity for growth of 104 economies this year.",Business,World
"Nextel, Sprint Talk Merger Nextel Communications Inc. and Sprint Corp. are negotiating a possible merger, according to a source familiar with the discussions.",Sci/Tech,Business
"G5, PISANU: EUROPOL PLAYS KEY ROLE AGAINST TERRORISM (AGI) - Florence, Italy, Oct.18 - quot;EuroPol must play a key role in the struggle against terorrism quot; said Interior Minister Giuseppe Pisanu, illustrating the results of the G5 (Italy, UK, France, Germany, Spain) Interior Ministers meeting held today in",World,Business
Report Card In The Black Coaches Association gave most of the 28 schools that filled head-coaching jobs in I-A and I-AA football last year above-average marks in its first Hiring Report Card.,Sports,Business
"Let a Thousand Ideas Flower: China Is a New Hotbed of Research In recent years, hundreds of multinational companies have set up research laboratories in China.",Business,Sci/Tech
SUVs: Live And Let Die NEW YORK - The newly released traffic crash fatality data have something for everyone in the debate about the safety of sport utility vehicles.,Business,World
"Toy Safety Glance 398,000 Bumble Bee toys distributed by Graco Children #39;s Products. Graco received 26 reports of antennae breaking off the toys, including five reports of children who started to choke on the broken parts.",Business,World
"Karp team won't buy Fan Pier For the second time in less than two months, a prospective buyer of the prime Fan Pier land in South Boston has pulled out of a deal.",Business,Sports
"Israel to close Erez industrial zone before March Israel would start liquidating the Erez industrial zone in the northern Gaza Strip before launching the first stage of the disengagement plan in March 2005,local newspaper Ha #39;aretz reported on Tuesday.",Business,World
"Show lights up Paralympics The XII Paralympics begins in Athens, after a spectacular opening ceremony.",World,Sports
"FaceTime, IMlogic Back Live Communications Server 2005 Hard on the heels of Microsoft announcing that it #39;s taken Live Communications Server 2005 gold, instant messaging management software vendors IMlogic and FaceTime on Tuesday both touted their support for the communication product.",Business,Sci/Tech
"Vodafone begins 3G service Vodafone launches its third-generation services for mobile phones, offering video calls, music downloads and games.",Business,Sci/Tech
"Promoting a Shared Vision As Michael Kaleko kept running into people who were getting older and having more vision problems, he realized he could do something about it.",Sci/Tech,World
"Stability Control Systems Can Save Lives (AP) AP - Stability control systems could save up to 7,000 lives each year if they were standard equipment on all vehicles, according to a study by the insurance industry.",World,Sci/Tech
"Serial HIV Assault Verdict Expected Mon. (AP) AP - A verdict will be announced Monday in the trial of a man charged with intentionally exposing 17 women to HIV, a county judge said.",Sci/Tech,Sports
Rijkaard - has suffered Edmilson blow Barcelona have been stunned by the news that Brazilian centre-half Edmilson will be out of action for at least six months with a knee injury.,Sports,Business
Rugby: Kiwis earn draw New Zealand hold Australia 16-16 in the first game of the 2004 Tri-Nations series.,World,Sports
Web-based kidney match raises ethics questions A Colorado man who placed a quot;transplant wanted quot; ad on a Massachusetts-based Internet site is expected today to receive a kidney donated by a total stranger who simply wanted to do quot;something big. quot; The transaction marks the first time an organ transplant has been brokered by a commercial web company.,Business,Sci/Tech
How an L.A. city department fought off user resistance An administrator with the Los Angeles municipal government explains how his department was able to turn user resistance from the police and fire departments among others into an \$11 million purchasing and accounts payable system.,Sci/Tech,World
"Tributes pour in for #39;Crazy Horse #39; Hughes had been battling the illness for 15 months but deteriorated in the past few days, his wife Barbara said. quot;He died at his home in Sheffield with his family around him, quot; she said.",Sports,World
"EasyGroup close to launching low-cost mobile phone service (AFP) AFP - EasyGroup, the holding company of no-frills British airline easyJet, is close to striking a deal to launch a low-cost mobile telephone service in Britain, the Financial Times reported.",World,Sci/Tech
"Times to Scrap Broadsheet Edition The Times is to scrap its broadsheet edition and go tabloid from Monday, it was confirmed today. The decision was made after a trial run of the compact edition proved a success, said editor Robert Thomson.",Sports,Sci/Tech
"Calif. Voters Back #36;3 Billion Stem Cell Measure (Reuters) Reuters - A controversial California ballot\measure that would fund a decade of stem cell research with #36;3\billion in state money was headed for a resounding victory on\Wednesday, initial returns showed.",Sci/Tech,Business
"Florida, Alabama pick up the pieces after Ivan People in Florida and Alabama have started to clean up after hurricane Ivan - the third such pummelling for Florida alone in just five weeks.",Business,World
"Calif. Mental Health Services May Expand (AP) AP - As pressures increase on California's mental health system, its workers and advocates say they are forced to do more with a supply of money that seems to shrink each year.",World,Sci/Tech
"Despite Scandals, Boeing Still Charms Wall Street Boeing's bottom line continues to fatten, even as its image tarnishes, thanks in part to the consolidation of the defense industry, which has left the Pentagon with few choices for buying weapons, industry analysts said.",Business,Sci/Tech
"ICC probe clears Zimbabwe of racism in cricket LAHORE, Pakistan (AFP) - The International Cricket Council said yesterday a probe had found no evidence of racism in Zimbabwe cricket and that the Test status of the country #39;s team was never in question.",Sports,World
"Nigerian Senate approves \$1.5 bln claim on Shell LAGOS - Nigeria #39;s Senate has passed a resolution asking Shell #39;s Nigerian unit to pay \$1.5 billion in compensation to oilfield communities for pollution, a Senate spokesman said.",Business,World
Infineon to Pay a Fine in the Fixing Of Chip Prices Federal prosecutors announced on Wednesday that they had cracked a global cartel that had illegally fixed prices of memory chips in personal computers and servers for,Business,Sci/Tech
Bush Signs Internet Access Tax Ban State and local governments will be barred from taxing connections that link people to the Internet for the next three years under legislation signed Friday by President Bush.,Sci/Tech,Business
"EU increases pressure for rights in Myanmar EU foreign ministers agreed Monday to tighten sanctions against Myanmar if it does not improve its human rights record by Oct. 8, when an EU meeting with Asian countries starts in Vietnam.",Business,World
"Microsoft Readies Next Business IM Server A little over a year after introducing the first version of Office Live Communications Server, Microsoft says it plans to release the next version of its enterprise instant messaging software, in December.",Business,Sci/Tech
"Revenge of the Sith turning DS, PSP, GBA to the dark side Ubisoft and LucasArts are teaming up to bring the adaptation of the third Star Wars prequel to all portables; will be released alongside the game in Spring 2005.",Sci/Tech,Sports
"Card fraud unit nets 36,000 cards In its first two years, the UK's dedicated card fraud unit, has recovered 36,000 stolen cards and 171 arrests - and estimates it saved 65m.",Sci/Tech,Business
Two top Nokia executives resign HELSINKI: Nokia said the respected head of its networks unit had resigned and another top networks official left in the second major departure of top management in two weeks at the world #39;s largest mobile phone maker.,Business,Sci/Tech
FleetCenter to be reunion arena It has all the gossipy intrigue and social awkwardness of seating the still-respected ex-wife and the sexy new girlfriend at the same table for a family wedding.,Sports,World
"Bourses set for losses after Wall St falls (FT.com) FT.com - European equity markets were poised for opening losses on Thursday following a weak session on Wall Street overnight, while caution was likely ahead of results from Nokia, the leading mobile handset maker.",Sci/Tech,Business
"Rehhagel runs into adoring Greeks in Germany Otto Rehhagel, the German who led Greece to an upset win at Euro 2004, is amazed how many adoring Greeks there are in every corner of the world and how hard it is to pay for anything when he meets the grateful fans.",Sports,Sci/Tech
"Another homicide in Holland It is a sad day. In what seems to be another politically inspired homicide in Holland, Dutch filmmaker, and controversial columnist Theo van Gogh was brutally murdered in the streets of Amsterdam this morning.",Sci/Tech,World
"Japan loses whale trade bid A UN meeting has harpooned a Japanese bid to ease curbs on trade in whale products, but a defiant Tokyo accused the West of quot;cultural imperialism quot; and vowed to press efforts to expand whaling.",World,Business
"Coding Viruses for the Mind If as some have suggested religions are viruses of the mind, then it might make sense to separate the components of any given religion into two parts. The first part being those things which are necessary to maintain viral infection and which assist in the infection of new hosts. The second part is the payload: Those instructions which the virus writer wishes those who have been infected to carry out or execute. My hope is that this method of analysis will assist others in understanding the structure of existing religions as well as those who aim to write one from scratch",Sci/Tech,World
"Fashionably late What do women want? Luciano Manganella, the owner of the trendy Boston women's boutique JasmineSola, has a pretty good idea. And now after 34 years in business, he's plotting a major expansion.",Business,Sports
"Fired Ecuador justices are barred from offices QUITO, Ecuador -- Ecuadorean police barred Supreme Court judges from returning to their offices yesterday after the judges tried to defy a decision by Congress to fire them for bias against President Lucio Gutierrez.",World,Business
"It may be end of line for narrow track Hurricane forecasters debate the usefulness of the quot;skinny line quot; in tracking maps, and look at more accurate alternatives.",Business,Sci/Tech
"Bienvenue, Carrefour Lesser-known French retailer turns in a strong first half. Investors, take notice.",Business,Sci/Tech
"UN Says More Money Needed for Population Programs The United Nations released its annual population report on Wednesday, and it said it needs more money for population programs. A top United Nations official says if more money isn #39;t found for population programs",World,Business
Relatives of abandoned man found The family of an 82-year-old Alzheimer's sufferer who was abandoned at a hospital have come forward.,World,Sci/Tech
"Cingular to Cut About 7,000 Jobs (Reuters) Reuters - Cingular Wireless will cut about 7,000\jobs, or 10 percent of its work force, to cut costs as it\integrates recently purchased AT T Wireless, the company said\on Tuesday.",Sci/Tech,Business
"Flat-screen TV But the booming demand isn #39;t proving profitable for the companies that make the high-resolution video panels. For electronics retailers, it will be the holiday season of the flat-screen TV.",Sci/Tech,Business
"The Newest Hope ; Marriage of Necessity Just Might Work Out NEW YORK - The TV lights were on, the cameras rolled and the symphony of cameras flashing in his face blinded Pedro Martinez - but not for long.",Sports,World
"Gates: US Need Not Fear Overseas Tech The United States has nothing to fear from rapidly growing technology markets in China and India, Bill Gates, chairman and chief software architect of Microsoft Corp.",Sci/Tech,Business
"China's inflation rate slows sharply but problems remain (AFP) AFP - China's inflation rate eased sharply in October as government efforts to cool the economy began to really bite, with food prices, one of the main culprits, showing some signs of slowing, official data showed.",World,Business
"Cingular to Reduce Work Force by Roughly 10 Percent, CEO Says Cingular Wireless LLC, the nation's largest cell phone company, will cut about 10 percent of its 68,000 jobs over the next 12 to 18 months as it combines operations with the recently acquired AT T Wireless, Cingular's chief executive said Tuesday.",Sci/Tech,Business
"Geiberger joins father as a winner in Greensboro When it was over, after Brent Geiberger made his final putt, he finally got to talk to his father, Al, about their latest achievement.",Sports,World
"Netflix, TiVo sign VoD alliance Netflix, the online DVD rental company, and TiVo yesterday said they will work together to deliver movies digitally down the wires, presumably specifically to the latter #39;s PVR equipment.",Business,Sci/Tech
"UPDATE 1-BMW, Honda drop challenge to F1 rules Carmakers BMW and Honda have dropped plans to challenge Formula One #39;s governing body over engine rules for 2006 after deciding that legal action would be bad for motor racing.",Sports,Business
Stanley set sights on Elland Road for casino Stanley Leisure plc has announced a Stanley Casinos Limited plan to develop a casino complex on land adjacent to Leeds United #39;s Elland Road stadium.,Business,Sports
White House Shifts Its Focus on Climate The administration issued a report indicating that emissions of carbon dioxide and other heat-trapping gases were the only likely explanation for global warming.,Sci/Tech,World
"The Rippling Pain from Vioxx Prescription-drug recalls aren #39;t common, and they #39;re almost always controversial. Now that Merck (MRK ) is voluntarily withdrawing its Vioxx pain medication around the world, due to a heightened risk of cardiovascular",Business,Sports
"Intel planning Centrino-like brand for desktops Intel is preparing a marketing strategy that will brand desktop PCs with a similar label that made its Centrino notebook technology a household name, according to sources familiar with the company's plans.",Business,Sci/Tech
No ticket matched all four numbers and the MegaBall in Friday #39;s ... No ticket matched all four numbers and the MegaBall in Friday #39;s Mega Money drawing of the Florida Lottery. The numbers drawn were 10-18-19-22; the Megaball was 6. Twelve tickets matched four of the numbers,Business,Sports
Some Md. MDs Curtail Surgeries in Insurance Protest Physicians in a northwest Maryland county plan to halt non-emergency surgeries for at least two weeks to protest a 33 percent increase in malpractice insurance premiums.,Business,World
"Bucs decline option on reliever Boehringer Jose Mesa and Salomon Torres did most of their best work in tandem in 2004, so it is only fitting that they would come to terms on news deals with the Pittsburgh Pirates on the same day, too.",Sports,Sci/Tech
India launches rural aid project India launches a \$445m food-for-work programme aimed at tackling hunger in poor rural areas.,World,Business
"Official: MLB to Move Expos to Washington WASHINGTON - Major League Baseball will announce Wednesday that Washington will be the new home of the Montreal Expos, bringing the national pastime back to the nation's capital for the first time in 33 years, The Associated Press has learned. A city official, speaking on condition of anonymity, said Washington has been notified by Major League Baseball of the impending announcement...",World,Sports
"Google puts desktop search privacy up front Google has announced a new desktop search application that enables users to search their e-mail, files, web history, and chats. Perhaps learning from previous mistakes, Google says it has designed the product quot;from the ground up to respect user privacy.",Business,Sci/Tech
"Strikes at London airports London - A 48-hour strike by aircraft refuellers at London Heathrow airport got under way on Friday, with baggage handlers at Gatwick airport also preparing to walk out, threatening a weekend of travel disruptions.",Business,World
Football: Azerbaijan 0-1 England Michael Owen heads England's winner in the World Cup qualifier against Azerbaijan.,World,Sports
"Study: Few Americans Buy Drugs Online NEW YORK - Only 4 percent of Americans have ever used the Internet to buy prescription drugs - and even fewer do so through foreign pharmacies - despite Web sites maintained by a handful of states to help citizens import medicines more cheaply from Canada, a new study finds. A majority - 62 percent - believe drugs bought online are less safe than those purchased from a local pharmacy, accepting the federal government's stated concerns in opposing drug imports, the Pew Internet and American Life Project said in a report Sunday...",World,Sci/Tech
"Fujitsu Siemens profit grows 60 percent Fujitsu Siemens Computers (Holding) BV, Europe #39;s largest remaining computer manufacturer, posted a 60 percent leap in profit for the first half of its fiscal year on higher sales of laptops and servers to business customers, the company said Wednesday.",Sci/Tech,Business
"Unisys to lay off 1,400 workers Unisys Corp. plans to cut 1,400 jobs, primarily in general and administrative areas, and consolidate its office space worldwide, it announced Wednesday. The cuts represent 3.8 percent of the company's staff of 37,000.",Sci/Tech,Business
Rumors Suggest Photo Ability To Be Added to iPod quot;Apple has invested heavily in technology to edit pictures. Not having a portable device to show them seemed an obvious oversight that would be corrected once the price of the displays,Business,Sci/Tech
"Intel slashes Itanium prices as Madison looms Intel has slashed prices across the board as it prepares to get behind new processor lines due this autumn. The Itanium server line has seen cuts of over 30 per cent, while prices for Intel #39;s fastest business",Sci/Tech,Business
"DreamWorks Animation IPO Set at 29M Shares Underwriters for DreamWorks Animation SKG Inc., producer of the blockbuster ""Shrek"" movies, Tuesday set the terms of the company's pending initial public offering at 29 million common shares, with an estimated price range of \$23 to \$25 a share.",Sci/Tech,Business
"Still no beef resolution after latest talks NEW YORK, (Aug. 30, 2004) - Cattle farmers and haulers finally looking for a quick end to a 15-month ban on live cattle exports to the US are out of luck after Canadian Agriculture Minister Andy Mitchell",Business,World
"Bridges Loom as Cash Cow That Nobody Dares to Milk There they stand, glinting in the sun, hanging off the shore of Manhattan like fruit-laden branches of a money tree: The free bridges over the East River to Brooklyn and Queens.",Business,World
"Gas prices up 5 cents after Hurricane Ivan CAMARILLO, Calif. - Gas prices jumped more than 5 cents a gallon in the past two weeks, largely because of supply problems related to Hurricane Ivan, an industry analyst said.",Sci/Tech,Business
"Bryant Prosecutors Say Some Data Tainted DENVER - Crucial DNA evidence tested by defense experts in the Kobe Bryant sexual assault case might have been contaminated, prosecutors said in a court filing released Wednesday, just two days before jury selection is to begin. Prosecutors said they had found contamination in DNA ""control"" samples intended to ensure testing was accurate...",World,Sci/Tech
"Key Australia-US FTA deadline passes A key deadline to bring Australia #39;s Free Trade Agreement with the United States into force has expired. But the Australian Government is still confident the deal will come into effect next year, as Louise Willis reports.",Business,World
Spawn of X Prize on Horizon Innovators take note: The folks behind the X Prize vow there will soon be more competitions in several disciplines. Also: The da Vinci team presses ahead in Canada.... Rubicon team plans another launch attempt. By Dan Brekke.,Sci/Tech,Sports
"Immunity in Ebbers Case Opposed in U.S. Filing NEW YORK, Sept. 29 -- Federal prosecutors told a judge in a filing late Tuesday night that they have evidence that former WorldCom Inc. chief executive Bernard J. Ebbers knew company officials had improperly tinkered with the telecommunications firm's accounting to boost its publicly reported profits.",Sci/Tech,Business
"Google Lowers Its IPO Price Range SAN JOSE, Calif. - In a sign that Google Inc.'s initial public offering isn't as popular as expected, the company lowered its estimated price range to between \$85 and \$95 per share, down from the earlier prediction of \$108 and \$135 per share...",World,Sci/Tech
Job-Loss Panic Rises in Western Europe (AP) AP - Stephane Zervos first suspected his job was threatened when his bosses removed most of the heavy equipment from the car wheel factory where he'd worked for 24 years.,World,Business
"Pricey Drug Trials Turn Up Few New Blockbusters The \$500 billion drug industry is stumbling badly in its core business of finding new medicines, while aggressively marketing existing drugs.",World,Business
"Stocks Close Higher on Brokerage Earnings NEW YORK - Stocks dashed higher Tuesday as investors welcomed strong earnings from financial services companies, upbeat economic data and some reassuring news from the Federal Reserve. The Fed's decision to raise short-term interest rates by another quarter-percentage point to 1.75 percent did not come as a surprise to the market...",World,Business
"Douglas, Fraser, and blue await you Jim McLeod has a great day job, but a seasonal sideline is his #39; #39;tree #39; #39; calling. Throughout the year, he #39;s president and owner of a software company called InfoCode Corp.",Business,Sports
"Nintendo to Unveil Handheld Upgrade Facing its biggest threat ever from the arrival of Sony Corp. in the portable video-game machine market, Japanese game-maker Nintendo Co.",Business,Sci/Tech
"Toys Will Be Toys Trust me, you don #39;t want to see desperate parents shopping over the holidays. I was at Circuit City (NYSE: CC) last week and saw a mother pleading with a sales clerk for a Nintendo DS portable video game system.",Sci/Tech,Business
"Cloud rat arrives at London Zoo London zoo celebrates the birth of a Panay cloud rat, a very rare tree-living rodent from the Philippines.",Sci/Tech,World
"Storms Seem to Cure Floridians of Hurricane Amnesia The state #39;s East Coast hadn #39;t been hit by a hurricane since 1999. That, and the fact that Florida hasn #39;t had its historic share of such storms in recent decades, has led to some complacency about their effects.",Business,World
"Thai minister says zoo #39;s illegal orangutans to be moved JAKARTA/BANGKOK (DPA): Thailand, under growing pressure to repatriate some 100 orangutans allegedly smuggled into the country from Indonesia, plans to shift the apes from a private zoo to a safe centre, probably in Chiang Mai, a minister said on Thursday.",Sci/Tech,World
"Nothing Robotic About Robo-Art The ArtBots show in New York this past weekend proved that robots can wax artistic, too -- or at least carry out the instructions of their artistic creators. Cyrus Farivar reports from New York.",Sci/Tech,Sports
"49ERS NOTEBOOK Fumbling holiday-party plans If you think you are having trouble with your holiday party, check out the 49ers. The 49ers planned to have theirs Friday at a hotel near where the team stays the night before games, but coaches and their",Sports,Business
webcrawler: A9.com is cool NOW heres something else thats off the mind. Theres no more need to make mental or computer notes while searching the Internet.,Business,Sci/Tech
"Number of Kids on Antidepressants Drops Dramatically NEW YORK (AP) -- The number of children taking antidepressants has dropped dramatically since the Food and Drug Administration cautioned that the drugs can provoke suicidal behavior, according to a study. Pharmacy benefit manager Medco Health Solutions found that the number of children taking antidepressants fell 18 percent in the first quarter and an additional 5 percent in the second quarter...",Sci/Tech,Business
"Virgin dips its toe into the Pacific SIR Richard Branson did not disappoint with his stunts yesterday, flying into Sydney to promote his international airline Virgin Atlantic.",Business,Sci/Tech
"Feds kick off digital TV consumer campaign WASHINGTON - It #39;s one of the biggest technical changes in television since color TV: the digital transition. And because many Americans remain in the dark about it, federal regulators began an education campaign Monday to enlighten them.",Business,Sci/Tech
"SICK KIDS VS. DISNEY IN #39;PETER PAN #39; DUSTUP It #39;s a story that would make Peter Pan glad that he never grew up. Walt Disney Co. is caught in a feud with a UK children #39;s hospital over the copyright to JM Barrie #39;s classic novel, quot;Peter Pan.",Business,Sports
"New drug extends multiple sclerosis options 25/11/2004 - The first in a completely new class of drug for multiple sclerosis has been approved in the US, opening up a new avenue of treatment for sufferers of the debilitating diseases and potential blockbuster revenues for developers Elan and Biogen",Business,World
"Kenyan Laureate Urges Rich Nations to Ratify Kyoto (Reuters) Reuters - Kenya's Nobel Peace Prize winner,\Wangari Maathai, on Monday urged wealthy nations to ratify the\Kyoto protocol on climate change to ease the burden of\pollution on poor countries.",Sci/Tech,World
"Ecuadorean Lawsuit Vs Texaco Boils Down to Science (Reuters) Reuters - After a decade\of court battles, lawyers on Wednesday took a lawsuit by\Ecuadorean Indians accusing U.S. oil firm ChevronTexaco Corp..\of polluting the Amazon jungle into the field.",Sci/Tech,Business
Bangkok animal trade talks open The rules controlling the trade in many at-risk wildlife species may change at a Bangkok meeting starting on Saturday. The 166 member states of the Convention on International Trade in Endangered Species of,World,Sci/Tech
"103 arrests for Internet fraud, related crimes since June: US (AFP) AFP - US authorities arrested at least 103 suspects and filed 117 criminal complaints since June 1 in a crackdown on various forms of online fraud, Attorney General John Ashcroft said.",Sci/Tech,World
"Nobel Economics Prize Awarded Norwegian-born Finn Kydland and Edward Prescott of the United States won the 2004 Nobel\economics prize, the Royal Swedish Academy of Sciences said on Monday.",Business,Sci/Tech
Safety Group Closely Echoes Rail Industry Documents show that the nation's most influential rail-safety group is tightly bound to the railroad industry.,World,Business
"Greenspan: Debt, home prices not dangerous The record level of debt carried by American households and soaring home prices do not appear to represent serious threats to the US economy, Federal Reserve Chairman Alan Greenspan said Tuesday.",Sci/Tech,Business
Drug makers target counterfeits Big pharmaceutical companies are testing new tracking technology they hope will help them spot counterfeit drugs before they reach consumers' medicine cabinets.,Business,Sci/Tech
"Dollar Idles vs. Euro Before U.S. Data LONDON (Reuters) - The dollar kept close to the previous session's one-week highs against the euro on Thursday, holding steady as investors awaited U.S. data to confirm fresh signs of strength in U.S. manufacturing.",Business,World
"USC, Miami Top BCS Standings, Not Okla. Southern California took the top spot Monday in the season's first Bowl Championship Series standings, and surprisingly Miami is ahead of Oklahoma in a close race for the second spot. Oklahoma is No...",World,Sports
"France joins Germany, Japan in economic slide (AFP) AFP - The French economy hit a rough patch in the third quarter, throwing the government's full-year growth target into question amid signs of an economic slowdown in the 12-nation eurozone.",Business,World
"SKorea's Samsung to invest 24 billion dollars in new chip lines (AFP) AFP - South Korea's Samsung Electronics Co., the world's largest memory chipmaker, said it would invest some 24 billion dollars in building new chip production lines over the next six years.",World,Sci/Tech
"You have mail, always, with a BlackBerry Washington lawyer William Wilhelm knows from experience that not everybody loves his BlackBerry as much as he does. The girlfriend was fed up with a relationship",Sci/Tech,Sports
"Cray promotes two execs Ly-Huong Pham becomes the supercomputer maker's senior vice president of operations, and Peter Ungaro is made senior vice president for sales, marketing and services.",Sci/Tech,Business
"Gordon Cooper, NASA Mercury Pioneer, Dies LOS ANGELES - Gordon Cooper, who was the youngest and perhaps cockiest member of the original Mercury astronauts and set the space endurance record that helped clear the way for the first moon landing, has died. He was 77...",World,Sci/Tech
"Expansion may lead to division The Asia-Europe Meeting, ASEM, will hold its fifth summit in Hanoi in October amidst a recent crisis over the inclusion of Myanmar.",World,Business
10 O'Clock News goes interactive BBC One's 10 O'Clock News is launching the first interactive news television bulletin on Tuesday.,Sci/Tech,World
"Automakers sue California over emissions FRESNO, Calif. -- Automobile manufacturers sued on Tuesday to block the world #39;s toughest vehicle emissions standards, adopted by California regulators in September to cut greenhouse gases.",Business,Sci/Tech
"Supreme Court Hears Wine Sales Case Winemakers who want to ship directly to consumers across state lines got a sympathetic hearing at the Supreme Court today, as the justices heard oral arguments in a case that could have a dramatic effect on Internet commerce and states' power to regulate the alcohol trade.",Sci/Tech,Business
"The Kid Stays in His Home, Dressed in PJ's, With a Live Mike Robert Evans, the fabled Hollywood producer and man about town, will be enjoying his latest gig, as a satellite radio talk-show host, from the comfort of his home.",Sci/Tech,Business
"It's Inauguration Time Again, and Access Still Has Its Price President Bush's inaugural committee, seeking to raise more than \$40 million, a record, sent out hundreds of solicitations.",World,Business
"Strong Family Equals Strong Education Single mothers, poverty were big factors in school performance HealthDayNews -- American teenagers who live with poor single mothers are more likely to get into trouble at school and have poor marks and are less likely to think they'll go to college, says a Rice University study. Holly Heard, an assistant professor of sociology, analyzed data from thousands of teens who took part in the National Longitudinal Study of Adolescent Health...",Sci/Tech,World
Update: PeopleSoft board won't negotiate Oracle takeover PeopleSoft executives said over the weekend that they won't discuss a sale to Oracle at a price of \$24 per share but would consider an offer at a higher price.,Sci/Tech,Business
Cellphone Industry Hits Snag as It Woos Untapped Market The mobile phone industry is turning its attention to the last untapped demographic - people over 65.,World,Sci/Tech
VoIP becomes new option Jackson is one of the first to take advantage of Time Warner Cable #39;s new venture into Voice over Internet Provider (VoIP) telephone service here and she says it works great.,Business,Sci/Tech
"Cricket-Lillee a victim of generational change, says spin guru MELBOURNE, Australia (AFP) - Cricket Australia said it was better off hiring full-time coaches than employing bowling great Dennis Lillee, who has abruptly ended his long coaching involvement with the body.",Sports,World
"Wall St.'s Nest Egg - the Housing Sector NEW YORK (Reuters) - If there were any doubts that we're still living in the era of the stay-at-home economy, the rows of empty seats at the Athens Olympics should help erase them.",Business,Sports
"Embattled Mortgage Giant Agrees to Meet New Standards Fannie Mae agreed to keep more cash on hand while it corrects accounting problems, a U.S. regulator said.",World,Business
"Gold Indian Coin Expected to Fetch #36;27,000 (Reuters) Reuters - An Indian gold coin which is nearly\1,900 years old and shows one of the earliest depictions of\Buddha is to be sold at auction where it is expected to fetch\up to 15,000 pounds ( #36;27,000).",Sci/Tech,Business
"Belarus Bank Denies Money Laundering Charge A bank in Belarus has denied US charges that it laundered money for former Iraqi leader Saddam Hussein. Infobank, in a statement, said it has strictly followed international agreements related to the fight against illegal transactions.",Business,World
Airbus drops out of Microsoft appeal Aircraft builder withdraws its request to intervene in Microsoft's antitrust appeal; Boeing also forgoes intervention.,Sci/Tech,Business
Perry OKs money for APS as more accusations arise The state #39;s Adult Protective Services agency will get an emergency infusion of \$10 million to correct the kinds of problems that have arisen in El Paso.,Business,World
"In China's changing society, psychotherapy gains acceptance BEIJING -- Step back, Confucius. Move over, Mao. Dr. Freud is making the rounds. Once vilified by the communists as a remnant of bourgeois imperialism, the practice of psychology -- and especially the Western ritual of going to a therapist -- is gaining popularity in this country of budding capitalists.",World,Sports
"Delta #39;s Aborted Crash Landing If you #39;ve ever been in an airplane that has to abort a landing, you know that it is a completely hair-raising, disorienting experience.",Business,Sci/Tech
"EU Accuses Microsoft of Paternal View Microsoft Corp. said Friday that small companies and their customers would suffer most if it is forced to remove its digital media software from Windows, while the European Union accused it of being ""paternalistic"" in trying to decide what's best for everyone.",Sci/Tech,Business
"Ford underlines committed to motorsport. Despite confirming the successful sale of both Jaguar Racing and its Cosworth engine company to new owners, Ford Motor Company has stressed that it remains committed to supporting motorsport at all levels.",Sports,Business
