text,Actual Class,Predicted Class
"Paris Tourists Search for Key to 'Da Vinci Code' (Reuters) Reuters - A funny thing happened on the way to the\Mona Lisa. Visitors to the Louvre museum in Paris, home of the\world's most famous painting, started quizzing tour guides\about Dan Brown's best-selling novel ""The Da Vinci Code.""",World,Sci/Tech
"Forgoing stiff upper lip, Charles jousts with critics LONDON: In an unusual departure from the tradition of regal silence and the stiff upper lip, Prince Charles fought back Monday against accusations by a government minister who called his views on education quot;old fashioned quot; and quot;out of time.",World,Sports
Chavez rejects CD as opposition Venezuela #39;s President Hugo Chavez has announced that he will no longer recognize the Democratic Coordination or CD as the opposition coalition.,Business,World
"Clouds darken PeopleSoft conference SAN FRANCISCO -- PeopleSoft Inc. is trying to create a party-like atmosphere at its annual customer conference, but this week's gathering may feel more like a wake with rival Oracle Corp.'s \$7.7 billion takeover bid looming larger than ever.",Business,Sci/Tech
"Some People Not Eligible to Get in on Google IPO Google has billed its IPO as a way for everyday people to get in on the process, denying Wall Street the usual stranglehold it's had on IPOs. Public bidding, a minimum of just five shares, an open process with 28 underwriters - all this pointed to a new level of public participation. But this isn't the case.",Sci/Tech,Business
"Report: Amount of fine-particle pollution drops significantly LOS ANGELES - Concentrations of one of the most dangerous air pollutants have declined in most of the country in the last five years, especially in Southern California and the Southeast, according to a report released by the US Environmental Protection",Sci/Tech,World
"Google #39;s New PC Search Tool Poses Risks NEW YORK Oct. 18, 2004 - People who use public or workplace computers for e-mail, instant messaging and Web searching have a new privacy risk to worry about: Google #39;s free new tool that indexes a PC #39;s contents for quickly locating data.",Business,Sci/Tech
"At Last, Success on the Road for Lions The Detroit Lions went three full seasons without winning an away game, setting an NFL record for road futility. They ended that ignominious streak Sunday in their first opportunity of the season, beating the Chicago Bears 20-16 at Soldier Field...",World,Sports
"Thailand Shows No Easy War Against Wildlife Crime (Reuters) Reuters - With an AK-47 assault rifle slung over\his shoulder, Sompong Prajobjan roamed one of Thailand's lush\national parks for more than a decade.",Sci/Tech,World
Boston archbishop reveals anguish of closings BOSTON Boston #39;s Archbishop is telling catholics that the church #39;s financial footing is quot;much worse than people realize.,Sports,Business
Megawati kicks off 36th ASEAN economic meeting JAKARTA (Agencies): President Megawati Soekarnoputri opened high-level economic talks between members of the Association of Southeast Asian Nations (ASEAN) on Friday with a warning to ASEAN leaders that they must stay the course on their agreed,Business,World
"Barrichello Wins Chinese Grand Prix SHANGHAI, China - Rubens Barrichello won the inaugural Chinese Grand Prix on Sunday, taking advantage of Formula One champion Michael Schumacher #39;s disastrous weekend and outlasting runner-up Jenson Button by just over a second.",Sports,World
"PM Hails Successful Launch Of Agni II NEW DELHI, AUG 29: Prime Minister Manmohan Singh on Sunday congratulated the scientists and engineers for the successful launch of the Agni II missile.",World,Sci/Tech
"Opportunity Rings (Forbes.com) Forbes.com - This past summer 25,000 consumers, aged 18 to 24, received short text messages on their cell phones alerting them to numbers on 225 million bottle caps of Snapple iced tea, pink lemonade and the like. People holding a winning number, announced by text message and traditional media, landed overseas trips and walk-on parts on TV shows.",Sci/Tech,Business
US edge out Brazil for gold The United States beat Brazil 2-1 in extra time to win the women's Olympic football tournament.,World,Sports
Panel Urges N.Y. to Pay \$14 Billion More for City Schools Court-appointed referees recommended the state pay an additional \$14 billion over four years to improve New York City schools.,World,Sports
APEC Ministers Urge New Effort on Trade Talks Pacific Rim trading nations said on Wednesday they should pool their influence to energize talks to free up world trade. As trade and foreign ministers from the 21-member Asia-Pacific,World,Business
"GAME UNDER FIRE Attacking police officers, racial slurs, bloody beatings of innocent bystanders ... is it really just a game? In four and a half minutes, 14-year-old Ryan Mason ran over a police officer, stole his gun and shot and killed three innocent bystanders.",Sci/Tech,Sports
Oil Companies In Nigeria Say They Won #39;t Give In To Threats Major oil companies operating in Nigeria #39;s oil-rich southern region say they will not give in to threats of attacks on their facilities and employees by militias.,World,Business
Live: Olympics day four Richard Faulds and Stephen Parry are going for gold for Great Britain on day four in Athens.,World,Sports
Microsoft to hire hundreds in India Microsoft on Tuesday announced its decision to localise Windows and Office software in 14 Indian languages over the next 12 months and that the company would hire #39;hundreds #39; in India this year.,Business,Sci/Tech
Plutonium: rising terror threat The radioactive element could be used to make weapons just as dangerous as enriched uranium bombs.,World,Sci/Tech
"American Economist Expected to Win Nobel (AP) AP - Americans have dominated the annual Nobel Memorial Prize in Economic Sciences five years running, and it may not surprise Nobel watchers if the trend continues.",Business,Sci/Tech
"The C.E.O. Vanishes, and Other Mysteries Why did PeopleSoft, in the midst of a takeover fight with Oracle, fire its chief executive and president? Who knows? And that's a problem.",Sci/Tech,Business
"Motorola Quarterly Earnings Rise Motorola Inc., the world's No. 2 maker of cell phones, on Tuesday said its quarterly profit\more than tripled, as sales rose 26 percent, driven in part by a host of new handset models and cost controls.",Sci/Tech,Business
Toile Gets A Makeover The traditional pattern shakes its fussy image as designers give it a new look,Business,Sci/Tech
"World briefs LONDON - A man wielding a machete and a knife attacked two security guards at the building housing the headquarters of the British domestic intelligence service MI5 on Friday, police said.",Business,World
"Get Real? This time last week, first lady Laura Bush was having what she might call her Christmas Tree Day. First, she showed off the decorated executive mansion to reporters and then joined her husband",Business,World
US Bells Do Video on Path Blazed by Small Telcos The three largest US local telephone corporations made a splash this summer with plans to sell video services on their voice and data lines in a few years.,Business,Sci/Tech
Cocoa farmers issue strike threat Unions are threatening a general strike in the Ivory Coast in a protest against the prices farmers are paid for their cocoa supplies.,Business,World
"Bourdais takes series title MEXICO CITY - Sebastien Bourdais took his first Champ Car World Series title, beating teammate Bruno Junqueira with a flag-to-flag win Sunday in the Mexican Grand Prix.",Sports,World
"McCain again opposes the president Global warming needs more attention, according to John McCain, and President Bush needs to lead the way. I listened to some of the hearings on this subject this week, and I must say the people testifying are",Sci/Tech,World
"TruSecure merges with Betrusted BOSTON - Information security services companies TruSecure Corp. and Betrusted plan to announce on Tuesday that they have merged, forming a new company called Cybertrust.",Sci/Tech,Business
Will Hutton There were two stories last week that will have world-shaping implications. The first was in a Paris hospital and a compound in Ramallah.,Business,World
DMCA Limited by Sixth Circuit Appeals Court The Fine Print: The following comments are owned by whoever posted them. We are not responsible for them in any way. I really dont know why a printer manufacturer should have exclusive rights on producing ink that work with their printers.,Sci/Tech,Business
"Toyota: Some security firms promise too much If ""it sounds like you are being offered a panacea, then it's time to change the conversation,"" says an exec for the firm.",Sci/Tech,Business
"Sony, IBM, Toshiba Give Details of 'Cell' Chip (Reuters) Reuters - IBM , Sony Corp. (6758.T) and\Toshiba Corp. (6502.T) on Monday revealed their plans for the\powerful new ""Cell"" processor the three are jointly producing\to run next-generation computers, game consoles and\televisions.",Business,Sci/Tech
"Microsoft Launches New Media Center PC Microsoft Corp. MSFT.O on Tuesday unveiled a new version of its Windows XP Media Center, adding features such as instant messaging and high-definition television to a personal computer designed for the living room.",Business,Sci/Tech
"Internosis Will Relocate To Greenbelt in October Internosis Inc., an information technology company in Arlington, plans to move its headquarters to Greenbelt in October. The relocation will bring 170 jobs to Prince George's County.",Sci/Tech,Business
Time Warner settles AOL investigations for \$510 million Time Warner will pay \$210 million to defer a Justice Department investigation into accounting irregularities at its Dulles-based America Online unit.,Business,Sci/Tech
"Whitman: EBay To Buy Rent.com; Compliments Craigslist Stake Without reserve. EBay (nasdaq: EBAY - news - people ) on Friday said it is buying Rent.com. The latter, which is privately held, provides online listings of apartment and house rentals.",Business,Sci/Tech
Online Football: Bruins unable to squeeze past Trojans The UCLA football team had all that it asked for: possession of the ball in the fourth quarter with an opportunity to beat No. 1 USC.,Sports,Sci/Tech
"The Bag of Aeolus quot;Aeolus was keeper of the winds. He gave a bag of evil winds to Odysseus, instructing him to keep it closed while a good breeze wafted him home.",World,Sci/Tech
"RealNetworks Ends Download 49-Cent Promo SEATTLE (Reuters) - RealNetworks Inc. RNWK.O is ending its 49 cent-per-song music download service but will keep the promotional prices in place for top 10 songs, the Internet media and software company said on Thursday.",Business,Sci/Tech
Regulators Approve Artificial Heart The Food and Drug Administration approved the use of an artificial heart made by SynCardia Systems as a temporary device for people awaiting transplants.,Sci/Tech,Business
"Microsoft Settles Novell Antitrust Suit (Reuters) Reuters - Microsoft Corp. said\on Monday it agreed to settle antitrust lawsuits with Novell\Inc. and an industry trade group, marking the end of a\decade-long antitrust battle.",Business,Sci/Tech
"Sun posts narrower quarterly loss OCTOBER 14, 2004 (REUTERS) - SAN FRANCISCO -- Sun Microsystems Inc. today posted a narrower quarterly loss as revenue rose year over year for the second consecutive quarter after three years of declines, sending shares slightly higher.",Sci/Tech,Business
"White House May Pick Bernanke The White House, seeking a strong economic team to craft and sell key features of its second-term agenda, is considering tapping Federal Reserve Board member Ben S. Bernanke to serve as chairman",Business,World
"Semiconductor Manufacturing to Boost Capacity by Half (Update2) Semiconductor Manufacturing International Corp., China #39;s biggest supplier of made-to-order chips, said its factory capacity will rise by more than half in the second half as the company brings more plants on line.",Sci/Tech,Business
Indonesian diplomats asked to help improve RI #39;s bad image JAKARTA (Antara): President Susilo Yudhoyono asked Indonesian diplomats on Monday to help the government improve Indonesia #39;s bad image.,Business,World
"Plus: Cendant reported to buy Ebookers SAN FRANCISCO (CBS.MW) -- Not only did the word quot;blog quot; enter Merriam-Webster #39;s dictionary this year, but Microsoft is getting on the personalized e-journal bandwagon.",Sci/Tech,Business
Rumours surround Google browser The search giant Google is rumoured to be working on its own web browser.,Business,Sci/Tech
Take Two Torts and Call Me in the Morning The friction that sometimes strains the patient-doctor relationship when lawyers seek medical care is at an all-time high.,Sci/Tech,Business
"Singer: Minaya returns home NEW YORK -- Omar Minaya stood behind a small lectern in a danky room in the bowels of Shea Stadium, and allowed his life to flash before his eyes.",Sports,World
"NTT DoCoMo, Mm02 Sign Deal TOKYO - Japan #39;s top cell phone operator NTT DoCoMo Inc. and major British mobile carrier mm02 plc reached an agreement that will allow mobile telephone users in Britain, Germany, and Ireland to surf the Internet on the handsets, DoCoMo said Tuesday.",Sci/Tech,Business
"Internet Ad Revenues Jump 40 Percent Internet advertising revenues jumped 40 percent in the first half of this year, driven largely by the growing popularity of keyword ads tied to search results.",Sci/Tech,Business
"Iraq's Neighbors to Get Little for Environment Loss (Reuters) Reuters - Iraq's neighbors want tens of billions\of dollars for environmental damage done in the 1990-1 Gulf\conflict, but are set to get only paltry funds from the United",Sci/Tech,World
"Bea Arthur for President Bea Arthur sparked a security scare at Logan Airport in Boston this week when she tried to board a Cape Air flight with a pocketknife in her handbag. The ""Golden Girls"" star, now 81, was flagged by a Transportation Security Administration agent, who discovered the knife - a strict no-no following 9/11. ""She started yelling that it wasn't hers and said 'The terrorists put it there,' "" a fellow passenger said. ""She kept yelling about the 'terrorists, the terrorists, the terrorists.' "" After the blade was confiscated, Arthur took a keyring from her bag and told the agent it belonged to the ""terrorists,"" before throwing it at them. - via philly.com",Sci/Tech,Business
"Worldwide PC Market Seen Doubling by 2010 NEW YORK (Reuters) - The number of personal computers worldwide is expected to double to about 1.3 billion by 2010, driven by explosive growth in emerging markets such as China, Russia and India, according to a report released on Tuesday by Forrester Research Inc.",Sci/Tech,Business
"ASEAN moves closer to single market with #39;road map #39;, global trade ... JAKARTA : ASEAN finance ministers ended a meeting which saw Southeast Asia edge closer to a Europe-style single market, laying out a quot;road map quot; for integration and opening doors to wider global trade.",World,Business
Iran shuts reformist websites WEBSITES CLOSE to Iran #39;s leading reformist party have been blocked by religious hardliners in the police bureau of public morals.,Sci/Tech,World
"FCC exempts fiber-to-curb from sharing requirements The Federal Communications Commission Thursday voted to allow incumbent telephone carriers from sharing fiber-to-the-curb deployments from competitors, prompting one incumbent to announce an accelerated fiber rollout.",Business,Sci/Tech
Rugby-Lions accept extra match on 2005 New Zealand tour The British and Irish Lions have accepted an extra match on their tour of New Zealand next year. The Lions will now play the traditionally strong Auckland provincial,Sports,World
"Cocoa prices down but Ivorian exports still blocked World cocoa prices were down on Tuesday but off the day #39;s lows as exports remained on hold after mob violence and military clashes in Ivory Coast, the key global supplier, traders said.",World,Business
"ViewPoints: Just say #39;No #39; You can #39;t get much clearer than No. That was the strongly implied response of the US Treasury secretary, John Snow, to Europe #39;s growing cries that he help it deal with a weakening dollar by intervening to stop the slide.",Business,Sci/Tech
"Cowboys Defeat Redskins 21-18 LANDOVER, Md. - Bill Parcells celebrated the touchdown with a big smile and his fist thrust high in the air...",World,Sports
Oracle case bounces to Europe The European Commission is studying the U.S. court decision favoring Oracle's PeopleSoft buyout and deciding whether to pursue its own objections.,Sci/Tech,Business
"Kill The Poor I've been a soup van volunteer for three months plus a couple of weeks. I've also been casually mentioning this example of my beneficence in everyday conversation for about the same length of time. I use this particular phrasing, rather than ""I work on a soup van"", because what I'm trying to emphasise is that I didn't take it up lightly or gingerly. In the beginning, I didn't know exactly how it would turn out, but I did know that I wanted to be good. Between then and now, an awful lot became clear.",Sci/Tech,Business
"Icing call Out of money, out of patience, out of time, and for the foreseeable future, out of business.",Sports,Business
"For Jobs, Brazilians Desert Their Cities A growing number of Brazilians are finding it increasingly difficult to get good jobs in big metropolitan areas like So Paulo and Rio de Janeiro, and are looking elsewhere.",Business,World
"Scaffold collapse survivors improving One of the men who survived Friday #39;s fatal scaffold collapse is in guarded condition at Detroit Receiving Hospital and the two other survivors were released on Sunday, a hospital spokeswoman said.",Business,World
"Halliburton Set for Spotlight in VP Debates (Reuters) Reuters - A name likely to come up in\Tuesday's vice presidential debate is Halliburton, the Texas\company once run by Dick Cheney that Democrats say is an\example of cronyism because of its lucrative Iraq deals.",World,Sci/Tech
"New Rainbow Six Franchise for Spring 2005 SAN FRANCISCO, CA - November 30, 2004 -Ubisoft, one of the world #39;s largest video game publishers, today announced its plans to launch the next installment in the Tom Clancy #39;s Rainbow SixR franchise for the Sony PlayStationR2 computer entertainment system",Sci/Tech,Business
"For Now, Unwired Means Unlisted. That May Change. In October, most major cellphone carriers plan to start compiling a publicly accessible listing of wireless phone numbers.",Business,Sci/Tech
"Spitzer launches music industry probe Eliot Spitzer, fresh from rocking the insurance industry, has now asked the music business to uncover the secrets behind how radio stations decide what records they play.",Business,Sci/Tech
"Yahoo Debuts Mobile Search SAN FRANCISCO -- Yahoo (Quote, Chart) expanded its search empire to the mobile arena with the launch of some additional services. The company was one of the original content providers for mobile devices running",Business,Sci/Tech
"Final edition for a respected Asian newsweekly HONG KONG The Far Eastern Economic Review, an often incisive newsweekly for more than half a century, will become a monthly opinion magazine in December, and virtually all of its employees will lose their jobs, Dow Jones announced on Thursday.",Business,World
"iPod, DVD Players Lead Aug. Electronics Prices Lower NEW YORK (Reuters) - Price declines for U.S. consumer electronics accelerated in August, fueled by discounted price cuts for the popular iPod digital music player and traditional DVD players, according to an industry study prepared for Reuters.",Sci/Tech,Business
"Amazon.com net sales jump 29; Google reports \$52M in net income OCTOBER 22, 2004 (IDG NEWS SERVICE) - Amazon.com Inc. fell a penny short of analysts #39; per-share earnings expectations, while reporting net sales of \$1.",Sci/Tech,Business
Amazon sues spammers for misleading consumers SEATTLE -- Amazon.com has filed three lawsuits in King County Superior Court against unidentified defendants who allegedly forged e-mails and Web sites to fool consumers into thinking they are doing business with the Internet retailer.,Business,Sci/Tech
Allianz to fight US court ruling on WTC attacks MUNICH - German insurance concern Allianz said on Tuesday it would fight a US jury decision in New York which doubled the amount of insurance which the leaseholder of the destroyed World Trade Center towers could collect from nine insurance firms.,Business,World
"HP Wins Defense Contract HP (Quote, Chart) was awarded a \$290 million, 10-year outsourcing contract with the Defense Logistics Agency #39;s (DLA) Enterprise Data Center (EDC) program, officials announced Wednesday.",Business,Sci/Tech
Judge asked to penalize Microsoft over e-mails Burst.com asked a US judge to penalize Microsoft for destroying e-mails it says the world #39;s largest software company should have preserved as evidence in antitrust suits.,Business,Sci/Tech
Is PeopleSoft waiting for the right price? A company board member testifies in trial that a sale would be possible if Oracle ups its offer.,Sci/Tech,Business
Swedes beam poetry into outer space (Reuters) Reuters - Swedish poets have broadcast their work into outer space by radio to give alien life forms -- if they exist -- a taste\of earthling literature.,World,Sci/Tech
"Argentina Beats U.S. Men's Basketball Team Argentina defeated the United States team of National Basketball Association stars 89-81 here Friday in the Olympic semi-finals, dethroning the three-time defending champions.",World,Sports
"Deal in Congress to Keep Tax Cuts, Widening Deficit Republican and Democratic leaders agreed to extend \$150 billion worth of tax cuts sought by President Bush without trying to pay for them.",World,Business
"September Retail Sales Up by 1.5 Percent WASHINGTON - Shoppers got their buying groove back last month, propelling sales at the nation's retailers by a strong 1.5 percent. It was the best showing since March...",World,Business
Justices hear cases on shipping wine (USATODAY.com) USATODAY.com - States that block direct shipments of wine to consumers from out-of-state wineries faced skeptical comments from Supreme Court justices on Tuesday.,World,Sci/Tech
"Caterpillar snaps up another remanufacturer of engines PEORIA - Caterpillar Inc. said Wednesday it will acquire a South Carolina remanufacturer of engines and automatic transmissions, increasing its US employment base by 500 people.",Sci/Tech,Business
"Lehman hoping third time is a charm Tied for the lead in what was shaping up as another shootout at Disney, Tom Lehman believes he has experience on his side. Not from the last 12 years, but the last three weeks.",Sports,Business
"Texas Instruments Plans Buyback (Reuters) Reuters - Texas Instruments Inc., the\largest maker of chips for cellular phones, on Thursday said it\plans to buy back #36;1 billion in stock and boost its quarterly\dividend by more than 17 percent, becoming the latest\technology company to return extra cash to investors.",Sci/Tech,Business
Fusion reactor decision must wait Six nations planning to build the world's biggest nuclear fusion reactor fail to agree where to site the facility.,Sci/Tech,World
"U.N.: Traces of Plutonium Found in Egypt (AP) AP - U.N. experts have found traces of plutonium near an Egyptian nuclear facility and are investigating whether it could be weapons-related or simply a byproduct of the country's peaceful atomic activities, diplomats told The Associated Press on Friday.",World,Sci/Tech
"INSIDE INFO: Man Utd shares drop MAN UNITED #39;S share price has fallen by just over 2.5, less than expected after the resignation of Malcolm Glazer #39;s bankers JP Morgan.",Sports,Business
"Motorola Aims to Sharpen Design Edge In a 26th-floor office suite overlooking Lake Michigan, some 40 industrial designers, mechanical engineers and specialists in fields ranging from anthropology to musicology",Sci/Tech,Business
"Ericsson Selected by MTN South Africa to Supply 3G/WCDMA Network STOCKHOLM, Sweden --(Business Wire)-- Dec. 10, 2004 -- Ericsson (NASDAQ:ERICY) has been selected by MTN South Africa to supply 3G/WCDMA network.",Sci/Tech,Business
"Microsoft plays up growth, dividend They were preaching to the choir, but Bill Gates and Steve Ballmer still did their best to sell the virtues of Microsoft stock at the company #39;s annual shareholder meeting yesterday in Bellevue.",Business,Sci/Tech
"China 'owns up' over mystery sub \China has expressed regret for the intrusion of one of its subs into Japanese waters last week, Tokyo says.",World,Sci/Tech
"Motorola buys wireless network developer, eyes defense contracts CHICAGO - Motorola Inc. is acquiring MeshNetworks Inc., developer of a Wi-Fi based technology that is expected to help land more contracts for its growing government contracting business.",Business,Sci/Tech
Florida deaths blamed on Hurricane Frances State and local officials Tuesday said nine people have died in Florida because of Hurricane Frances. The following describes those deaths: - A 15-year-old grandson and a former son,Sports,World
Australia in grip of water crisis There is a warning that some of Australia's major cities could run out of drinking water.,Sci/Tech,World
"Quick end to US election crucial US President George W. Bush is on the verge of a re-election victory, but Democratic challenger John Kerry is not conceding defeat, at least not now.",Business,World
"Amazon Burning Makes Brazil a Leading Polluter By Axel Bugge BRASILIA, Brazil (Reuters) - Burning of the Amazon andother forests accounts for three quarters of Brazil'sgreenhouse gas emissions and has made the country one of theworld's leading polluters, a long-delayed government reportshowed on Wednesday.",World,Sci/Tech
"Chirac, in Beijing, Signs Accords to Increase French Investment President Jacques Chirac of France declared Saturday that France was a natural trade partner for China and, during a flurry of air, rail and energy deals, he played down",World,Business
"U.S. Seeks Reconciliation with Oil-Rich Venezuela SAO PAULO, Brazil (Reuters) - The United States said on Monday it will seek better ties with oil-rich Venezuela in the clearest sign since President Hugo Chavez won a recall referendum in August that Washington is looking for reconciliation with the firebrand populist.",World,Business
"ConocoPhillips boosts LUKoil stake to 10 percent (AFP) AFP - US oil major ConocoPhillips has boosted its stake in Russia's second-largest oil producer LUKoil to 10 percent, giving Conoco at least one representative on LUkoil's board.",World,Business
"Disney takes sides in battle for next generation DVD (AFP) AFP - Hollywood movie powerhouse Walt Disney has taken sides with Japan's Sony Corp. in a bitter battle between studios to define a technical standard for next generation DVDs, it said.",Sci/Tech,World
Athletics: Dominant Phillips takes long jump gold ATHENS - Dwight Phillips of the United States completed a hat-trick of global long jump titles when he crushed the field with his opening leap in Thursday #39;s final to win Olympic gold.,Sports,World
Yahoo! Ups Ante for Small Businesses Web giant Yahoo! is gambling that price cuts on its domain name registration and Web hosting products will make it more competitive with discounters in the space -- which means that small businesses looking to move online get a sweeter deal through ...,Business,Sci/Tech
"Ljubicic Downs Hanescu at Open De Moselle Top-seeded Ivan Ljubicic of Croatia beat Victor Hanescu of Romania 6-4, 6-4 Tuesday in the first round of the Open de Moselle.",World,Sports
"Ancient fungus 'revived' in lab Fungus from a deep-sea sediment core that is hundreds of thousands of years old will grow when placed in culture, scientists discover.",World,Sci/Tech
Chercher dans toute l #39;actualit Italy ground to a halt as millions of workers observed a general strike in protest against the economic policies of Prime Minister Silvio Berlusconi #39;s centre-right government.,World,Business
"A great catch? Lobsters How does he like lobster? Boiled, steamed, broiled, baked, grilled? Newburg? Bahar Uttam prefers his with a capital L -- Lobsters -- and sees them frolicking on a tennis court rather than laid out on a plate. In Uttam's mind lurks a tasty dish for the town's sporting crowd, one that could satisfy the five-year hunger of tennis junkies, a ...",Sports,Sci/Tech
Yahoo and SBC extend partnership and plan new services Yahoo and SBC Communications have agreed to collaborate to extend some of the online services and content they currently provide to PC users to mobile phones and home entertainment devices.,Business,Sci/Tech
"India's Tata makes powerful debut Shares in Indian software services giant Tata Consultancy close 16 higher on their market debut, raising \$1.2bn for the company.",World,Business
"AMD et Chartered signent des contrats d #39;approvisionnement et de ... SUNNYVALE, Calif. and SINGAPORE--(BUSINESS WIRE)9 Novembre 2004--Chartered adopte la fabrication de prcision automatise d #39;AMD et prvoit de fabriquer des processeurs AMD64 en 2006.",Sci/Tech,Business
"EBay gets into rentals EBay plans to buy the apartment and home rental service Rent.com for \$415 million, adding to its already exhaustive breadth of offerings.",Business,Sci/Tech
"Faces From The 1929 Crash NEW YORK - The people who will forever be associated with the Great Crash of 1929 were all white, male and wealthy, but their occupations and ethics varied considerably.",Business,World
"Nursery rhymes more violent than TV (Reuters) Reuters - Children's nursery rhymes contain 10 times more violence than television shows broadcast before the\9 p.m. ""watershed"" after which more adult content can be shown, research has said.",World,Sci/Tech
"EU to Pursue Legal Action Against Greece BRUSSELS, Belgium -- The European Union #39;s executive commission said Wednesday it would open legal proceedings against Greece for its sloppy bookkeeping and underreporting its budget deficit by billions of euros between 1997 and 2003.",Business,World
Japan govt body to call for 5.7 billion dollar aid to Daiei (AFP) AFP - A Japanese government-backed organization will ask financial institutions to provide troubled retailer Daiei with 600 billion yen (5.7 billion dollars) in financial assistance.,Business,World
"Kerry to reverse stem cell policy US presidential candidate John Kerry says he will make stem cell research a priority, dropping George Bush's policy.",World,Sci/Tech
"Volkswagen May Be Close to Settling Its Wage Talks Volkswagen and its workers entered a critical week in their wage negotiations on Monday, with signs that a compromise was taking shape even as protests flared at factories across Germany.",World,Business
Broadband charges set to tumble The cost of broadband internet access is likely to fall after Ofcom ordered British Telecom to cut the amount it charges internet providers.,Business,Sci/Tech
"Legendary all-rounder Miller dies Keith Miller, arguably Australia's greatest all-rounder in Test cricket, has died in Melbourne aged 84.",World,Sports
IBM as PeopleSoft #39;s Hero? Hardly Big Blue --a white knight? It #39;s easy to see how industry watchers got carried away with speculation that IBM (IBM ) might be riding to rescue of beleaguered PeopleSoft (PSFT ). On Sept.,Business,Sci/Tech
"Global sales of mobile phones hit record levels PARIS Global cellphone sales rose to record levels in the second quarter as Nokia clawed back some of its lost market share, according to figures released Thursday.",Sci/Tech,Business
MITTERAND PHONE-TAP TRIAL OPENS Proceedings are due to begin on a case that has scandalised France for over two decades. Twelve Mitterand-era government officials and senior police officers will face trial in Paris for running a phone tapping,World,Sci/Tech
"AOL pushes into Internet shopping Looking for new ways to boost its revenue, America Online is launching an online shopping service that won #39;t require an AOL account to access.",Business,Sci/Tech
Bush Scraps Most U.S. Sanctions on Libya (Reuters) Reuters - President Bush on Monday formally\ended the U.S. trade embargo on Libya to reward it for giving\up weapons of mass destruction but left in place U.S.\terrorism-related sanctions.,Sci/Tech,World
"Argentina gets China investment China is to invest nearly \$20bn (11bn) in Argentina over the next 10 years, Argentine officials say.",World,Business
"The battle for DR Congo's wildlife As donors pledge \$40m to save DR Congo's wildlife, life in Virunga Park remains a battle ground.",Sci/Tech,World
Football: Brazil legend's UK debut Brazil football great Socrates is set to make his debut for non-league Garforth Town on Saturday.,World,Sports
"FDA OKs Scientist Publishing Vioxx Data (AP) AP - The Food and Drug Administration has given a whistle-blower scientist permission to publish data indicating that as many as 139,000 people had heart attacks that may be linked to Vioxx, the scientist's lawyer said Monday.",World,Sci/Tech
Press review 0850CET--The seizure of fake Nike sportswear by the Customs Department was one of the main stories on Wednesday #39;s newspapers. L-Orizzont published,Sci/Tech,Sports
"Linux: Paris weighs a shift to open-source camp PARIS The open-source computer system known as Linux won a tough battle over Microsoft earlier this year when the city of Munich decided to change the operating software of 14,000 government computers, despite the personal intervention of Steve Ballmer",Business,Sci/Tech
"Product Previews palmOneUpgrades Treo With Faster Chip, Better Display\With more than 600,000 units shipped, the Treo 600 is one of the big smartphone success stories. Last week, palmOne introduced the follow-on Treo 650 with a higher resolution 320-by-320-pixel TFT screen, which the company claims increases the visible area of the display and makes pictures and documents much clearer. The 650 also carries a removable battery; 32MB of flash memory, and a faster 312MHz, Intel XScale processor. Improved multimedia features include a built-in MP3 player, a digital camera with improved low-light capabilities, as well as video capture and playback functionality. Products are expected to ship by years end from some carriers who will add their own services, and will be priced at about \$499.\ Treo 650, palmOne",Business,Sci/Tech
SC to hear Zee petition tommorrow Five judges of the top court will hear a petition filed by Zee Telefilms on Tuesday. A three-judge panel of the Supreme Court said a five-judge bench would hear the dispute that threatens the rights of India #39;s,Sports,Business
"Approval Expected for Big Cellphone Deal Federal regulators will formally approve Cingular Wireless #39;s \$41 billion purchase of AT amp;T Wireless today, company officials briefed on the matter said over the weekend.",Sci/Tech,Business
England humble Sprinboks Charlie Hodgson scores 27 points as England overwhelm the Springboks at Twickenham.,World,Sports
"Times to go completely compact The Times newspaper has announced that it is to move on from its tradition of publishing in a broadsheet format and will appear in a compact size only, starting on Monday.",Sci/Tech,Business
"Cingular Closes #36;41 Bln ATT Wireless Deal (Reuters) Reuters - Cingular Wireless on Tuesday closed\its #36;41 billion cash purchase of AT T Wireless Services Inc.\, creating the biggest U.S. mobile service with more\than 46 million customers.",Business,Sci/Tech
BSkyB sees profits rise after strong subscriber growth (AFP) AFP - British satellite broadcaster BSkyB said profit rose by 16 percent in the first quarter as the group enjoyed strong subscriber growth in the run-up to the key Christmas trading period.,World,Sci/Tech
"For Many Airline Pilots, the Thrill Is Gone While pilots still feel in command in the air, they increasingly are feeling slighted on the ground, as airlines extract salary and benefits concessions from them.",World,Business
"Alamosa Offers to Buy AirGate (Reuters) Reuters - Alamosa Holdings Inc. said\on Monday it made an unsolicited bid for AirGate PCS Inc.\ worth about #36;380 million, which would create one of\the largest sellers of wireless telephone service under the\Sprint brand.",Sci/Tech,Business
"Prized Fossil Just a Rock? With positive and negative results, it remains to be seen what type of Fossil this company really is.",Business,Sci/Tech
Drugstore Offers New Wave of Disposable Cameras NEW YORK (Reuters) - Pharmacy chain CVS Corp. on Thursday said it would offer the world's first disposable digital camera with a bright color viewing screen that allows consumers to instantly preview pictures.,Sci/Tech,Business
"Two gored to death in Spanish bull-run Two Spanish men were gored to death by fighting bulls yesterday during the bull-run at the local fiestas in Ampuero, a town 30 miles east of the northern port city of Santander.",World,Sports
Oracle to Acquire PeopleSoft Oracle Corp. announced today it has signed a definitive merger agreement to acquire PeopleSoft Inc. for approximately \$10.3 billion. -AP,Sci/Tech,Business
Baby for ovary transplant woman A Belgian cancer patient made infertile by chemotherapy has given birth following revolutionary treatment.,Sci/Tech,World
Research Is Definitely in Motion The Blackberry wireless device maker is straining to exceed expectations.,Business,Sci/Tech
"Man arrested for fatally stabbing elderly parents SAITAMA -- A middle-aged man who fatally stabbed his parents has been arrested, police said. Hideo Nakajima, an unemployed man from Soka, Saitama Prefecture, apparently called police shortly before 8 pm, Wednesday.",Sci/Tech,World
"FSB FUD over FOI, you cry Letters The postbag, and your miscellaneous musings",Sci/Tech,Business
Sandia Motor Speedway for Sale on eBay (AP) AP - And the race is off! Only 29 days and some odd hours left to place your bid on eBay to buy the Sandia Motor Speedway.,Sci/Tech,Sports
Red Hat replaces CFO Charles Peters Jr. is taking over as the company deals with the aftereffects of restating its earnings for the past three fiscal years.,Sci/Tech,Business
"Oracle v. Peoplesoft: the joke is on... Opinion I thought it was a joke when Oracle first announced that it was going to try to buy PeopleSoft; or, at best, a spoiling tactic over PeopleSoft #39;s acquisition of JD Edwards.",Business,Sci/Tech
"Adobe updates RAW plug-in with digital negative format Adobe has updated Photoshop #39;s support for digital cameras #39; RAW image formats. The new plug-in adds to the number of camera models supported and includes a utility for converting images into the DNG, digital negative format.",Business,Sci/Tech
"Oil exports flow as strike woes ease A general strike in Nigeria, which has raised fears over oil supply from the world #39;s seventh-largest exporter, will likely end its first phase on Thursday quot;all going well quot;, union leaders said.",World,Business
"Breast scans 'fail' in some women Some women with breast cancer are less likely to have their tumours picked up by scans, say experts.",World,Sci/Tech
"SBC and Yahoo! extend pact to offer Internet service SAN ANTONIO SBC Communications and Yahoo are expanding their high-speed Internet service partnership to link video, wireless phone, Internet and other services.",Business,Sci/Tech
"Lockheed Profit Jumps on IT, Jet Demand \ NEW YORK (Reuters) - No. 1 U.S. defense contractor Lockheed\Martin Corp. reported a 41 percent rise in quarterly\profit on Tuesday, beating Wall Street forecasts, as demand\soared for its combat aircraft and information technology\services.",Sci/Tech,Business
"Locusts Devastate Mauritania Crops, Others Escape (Reuters) Reuters - Crop-devouring locusts have caused major\damage to cereals in Mauritania but other West and Central\African states have suffered much less than feared from the\worst infestation in over a decade, the U.N. said on Thursday.",Sci/Tech,World
Australian Bookies Gutted After Betting Splurge AUSTRALIA - As reported by the Sydney Morning Herald: quot;The biggest betting plunge in recent memory ensured bookmakers at Randwick were #39;stripped out #39; of more than \$3 million by Makybe Diva #39;s Melbourne Cup romp yesterday.,Sports,World
"Glory Comes Amid Empty Seats and Closed Shutters HERE in Old Europe, people install shutters outside their windows to keep out the heat, the pollution, the daylight, the noise. They also lock the shutters tight when they go away on holiday.",Sports,World
"Plant a tree at Easter urges Nobel laureate world to plant trees at Easter as a symbol of renewal and to protect the planet. planted, quot; Maathai told Reuters Television in Oslo, where she received the 2004 Nobel Peace Prize.",World,Sci/Tech
"Is this the end of IT as we know it? Halsey Minor, CEO of hosted integration provider grand central Communications, has a powerful message for IT: In four years, ... basically the whole notion of enterprise application software is going to be dead. He believes application functionality will instead be available as hosted, pay-per-use services delivered by companies such as Salesforce.com. Putting his money where his mouth is, Minor has recently launched a \$50 million venture capital fund with his own money to fuel on-demand startups. For its part, Grand Central will handle data and process integration between enterprises and multiple on-demand services.",Business,Sci/Tech
"SIA: Chip sales to hit record, flatten Worldwide semiconductor sales will hit an all-time high in 2004 but stay relatively flat in 2005 before climbing again over the next two years, according to the Semiconductor Industry Association.",Business,Sci/Tech
"Maddux Wins No. 302, Baker Wins No. 1,000 Greg Maddux pitched the Chicago Cubs into the lead in the NL wild-card race and gave Dusty Baker a win to remember. Maddux threw seven shutout innings for his 302nd career win, Baker got his 1,000th victory as a manager and Chicago beat the Montreal Expos 5-2 on Monday night...",World,Sports
Boxer Begs Bush to Back Bum Bill Members of California's congressional team make one last effort to look good for the tech industry back home.,Business,Sci/Tech
"Carnival crowds likely to top 1m As the Notting Hill Carnival enters its final day, police say they are pleased with how it has gone so far. About 250,000 people took to the streets on Sunday - more than double the first day last year - to celebrate 40 years of the west London event.",World,Sports
"PM edges ahead in latest poll JOHN Howard #39;s plea for voters to trust him with the economy is paying early dividends, an exclusive Herald Sun poll shows. The Coalition has moved ahead of Labor by 52 per cent to 48 per cent as the Prime Minister #39;s interest rates campaign takes hold.",World,Business
"Ohio Sues Best Buy, Alleging Used Sales (AP) AP - Ohio authorities sued Best Buy Co. Inc. on Thursday, alleging the electronics retailer engaged in unfair and deceptive business practices.",Business,Sci/Tech
England's Lawyers Try to Get Photos Thrown Out Lawyers for Pfc. Lynndie R. England sought Wednesday to throw out evidence at the heart of the Abu Ghraib prison scandal -- the now-infamous photos showing her smiling and pointing at naked Iraqi detainees.,World,Sports
New EU Executive Chief Announces Revamped Team The incoming head of the European Union #39;s executive body has announced changes to his group of commissioners and says he is ready to go to the European Parliament to seek its approval of his team.,World,Business
"Munro, Morris Face Off in NLCS Game 2 ST. LOUIS - The Houston Astros put their hopes in a pitcher untested in the postseason when they give Pete Munro the ball to start Game 2 of the NL Championship series on Thursday, one night after dropping the opener to the St...",World,Sports
"Chavez victory confirmed Caracas, Venezuela - The results of an audit support the official vote count showing that President Hugo Chavez won this month #39;s recall referendum in Venezuela, the head of the Organization of American States said Saturday.",Business,World
"Colombia Accuses Cos. of Illegal Imports The Colombian government has filed a lawsuit accusing Pernod Ricard SA, Diageo PLC and Seagram Export Sales Co. of illegally importing spirits via Colombian companies that launder drug money.",World,Business
"Bangladesh boss slams detractors Bangladesh's coach says they still deserve Test status after their 30th defeat, to India.",World,Sports
"Hurricane Ivan Slams U.S. Gulf Coast Hurricane Ivan roared into the Gulf Coast near Mobile, Alabama, early this morning with peak winds exceeding 125 miles an hour (200 kilometers an hour).",Sci/Tech,World
"Microsoft vs Sendo: It #39;s over The legal battle between UK phone manufacturer Sendo and Microsoft has been settled, the companies announced on Monday morning. Sendo had been suing Microsoft for the alleged theft of trade secrets, fraud",Business,Sci/Tech
Feed-Tube Law Is Struck Down in Florida Case The court said that Gov. Jeb Bush violated separation of powers when he signed a law to keep Theresa Schiavo alive.,World,Business
"Dell Exits Low-End China Consumer PC Market HONG KONG (Reuters) - Dell Inc. , the world's largest PC maker, said on Monday it has left the low-end consumer PC market in China and cut its overall growth target for the country this year due to stiff competition in the segment.",Sci/Tech,Business
Sri Lanka off to positive start Kumar Sangakkara's unbeaten fifty revives Sri Lanka's chances against Pakistan.,World,Sports
Woman's death probed Public health officials are investigating why a 38-year-old woman died two weeks after undergoing gastric bypass surgery at Saint Anne's Hospital in Fall River. The hospital has stopped offering the surgery during the state probe and an internal review.,Business,World
"Microsoft Browser Market Share Slips Slightly Microsoft Corp. #39;s (MSFT.O: Quote, Profile, Research) share of the browser market slipped slightly in recent months but still dominated with 92.",Sci/Tech,Business
Judge: MCI may have violated court order on certain fees NEW YORK A federal judge in Manhattan says MCI may have violated a court order by paying more than 25 (m) million dollars in professional services fees as part of its bankruptcy proceedings in excess of caps on such fees.,Business,Sci/Tech
"MicroStrategy Turnover Draws Analyst Scrutiny MicroStrategy Inc. said yesterday that president and chief financial officer Eric F. Brown had resigned and that founder Michael J. Saylor would again hold the company's top three jobs, prompting some analysts to raise concerns about the company's stock.",Sci/Tech,Business
"Conversion Rates Between PPC (Paid) and Organic (Free) Results Conversion Rates Between PPC (Paid) and Organic (Free) Results\\In a thread over at Cre8asite Forums named Organic vs Paid traffic ROI?, there is a discussion going on about the different conversion rates and ROI seen between the pay per click traffic (paid traffic) and organic traffic (free traffic). I have ...",Sci/Tech,Business
"Study: 400K Fewer Tech Jobs Since 2001 The US information tech sector lost 403,300 jobs between March 2001 and this past April, and the market for tech workers remains bleak, according to a new report.",Business,Sci/Tech
Producer sues for Rings profits Hollywood producer Saul Zaentz sues the producers of The Lord of the Rings for \$20m in royalties.,World,Sci/Tech
"R.I.P. Gary Webb -- Unembedded Reporter The finest journalist ever to get fired for telling the truth is dead at age 49. The official cause of death on the death certificate will be suicide. But, as we shall see, he had much help getting to that point. The story of the life and death of Gary Webb says much about the state of American politics and what passes as ""journalism"" in today's America.",Sci/Tech,World
"PeopleSoft gets closer to IBM As the threat of a hostile takeover by Oracle rumbles on, PeopleSoft has announced a \$1bn partnership with IBM. Speaking at PeopleSoft #39;s user conference in San Francisco yesterday, the company #39;s chief executive",Business,Sci/Tech
"US star slams sweet-rustlin', phone beepin' theatre crowd (AFP) AFP - Kevin Spacey, the US screen star who is spending a season working for one of London's top West End theatres, lashed out at members of the audience who rustle sweet wrappers and forget to turn off their mobile phones during performances.",Sci/Tech,World
"Winter on Saturday: Peace initiative in Spain shows Beckham #39;s ... David Beckham prevented a major incident between England #39;s fired-up players and their aggrieved Spanish counterparts in Madrid, according to an England insider yesterday.",Sports,World
"The Russians are back St. Paul, Minn.Outclassed and completely humiliated by the Russians here last night, the reeling and desperate Americans are planning wholesale lineup changes to get back on track in the World Cup.",Sports,World
"MOM 2005 Released to Manufacturing Microsoft on Wednesday announced the release to manufacturing of Microsoft Operations Manager (MOM) 2005 and MOM 2005 Workgroup Edition, a new edition that the company previously called MOM 2005 Express.",Business,Sci/Tech
"Fable; Nascar 2005: Chase For The Cup Fable comes with a big reputation behind it -- it was developed by Peter Molyneux, creator of such involved, engrossing games as Populous and Black and White.",Sci/Tech,Sports
Do-not-call bill could be introduced today The federal government hopes to introduce legislation today to establish a do-not-call registry for consumers who want to stop endless telemarketing pitches.,Business,Sci/Tech
"A Fair Tax Some say a ""fair tax"" that removes the need to file tax returns from the vast majority of the citizenry is a national sales tax. This doesn't seem to be very fair to people trying to feed, house and clothe themselves and seems to subsidize large land holders (Bush's favorite constituency). There is a tax that lives up to the promises broken by Bush's proposal for a national sales tax.",Sci/Tech,Business
Update 1: Passengers Stranded by Canceled Flights Thousands of disgruntled vacationers were stranded at Heathrow Airport Tuesday after British Airways canceled scores of flights because of staff shortages and technical hitches.,World,Business
"Oracle vs. PeopleSoft: Lies and Lying CEOs Who Tell Them PeopleSoft #39;s board knew that CEO Craig Conway had erred in his comments, so it filed a corrected version of the meeting transcript with the Securities and Exchange Commission.",Sci/Tech,Business
"Working Long Hours? Take a Massage Break, Courtesy of Your Boss Companies across the country are offering yoga and meditation classes to help employees relax, reduce stress and recharge.",Sci/Tech,Business
"SUSAN TOMPOR: Stores turn paper into e-checks I picked up my 6-year-old son from school last week, and we drove to Wal-Mart to see the future for paper checks. We grabbed a few of life #39;s staples: some Legos, a pack of 3x5 cards to create",Business,Sci/Tech
I.B.M. Agrees to Settle Part of Giant Pension Case I.B.M. said that it had agreed to pay \$320 million to its employees to settle in part a class-action lawsuit over its pension plan.,Sci/Tech,Business
"Spyware opponents win another battle The Federal Trade Commission won an important victory last week in its fight to protect consumers from spyware, the software that tracks unsuspecting Web surfers, bombards them with advertisements and sometimes even steal login information and passwords.",Business,Sci/Tech
"IBM posts broad Q3 revenue growth NEW YORK - IBM Corp. posted quarterly results on Monday showing 9 percent revenue growth from last year and slight earnings growth, despite a \$320 million charge it took during the quarter to settle some claims in a lawsuit over its pension plan.",Sci/Tech,Business
"Without Batting An Eyelash : A very French welcome for a new ... THAT night, it seemed as if three or four parties were going on at once in Cosmo Manille. Wrong, palanggas. Actually, there were five in Makati alone, and one of them had a stream of traffic",Business,Sports
"America #39;s curse There is an all but unanswerable case for asserting that the biggest story out of the United States this week has nothing to do with the presidential election, has no connection with the flu vaccine shortage and that it does not involve a gay bishop either",Sports,Business
"BBC 'must keep up' BBC boss Mark Thompson says the corporation must keep up with change, after announcing nearly 3,000 job cuts.",World,Business
Brewers buyer expected to step out of the shadows Monday MILWAUKEE - Paul Attanasio says the story of his brother buying a baseball team is like a script straight out of Hollywood. He should know.,Business,Sports
"T-Online returns to Deutsche Telekom mothership German incumbent telco Deutsche Telekom announced over the weekend it is to begin taking its internet division, T-Online, back entirely within the mother corporation.",Business,Sci/Tech
HP Profit Tops Lowered Forecast (Reuters) Reuters - Hewlett-Packard Co. on\Tuesday said quarterly profit topped its own lowered\expectations as the computer and printer maker saw record\revenues in every business and every region.,Business,Sci/Tech
"Oil prices bubble to record high The price of oil has continued its sharp rise overnight, closing at a record high. The main contract in New York, light sweet crude for delivery next month, has closed at a record \$US46.75 a barrel - up 70 cents on yesterday #39;s close.",World,Business
"Bush Signs Into Law Debt Ceiling Increase WASHINGTON (Reuters) - President Bush on Friday signed intolaw a measure authorizing an \$800 billion increase in thecredit limit of the United States, the White House said.",World,Business
"US consumers unaware of spyware The findings come in a report from the newly formed Consumer Spyware Initiative, a joint effort by Dell and the non-profit Internet Education Foundation that aims to increase awareness of spyware.",Business,Sci/Tech
"With work, Dana-Farber learns from '94 mistakes Nurse Teresa Mazeika has known the woman knitting in the blue reclining chair for months. But she asks Carolyn Harlow her name and birthday anyway, as she approaches with chemotherapy for Harlow's blood cancer. Mazeika, a 17-year nursing veteran at Dana-Farber Cancer Institute, isn't taking any chances that she is about to give the drug to the wrong patient.",Business,World
"Movies in a snap: Netflix and TiVo discuss downloads Bee Staff Writer. The high-tech ground is shifting underfoot again, amid rumblings of a new Silicon Valley alliance that would let owners of TiVo Inc.",Business,Sci/Tech
"FCC Mulls Airborne Mobile Phone Use Although there may have been technical limitations at the time the cell phone ban was established, according to IDC #39;s Shiv Bakhshi, it is unclear why the ban has remained in place, given that",Business,Sci/Tech
"Sources: Sprint, Nextel closing in on \$36B deal Sprint Corp. is in advanced talks to buy Nextel Communications Inc. for more than \$36 billion in a mostly stock deal, sources familiar with the situation said today.",Sci/Tech,Business
"Howard Stern Says He Plans to Jump to Satellite Radio After heavy F.C.C. fines, Howard Stern expects to deliver ""my show my way"" in the mostly unregulated medium.",World,Business
"Stern to Join Sirius Satellite Radio NEW YORK - Howard Stern has long had two words for the Federal Communications Commission - and in 15 months, he can finally utter them on the air. The self-proclaimed ""King of All Media,"" perhaps the most influential radio voice of the last 20 years, is shifting his salacious act to satellite radio and freeing himself from the increasingly harsh glare of federal regulators...",World,Business
Ryder Cup: Europe close on victory Another good day at Oakland Hills sees Europe move 11-5 clear of the USA going into Sunday's Ryder Cup singles.,World,Sports
"HP to tempt holiday shoppers with sights and sounds The computer-hardware giant, best known for products such as PCs and printers, on Friday laid out its plan to become a brand-name in consumer electronics products such as flat-screen TVs, music players and the devices that move content between them.",Business,Sci/Tech
"Lehman aims for players with passion AMELIA ISLAND - Tom Lehman had yet to officially take the job as the next US Ryder Cup captain, and already his phone was ringing.",Sports,World
"HGS Picks Watkins as New Chief Executive Human Genome Sciences Inc. plans to announce today that it has hired a 20-year product development veteran from Abbott Laboratories Inc. as chief executive. H. Thomas Watkins, 51, will face the challenge of completing the Rockville company's makeover from gene hunter to drug marketer.",Business,Sci/Tech
PeopleSoft Chief Threatens to Sue Over Oracle Statements PeopleSoft's chief executive accused Oracle of spreading misleading information about his stock sales and threatened to sue for defamation.,Sci/Tech,Business
"A #39;Plan B #39; for PeopleSoft customers com September 20, 2004, 6:13 PM PT. This fourth priority #39;s main focus has been improving or obtaining CRM and ERP software for the past year and a half.",Sci/Tech,Business
"EU to probe Microsoft-Time Warner buy The decision is a setback for the two companies and their plan to acquire ContentGuard, a digital rights management firm.",Sci/Tech,Business
Clash of the unpredictables: WI-Pak tie What would happen when two of the worlds most talented and unpredictable sides rub shoulders and that too in an ICC Champions Trophy semi-final?,Sports,Sci/Tech
"India, Russia must join hands to develop new tech: Putin Mr Vladimir V. Putin, President of the Russian Federation, Mr NR Narayana Murthy, Chief Mentor and Chairman, Infosys, and Mr Nandan Nilekani, CEO and Managing Director, at the Infosys campus in Bangalore on Sunday.",World,Sci/Tech
"On TV -- from the Internet SAN MATEO, Calif. -- The promise of Internet-based video has long been hamstrung by copyright and piracy worries, slow dial-up connections, technical challenges, and consumer disdain for watching blotchy videos on their home computers.",Business,Sci/Tech
"SBC Bundles Up for Long Term (The Motley Fool) The Motley Fool - The lure of bundling services has been hanging over the communications industry for the past six years or so, although many companies have been unable to perfect a winning strategy. Bundling brings together services such as wired (local and long distance) and wireless phone service, Internet access, and satellite or cable television services.",Sci/Tech,Business
US got complaints about security guards The US State Department Wednesday noted quot;aggressive quot; behavior by some DynCorp contractors hired to protect Afghan President Hamid Karzai.,World,Business
"Report: IBM's PC business up for sale IBM Corp. has put its PC business up for sale, according to a story published on Friday on the Web site of The New York Times.",Sci/Tech,Business
"August chip sales up Global semiconductor sales rose 1.1 percent to \$18.2 billion in August from the previous month and it appears as though chip inventories are declining, an industry trade group said Thursday.",Business,Sci/Tech
"Job numbers give candidates room to debate WASHINGTON - Employers stepped up hiring in August, expanding payrolls by 144,000 and lowering the unemployment rate to 5.4 percent.",Business,World
"An Unknown Giant Flexes Its Muscles Although virtually unknown in the U.S., Lenovo - in talks to buy I.B.M.'s personal computer business - is China's largest PC maker and the world's fastest growing one.",Sci/Tech,Business
"Motorists Submitting to High Gas Prices (AP) AP - Americans appear to be getting used to paying more to drive #151; even if it means they have less money to buy other things. For example, Wal-Mart Stores Inc., the world's largest retailer, blamed disappointing sales in August on the fact that shoppers spent more just getting to and from its stores.",Business,World
"Boeing casts eyes on live TV over Connexion service The Boeing Co. is planning to add live television to its Connexion by Boeing service during 2005, a company executive said in a recent interview.",Sci/Tech,Business
How to take the perfect penalty A sports psychologist says how footballers should prepare themselves for the high-pressure penalties.,Sci/Tech,Sports
Erdogan Believes European Council #39;s Decision Will Be A Milestone PARIS - Turkish PM Recep Tayyip Erdogan expressed belief on Thursday that the decision that the European Council would make on December 17th (on whether and when to open negotiations with Turkey) would be a milestone for not only Turkey-(EU) relations,Business,World
"FDA Approves Lens Implant to Sharpen Sight WASHINGTON - There's a new option for people who suffer from extreme nearsightedness, whose world loses its crisp edge just a few inches from their noses. The first implantable lens for nearsightedness was approved Monday by the Food and Drug Administration...",World,Sci/Tech
Finnish Watchdog Raps TV Game Operators (Reuters) Reuters - Finland's consumer watchdog said on\Monday it had reprimanded broadcasters for causing children to\run up huge mobile phone bills with interactive television game\and chat programs.,World,Sci/Tech
"China at G-7 Meeting for First Time China made its debut last night in the club of the world's leading economic powers, asinternational pressure mounts to change a decade-old currency peg that critics accuse of giving Chinese products an unfair competitive edge.",Business,World
"Toshiba claims Hollywood backing in war for next DVD standard (AFP) AFP - Toshiba said four major Hollywood studios had thrown their crucial weight behind High Definition DVD (HD-DVD), one of two disc formats contending to be the standard in next-generation DVDs.",World,Sci/Tech
Google creators in share sell-off Google founders Larry Page and Sergey Brin have announced plans to sell millions of shares in the web search company they launched in 1998.,Business,Sci/Tech
"Walking link to low dementia risk Walking may protect the elderly from developing dementia, research suggests.",World,Sci/Tech
Dubai first to breed at-risk bird A zoo in the Gulf has bred a bird which is threatened by the fast pace of development in the region.,Sci/Tech,World
"Intel to delay product aimed for high-definition TVs SAN FRANCISCO -- In the latest of a series of product delays, Intel Corp. has postponed the launch of a video display chip it had previously planned to introduce by year end, putting off a showdown with Texas Instruments Inc. in the fast-growing market for high-definition television displays.",Business,Sci/Tech
"Local group joins suit to de-list endangered species Bob Briggs wifes family has owned about 1,000 acres of redwood forest off Waddell Creek since 1913. He doesnt clearcut, and logs about once a decade.",Business,Sci/Tech
"US Supreme Court to Decide Grokster Case The US Supreme Court on Friday agreed to consider whether Internet file-trading networks should be held responsible when their users copy music, movies and other protected works without permission.",Sci/Tech,Business
"Mr Downer shoots his mouth off Just what Alexander Downer was thinking when he declared on radio last Friday that quot;they could fire a missile from North Korea to Sydney quot; is unclear. The provocative remark, just days before his arrival yesterday on his second visit to the North Korean ...",World,Sports
JFK killing fades in intensity WASHINGTON: The 41st anniversary of President John F Kennedy #39;s assassination passed on November 22 - a lot more quietly than earlier ones.,Sci/Tech,World
"CA, Partners Move On As Kumar Faces Charges Concern over the fate of former Computer Associates International chairman and CEO Sanjay Kumar accompanied the collective sigh of relief felt by CA partners last week when federal prosecutors settled a two-year-old accounting fraud investigation with the",Business,Sci/Tech
"Options expensing delay not enough,say US senators A group of Republican senators vowed on Thursday to use the closing days of Congress this year to try and stop accounting rulemakers from requiring the expensing of stock options.",Business,World
"Unknown Nesterenko Makes World Headlines (Reuters) Reuters - Belarus' Yuliya Nesterenko won the top\women's athletics gold medal at the Olympics on Saturday,\triumphing over a field stripped of many big names because of\doping woes to win the 100 meters.",World,Sports
Lazarus-like virus hits computers A new computer virus is catching people out by coming back from the dead.,Business,Sci/Tech
"** For the latest news, please refresh this page regularly ** What #39;s up? I see the whole world has their eyes on the Oscar vs. Bernard fight. My thought is Oscar is coming off with an upset.",Sports,Sci/Tech
Swedes Blast Gov't Response to Tsunami (AP) AP - Hours after a tsunami flattened south Asia beaches #151; a magnet for thousands of vacationing Swedes #151; the Swedish foreign minister went to the theater.,World,Sci/Tech
"Travelocity Says Speed Is the Ticket For Growth Sam Gilliand, the chief executive of Travelocity, talks about the online travel industry, the Cendant-Orbitz merger and the woes of the airline industry.",Sci/Tech,Business
"Dow Jones Agrees to Buy MarketWatch in \$519 Million Deal Dow Jones Company, the publisher of The Wall Street Journal, has agreed to buy MarketWatch, the parent company of the financial news Web site CBS MarketWatch, for approximately \$519 million, the companies said today.",World,Business
"German investor confidence slumped in September BERLIN - German investor confidence dropped sharply in September, a key economic indicator released Tuesday showed amid concerns about the impact of high oil prices on consumer demand and the outlook for the global economy.",World,Business
"Ex-Bush Official on Cybersecurity Returns (AP) AP - Howard Schmidt, a highly regarded technology executive who was former special adviser to President Bush for cybersecurity, is returning to work with the Homeland Security Department on efforts to protect the nation's computer networks.",World,Sci/Tech
"Cavs to Go Bowling in Boise The University of Virginia football team has accepted an invitation to the MPC Computers Bowl at 2 pm (EST) on Dec. 27 in Boise, Idaho.",Sports,Sci/Tech
"Avis blames IT for multimillion-dollar loss The car rental company takes a major hit because of problems with IT, including high costs associated with an ERP project.",Sci/Tech,Business
"Ken Caminiti, 1996 NL MVP, Dies at Age 41 NEW YORK - Ken Caminiti, the 1996 National League MVP who later admitted using steroids during his major league career, died Sunday. He was 41...",World,Sports
"Britain plans national ID cards London -- Invoking a global threat of terrorism, the British government announced plans Tuesday to introduce national identity cards for the first time since the World War II era.",World,Sci/Tech
Nepal blockade 'blow to tourism' Nepal tour operators say tourists cancelled millions of dollars of bookings due to the rebel blockade of Kathmandu.,Business,World
OPM Delving Deeper Into Employees #39; Backgrounds which sets hiring and employment standards for the government -- is reviewing its employees to ensure that they are suitable for jobs involving the quot;public trust.,Sci/Tech,Business
"PeopleSoft CEO Conway maintains defiant tone SEPTEMBER 21, 2004 (IDG NEWS SERVICE) - With 15,000 attendees at PeopleSoft Inc. #39;s Connect 2004 user show waiting to hear how the company would handle Oracle Corp.",Business,Sci/Tech
"Residents Protest Nation #39;s First Hydrogen Refueling Station Two dozen protesters greeted Mayor Tony Williams and top executives of Shell, who came to open North America #39;s first hydrogen refueling station.",Business,Sci/Tech
"Nigerian oil flows despite rebel threat-companies Oil should continue to flow from Nigeria, the world #39;s seventh largest exporter, despite a rebel threat to attack foreign oil workers in an quot;all-out war quot; due to start on Friday, multinational energy companies said.",World,Business
"US economic growth slips to 2.8 Annual US economic growth fell to 2.8 in the second quarter of 2004, marking a slowdown from the 3 estimated a month ago.",World,Business
A wandering Congress trips over the US Constitution That is the one-word message of advice that citizens wanted to send to members of Congress at the end of last week. Both the House of Representatives and the Senate looked as if they are having trouble seizing,Business,World
TiVo loss widens SAN FRANCISCO (CBS.MW) - TiVo said its second-quarter loss widened from a year earlier on higher customer acquisition costs. Free!,Sci/Tech,Business
Federal CISOs Rank Patch Management As Biggest Obstacle Survey by Intelligent Decisions indicates that patch management leaves less time for chief information security officers to work on improving overall security.,Business,Sci/Tech
"Black Market in British Treasure Sold on EBay (Reuters) Reuters - Pieces of Britain's past, including a\second-century silver ring and a 500-year-old Tudor trade\weight, are among artifacts being peddled daily on the Internet\to the alarm of experts at the British Museum.",World,Sci/Tech
"\$210M Fine In AOL Probe WASHINGTON (CBS) America Online has agreed to pay a \$210 million fine to settle a Justice Department investigation of securities fraud, a department official tells CBS News.",Business,Sci/Tech
"THE UNFOLDING UNIFORM Pakistan is inherently unstable. Dealing with them is like playing with matches in a forest. - Larry Pressler. That statement from Larry Pressler, made during his recent visit to India, coincided with",World,Sports
"Wiretapping on the Net: Who pays? NEW YORK At first glance, it might seem like the simple extension of a standard tool in the fight against the bad guys. But in fact, wiretapping Internet phones to monitor criminals and terrorists is costly",Sci/Tech,Business
"EU Head Office Trims 2005 Growth Forecast (AP) AP - The European Union's head office issued a bleak economic report Tuesday, warning that the sharp rise in oil prices will ""take its toll"" on economic growth next year while the euro's renewed climb could threaten crucial exports.",World,Business
"Why 2004 was the year of the blog A US dictionary publisher declares ""blog"" as one of the words of the year.",World,Sci/Tech
"Post-Olympic Greece tightens purse, sells family silver to fill budget holes (AFP) AFP - Squeezed by a swelling public deficit and debt following last month's costly Athens Olympics, the Greek government said it would cut defence spending and boost revenue by 1.5 billion euros (1.84 billion dollars) in privatisation receipts.",Business,World
"E.U. Regulators Approve Oracle's PeopleSoft Bid European Union antitrust regulators on Tuesday cleared Oracle Corp.'s hostile \$7.7 billion bid for rival business software maker PeopleSoft Inc., removing one of the last major hurdles to the contested takeover proposal.",Sci/Tech,Business
Greek weightlifter awaits verdict Greek weightlifter Leonidas Sampanis will find out on Sunday if he is to be stripped of his medal.,World,Sports
Software Service Aims to Outfox Caller ID A new computerized service enables customers to create phony outbound phone numbers in order to mask their telephone identities.,Business,Sci/Tech
"34 tech firms sued for alleged LCD patent theft Honeywell has issued lawsuits against 34 companies, including Dell, Apple, Sony and Toshiba alleging LCD panels used in their products infringe a 1992 patent the company holds.",Business,Sci/Tech
"Thanks for the Pageviews, Ivan Bad weather has been very good for business at Weather.com and other popular forecasting sites. They are posting record traffic in the wake of Hurricane Ivan's arrival on the mainland. By Joanna Glasner.",Business,Sci/Tech
Bryant Makes First Appearance at Trial (AP) AP - NBA star Kobe Bryant arrived at his sexual assault trial Monday as attorneys in the case who spent the weekend poring over questionnaires prepared to question potential jurors individually.,Sci/Tech,Sports
"Hasbro's No Conehead Its Saturday Night Live version of ""Trivial Pursuit"" is good strategy for staying ahead of age compression.",Business,Sci/Tech
"MetroPCS obtains Cingular air com November 29, 2004, 8:33 AM PT. Wired amp; Wireless continues its reign as the top IT priority among IT managers due to widespread IP telephony deployment and other network infrastructure upgrades.",Business,Sci/Tech
"ScanSoft to acquire 3 software firms ScanSoft Inc. said it plans three acquisitions. The company will acquire Phonetic Systems Ltd., a provider of automated directory assistance and voice-based programs, for \$35 million in cash, and an additional consideration of up to \$35 million, based on the achievement of performance targets and the potential vesting of a warrant to buy 750,000 common shares. ART Advanced Recognition Technologies ...",Business,Sci/Tech
Md. Board Meeting Worries Democrats Republican-dominated election board met behind closed doors in deliberations that Democrats feared were aimed at ousting Elections Administrator Linda H. Lamone.\-The Washington Post,Sci/Tech,World
Banks seek court ruling over F1 Three banks go to the High Court in London seeking a ruling which could lead to Bernie Ecclestone losing control of Formula One racing.,Business,Sports
AOL Files Lawsuit Against IM #39;Spim #39; America Online Inc. said Thursday it had filed a federal lawsuit accusing numerous unnamed defendants of violating federal and state laws by sending bulk messages known as quot;spim quot; to instant message accounts and Internet chat rooms.,Business,Sci/Tech
"Phoney eBay bidders fined EIGHT eBay sellers were ordered to pay nearly \$US90,000 (\$118,000) in restitution and fines after admitting they had bid on products to inflate the prices.",Business,Sci/Tech
"Senate Resolves Corporate Tax Bill Delay WASHINGTON - The Senate late Sunday resolved a dispute delaying passage of a sweeping corporate tax bill and two spending bills for disaster relief and homeland security, clearing the way for senators to adjourn Monday to hit the campaign trail. The agreement removed parliamentary roadblocks thrown up by Sen...",World,Business
"IBM Claims Its BlueGene Supercomputer Is the Fastest IBM Corp. on Wednesday said it has developed the world #39;s fastest computer - a 16,000-processor version of its BlueGene/L supercomputer.",Business,Sci/Tech
Hurricane Frances Nears NE Caribbean (AP) AP - Hurricane Frances strengthened as it churned near islands of the northeastern Caribbean with ferocious winds expected to graze Puerto Rico on Tuesday before the storm plows on toward the Bahamas and the southeastern United States.,World,Sci/Tech
"Samsung Says It Will Expand Chip Factories The Samsung Electronics Company, the Korean electronics giant, said Monday that it would invest \$23.7 billion in new chip production lines over the next six years.",Business,Sci/Tech
Botswana miners 'face dismissal' Botswana's giant Debswana diamond mining firm says it will sack workers who carry on with an illegal stoppage.,Business,World
Google Stock Slips as New Shares Hit Market Google Inc. stock dropped more than 6 percent Tuesday as tens of millions of new shares held by early investors and employees of the search engine giant became available for sale for the first time..-The Washington Post,Sci/Tech,Business
"Macaulay Culkin Released After Drug Arrest OKLAHOMA CITY - Former child star Macaulay Culkin was arrested on drug charges Friday during a traffic stop, authorities said. The 24-year-old actor, best known for his role in the ""Home Alone"" movies, was taken into custody on complaints of possession of a controlled dangerous substance without a valid prescription and possession of marijuana, according to the Oklahoma County Sheriff's office...",World,Sports
"EA Signs Five-Year Exclusive NFL Deal Electronic Arts announced an exclusive licensing relationships with the National Football League and PLAYERS INC to develop, publish and distribute interactive football games.",Sports,Sci/Tech
Prosecutors Say Ebbers Lied to Obtain Loans Court documents show federal prosecutors have told lawyers for former WorldCom Inc. chief executive Bernard J. Ebbers that they plan to argue he lied about the telecommunications giant's financial condition in order to get personal loans. -The Washington Post,Sci/Tech,Business
Sun settles Kodak patent suit Sun Microsystems says it will pay Kodak \$92 million to settle a high-profile patent suit involving Sun #39;s Java programming technology.,Business,Sci/Tech
"Ellison: Data Hubs Could #39;ve Prevented 9/11 SAN FRANCISCO -- Oracle CEO Larry Ellison is convinced that had the intelligence community used a unified database from Oracle, the terrorist attacks on 9/11 would never have happened.",Business,Sci/Tech
"New \$50 bill designed to counter counterfeits WASHINGTON - The green is still there, but with touches of blue, red and yellow. A stylized image of the Stars and Stripes now waves in the background.",Business,World
"Opel workers abandon wildcat strikes BOCHUM - Workers at the Opel carmaking plant in the city of Bochum voted overwhelmingly Wednesday to end their nearly week-long wildcat strike and were to return almost immediately to work, officials announced.",Business,World
"Gateway Reports Smaller Quarterly Loss Gateway Inc. reported a narrowed net loss in the first quarter as it continues to restructure its operations and integrate its acquisition of eMachines. Still, the personal computer and electronics company posted a tiny operating profit -- its first in nearly three years.",Sci/Tech,Business
"Japan should outsource more The Japanese information services industry clocked up sales of 13,703.9 billion yen in fiscal 2001, according to a report on selected service industries for 2001 released by the Ministry of Economy, Trade and Industry (METI).",World,Sci/Tech
"\$78,000 for a Cane That Helped a Legend Walk the Line Many of Johnny Cash's possessions were sold at Sotheby's, collecting \$3,984,260 for the Cash family, more than double the pre-auction estimate.",World,Business
"China, Argentina sign 5 cooperation documents China and Argentina signed five agreements in Buenos Aires Tuesday that will allow them to expand cooperation in the areas of trade, space, education, tourism and railways.",Business,World
Nigeria gives Shell \$1.5 billion eco-bill The Shell oil company has been handed a \$1.5 billion bill for ecological compensation in the Niger delta by the government of Nigeria.,Business,Sci/Tech
"Jolly Online Shoppers Making Cash Registers Jingle Online holiday shoppers this year are making cash registers jingle and meeting analysts #39; expectations as they spent \$8.8 billion in November, researchers said Monday.",Business,Sci/Tech
"Sales of industrial robots surging: UN report Geneva - Worldwide sales of industrial robots surged to record levels in the first half of 2004 after equipment prices fell while labour costs grew, the United Nations Economic Commission for Europe said in a report to be released today.",Sci/Tech,Business
The Hunt for a Hybrid The Aug. 23 front-page article on the Toyota Prius vs. the Honda Civic implied that the main reason people prefer the Prius was its quot;geek-chic look quot; and the image buyers want.,Business,Sci/Tech
"(B)old new frontiers Northrop Grumman Corp. and Boeing Co. yesterday announced plans to team up to design a vehicle to take astronauts back to the moon and even beyond, but they #39;ve got to make one stop first",Business,Sci/Tech
"Reality TV Show Follows the Unfaithful (Reuters) Reuters - Two Emmy-nominated\reality producers are developing a series about infidelity,\featuring stories of unfaithful spouses who have turned to a\popular online matchmaking service that caters to attached\people seeking extramarital affairs.",Sci/Tech,World
"CA aquires computer security firm Computer Associates International Inc., as promised, is back in the acquisition game, scooping up its second computer security company in as many months with an agreement to buy Netegrity Inc.",Business,Sci/Tech
AOL's Viral Marketing America Online will now provide gratis antivirus protection to its subscribers.,Business,Sci/Tech
"Nortel to file restated results next year Nortel Networks said today that after months of trying to untangle faulty financial results, it won't file its 2003 and first-half 2004 results until early next year.",Sci/Tech,Business
Court ruling has fat cats purring THE future of horseracing in Britain was thrown into confusion this week as a result of a judgment by the European Court of Justice.,Sci/Tech,World
"India desperate for jobs, infrastructure despite economic boom (AFP) AFP - Despite India's economic boom in software and outsourcing services, economists have warned the government needs more reforms to create jobs in manufacturing to cut poverty.",World,Sci/Tech
"Conte goes on TV and names names As the bassist for the pop-funk band Tower of Power, Victor Conte laid down a song #39;s backbone by playing a predetermined series of notes.",Sports,Sci/Tech
"BearingPoint CFO Out; Error Found McLean technology consulting company BearingPoint Inc. said yesterday that its chief financial officer, Robert S. Falcone, would retire on Nov. 30.",Sci/Tech,Business
"Slowing population 'lacks funds' Rich countries are giving only half the amount they promised to help to slow world population growth, the UN says.",Sci/Tech,World
"Consumer Confidence Dips in September NEW YORK - Job worries helped push consumer confidence down in September for the second consecutive month, a New York-based private research group said Tuesday. The Consumer Confidence Index fell 1.9 points to 96.8 from a revised reading of 98.7 in August, according to The Conference Board...",World,Business
PeopleSoft revises third-quarter profit Oracle target adds \$2.6 million to bottom line after tax adjustment related to ex-CEO's severance package.,Sci/Tech,Business
"Henman Sails at the Swiss Indoors By Mark Ledsom BASEL (Reuters) - Britain's world number four Tim Henmanwon his opening match at the Swiss Indoors tennis tournamentwith little difficulty on Wednesday, beating Frenchman AntonyDupuis 6-3, 6-4.",World,Sports
Earthquake 'redraws the map' The devastating earthquake that struck the Indian Ocean probably caused some islands to move by several metres.,Sci/Tech,World
EU foreign ministers hope to break deadlock over ASEM summit The European Union said Friday it quot;hoped to reach a conclusion quot; at a meeting of foreign ministers on the participation of military-ruled Myanmar in an upcoming summit of Asian and European nations.,Business,World
Florida Starts To Recover in the Wake of Hurricane Frances President Bush will travel to Florida Wednesday to survey damage from Hurricane Frances. He sent a letter to Congress asking for \$2 billion to help with recovery efforts.,Sci/Tech,World
"London Times goes strictly tabloid After more than two centuries as a broadsheet newspaper, The Times of London has gone strictly tabloid. On Monday, The Times moved to a totally compact format after almost a year of dual publication.",Sci/Tech,World
"Glazer stake in Man Utd nears 30 US tycoon Malcolm Glazer lifts his stake in Manchester Utd to 28.11, one day after spending 17m on further share buys.",World,Business
Our mobile margins will fall: Telstra TELSTRA chief financial officer John Stanhope has admitted Telstra #39;s margins in its \$4.5 billion a year mobile phone business will shrink this year in the face of increased price competition and the growing cost of acquiring new customers.,Sci/Tech,Business
"Bush Promotes His Plan for Missile Defense System President Bush, in Pennsylvania, said that opponents of a missile defense system were putting the nation's security at risk.",World,Sci/Tech
Amazon Leaves Jungle Business The company has no further expansion plans after buying a Chinese website. Also: Virgin joins quest for a better iPod hellip;. PeopleSoft makes promise that Oracle will live up to hellip;. and more.,Business,Sci/Tech
Level 3 Acquires Sprint #39;s Wholesale Dial-Up Internet Business Level 3 today announced that it has purchased Sprint #39;s wholesale dial-up Internet access business for \$34 million in cash. Sprint is one of the largest providers of wholesale dial-up service to ISPs in North America.,Business,Sci/Tech
"Iraqi oil exports slump: report NEAR daily attacks on pipelines and pumping stations had pushed down Iraq #39;s oil exports to their lowest point in nearly a year, Britain #39;s Financial Times newspaper reported today.",World,Business
"Argentina Basketball Coach Magnano Quits Ruben Magnano, who coached Argentina to the Olympic basketball gold medal in Athens, resigned Thursday to accept a coaching job in Italy.",World,Sports
"Flying taxis - quot;within five years quot; British company Avcen, designers of quot;Jetpod quot; taxi, believe they can offer a flying taxi service within 5 years. The taxi, due to undergo quot;proof of concept quot; test flights over the next 18 months, cruises to 228m with speeds of up to 350 mph (563 kph).",Sci/Tech,Business
"Sports Court Hears Hamm Gold Medal Appeal LAUSANNE, Switzerland - Paul Hamm appeared before the sports world's highest court Monday to argue why he should he keep his Olympic gymnastics gold medal. The Court of Arbitration for Sport convened to hear the appeal from a South Korean gymnast who believes he was unfairly deprived of the gold in the men's all-around event in Athens last month because of a scoring error...",World,Sports
'Cities in crisis' leaders warn World leaders warn that rapid urbanisation will become one of the biggest challenges of the 21st Century.,Sci/Tech,World
"Ciena Posts a Loss, Forecasts Flat Sales By Deborah Cohen CHICAGO (Reuters) - Telecommunications equipment makerCiena Corp. on Thursday reported a wider loss for thefiscal third quarter due to slack demand and forecast sales inthe current quarter would be little changed from the thirdquarter.",Sci/Tech,Business
"Poor? Who #39;s poor? Poverty is down The proportion of people living on less than \$1 a day decreased from 40 to 21 per cent of the global population between 1981 and 2001, says the World Bank #39;s latest annual report.",World,Business
"MedImmune CEO Talks Finance and Science David Mott, a Dartmouth-educated Wall Street investment banker, is increasingly leveraging his reputation in the local and national biotech communities.-The Washington Post",Sci/Tech,Business
"BTG hits Amazon, Netflix and others with patent suit BTG, a London-based firm that focuses on intellectual property and technology commercialization, filed suit against Amazon.com, Barnesandnoble.com and two other Internet companies for infringing on patents related to the tracking of users online.",Sci/Tech,Business
"MCI Creditors Are Target Of SEC Subpoenas 11 members of MCI Inc.'s former creditors committee asked for documents related to confidential communications between the company and its bondholders, according to federal bankruptcy court filings.",Business,Sci/Tech
"Wi-Fi successor is called high-speed hype -- for now SAN FRANCISCO -- At virtually every turn, Intel Corp. executives are heaping praise on an emerging long-range wireless technology known as WiMAX, which can blanket entire cities with high-speed Internet access.",Business,Sci/Tech
"Nikkei Opens Higher (Reuters) Reuters - The Nikkei average rose 1.37 percent at\the opening on Monday as a recovery in U.S. stocks encouraged\investors to seek bargains among lagging issues, including\Canon Inc. and other high-tech issues.",World,Business
Pen can pick some bike U-locks That U-shaped bike lock that you thought was so secure may be easy pickings for thieves who have nothing more sophisticated than a Bic pen.,Business,Sci/Tech
"Sign off, then sign in G. Michael Caggiano Jr. lies awake at night thinking about bank signs. He ponders them during breakfast, while brushing his teeth, and quot;constantly quot; during the day, he says.",Business,Sports
"August Chip Sales Growth Slows on High Inventory SAN FRANCISCO (Reuters) - Global semiconductor sales growth slowed to 1 percent in August as electronics makers reacted to growing inventories in Asia by limiting orders of chips, an industry trade group said on Thursday.",Sci/Tech,Business
"Employment Picture Expected to Improve NEW YORK - A rash of job cuts - more than 10,000 layoffs just this week from a handful of companies - has created some gloom on the jobs front. But Friday's release of jobs data for September was expected to show a steady unemployment rate and creation between about 50,000 to 250,000 new jobs, though uncertainties such as the effects of last month's hurricanes kept the estimates all over the map, said Wachovia Corp...",World,Business
"Dell, AOL team up in schools initiative ROUND ROCK, Texas -- Dell Inc. and America Online Inc. announced a partnership Monday to provide 5,000 low-income students with free refurbished personal computers and a year #39;s worth of Internet access.",Business,Sci/Tech
"Study raises stent doubts Heart patients aren #39;t more likely to live long term after getting the artery-opening tubes called stents, according to a study released yesterday by researchers at Duke University.",Business,Sci/Tech
"Boys 'cured' with gene therapy Gene therapy can cure children born with a condition that knocks out their natural defences against infection, mounting evidence shows.",World,Sci/Tech
"Gates, Ballmer pay holds at about \$900,000 Paychecks stay the same for the top two, but compensation changes for other Microsoft workers as stock grants replace options.",Sci/Tech,Business
"Judge: Geico can sue Google, Overture over ads A federal judge in Virginia has ruled that a trademark infringement suit filed by the Government Employees Insurance Co. (GEICO) against Internet search giants Google Inc. and Overture Services Inc. can proceed.",Business,Sci/Tech
"Saudi Arabia, Qatar, Kuwait still risky investments: study (AFP) AFP - Investing remains risky in Saudi Arabia, Qatar and Kuwait, notably because the presence of US forces in the region makes these countries vulnerable to terrorist attacks, a security consulting firm said.",Business,World
"The Week: No. 1 at Last water running over a rock, wind ripping across a sand dune, the ocean washing up against the shore. Whatever the image, for the last three years Vijay Singh has been the",Sports,Sci/Tech
"Shock Jock Group Boosts Satellite Radio Profile When radio shock jocks Opie and Anthony considered their next career move after two firings in four years, the twisted twosome was ready to feign rehabilitation. Or at least that was the plan when they sat down with satellite radio executives.",Sci/Tech,Business
"Will there be peace in Great Lakes region? To coordinate and cooperate or not to, that is where the rub is, and that is the key issue when it comes to answering the question whether there will be peace in the Great Lakes region.",World,Business
Week's delay for Delta launcher Boeing's new heavy-lift Delta 4 rocket must wait a further week before making its maiden flight.,World,Sci/Tech
UN deadlock defeats cloning ban The United Nations has shelved efforts to draft a treaty banning the cloning of human embryos in a setback for the Bush administration.,World,Sci/Tech
Relaxed pot possession bill returns OTTAWA -- The long push to reform marijuana laws took a big step forward yesterday as the federal government re-introduced legislation decriminalizing possession for personal use.,World,Business
"EPA May Conduct Human Tests for Chemicals (AP) AP - In setting limits on chemicals in food and water, the Environmental Protection Agency may rely on industry tests that expose people to poisons and raise ethical questions.",World,Sci/Tech
"English 'world language' forecast A third of people on the planet will be learning English in the next decade, \says a report.",World,Sci/Tech
"Kids Opt for Kerry in Bellwether Online Poll (Reuters) Reuters - The kids have spoken, and it's Sen.\John Kerry with a convincing victory over President Bush on",World,Sci/Tech
"Intel defeats AMD in court AMD #39;s attempt to persuade the US court to sanction the release of over 60,000 pages of Intel documentation to a European Commission anti-trust enquiry has failed.",Business,Sci/Tech
Indian PM pledges to protect poor from oil-driven inflation NEW DELHI : Indian Prime Minister Manmohan Singh pledged to try to shield the poor by keeping down prices of essential goods amid rising inflation.,Business,World
"Schwarzenegger Vows to Defend Emissions Law Toyota, General Motors and seven other automakers filed suit to block California's new greenhouse gas regulation, which was approved by the state in September.",World,Business
Hynix's 3Q Profit More Than Triples (AP) AP - South Korea's Hynix Semiconductor Inc. said Monday its third-quarter net profit more than tripled from same period last year thanks to steady global prices for memory chips.,World,Sci/Tech
Donors seek clarity on PA finances Donors to the Palestinians are asking whether the change of leadership can let more light into Palestinian finances.,Business,World
"Cendant Near Deal to Buy Orbitz for #36;1.2 Bln-Source (Reuters) Reuters - Travel and real estate company\Cendant Corp. is close to an agreement to buy online\travel site Orbitz Inc. for about #36;1.2 billion in\cash, a source close to the talks said on Tuesday.",Sci/Tech,Business
Nortel lowers expectations Nortel said it expects revenue for the third quarter to fall short of expectations.,Sci/Tech,Business
"Aussies battle EU over cheese, champagne AP - The United States and Australia have prevailed in an interim ruling by World Trade Organisation (WTO) in a dispute over the protection given by the European Union to its regional goods such as Champagne wine and Feta cheese, trade officials said.",Business,World
"Blunkett gets tougher on drugs New police powers to prosecute offenders for possession if they test positive for drugs when they are arrested, even if the only drugs they have are in their bloodstream, are to be announced this week.",World,Sports
"Important Rules for Phone Market Face F.C.C. Vote Next week, the FCC will likely change the rules on unbundled networks largely in ways favorable to the Regional bells.",Business,Sci/Tech
"Va. Biotech Looks to Md. For Inspiration Business and education leaders in Northern Virginia are working hard to lure biotechnology companies. But for a daunting reminder of how far they need to go, all they have to do is look at neighboring Maryland. -The Washington Post",Sci/Tech,Business
"Trust Digital Gets CEO, Cash Influx Trust Digital Inc., a McLean software company, is getting a new chief executive and \$3.1 million in new investments as it tries to expand its business making security software for wireless devices. -The Washington Post",Sci/Tech,Business
"A Founding Father? Give the guy some credit. Tung Chee-hwa, Hong Kong #39;s embattled Chief Executive, gets precious little of it from his people these daysand heaps of",World,Business
Hope Fades for Saving 2 Boys Stuck in Mexico Cave (Reuters) Reuters - Hopes of rescuing two small boys\trapped for five days in a jungle cave faded fast on Friday\after contact was lost with the brothers and as the cavern\flooded in overnight rains.,Sci/Tech,World
Telescope snaps distant 'planet' The first direct image of a planet circling another star may have been obtained by a US-European team of astronomers.,World,Sci/Tech
"Don King Productions Presents: quot;Battle For Supremacy quot; On Saturday November 13th, ten misfits, nomads and upstarts seek to wage war or settle the score at the famed Madison Square Garden in New York, New York.",Sports,Business
"The Shockwaves of Sumatra The Indian Ocean earthquake of December 2004 produced a shockwave that created tsunamis all across the Indian Ocean. The tsunamis hammered nearby Indonesia and struck as far as the coast of East Africa. The death toll has climbed over 100,000 and continues to grow. It also created social shockwaves.",Sci/Tech,World
"Dominicans' Swift Step Into Crisis SANTO DOMINGO, Dominican Republic -- When Sandro Batista smashed his banana truck into a tree in April, leaving him with two hideously shattered legs and a broken arm, his orthopedic surgeon sent his sister shopping.",Business,World
"Matsushita Unveils DVD Recorders, Eyes Higher Share TOKYO (Reuters) - Panasonic brand products maker Matsushita Electric Industrial unveiled five new DVD recorders on Wednesday and said it was aiming to boost its share of the domestic market to over 40 percent from around 35 percent.",Sci/Tech,Business
"Australia: Wallets trump war A majority of Australians oppose the Iraq war, but they turned out to be more concerned about the economy.",World,Business
"Blame player, not game It was like nothing youd ever exercised your thumbs to before. You could do whatever you wanted, whenever you wanted. The game seemed endless.",Sci/Tech,Sports
"Microsoft Opens Software Development Center in India (Update3) Microsoft Corp., the world #39;s largest software maker, will hire several hundred #39; #39; people in the next year at its development center in India, expanding its workforce of 800, Chief Executive Steve Ballmer said.",Business,Sci/Tech
Infineon admits conspiracy in DRAM cartel GIANT MEMORY company Infineon will plead guilty to price fixing of DRAM chips and will pay \$160 million in fines to the US government.,Business,Sci/Tech
Before-the-Bell: GenCorp Falls 5.6 Pct. (Reuters) Reuters - Shares of GenCorp Inc. fell 5.6\percent before the opening bell on Monday after investment fund\Steel Partners withdrew its proposal to acquire the aerospace\and real estate company.,Sci/Tech,Business
"Avaya to Buy Germany's Tenovis (Reuters) Reuters - Avaya Inc. , a\telecommunications equipment supplier, on Tuesday said it would\buy Tenovis GmbH Co. of Germany from private equity firm\Kohlberg Kravis Roberts Co. for #36;370 million to expand its\presence in Europe.",Business,Sci/Tech
"Taiwan #39;s Acer picks a European as president TAIPEI Acer, the Taiwan computer company, named Gianfranco Lanci of Italy as its president on Wednesday, an appointment that signals the company #39;s ambitions to expand its global market share.",Sci/Tech,Business
"Smoking ban would target pubs ritain #39;s government proposed banning smoking in most public places yesterday, setting off debate over what one smoker decried as the brainchild of a busybody quot;nanny state.",World,Business
TV's Passport Stamp of Approval The sixth season of a popular reality television show is ready to rock the world.,Business,World
"AOL, E-Mail Companies Sue Spammers The nation #39;s largest e-mail providers today filed a new round of lawsuits against Internet spammers allegedly responsible for shoveling millions of junk e-mail messages into computer users #39; in-boxes and their instant messaging screens.",Business,Sci/Tech
"Ontario won #39;t help other provinces squeeze Ottawa for more ... Premier Dalton McGuinty sent a shot across the bow of have-not provinces Sunday, warning that Ontario will not support efforts to wring billions more in equalization payments out",Business,Sports
"Hyundai signs deal for China truck plant Hyundai Motor Co. said yesterday that it has signed an agreement with a Chinese company, Jianghuai Automobile Corp., to build a commercial vehicle and engine plant in China #39;s Anhui province.",Sci/Tech,Business
"Oil Company on Trial in Madagascar Over Pollution (Reuters) Reuters - The operator of Madagascar's\privatized oil refinery went on trial on Tuesday, accused of\polluting the environment around the Indian Ocean island's main\international port, officials said.",Sci/Tech,World
Special to ESPN.com It #39;s the age old question: quot;What do you give to the man who #39;s been everything? quot;. Only time will tell whether Phil Knight #39;s retirement will be as long-lived as so many players he paid to endorse Nike.,Business,Sports
"Flu Shot Shortage Highlights U.S. Crisis WASHINGTON (Reuters) - Concerned health officials began investigating on Friday what went wrong at a British vaccine plant where half the U.S. flu shots were made, and called on more companies to get into the vaccine business.",Business,World
"Revolving Door IN Aylwin B. Lewis, president of Yum Brands, as chief executive of Kmart.",World,Business
"Japan's comics retool the art Animation in America once meant Mickey Mouse and Winnie the Pooh. These days, it's just as likely to mean Japanese fighting cyborgs, doe-eyed schoolgirls, and sinister monsters -- thanks in large part to people like John Ledford.",Business,Sci/Tech
"Ahold to Sell Spain Operations to Permira (AP) AP - The Dutch supermarket retailer Ahold, seeking to streamline global operations and reduce debt, said Sunday it will sell its holdings in Spain to Permira Funds for about #36;849 million.",Business,World
Hit TV series 24 goes from small screen to smaller screen (AFP) AFP - The hit US television show quot;24 quot; is going from the small screen to the smaller after 20th Century Fox and Vodaphone struck a groundbreaking deal to distribute the drama on mobile telephones.,Sci/Tech,World
"Russia #39;s Putin Defends Reforms, Worries About Clans Russian President Vladimir Putin said on Thursday he had no plans to grab more power or change the constitution when reforming Russia #39;s government structure.",Business,World
"Philippines mourns dead in Russian school siege The Philippines Saturday expressed quot;deepest sympathy quot; to the families of the dead in the Russian school siege on Friday, in which 322 people were killed when Russian troops stormed",Sci/Tech,World
"Optimism Drives Google Shares to New Highs (Reuters) Reuters - Stock of Google Inc. powered\to new highs on Friday, buoyed by the web search leader's new\products and growth prospects, which complement its recent\strong financial results, analysts said.",Sci/Tech,Business
"UBS pays 265 million dollars for Schwab capital markets business (AFP) AFP - Swiss banking group UBS said that it had paid 265 million dollars (219 million euros) to buy SoundView, the capital markets division of online broker Charles Schwab to strengthen its position on the US Nasdaq market.",Business,World
"Miss Peru takes Miss World crown Twenty-year-old Miss Peru has been crowned Miss World in a southern Chinese resort town, as China looks to become the regular host of an event that would have once been deemed heretical by its Communist leaders.",Sports,World
"French Take Gold, Bronze in Single Kayak ATHENS, Greece - Winning on whitewater runs in the family for Frenchman Benoit Peschier, though an Olympic gold is something new. Peschier paddled his one-man kayak aggressively but penalty free in both his semifinal and final runs on the manmade Olympic ...",Sports,World
"Intel Posts Higher Profit, Sales Computer-chip maker Intel Corp. said yesterday that earnings for its third quarter were \$1.9 billion -- up 15 percent from the same quarter a year ago -- but the company cautioned that computer-processor demand in the United States is likely to remain low.",Sci/Tech,Business
"Intuit Posts Wider Loss After Charge (Reuters) Reuters - Intuit Inc. (INTU.O), maker of\the No. 1 U.S. tax presentation software TurboTax, on Wednesday\posted a wider quarterly loss after taking a goodwill\impairment charge during its seasonally weaker fourth quarter.",Sci/Tech,Business
"Crude Price Spike May Send Gas Higher (AP) AP - Amid soaring crude oil prices, gasoline costs have been dropping. But don't expect that to last, economists say.",World,Business
"Ask Jeeves retools search engine in bid to catch Google, Yahoo SAN FRANCISCO -- Hoping to emerge from the shadow of its more popular rivals, Ask Jeeves Inc. is adding new tools for visitors to save and organize links to Web pages they find through the company's online search engine.",Business,Sci/Tech
Consumers Would Pay In Phone Proposal A proposal backed by a coalition of telephone carriers would cut billions of dollars in fees owed by long-distance companies to regional phone giants but would allow the regional companies to make up some of the difference by raising monthly phone bills for millions of consumers. -The Washington Post,Sci/Tech,Business
"Pharma Groups Work on EPC Issues Sept. 30, 2004Reacting to calls from pharmaceutical retailers, distributors and manufacturers, EPCglobal has added a new action group to specifically study the pharmaceutical industry",Sci/Tech,Business
"Cable and Wireless to cut 600 jobs, shut London headquarters (AFP) AFP - Cable and Wireless, the struggling British telecoms group, said it would cut 600 jobs across Europe, part company with a top executive and shut its London headquarters.",Sci/Tech,World
"Study Ranks St. Louis as Fourth Most Dangerous City A new study ranks St. Louis as the fourth most dangerous city. Camden, New Jersey came in first, followed by Detroit and Atlanta. The rankings are in Morgan Quitno #39;s quot;City Crime Rankings, quot; an annual reference",Business,World
Vodafone targets Japan with 3G offensive Vodafone has unveiled plans for 10 new third-generation handsets for Christmas to help shore up its struggling Japanese unit. Vodafone VOD.,Business,Sci/Tech
Warne takes six but India establish handy lead (Reuters) Reuters - World test wicket record holder Shane Warne grabbed six wickets as India established a handy 141-run first innings lead in the second test on Saturday.,World,Sports
Putin in Brazil for space talks Russian president Vladimir Putin visits Brazil for talks on its space programme and the sale of fighter planes.,World,Sci/Tech
Turkey eyes \$15 billion investment years ANKARA: Turkey is hoping to attract \$15 billion of foreign investment between 2005 and 2007 through reforms designed to overhaul its economy and ease the country #39;s entry into,World,Business
"PeopleSoft down on testimony, forecast Investors react to a disappointing earnings projection and to testimony that dampens hopes of negotiations with Oracle.",Sci/Tech,Business
The Bahamas - the real medal winner of the Athens Olympics A different way of calculating the medal standings brings some interesting results.,Sci/Tech,Sports
"Hot pursuit Times like these make grown men talk to televisions. quot;C'mon, guys, get the darn out, quot; Pedro Martinez shouted at a big screen in the Red Sox clubhouse yesterday as he watched the Blue Jays try to finish off the Yankees with two outs and the potential winning run at the plate in the ninth inning in Toronto.",Sports,Sci/Tech
Human lives mere pawns in game of political expediency IT WOULD have been obtuse to miss the streak of smug satisfaction in the Western response to the seizure by Al-Qaeda #39;s Pakistani allies of two Chinese engineers working on Pakistan #39;s,World,Sci/Tech
"Shoppach doesn't appear ready to hit the next level With the weeks dwindling until Jason Varitek enters free agency, the Red Sox continue to carefully monitor Kelly Shoppach , their catcher of the future, in his climb toward the majors. The Sox like most of what they have seen at Triple A Pawtucket from Shoppach, though it remains highly uncertain whether he can make the adjustments at the plate ...",Sports,Business
Ban for former Ahold executives Dutch retailer Ahold's former chairman and its ex-finance officer are barred from executive posts as part of a US fraud case settlement.,World,Business
"BlueGene sneaks past Earth Simulator The Earth Simulator, an NEC supercomputer, is surpassed, at last. IBM announced yesterday that its Blue Gene/L supercomputer had achieved a sustained performance of 36.",Business,Sci/Tech
"Premier swallows Bird #39;s custard Bird #39;s custard and Angel Delight are back in British hands after a 70m deal announced yesterday. The famous brands have been bought by Premier Foods, owner of Ambrosia custard and Rowntrees jelly, from the US food group Kraft.",Business,Sports
"Report finds handheld device market in continued decline The worldwide market for handheld devices saw its third successive quarter of year-over-year decline in the third quarter of 2004, according to a new report released by IDC.",Business,Sci/Tech
"Bipartisan Panel Seeks Greenhouse Gas Limits A bipartisan commission that includes energy industry executives, environmentalists and academics will issue a report Wednesday that calls on the nation to adopt mandatory limits on greenhouse gas emissions linked to global warming, set stricter fuel economy standards and promote nuclear power, renewable energy and oil exploration.",Business,Sci/Tech
Flower power turns up the volume A Japanese company has come up with a way of turning flowers into loudspeakers.,Sci/Tech,Business
Amazon Snaps Up China's Largest Web Retailer (NewsFactor) NewsFactor - Amazon.com (Nasdaq: AMZN) has said it will buy Joyo.com Limited -- a British Virgin Islands company that operates the largest Internet retail Web site in China -- for US #36;75 million.,Business,Sci/Tech
Flat-screen TV prices are falling for holidays But trend provokes industry unrest; panel makers call for drop in retail markups to move units. By Evan Ramstad and Gary McWilliams.,Sci/Tech,Business
Venezuela Prepares for Chavez Recall Vote Supporters and rivals warn of possible fraud; government says Chavez's defeat could produce turmoil in world oil market.,World,Business
"Australia 362-7 v India, third test - close (Reuters) Reuters - Australia were 362 for seven wickets at the close of play on the first day of their third cricket test against India on Tuesday.",World,Sports
"PM welcomes EU partnership Prime Minister Manmohan Singh arrived in the Hague last night to participate in the India-European summit. quot;In recognition of Indias growing stature and influence, the EU has proposed a strategic partnership with India.",Business,World
"Logjam at the point Doc Rivers does not subscribe to the mad scientist, mix-and-match method when it comes to selecting a backup point guard. He does not want a rotation of Marcus Banks, Jiri Welsch, and Delonte West picking up the minutes Gary Payton leaves behind. He does not want the trio of young, inexperienced guards wondering about playing time in addition ...",Sports,Sci/Tech
"Intel in new chip breakthrough Intel creates a more powerful memory chip without increasing its size, confounding the firm's critics.",Business,Sci/Tech
"Where have all the people gone? While media and political attention is on the threat of outsourcing, the reality is that outsourcing is a sideshow in a much larger event.",Business,Sci/Tech
"Health Highlights: Aug. 28, 2004 A new drug that fights a form of age-related macular degeneration (AMD), a leading cause of blindness in the elderly, won applause if not approval from a panel of advisors to the US Food and Drug Administration.",Business,Sci/Tech
"Spread of GM grass raises fears of crossbreeding Pollen from a genetically modified grass was found 21 kilometres from where it was planted, scientists reported in a study published Tuesday, raising fears of transgenic crossbreeding.",Business,Sci/Tech
"Anticipation nation LINCOLN, Neb. -- Carly Simon got it right a generation ago.AN-TI-CI-PA-TION. She wasn't singing about college football, but out here in the heartland of America, as Husker Nation prepares for a new season, the sense of anticipation is enormous.",Sports,Business
"Regulators Let Cingular Buy AT T Wireless The \$41 billion merger between Cingular Wireless LLC and AT T Wireless Services Inc. won approval from the Federal Communications Commission Friday, according to federal sources close to the agency. \-The Washington Post",Sci/Tech,Business
"Ontario gets harsh with school dropouts HUNTSVILLE, ONT. - The Ontario government plans to introduce legislation that will require students to stay in school until they reach the age of 18, said the province?",Business,World
"Bedding Blip? Go Back to Sleep This is getting old. Every time Hidden Gems selection Select Comfort (Nasdaq: SCSS) gets settled in and ready for a long night #39;s rest full of dreams of two-times-in-three-years capital gains, along",Business,Sci/Tech
"Briefly: Israel, Egypt and US trade pact Egypt, Israel and the United States have reached an agreement that allows Egyptian industry to sell products using Israeli parts duty free in America.",World,Business
"Google targets software giant SEATTLE -- Not too long ago, Google Inc. seemed little more than a pesky insect to Microsoft Corp.'s 800-pound gorilla.",Business,Sci/Tech
"SBC links e-mail, voice messages, fax SBC on Monday announced a new service that integrates voice messages, faxes and e-mails into a single mailbox that can be accessed from anywhere by phone or the Internet.",Business,Sci/Tech
"Anil Ambani authorises mother to take decisions on his behalf MUMBAI/NEW DELHI: The stage is set for a family meeting of the Ambanis here on Monday on the ownership issue in the Rs 80,000 crore-Reliance group of industries as Mukesh Ambani returned from the US even as his brother Anil is understood to have",Business,World
"Dark arts of spin evident in phoney war for Abbey THE phoney war over the fate of Abbey grinds on. Along the way, on all sides, it is producing its predictable crop of knowing winks and destabilising nudges.",Business,Sci/Tech
"World's oldest man dies aged 113 The world's oldest man, who gave up driving at 108 because ""slow drivers annoyed him"", dies at 113.",World,Sports
TSA #39;pat-downs #39; cross the line for some fliers Millions of holiday travelers nationwide are experiencing an all-too-intimate form of security screening that some say amounts to sexual groping - a quot;pat-down quot; by government officials.,Business,Sports
"Russia May Ratify Kyoto Protocol in Oct. -- Minister (Reuters) Reuters - The Russian government expects\parliament to ratify the Kyoto Protocol this month in a move\allowing the long-delayed climate change treaty to come into\force worldwide, a senior minister said Monday.",Sci/Tech,World
"Toughest athlete is female and unknown You probably haven't heard about one of the toughest endurance sports around: the deca-ironman. That's 38 km swimming, immediately followed by an 1800 km bicycle ride and a 420 km run. Currently, the world record stands at about 187 hours, held by a German housewife. Nobody else has ever finished the course below 192 hours.",Sci/Tech,Sports
"Dems, GOP: Who's Got the Brains? Well, both do, actually. But there are some discernible differences in brain activity which may just explain why a Democrat sees the world one way, and a Republican sees it another.",Sci/Tech,Sports
"PC Sales Hot For 2004, But Will Soon Cool Off PC shipments in the second quarter grew faster than any three-month period since 1999, IDC said Monday, citing the continued pent-up demand for replacement systems as the driving force behind the sales surge.",Business,Sci/Tech
"New Siebel Chief Outlines Chapter 2 For CRM Vendor After 10 years of focusing on product development and delivery, CEO Michael Lawrie says Siebel had to recognize that technology is only one part of the CRM equation.",Business,Sci/Tech
Amazon #39;s UK DVD Rentals Might Presage War with Netflix Analysts said Amazon #39;s launch of the DVD rental service in the UK might be to test its approach and streamline the logistically difficult process of handling DVDs through the mail.,Business,Sci/Tech
"Producer Price Surge Fuels Inflation Fears Producer prices surged 1.7 percent in October, their sharpest monthly increase in nearly 15 years.",World,Business
"Microsoft open new software development unit in India (AFP) AFP - Microsoft said it will join with India's second-largest software firm, Infosys Technologies, to provide software and consulting to manufacturing, banking and automobile companies.",World,Sci/Tech
"Trading blows When a can of worms is opened, all manner of slimy things crawl out. So it was when the US government fired the first shots in a fusillade against the European Union - by complaining to the World Trade Organisation",Business,Sci/Tech
Hall of Shame Hall of Fame We spotlight people and products that pester us...and the heroes saving us from annoyances.,Sci/Tech,Business
Halo 2 scores record sales of \$125 million in first 24 hours Halo 2 broke entertainment retail records in its first 24 hours. Microsoft Game Studios said that the video game sold through 2.4 million stores in the US and Canada raking in \$125 million in sales.,Business,Sci/Tech
"DreamWorks Officer Quits DreamWorks SKG, the studio that created the quot;Shrek #39; #39; films, said yesterday that Helene Hahn would step down as chief operating officer.",Business,Sci/Tech
"Another Oracle exec says company might lower offer price for ... WILMINGTON, Del. Another Oracle executive says the company could lower its offering price for rival PeopleSoft. During testimony this morning in Delaware, Oracle co-president Safra Catz said PeopleSoft #39;s declining",Business,Sci/Tech
"Google Shows It #39;s Only Human Shares of Google slipped after the search engine warned, for the second time in a week, that its fourth-quarter revenue growth rate is likely to slow from previous quarters.",Sci/Tech,Business
Transport strike hits Netherlands Public transport grinds to a halt in the Netherlands as workers strike against the government's planned welfare cuts.,Business,World
"Hewlett-Packard buys Synstar Palo Alto-based Hewlett-Packard Co. has bought IT services company Synstar plc, of Bracknell, England for about \$293.3 million. Synstar has some 1,500 customers across Europe, selling IT support for various computer platforms.",Business,Sci/Tech
"Regulators Let Cingular Buy AT amp;T Wireless The \$41 billion merger between Cingular Wireless LLC and AT amp;T Wireless Services Inc. won approval from the Federal Communications Commission yesterday, according to federal sources close to",Sci/Tech,Business
"Amazon to Buy Chinese Retailer Joyo.com Internet retailer Amazon.com Inc. said on Thursday that it will buy Joyo.com Ltd., which runs some of China #39;s biggest retail Web sites, for about \$75 million to gain entry into China #39;s fast-growing market.",Sci/Tech,Business
"Bride of Kazaa Arnold Schwarzenegger married a Kennedy. Michael Jackson married a Presley. And Kazaa married an Internet phone company. Beginning Monday, the latest version of the embattled file sharing companys software",Sci/Tech,World
"Suspect Animal Tested for Mad Cow Disease WASHINGTON (Reuters) - Government scientists are chasing a possible new case of mad cow disease in the United States, with final results on a suspicious slaughtered animal expected in coming days, officials said on Thursday.",Business,Sci/Tech
Stocks Dip on Consumer Income Report News (AP) AP - An unsettling report on consumer incomes set off a spate of profit-taking on Wall Street Monday as investors worried that a tepid economy would erode companies' third-quarter earnings. Another drop in oil prices failed to shake the gloom from the market.,Business,World
"Intel drops prices on computer chips SAN FRANCISCO - Intel Corp. has cut prices on its computer chips by as much as 35 percent, though analysts on Monday said the cuts were probably unrelated to swelling inventories of the world #39;s largest chip maker.",Sci/Tech,Business
"Microsoft signs two Indian deals Microsoft is to form multi-million pound partnerships with two Indian software firms, and is expected to double the 1,500 people it already employs in India.",Sci/Tech,Business
"PeopleSoft Plays Defense The business software maker inks a deal with IBM, but it isn't likely to dissuade Oracle.",Business,Sci/Tech
"Mars water tops science honours The discovery that salty, acidic water once flowed across the surface of Mars has topped a list of the 10 key scientific advances of 2004.",World,Sci/Tech
"A Distraction as a Deadline Approaches As the holidays approach, Christmas spirit is a bargain-hunting essential.",Sci/Tech,Business
"Senate Panel Gives NASA Extra Money (AP) AP - NASA would get #36;16.4 billion next year under a bill a Senate committee approved Tuesday, reversing a decision by House lawmakers to cut the space agency's budget below this year's levels.",World,Sci/Tech
"Cingular to upgrade wireless data network DECEMBER 01, 2004 (REUTERS) - Cingular Wireless LLC, the largest US wireless telephone company, said yesterday that it would upgrade its network next year to handle high-speed data transmissions.",Business,Sci/Tech
Reed on track despite science outlook Reed Elsevier on Thursday reiterated that it remained on track to deliver mid to high single-digit earnings-per-share growth this year despite concerns over its science publishing unit.,Business,Sci/Tech
"Big Dig Tunnel Is Riddled With Leaks In a burgeoning political and engineering scandal, Boston #39;s gleaming new underground Interstate 93 highway is riddled with hundreds of leaks.",Business,Sci/Tech
Deal has S2io champing at the gigabit OTTAWA -- A local firm that says it can help shrink backup times at large data centres is growing its business thanks to an alliance with Sun Microsystems Inc.,Business,Sci/Tech
Ali gives Iraq fighting chance The back of his shirt told the story last night at the Peristeri Olympic Boxing Hall.,Sports,World
Islands press Govt to reverse phone call decision Diplomats from a number of islands in the South Pacific are reported to be pressing the Government to reverse a decision to block all phone calls made to the islands.,Sci/Tech,World
"Florida weather may help Israeli citrus industry As sunshine state licks its wounds from Hurricane Frances, Gan Shmuel could reap the benefits. The most important news for Florida #39;s 2.8 million residents this week has not been from the Republican",Business,World
"Nextel, Sprint Talk Merger Nextel Communications Inc. and Sprint Corp. are negotiating a possible merger, according to a source familiar with the discussions.",Sci/Tech,Business
"Let a Thousand Ideas Flower: China Is a New Hotbed of Research In recent years, hundreds of multinational companies have set up research laboratories in China.",Business,Sci/Tech
SUVs: Live And Let Die NEW YORK - The newly released traffic crash fatality data have something for everyone in the debate about the safety of sport utility vehicles.,Business,Sci/Tech
"Karp team won't buy Fan Pier For the second time in less than two months, a prospective buyer of the prime Fan Pier land in South Boston has pulled out of a deal.",Business,Sci/Tech
"Israel to close Erez industrial zone before March Israel would start liquidating the Erez industrial zone in the northern Gaza Strip before launching the first stage of the disengagement plan in March 2005,local newspaper Ha #39;aretz reported on Tuesday.",Business,World
"Show lights up Paralympics The XII Paralympics begins in Athens, after a spectacular opening ceremony.",World,Sports
"FaceTime, IMlogic Back Live Communications Server 2005 Hard on the heels of Microsoft announcing that it #39;s taken Live Communications Server 2005 gold, instant messaging management software vendors IMlogic and FaceTime on Tuesday both touted their support for the communication product.",Business,Sci/Tech
"Canadian freedoms 'under threat' Personal freedoms in Canada are being eroded by the ""war on terror"", the country's privacy commissioner warns.",World,Sci/Tech
"Vodafone begins 3G service Vodafone launches its third-generation services for mobile phones, offering video calls, music downloads and games.",Business,Sci/Tech
"Aids warning over bushmeat trade Meat from African wild animals being sold illegally in the UK is spreading a virus similar to HIV, a leading scientist warns.",Sci/Tech,World
"Promoting a Shared Vision As Michael Kaleko kept running into people who were getting older and having more vision problems, he realized he could do something about it.",Sci/Tech,Sports
"Stability Control Systems Can Save Lives (AP) AP - Stability control systems could save up to 7,000 lives each year if they were standard equipment on all vehicles, according to a study by the insurance industry.",World,Sci/Tech
"Serial HIV Assault Verdict Expected Mon. (AP) AP - A verdict will be announced Monday in the trial of a man charged with intentionally exposing 17 women to HIV, a county judge said.",Sci/Tech,World
"PeopleSofts big bash See you next year in Las Vegas , proclaimed a marquee at the PeopleSoft user conference in San Francisco in late September. It was one of many not-so-subtle attempts by the company to reassure its customers",Business,Sci/Tech
Web-based kidney match raises ethics questions A Colorado man who placed a quot;transplant wanted quot; ad on a Massachusetts-based Internet site is expected today to receive a kidney donated by a total stranger who simply wanted to do quot;something big. quot; The transaction marks the first time an organ transplant has been brokered by a commercial web company.,Business,Sci/Tech
"City Series-ly wounded With the Yanks out of the World Series, the city #39;s economy loses out on at least \$40 million, according to studies by the controller #39;s office and other city agencies.",Sports,Business
"EasyGroup close to launching low-cost mobile phone service (AFP) AFP - EasyGroup, the holding company of no-frills British airline easyJet, is close to striking a deal to launch a low-cost mobile telephone service in Britain, the Financial Times reported.",World,Sci/Tech
"Gates and Ballmer get pay raises Bill Gates and Steve Ballmer each received total compensation of \$901,667 in Microsoft Corp.'s 2004 fiscal year, up 4.4 percent from \$863,447 one year ago.",Sci/Tech,Business
"Times to Scrap Broadsheet Edition The Times is to scrap its broadsheet edition and go tabloid from Monday, it was confirmed today. The decision was made after a trial run of the compact edition proved a success, said editor Robert Thomson.",Sports,Business
"Florida, Alabama pick up the pieces after Ivan People in Florida and Alabama have started to clean up after hurricane Ivan - the third such pummelling for Florida alone in just five weeks.",Business,World
Retailers Looking to Move Plasma TV's (AP) AP - Hanging stockings by the chimney with care? Retailers hope that St. Nicholas soon will be there #151; to hang a 42-inch plasma-screen TV.,Business,Sci/Tech
"Nigerian Senate approves \$1.5 bln claim on Shell LAGOS - Nigeria #39;s Senate has passed a resolution asking Shell #39;s Nigerian unit to pay \$1.5 billion in compensation to oilfield communities for pollution, a Senate spokesman said.",Business,World
Infineon to Pay a Fine in the Fixing Of Chip Prices Federal prosecutors announced on Wednesday that they had cracked a global cartel that had illegally fixed prices of memory chips in personal computers and servers for,Business,Sci/Tech
"EU increases pressure for rights in Myanmar EU foreign ministers agreed Monday to tighten sanctions against Myanmar if it does not improve its human rights record by Oct. 8, when an EU meeting with Asian countries starts in Vietnam.",Business,World
"Microsoft Readies Next Business IM Server A little over a year after introducing the first version of Office Live Communications Server, Microsoft says it plans to release the next version of its enterprise instant messaging software, in December.",Business,Sci/Tech
"DreamWorks Moves Shrek 3 to 2007 DreamWorks announced today that it has decided to move its release of Shrek 3 from November 2006 to May, 2007. quot;We believe there are more than a half a dozen strong release windows available annually for our",Business,Sci/Tech
"Bourses set for losses after Wall St falls (FT.com) FT.com - European equity markets were poised for opening losses on Thursday following a weak session on Wall Street overnight, while caution was likely ahead of results from Nokia, the leading mobile handset maker.",Sci/Tech,Business
"Another homicide in Holland It is a sad day. In what seems to be another politically inspired homicide in Holland, Dutch filmmaker, and controversial columnist Theo van Gogh was brutally murdered in the streets of Amsterdam this morning.",Sci/Tech,World
"Red Sox, Schilling roll on BOSTON - The Boston Red Sox put themselves in great position for a run at the AL East-leading New York Yankees with a great homestand.",Sports,World
"Oracle chairman says can close gap with SAP - report Oracle Corp can close the gap with SAP, the world #39;s biggest software company, after buying US rival PeopleSoft, Oracle #39;s Chairman Jeff Henley said in an interview published on Wednesday.",Business,Sci/Tech
"It may be end of line for narrow track Hurricane forecasters debate the usefulness of the quot;skinny line quot; in tracking maps, and look at more accurate alternatives.",Business,Sci/Tech
"Ex-WorldCom CEO Wants Witness Immunity (Reuters) Reuters - Lawyers for former WorldCom Chief\Executive Bernard Ebbers are seeking immunity for two witnesses\who they believe could clear their client of fraud charges\related to the company's #36;11 billion accounting scandal,\according to court papers filed on Wednesday.",Business,Sci/Tech
"In Indonesia, Businesses Hopeful After Election After suffering through two shambling administrations, Indonesia appears to have a new president who many of its business leaders say they believe will uproot corruption and revive investment.",World,Business
"The Newest Hope ; Marriage of Necessity Just Might Work Out NEW YORK - The TV lights were on, the cameras rolled and the symphony of cameras flashing in his face blinded Pedro Martinez - but not for long.",Sports,World
"Microsoft settles antitrust cases with Novell, CCIA Microsoft Corp on Monday announced antitrust settlements with Novell Inc. and the Computer and Communications Industry Association (CCIA), ending years of legal wrangling.",Sci/Tech,Business
"China's inflation rate slows sharply but problems remain (AFP) AFP - China's inflation rate eased sharply in October as government efforts to cool the economy began to really bite, with food prices, one of the main culprits, showing some signs of slowing, official data showed.",World,Business
"Cingular to Reduce Work Force by Roughly 10 Percent, CEO Says Cingular Wireless LLC, the nation's largest cell phone company, will cut about 10 percent of its 68,000 jobs over the next 12 to 18 months as it combines operations with the recently acquired AT T Wireless, Cingular's chief executive said Tuesday.",Sci/Tech,Business
"Cisco Systems 1st-Quarter Earnings Rise (Reuters) Reuters - Cisco Systems Inc., the biggest maker\of equipment that directs data over the Internet, on Tuesday\said quarterly earnings rose 29 percent on rising demand for\its networking gear.",Business,Sci/Tech
"Netflix, TiVo sign VoD alliance Netflix, the online DVD rental company, and TiVo yesterday said they will work together to deliver movies digitally down the wires, presumably specifically to the latter #39;s PVR equipment.",Business,Sci/Tech
"Lego, Carrefour in French Price-Fix Probe (AP) AP - French competition authorities are investigating Danish toy maker Lego Systems AS and supermarket retailer Carrefour SA as part of a probe into alleged price fixing in the French toy market in 2002 and early 2003.",Business,Sci/Tech
Stanley set sights on Elland Road for casino Stanley Leisure plc has announced a Stanley Casinos Limited plan to develop a casino complex on land adjacent to Leeds United #39;s Elland Road stadium.,Business,Sports
"Intel planning Centrino-like brand for desktops Intel is preparing a marketing strategy that will brand desktop PCs with a similar label that made its Centrino notebook technology a household name, according to sources familiar with the company's plans.",Business,Sci/Tech
No ticket matched all four numbers and the MegaBall in Friday #39;s ... No ticket matched all four numbers and the MegaBall in Friday #39;s Mega Money drawing of the Florida Lottery. The numbers drawn were 10-18-19-22; the Megaball was 6. Twelve tickets matched four of the numbers,Business,Sports
"Official: MLB to Move Expos to Washington WASHINGTON - Major League Baseball will announce Wednesday that Washington will be the new home of the Montreal Expos, bringing the national pastime back to the nation's capital for the first time in 33 years, The Associated Press has learned. A city official, speaking on condition of anonymity, said Washington has been notified by Major League Baseball of the impending announcement...",World,Sports
"Google puts desktop search privacy up front Google has announced a new desktop search application that enables users to search their e-mail, files, web history, and chats. Perhaps learning from previous mistakes, Google says it has designed the product quot;from the ground up to respect user privacy.",Business,Sci/Tech
"Strikes at London airports London - A 48-hour strike by aircraft refuellers at London Heathrow airport got under way on Friday, with baggage handlers at Gatwick airport also preparing to walk out, threatening a weekend of travel disruptions.",Business,World
"Study: Few Americans Buy Drugs Online NEW YORK - Only 4 percent of Americans have ever used the Internet to buy prescription drugs - and even fewer do so through foreign pharmacies - despite Web sites maintained by a handful of states to help citizens import medicines more cheaply from Canada, a new study finds. A majority - 62 percent - believe drugs bought online are less safe than those purchased from a local pharmacy, accepting the federal government's stated concerns in opposing drug imports, the Pew Internet and American Life Project said in a report Sunday...",World,Sci/Tech
Airport Staff Walk-Out Fails to Disrupt Flights A strike by hundreds of baggage handlers and maintenance workers at Gatwick Airport failed to disrupt flights today. The workers mounted picket lines outside,Business,World
"Fujitsu Siemens profit grows 60 percent Fujitsu Siemens Computers (Holding) BV, Europe #39;s largest remaining computer manufacturer, posted a 60 percent leap in profit for the first half of its fiscal year on higher sales of laptops and servers to business customers, the company said Wednesday.",Sci/Tech,Business
"Unisys to lay off 1,400 workers Unisys Corp. plans to cut 1,400 jobs, primarily in general and administrative areas, and consolidate its office space worldwide, it announced Wednesday. The cuts represent 3.8 percent of the company's staff of 37,000.",Sci/Tech,Business
Rumors Suggest Photo Ability To Be Added to iPod quot;Apple has invested heavily in technology to edit pictures. Not having a portable device to show them seemed an obvious oversight that would be corrected once the price of the displays,Business,Sci/Tech
"DreamWorks Animation IPO Set at 29M Shares Underwriters for DreamWorks Animation SKG Inc., producer of the blockbuster ""Shrek"" movies, Tuesday set the terms of the company's pending initial public offering at 29 million common shares, with an estimated price range of \$23 to \$25 a share.",Sci/Tech,Business
"Microsoft takes lead in handheld market Microsoft Corp., worlds largest software maker, increased its market shares of Windows CE, operating system for handheld devices, in the third quarter of this year, stated a research study conducted by Gartner, Inc.",Sci/Tech,Business
"Gas prices up 5 cents after Hurricane Ivan CAMARILLO, Calif. - Gas prices jumped more than 5 cents a gallon in the past two weeks, largely because of supply problems related to Hurricane Ivan, an industry analyst said.",Sci/Tech,World
"Men, Women More Different Than Thought CHICAGO - Beyond the tired cliches and sperm-and-egg basics taught in grade school science class, researchers are discovering that men and women are even more different than anyone realized. It turns out that major illnesses like heart disease and lung cancer are influenced by gender and that perhaps treatments for women ought to be slightly different from the approach used for men...",World,Sci/Tech
"Bryant Prosecutors Say Some Data Tainted DENVER - Crucial DNA evidence tested by defense experts in the Kobe Bryant sexual assault case might have been contaminated, prosecutors said in a court filing released Wednesday, just two days before jury selection is to begin. Prosecutors said they had found contamination in DNA ""control"" samples intended to ensure testing was accurate...",World,Sports
"India, Russia must work together on new tech: Putin BANGALORE, DEC 5: Russian President Vladimir Putin has called upon India and Russia to work together on innovative technologies with younger generation taking the lead.",World,Sci/Tech
"Pricey Drug Trials Turn Up Few New Blockbusters The \$500 billion drug industry is stumbling badly in its core business of finding new medicines, while aggressively marketing existing drugs.",World,Business
"Douglas, Fraser, and blue await you Jim McLeod has a great day job, but a seasonal sideline is his #39; #39;tree #39; #39; calling. Throughout the year, he #39;s president and owner of a software company called InfoCode Corp.",Business,Sports
Holiday-Shopping Season Remains Sluggish (Reuters) Reuters - U.S. shoppers have kept a tight grip\on their wallets this holiday season with indices on Tuesday\showing sluggish sales in the second week of the season.,Business,Sci/Tech
"Nintendo to Unveil Handheld Upgrade Facing its biggest threat ever from the arrival of Sony Corp. in the portable video-game machine market, Japanese game-maker Nintendo Co.",Business,Sci/Tech
Germans plan mass welfare rallies Nationwide protests are set to take place in Germany as cuts in unemployment benefit take effect.,Business,World
"Toys Will Be Toys Trust me, you don #39;t want to see desperate parents shopping over the holidays. I was at Circuit City (NYSE: CC) last week and saw a mother pleading with a sales clerk for a Nintendo DS portable video game system.",Sci/Tech,Business
"Storms Seem to Cure Floridians of Hurricane Amnesia The state #39;s East Coast hadn #39;t been hit by a hurricane since 1999. That, and the fact that Florida hasn #39;t had its historic share of such storms in recent decades, has led to some complacency about their effects.",Business,Sci/Tech
webcrawler: A9.com is cool NOW heres something else thats off the mind. Theres no more need to make mental or computer notes while searching the Internet.,Business,Sci/Tech
"Virgin dips its toe into the Pacific SIR Richard Branson did not disappoint with his stunts yesterday, flying into Sydney to promote his international airline Virgin Atlantic.",Business,World
"Feds kick off digital TV consumer campaign WASHINGTON - It #39;s one of the biggest technical changes in television since color TV: the digital transition. And because many Americans remain in the dark about it, federal regulators began an education campaign Monday to enlighten them.",Business,Sci/Tech
"SICK KIDS VS. DISNEY IN #39;PETER PAN #39; DUSTUP It #39;s a story that would make Peter Pan glad that he never grew up. Walt Disney Co. is caught in a feud with a UK children #39;s hospital over the copyright to JM Barrie #39;s classic novel, quot;Peter Pan.",Business,Sci/Tech
"Kenyan Laureate Urges Rich Nations to Ratify Kyoto (Reuters) Reuters - Kenya's Nobel Peace Prize winner,\Wangari Maathai, on Monday urged wealthy nations to ratify the\Kyoto protocol on climate change to ease the burden of\pollution on poor countries.",Sci/Tech,World
"Nobel Economics Prize Awarded Norwegian-born Finn Kydland and Edward Prescott of the United States won the 2004 Nobel\economics prize, the Royal Swedish Academy of Sciences said on Monday.",Business,World
Safety Group Closely Echoes Rail Industry Documents show that the nation's most influential rail-safety group is tightly bound to the railroad industry.,World,Business
"Greenspan: Debt, home prices not dangerous The record level of debt carried by American households and soaring home prices do not appear to represent serious threats to the US economy, Federal Reserve Chairman Alan Greenspan said Tuesday.",Sci/Tech,Business
MUTV: We #39;re giving balanced picture MUTV bosses have hit back strongly at allegations of bias levelled against them by a group of Manchester United supporters. United #39;s official television station was targeted by fans who disrupted live coverage of the reserve-team match at Altrincham.,Sports,Sci/Tech
"Oil Surges to New Intraday High in Europe (AP) AP - The price of crude oil surged to a new intraday high of US #36;53.42 in European trade Monday, despite assurances from Middle East oil producers that they were committed to bringing the price down as a strike began in Africa's largest exporter.",World,Business
Drug makers target counterfeits Big pharmaceutical companies are testing new tracking technology they hope will help them spot counterfeit drugs before they reach consumers' medicine cabinets.,Business,Sci/Tech
"When Wireless Networks Merge Now that its \$41 billion takeover of AT T Wireless has been completed, Cingular will spend hundreds of millions of dollars in coming weeks on its advertising campaign.",Sci/Tech,Business
"USC, Miami Top BCS Standings, Not Okla. Southern California took the top spot Monday in the season's first Bowl Championship Series standings, and surprisingly Miami is ahead of Oklahoma in a close race for the second spot. Oklahoma is No...",World,Sports
"SKorea's Samsung to invest 24 billion dollars in new chip lines (AFP) AFP - South Korea's Samsung Electronics Co., the world's largest memory chipmaker, said it would invest some 24 billion dollars in building new chip production lines over the next six years.",World,Sci/Tech
"Supreme Court Hears Wine Sales Case Winemakers who want to ship directly to consumers across state lines got a sympathetic hearing at the Supreme Court today, as the justices heard oral arguments in a case that could have a dramatic effect on Internet commerce and states' power to regulate the alcohol trade.",Sci/Tech,Business
"The Kid Stays in His Home, Dressed in PJ's, With a Live Mike Robert Evans, the fabled Hollywood producer and man about town, will be enjoying his latest gig, as a satellite radio talk-show host, from the comfort of his home.",Sci/Tech,World
"It's Inauguration Time Again, and Access Still Has Its Price President Bush's inaugural committee, seeking to raise more than \$40 million, a record, sent out hundreds of solicitations.",World,Sci/Tech
Cellphone Industry Hits Snag as It Woos Untapped Market The mobile phone industry is turning its attention to the last untapped demographic - people over 65.,World,Sci/Tech
We have to learn to be patient on Indian pitches: Smith (AFP) AFP - South African skipper Graeme Smith said his team had to learn to be patient on slow pitches if they hoped to do well in an upcoming two-Test series against India.,World,Sports
VoIP becomes new option Jackson is one of the first to take advantage of Time Warner Cable #39;s new venture into Voice over Internet Provider (VoIP) telephone service here and she says it works great.,Business,Sci/Tech
"Compete against your friends, SI experts and celebrities in this ... OWINGS MILLS, Maryland (Ticker) -- quot;Prime Time quot; has decided this is the right time to return to the NFL. Deion Sanders, regarded as perhaps the most electrifying cornerback in league history, arrived here",Sports,Business
"Cingular, AT amp;T deal gets an OK from Justice (USATODAY.com) USATODAY.com - Justice Department antitrust regulators cleared the way Monday for Cingular Wireless' #36;41 billion acquisition of AT amp;T Wireless Services (AWE), a crucial step toward creating the nation's largest wireless telephone company.",Sci/Tech,Business
"Embattled Mortgage Giant Agrees to Meet New Standards Fannie Mae agreed to keep more cash on hand while it corrects accounting problems, a U.S. regulator said.",World,Business
"Gold Indian Coin Expected to Fetch #36;27,000 (Reuters) Reuters - An Indian gold coin which is nearly\1,900 years old and shows one of the earliest depictions of\Buddha is to be sold at auction where it is expected to fetch\up to 15,000 pounds ( #36;27,000).",Sci/Tech,Business
"Belarus Bank Denies Money Laundering Charge A bank in Belarus has denied US charges that it laundered money for former Iraqi leader Saddam Hussein. Infobank, in a statement, said it has strictly followed international agreements related to the fight against illegal transactions.",Business,World
Airbus drops out of Microsoft appeal Aircraft builder withdraws its request to intervene in Microsoft's antitrust appeal; Boeing also forgoes intervention.,Sci/Tech,Business
"Delta #39;s Aborted Crash Landing If you #39;ve ever been in an airplane that has to abort a landing, you know that it is a completely hair-raising, disorienting experience.",Business,Sci/Tech
"EU Accuses Microsoft of Paternal View Microsoft Corp. said Friday that small companies and their customers would suffer most if it is forced to remove its digital media software from Windows, while the European Union accused it of being ""paternalistic"" in trying to decide what's best for everyone.",Sci/Tech,Business
