text,Actual Class,Predicted Class
"Paris Tourists Search for Key to 'Da Vinci Code' (Reuters) Reuters - A funny thing happened on the way to the\Mona Lisa. Visitors to the Louvre museum in Paris, home of the\world's most famous painting, started quizzing tour guides\about Dan Brown's best-selling novel ""The Da Vinci Code.""",World,Sci/Tech
"Net firms: Don't tax VoIP The Spanish-American War is over and a ""temporary"" tax created to pay for it should not be extended to Internet phone calls, industry groups tell the IRS",Sci/Tech,Business
"Forgoing stiff upper lip, Charles jousts with critics LONDON: In an unusual departure from the tradition of regal silence and the stiff upper lip, Prince Charles fought back Monday against accusations by a government minister who called his views on education quot;old fashioned quot; and quot;out of time.",World,Sports
"Profit Plunges at International Game Tech International Game Technology, the world #39;s biggest maker of slot machines, Tuesday said said profit for its latest quarter fell 50 percent from a year ago due to a charge for early redemption of debt and a tax adjustment.",Business,Sci/Tech
Chavez rejects CD as opposition Venezuela #39;s President Hugo Chavez has announced that he will no longer recognize the Democratic Coordination or CD as the opposition coalition.,Business,World
"Clouds darken PeopleSoft conference SAN FRANCISCO -- PeopleSoft Inc. is trying to create a party-like atmosphere at its annual customer conference, but this week's gathering may feel more like a wake with rival Oracle Corp.'s \$7.7 billion takeover bid looming larger than ever.",Business,Sci/Tech
"Computer Associates exec pleads not guilty Sanjay Kumar, the former chief executive of Computer Associates of Islandia, NY, pleaded innocent Thursday to charges he helped inflate financial results.",Business,Sci/Tech
"Selling Houston Warts and All, Especially Warts Descriptions of urban afflictions and images of giant mosquitoes and cockroaches to convey a sense of how Houston is nevertheless beloved by many residents.",Business,Sci/Tech
"US Says No Plans to Sign New Climate Change Pacts (Reuters) Reuters - The United States, considered an\environmental laggard by its critics, is unlikely to sign any\new pacts on climate change at a key environmental meeting this\month, a senior U.S. official said on Thursday.",Sci/Tech,Business
"Google #39;s New PC Search Tool Poses Risks NEW YORK Oct. 18, 2004 - People who use public or workplace computers for e-mail, instant messaging and Web searching have a new privacy risk to worry about: Google #39;s free new tool that indexes a PC #39;s contents for quickly locating data.",Business,Sci/Tech
"At Last, Success on the Road for Lions The Detroit Lions went three full seasons without winning an away game, setting an NFL record for road futility. They ended that ignominious streak Sunday in their first opportunity of the season, beating the Chicago Bears 20-16 at Soldier Field...",World,Sports
"Thailand Shows No Easy War Against Wildlife Crime (Reuters) Reuters - With an AK-47 assault rifle slung over\his shoulder, Sompong Prajobjan roamed one of Thailand's lush\national parks for more than a decade.",Sci/Tech,World
"DaimlerChrysler, GM to team up on hybrid engines General Motors and DaimlerChrysler say they #39;re teaming up to develop hybrid technology for use in their vehicles. The two giant automakers say they have signed a memorandum of understanding.",Business,Sci/Tech
"Google Shares, Once Devalued, Just May Be Winners After All Wall Street, which forced Google, the Internet search engine, to sharply lower the price of its shares in its initial public offering in August, has decided that the company is worth a lot more today than it was then.",Business,Sci/Tech
"German teenager indicted over Sasser worm Prosecutors in Verden, Germany, indicted an 18-year-old student on Wednesday for allegedly creating the Sasser worm that crashed hundreds of thousands of computers worldwide after spreading at lighting speed over the Internet.",Sci/Tech,World
"Icahn Takes The High River NEW YORK - Why has Carl Icahn set his sights on the relatively insignificant Mylan Laboratories, a generic drug company with just \$1.5 billion in sales and a \$4.3 billion market cap?",Business,Sci/Tech
Boston archbishop reveals anguish of closings BOSTON Boston #39;s Archbishop is telling catholics that the church #39;s financial footing is quot;much worse than people realize.,Sports,Business
"PC Screen Price-Fall to Slow in Fourth Quarter (Reuters) Reuters - Prices of computer screens are expected\to fall by less than 5 percent in the fourth quarter as the\market stabilizes on hopes of a pick-up in demand during the\Christmas season, a U.S.-based research firm said on Tuesday.",Sci/Tech,Business
"Opportunity Rings (Forbes.com) Forbes.com - This past summer 25,000 consumers, aged 18 to 24, received short text messages on their cell phones alerting them to numbers on 225 million bottle caps of Snapple iced tea, pink lemonade and the like. People holding a winning number, announced by text message and traditional media, landed overseas trips and walk-on parts on TV shows.",Sci/Tech,Business
US edge out Brazil for gold The United States beat Brazil 2-1 in extra time to win the women's Olympic football tournament.,World,Sports
Microsoft Storms India Microsoft is making big news in India this week by expanding its Hyderabad campus and signing two lucrative deals in Asias fourth largest economy.,Business,Sci/Tech
"Bookies take bets on new Band Aid Bookies take bets on a new Band Aid single being Christmas No 1, expected to be confirmed by Midge Ure.",World,Sci/Tech
"Lawyers In the Limelight By all appearances, Steven Woghin was a lawyer at the top of his game. After years in government service, the former Justice Department attorney had worked his way up to a comfortable six-figure salary and the chief legal job at software maker Computer Associates International Inc.",Business,Sports
Panel Urges N.Y. to Pay \$14 Billion More for City Schools Court-appointed referees recommended the state pay an additional \$14 billion over four years to improve New York City schools.,World,Business
APEC Ministers Urge New Effort on Trade Talks Pacific Rim trading nations said on Wednesday they should pool their influence to energize talks to free up world trade. As trade and foreign ministers from the 21-member Asia-Pacific,World,Business
Cricket: Dubai global academy The International Cricket Council are to open a global cricket academy designed to improve standards of lesser nations.,World,Sports
"GAME UNDER FIRE Attacking police officers, racial slurs, bloody beatings of innocent bystanders ... is it really just a game? In four and a half minutes, 14-year-old Ryan Mason ran over a police officer, stole his gun and shot and killed three innocent bystanders.",Sci/Tech,World
Oil Companies In Nigeria Say They Won #39;t Give In To Threats Major oil companies operating in Nigeria #39;s oil-rich southern region say they will not give in to threats of attacks on their facilities and employees by militias.,World,Business
Live: Olympics day four Richard Faulds and Stephen Parry are going for gold for Great Britain on day four in Athens.,World,Sports
"Study: Wrecks Jump 3 Days After Terrorism Fatal traffic accidents increase sharply in Israel on the third day after a terrorist attack, and researchers are searching for an explanation why.",Sci/Tech,World
Microsoft to hire hundreds in India Microsoft on Tuesday announced its decision to localise Windows and Office software in 14 Indian languages over the next 12 months and that the company would hire #39;hundreds #39; in India this year.,Business,Sci/Tech
Plutonium: rising terror threat The radioactive element could be used to make weapons just as dangerous as enriched uranium bombs.,World,Sci/Tech
"General Assembly committee opens two-day debate on anti-cloning ... The UN General Assembly #39;s legal committee begins a two-day debate today that will focus on the contentious issue. There is support among member states for a treaty banning human cloning, but divisions remain",Sci/Tech,World
14 Nations to Participate in Plan to Reduce Methane Thirteen countries agreed yesterday to join a global plan proposed by the Bush administration to curb methane emissions by capturing the greenhouse gas and using it as an energy source before it is released into the atmosphere.,Sci/Tech,Business
"Medicare Premiums to Rise Record 17 Pct. WASHINGTON - Medicare premiums for doctor visits are going up a record \$11.60 a month next year. The Bush administration says the increase reflects a strengthened Medicare, while Democrats complain that seniors are being unfairly socked...",World,Business
"Motorola Quarterly Earnings Rise Motorola Inc., the world's No. 2 maker of cell phones, on Tuesday said its quarterly profit\more than tripled, as sales rose 26 percent, driven in part by a host of new handset models and cost controls.",Sci/Tech,Business
Toile Gets A Makeover The traditional pattern shakes its fussy image as designers give it a new look,Business,Sci/Tech
"World briefs LONDON - A man wielding a machete and a knife attacked two security guards at the building housing the headquarters of the British domestic intelligence service MI5 on Friday, police said.",Business,World
"China vows currency shift but mum on date Washington, Oct. 2: In the face of growing international pressure, Chinese officials told top US officials on Friday that they would continue to push ahead with plans to float or revalue their currency, but",Business,World
"Get Real? This time last week, first lady Laura Bush was having what she might call her Christmas Tree Day. First, she showed off the decorated executive mansion to reporters and then joined her husband",Business,Sci/Tech
Prying Into FBI Activities The ACLU files Freedom of Information Act requests to find out why antiterrorism task forces have been monitoring activists. By Ryan Singel.,Sci/Tech,World
"Stocks Climb on Strong Economic Data NEW YORK - Newly optimistic investors sent stocks sharply higher Friday, propelling the Dow Jones industrials up more than 100 points, after economic data showed strength in manufacturing and construction. Wall Street greeted the departure of PeopleSoft Inc.'s chief executive by buying up technology shares...",World,Business
EU Pursues Oracle-PeopleSoft Case (AP) AP - European Union regulators suggested Monday they are not bound by a U.S. decision to allow Oracle Corp. to pursue its #36;7.7 billion bid for rival business software maker PeopleSoft Inc. and are continuing to collect data on the deal.,Sci/Tech,Business
"Noah's Ark Quest Dead in Water -- Was It a Stunt? In April a Christian activist announced a summer 2004 expedition to search for Noah's ark. The quest didn't happen, and now critics are questioning the project's credibility.",Sci/Tech,World
US Bells Do Video on Path Blazed by Small Telcos The three largest US local telephone corporations made a splash this summer with plans to sell video services on their voice and data lines in a few years.,Business,Sci/Tech
Cocoa farmers issue strike threat Unions are threatening a general strike in the Ivory Coast in a protest against the prices farmers are paid for their cocoa supplies.,Business,World
"McCain again opposes the president Global warming needs more attention, according to John McCain, and President Bush needs to lead the way. I listened to some of the hearings on this subject this week, and I must say the people testifying are",Sci/Tech,World
"Unions protest as overtime rules take effect WASHINGTON -- Hundreds of workers rallied on the steps of the Labor Department yesterday to protest the implementation of new rules they say will cause as many as 6 million Americans to lose their overtime pay. But the Bush administration officials who crafted the complex regulations insisted more workers will actually qualify for extra pay under the plan, which almost ...",Business,World
"Fischer's Fiancee: Marriage Plans Genuine (AP) AP - Former chess champion Bobby Fischer's announcement thathe is engaged to a Japanese woman could win him sympathy among Japanese officials and help him avoid deportation to the United States, his fiancee and one of his supporters said Tuesday.",World,Sports
"Forecasters: More Hurricanes May Be on Way Ivan, Frances and Charley delivered three staggering blows to the Gulf Coast and Florida, as well as Caribbean island nations, all in just five weeks.",Sci/Tech,World
Will Hutton There were two stories last week that will have world-shaping implications. The first was in a Paris hospital and a compound in Ramallah.,Business,World
Mission accomplished: US astronauts are home at last American astronaut Mike Fincke and Russian commander Gennady Padalka descended to Earth in remote Kazakstan late Saturday aboard a Soyuz space capsule.,Sci/Tech,World
Clubbing Wet Seal A same-stores sales drop that's less crummy than expected can't fix this sick pup.,Business,Sci/Tech
Doesn't matter to me if health care is privately delivered:Alta's Klein (Canadian Press) Canadian Press - EDMONTON (CP) - Alberta Premier Ralph Klein acknowledged Tuesday that he personally doesn't have a problem with private delivery of health-care services.,World,Business
"TiVo Net Loss Widens; Subscribers Grow TiVo Inc.(TIVO.O: Quote, Profile, Research) , maker of digital television recorders, on Monday said its quarterly net loss widened as it boosted spending to acquire customers, but subscribers to its fee-based TV service rose",Business,Sci/Tech
"Sony, IBM, Toshiba Give Details of 'Cell' Chip (Reuters) Reuters - IBM , Sony Corp. (6758.T) and\Toshiba Corp. (6502.T) on Monday revealed their plans for the\powerful new ""Cell"" processor the three are jointly producing\to run next-generation computers, game consoles and\televisions.",Business,Sci/Tech
"Soldiers' War Blogs Detail Life in Iraq Iraq war blogs are as varied as the soldiers who write them. Some sites feature practical news, war pictures and advice. Some are overtly political, with more slanting to the right than to the left. Some question the war, some cheer it.",Sci/Tech,World
India's Tata expands regional footprint via NatSteel buyout (AFP) AFP - India's Tata Iron and Steel Company Ltd. took a strategic step to expand its Asian footprint with the announcement it will buy the Asia-Pacific steel operations of Singapore's NatSteel Ltd.,World,Business
"Russian atmosphere hard for Westerners The government has eviscerated Russia #39;s Western-style oil company, Yukos, in what has been widely viewed as political payback.",Business,World
"Blockbuster Cuts Online Price, Challenges Netflix (Reuters) Reuters - Video chain Blockbuster Inc on\Friday said it would lower the price of its online DVD rentals\to undercut a similar move by Netflix Inc. that sparked a stock\a sell-off of both companies' shares.",Sci/Tech,Business
"Broadcaster Donates #36;325,000 to GOP (AP) AP - One of the state's biggest broadcasters has given 13 Republican county committees #36;325,000 worth of free air time to promote candidates on its radio and television stations throughout California.",World,Sports
"Microsoft Launches New Media Center PC Microsoft Corp. MSFT.O on Tuesday unveiled a new version of its Windows XP Media Center, adding features such as instant messaging and high-definition television to a personal computer designed for the living room.",Business,Sci/Tech
"UPDATE 2-Computershare buys US EquiServe, shares surge Australia #39;s Computershare Ltd. (CPU.AX: Quote, Profile, Research) has agreed to buy the second-largest US share registrar, EquiServe, for \$292 million, quadrupling",Business,Sci/Tech
U.S. cybersecurity chief resigns Amit Yoran leaves the Department of Homeland Security a little over a year after joining.,Sci/Tech,World
"U.N. Urges Funds to Curb African Locusts (AP) AP - With swarms of locusts threatening crops in a number of African countries, a U.N. agency appealed for an additional #36;70 million in assistance Thursday to prevent the upsurge from becoming a full-scale plague.",Sci/Tech,World
Republican Convention Dogged by Relentless Protests (Reuters) Reuters - Five thousand people protesting high\job losses formed a 3 mile unemployment line in Manhattan on\Wednesday and AIDS activists disrupted a Republican meeting on\the third day of the party's convention to nominate the\president to a second term in office.,World,Business
"CBS Realigns Entertainment Divisions eslie Moonves, the co-president of Viacom, yesterday realigned the management of the company #39;s CBS entertainment division and Paramount television production studio, promising smoother and greater interaction between the two.",Business,Sci/Tech
"The Bag of Aeolus quot;Aeolus was keeper of the winds. He gave a bag of evil winds to Odysseus, instructing him to keep it closed while a good breeze wafted him home.",World,Sci/Tech
"RealNetworks Ends Download 49-Cent Promo SEATTLE (Reuters) - RealNetworks Inc. RNWK.O is ending its 49 cent-per-song music download service but will keep the promotional prices in place for top 10 songs, the Internet media and software company said on Thursday.",Business,Sci/Tech
Collingwood anchors England (AFP) AFP - Paul Collingwood's unbeaten 80 took England to 299 for seven against Zimbabwe in their opening Champions Trophy Pool D match at Edgbaston here.,World,Sports
"Guilty Plea Seen in Computer Associates Case Steven Woghin, the former general counsel of Computer Associates, will plead guilty to criminal charges.",Business,Sci/Tech
"Sun posts narrower quarterly loss OCTOBER 14, 2004 (REUTERS) - SAN FRANCISCO -- Sun Microsystems Inc. today posted a narrower quarterly loss as revenue rose year over year for the second consecutive quarter after three years of declines, sending shares slightly higher.",Sci/Tech,Business
"HK Disneyland Theme Park to Open in September Hong Kong #39;s Disneyland theme park will open on Sept. 12, 2005 and become the driving force for growth in the city #39;s tourism industry, Hong Kong #39;s government and Walt Disney Co.",Business,Sci/Tech
"Lockheed to Launch Rocket; Boeing Gets New Date (Reuters) Reuters - Lockheed Martin Corp. on Monday\announced that it will launch its Atlas V rocket on Dec. 17 as\planned, while Boeing Co. waited to reschedule a launch of its\Delta IV heavy-lift rocket that it was forced to abandon on\Sunday.",Sci/Tech,Business
"TheStreet.com May Be Up for Sale -- Report (Reuters) Reuters - TheStreet.com Inc. , the\financial news and commentary Web site, may be up for sale,\according to a report in Business Week, sparking a 7 percent\rise in its shares.",Sci/Tech,Business
"Corporate Krueger haunts PeopleSoft A few weeks ago the then-CEO of PeopleSoft, Craig Conway, posed the following question to attendees at a technology conference: quot;Have you ever had a bad dream that never ended?",Business,Sci/Tech
"Semiconductor Manufacturing to Boost Capacity by Half (Update2) Semiconductor Manufacturing International Corp., China #39;s biggest supplier of made-to-order chips, said its factory capacity will rise by more than half in the second half as the company brings more plants on line.",Sci/Tech,Business
Mass. court denies new trial for convict BOSTON -- The state appeals court on Thursday declined to allow a new trial for a father convicted of beating a man to death at their sons #39; hockey practice.,Sports,World
Indonesian diplomats asked to help improve RI #39;s bad image JAKARTA (Antara): President Susilo Yudhoyono asked Indonesian diplomats on Monday to help the government improve Indonesia #39;s bad image.,Business,World
"Report: Global warming now inevitable The Arctic Council, an international group of northern nations, says global warming will be both a blessing and a curse. The group #39;s report, four years in the making and set for a Nov.",Sci/Tech,World
Rumours surround Google browser The search giant Google is rumoured to be working on its own web browser.,Business,Sci/Tech
Spammers strike back at Lycos In launching Make Love Not Spam Lycos this week started a controversial bid to battle unsolicited messages through a custom-designed website.,Sci/Tech,Business
"Singer: Minaya returns home NEW YORK -- Omar Minaya stood behind a small lectern in a danky room in the bowels of Shea Stadium, and allowed his life to flash before his eyes.",Sports,World
"Stocks Climb on Drop in Consumer Prices NEW YORK - Stocks rose for a second straight session Tuesday as a drop in consumer prices allowed investors to put aside worries about inflation, at least for the short term. With gasoline prices falling to eight-month lows, the Consumer Price Index registered a small drop in July, giving consumers a respite from soaring energy prices...",World,Business
"Symantec Said to Be in Talks for Veritas Symantec, which produces the Norton line of computer products, is in talks to acquire Veritas Software, a maker of data backup programs.",Business,Sci/Tech
Cricket: Tendulkar to miss test Sachin Tendulkar is almost certain to miss Thursday's second Test against Australia in Madras.,World,Sports
"Mich. Elephant Gets Therapy for Arthritis ROYAL OAK, Mich. - Like any patient, Wanda needs positive reinforcement to wrestle through her physical therapy...",World,Sci/Tech
"Survey: IT spending to grow modestly next year CIO confidence is up in third quarter, according to Forrester poll.",Sci/Tech,Business
"Hey mate, we're moving offshore too! Australia's IT News reports the findings of a recent survey in which more than 20 percent of company execs said they were considering or recommending offshore outsourcing. Outsourcing Blog",Sci/Tech,Business
"Iraq's Neighbors to Get Little for Environment Loss (Reuters) Reuters - Iraq's neighbors want tens of billions\of dollars for environmental damage done in the 1990-1 Gulf\conflict, but are set to get only paltry funds from the United",Sci/Tech,World
"Appeals court faults Oracle in shareholder suit Judges send case back to lower court to sort out allegations of improper bookkeeping and ""suspicious"" stock sales.",Sci/Tech,Business
"Arrowhead: It still is pointing the way In comparison to its contemporaries it could be termed a modern marvel, an example of how to do things right when everyone else was doing things wrong.",Sports,Sci/Tech
"Bea Arthur for President Bea Arthur sparked a security scare at Logan Airport in Boston this week when she tried to board a Cape Air flight with a pocketknife in her handbag. The ""Golden Girls"" star, now 81, was flagged by a Transportation Security Administration agent, who discovered the knife - a strict no-no following 9/11. ""She started yelling that it wasn't hers and said 'The terrorists put it there,' "" a fellow passenger said. ""She kept yelling about the 'terrorists, the terrorists, the terrorists.' "" After the blade was confiscated, Arthur took a keyring from her bag and told the agent it belonged to the ""terrorists,"" before throwing it at them. - via philly.com",Sci/Tech,World
"Nikkei Hits 2-Week Closing Low TOKYO (Reuters) - The Nikkei average fell for a third straight session to hit a two-week closing low on Friday as renewed earnings concerns prompted selling in Tokyo Electron Ltd., Sony Corp. and other high-tech stocks.",Business,Sports
"Locusts Encroach on West African Rice-Growing Area (Reuters) Reuters - West Africa's worst locust plague for 15\years has encroached on one of the region's largest\rice-growing areas, authorities in Mali said on Friday.",Sci/Tech,World
"Microsoft CFO: Expect more acquisitions Microsoft may seek to become a more distributed company as it eyes future large acquisitions, CFO John Connors said yesterday.",Sci/Tech,Business
"ASEAN moves closer to single market with #39;road map #39;, global trade ... JAKARTA : ASEAN finance ministers ended a meeting which saw Southeast Asia edge closer to a Europe-style single market, laying out a quot;road map quot; for integration and opening doors to wider global trade.",World,Business
"Sprint Center Of Attention For Nextel And Verizon Wireless Sprint Corp. #39;s enterprise operation, including its nationwide fiber-optic network, suddenly is looking like a swan and not a lame duck, as Verizon Wireless assesses the possibility of making a bid for Sprint in the boiling cell-phone merger scene.",Business,Sci/Tech
Iran shuts reformist websites WEBSITES CLOSE to Iran #39;s leading reformist party have been blocked by religious hardliners in the police bureau of public morals.,Sci/Tech,World
"Stocks Drop After Greenspan Testimony NEW YORK - Investors were unmoved by Federal Reserve Chairman Alan Greenspan's improved assessment of the economy, with stocks falling narrowly Wednesday in light trading. While Greenspan said the economy has ""regained some traction"" after the summer's slowdown, he echoed Wall Street's concerns over energy prices, which have fallen from record highs in recent weeks but stubbornly remain above \$40 per barrel...",World,Business
"Ford to Repair Faulty Heated Seats in Focus Cars Ford Motor Co. said on Wednesday it will fix malfunctioning heated seats in 33,000 Focus cars, two-thirds of which were sold in Canada.",Business,Sci/Tech
New memories warm heart of this Bosox fan Is it really true? Did it really happen? Or was that just the figment of some Boston Red Sox fanatic #39;s wild imagination? Did the Red Sox really win the World Series for the first time since 1918 by sweeping the St.,Sports,Sci/Tech
"EU will go it alone on nuclear project if French site bid fails BRUSSELS, Nov 9 (AFP) - The European Union said Tuesday it was prepared to forge ahead with a revolutionary nuclear energy project if negotiations with Japan and other backers on where to locate it break down.",World,Business
"FCC exempts fiber-to-curb from sharing requirements The Federal Communications Commission Thursday voted to allow incumbent telephone carriers from sharing fiber-to-the-curb deployments from competitors, prompting one incumbent to announce an accelerated fiber rollout.",Business,Sci/Tech
Tech Firms Keep Riding Chinese Tiger Microsoft watched a software deal with China go bust less than two weeks into the contract. And Beijing is pushing its government IT officials to buy local. But China remains a vibrant market where tech firms have to stay in play. -washingtonpost.com,Sci/Tech,Business
"News: US cracks down on spam mountain John Ashcroft, the attorney General of the US, is expected to announce on Thursday dozens of lawsuits against alleged spammers following a low key campaign against the practise across the US.\",Sci/Tech,Business
Honda aiming for BAR buyout? Motorsport.com. Reports this week suggest that Honda is aiming to either buy BAR or become co-owner of the team by purchasing a shareholding.,Sports,Business
Will Tellabs Push Its Luck? Perhaps the optical network supplier should call off its merger with AFC.,Business,Sci/Tech
"Cocoa prices down but Ivorian exports still blocked World cocoa prices were down on Tuesday but off the day #39;s lows as exports remained on hold after mob violence and military clashes in Ivory Coast, the key global supplier, traders said.",World,Business
"ViewPoints: Just say #39;No #39; You can #39;t get much clearer than No. That was the strongly implied response of the US Treasury secretary, John Snow, to Europe #39;s growing cries that he help it deal with a weakening dollar by intervening to stop the slide.",Business,Sci/Tech
"Cowboys Defeat Redskins 21-18 LANDOVER, Md. - Bill Parcells celebrated the touchdown with a big smile and his fist thrust high in the air...",World,Sports
"Icing call Out of money, out of patience, out of time, and for the foreseeable future, out of business.",Sports,Business
Collaboration suite to help secure tonight's Bush-Kerry debate The U.S. Secret Service and a throng of police and emergency management officials in Missouri will for the first time use a customized Microsoft-based collaboration portal to share security information during tonight's presidential debate.,Sci/Tech,World
"Scaffold collapse survivors improving One of the men who survived Friday #39;s fatal scaffold collapse is in guarded condition at Detroit Receiving Hospital and the two other survivors were released on Sunday, a hospital spokeswoman said.",Business,World
"Informed and Awaiting a St. Helens Eruption The people who remember the eruption of Mount St. Helens in 1980 are not as fearful as they were then, with scientists predicting a less powerful eruption.",Sci/Tech,World
"Halliburton Set for Spotlight in VP Debates (Reuters) Reuters - A name likely to come up in\Tuesday's vice presidential debate is Halliburton, the Texas\company once run by Dick Cheney that Democrats say is an\example of cronyism because of its lucrative Iraq deals.",World,Business
"New Rainbow Six Franchise for Spring 2005 SAN FRANCISCO, CA - November 30, 2004 -Ubisoft, one of the world #39;s largest video game publishers, today announced its plans to launch the next installment in the Tom Clancy #39;s Rainbow SixR franchise for the Sony PlayStationR2 computer entertainment system",Sci/Tech,Sports
"US, Allies Far Apart on Iraq Debt Relief WASHINGTON Oct. 2, 2004 - The United States and its major economic allies struggled Saturday to resolve deep differences over how best to relieve the heavy debt burden for Iraq and the world #39;s poorest countries.",Business,World
Canada defends submarine fleet Canada has defended its decision to buy second-hand submarines after a crewman died from injuries sustained on one of the vessels that had broken down.,World,Sci/Tech
Anti-Doping Agency Is Boosted By Ban of Sprinter in Balco Case The United States Anti-Doping Agency received an important validation yesterday in its attempt to punish athletes who were suspected of doping in the Balco steroids scandal but who had not failed a drug test.,Sports,World
"For Now, Unwired Means Unlisted. That May Change. In October, most major cellphone carriers plan to start compiling a publicly accessible listing of wireless phone numbers.",Business,Sci/Tech
"Spitzer launches music industry probe Eliot Spitzer, fresh from rocking the insurance industry, has now asked the music business to uncover the secrets behind how radio stations decide what records they play.",Business,Sci/Tech
"Yahoo Debuts Mobile Search SAN FRANCISCO -- Yahoo (Quote, Chart) expanded its search empire to the mobile arena with the launch of some additional services. The company was one of the original content providers for mobile devices running",Business,Sci/Tech
News: FBI seizes computers in first-ever criminal action against P2P network The Associated Press By Curt Anderson,Sci/Tech,World
"Same-sex divorce rules still hazy Now that an Ontario couple has been given Canada #39;s first same-sex divorce, experts are divided over just how easy it will be for gays and lesbians in other provinces to end their marriages.",World,Sci/Tech
"iPod, DVD Players Lead Aug. Electronics Prices Lower NEW YORK (Reuters) - Price declines for U.S. consumer electronics accelerated in August, fueled by discounted price cuts for the popular iPod digital music player and traditional DVD players, according to an industry study prepared for Reuters.",Sci/Tech,Business
"Two hurricanes = two deductibles Many homeowners in the Orlando area suffered a double blow when hurricanes Charley and Frances struck in quick succession. Now, they #39;re smarting from a financial one-two punch - two insurance deductibles.",Business,Sports
"Amazon.com net sales jump 29; Google reports \$52M in net income OCTOBER 22, 2004 (IDG NEWS SERVICE) - Amazon.com Inc. fell a penny short of analysts #39; per-share earnings expectations, while reporting net sales of \$1.",Sci/Tech,Business
"Lucent's history a case study in wild rides If you've ever wondered what ignited America's late-1990s obsession with telecom and tech stocks, you could well argue it all started with Lucent Technologies .",Business,Sci/Tech
Phone fight against home violence A campaign begins to collect old mobile phones and convert them into alarms for women who are attacked in the home.,Sci/Tech,World
Amazon sues spammers for misleading consumers SEATTLE -- Amazon.com has filed three lawsuits in King County Superior Court against unidentified defendants who allegedly forged e-mails and Web sites to fool consumers into thinking they are doing business with the Internet retailer.,Business,Sci/Tech
"Groups Petition U.S. on China Policies (AP) AP - A group of industry, farm and labor groups, seeking to put pressure on the Bush administration before the presidential election, petitioned the government on Thursday to file an unfair trade practices case against China.",World,Business
Judge asked to penalize Microsoft over e-mails Burst.com asked a US judge to penalize Microsoft for destroying e-mails it says the world #39;s largest software company should have preserved as evidence in antitrust suits.,Business,Sci/Tech
"Conservationists Meet to Plan Global Green Agenda (Reuters) Reuters - More than 5,000 scientists,\conservationists and politicians meet in Thailand over the next\week to hammer out a blueprint for saving some of the world's\most endangered species and fragile ecosystems.",Sci/Tech,Business
Swedes beam poetry into outer space (Reuters) Reuters - Swedish poets have broadcast their work into outer space by radio to give alien life forms -- if they exist -- a taste\of earthling literature.,World,Sci/Tech
"Ford to Return Electric Cars to Norway (AP) AP - Ford Motor Co. agreed to return about 300 Norwegian-built electric cars to the Nordic country after protests about plans to scrap them, the country's transport minister said Thursday.",World,Business
Microsoft signs two Indian deals The announcement came as Microsoft chief executive Steve Ballmer opened the group #39;s new Indian headquarters in the city of Hyderabad.,Business,Sci/Tech
"Argentina Beats U.S. Men's Basketball Team Argentina defeated the United States team of National Basketball Association stars 89-81 here Friday in the Olympic semi-finals, dethroning the three-time defending champions.",World,Sports
"U.S. Misses Cut in Olympic 100 Free ATHENS, Greece - Top American sprinters Jason Lezak and Ian Crocker missed the cut in the Olympic 100-meter freestyle preliminaries Tuesday, a stunning blow for a country that had always done well in the event. Pieter van den Hoogenband of the Netherlands and Australian Ian Thorpe advanced to the evening semifinal a day after dueling teenager Michael Phelps in the 200 freestyle, won by Thorpe...",World,Sports
"IBM Quitting Computer Business An era will come to an end when IBM sells off its computer manufacturing business, according to The New York Times. A Chinese company seems the likely buyer and the deal should fetch upward of \$2 billion.",Business,Sci/Tech
"Cast-aside candidates grab onto Sox coattails By Raphael Lewis and Benjamin Gedan, Globe Staff and Globe Correspondent October 31, 2004. Republican state Senate candidate Rod Jane of Westborough woke up yesterday with a plan to grab some attention from",Sports,World
"Siemens in 2.69bn deal with BBC German industrial giant Siemens has signed a 2.69bn contract to deliver technology services around the world to the BBC, a deal that will see it acquire the broadcasters technology subsidiary.",Business,Sci/Tech
"AOL Is Said to Plan 700 Layoffs America Online, the country #39;s leading Internet service, is preparing to lay off as many as 700 of its 13,000 employees in the United States, according to an executive knowledgeable about its plans.",Business,Sci/Tech
Land Rover aims new model at US Land Rover will launch a sports tourer next year in a what is likely to be a test of British carmakers #39; ability to compete in the US.,Business,Sci/Tech
"GM pulls Corvette ad with underage driver DETROIT -- General Motors Corp. has withdrawn a Corvette commercial that shows a young boy driving wildly through city streets after safety advocates complained, the company said yesterday.",Business,Sci/Tech
"Martin signals new flexibility to reach health deal with provinces (Canadian Press) Canadian Press - KELOWNA, B.C. (CP) - The federal government will seek a flexible medicare-reform agreement that could include individual deals with provinces, Prime Minister Paul Martin said Wednesday.",World,Business
"Israel Announces West Bank Housing Plans (AP) AP - Israel announced plans Monday for 500 new housing units in the West Bank, after an apparent U.S. policy shift that has infuriated the Palestinians. The Palestinians oppose all Jewish settlement in the West Bank and Gaza Strip, lands where they hope to establish an independent state.",World,Business
"Deal in Congress to Keep Tax Cuts, Widening Deficit Republican and Democratic leaders agreed to extend \$150 billion worth of tax cuts sought by President Bush without trying to pay for them.",World,Business
"VZ Wireless Slams National 411 Directory WASHINGTON -- Verizon Wireless, the nation #39;s largest wireless carrier, clashed with other cellular carriers on Tuesday, telling a US Senate committee that a proposal for a national wireless telephone directory is a quot;terrible idea quot; and that the proposal",Business,Sci/Tech
"September Retail Sales Up by 1.5 Percent WASHINGTON - Shoppers got their buying groove back last month, propelling sales at the nation's retailers by a strong 1.5 percent. It was the best showing since March...",World,Business
Justices hear cases on shipping wine (USATODAY.com) USATODAY.com - States that block direct shipments of wine to consumers from out-of-state wineries faced skeptical comments from Supreme Court justices on Tuesday.,World,Business
"Conn. Man, 70, Oldest to Swim Channel LONDON - A retired Connecticut pilot has become the oldest person to swim the English Channel. George Brunstad, 70, left Dover, England, Saturday morning heading for the French Coast...",World,Sports
"Caterpillar snaps up another remanufacturer of engines PEORIA - Caterpillar Inc. said Wednesday it will acquire a South Carolina remanufacturer of engines and automatic transmissions, increasing its US employment base by 500 people.",Sci/Tech,Business
"Texas Instruments Plans Buyback (Reuters) Reuters - Texas Instruments Inc., the\largest maker of chips for cellular phones, on Thursday said it\plans to buy back #36;1 billion in stock and boost its quarterly\dividend by more than 17 percent, becoming the latest\technology company to return extra cash to investors.",Sci/Tech,Business
"Edwards: I Won't Raise Retirement Age (AP) AP - Seizing on a report that a plan to privatize Social Security includes raising the retirement age for full benefits to 72, vice presidential candidate John Edwards on Saturday renewed a promise that the Democrats would never raise the retirement age.",World,Business
Ruling delayed in Peoplesoft case A crucial legal ruling in Oracle's takeover bid for Peoplesoft is delayed after a judge says he needs to hear more evidence.,Business,Sci/Tech
"INSIDE INFO: Man Utd shares drop MAN UNITED #39;S share price has fallen by just over 2.5, less than expected after the resignation of Malcolm Glazer #39;s bankers JP Morgan.",Sports,Business
"Korean and Japanese Phone Makers Win -Survey AMSTERDAM (Reuters) - South Korean mobile phone makers continued a rapid move up the global market rankings during the third quarter, while growth in the wider mobile phone market slowed, a survey found on Wednesday.",Sci/Tech,Business
"Update 2: Alitalia, Unions Sign Deal Alitalia signed a deal with eight of nine unions Friday to split the loss-making Italian airline in two - part of the company #39;s plan to stave off bankruptcy.",Business,Sports
"Scandal won #39;t go away ATHENS -- It was telling yesterday that the majority of the dozens of journalists who asked questions and attended a news conference into a Greek doping scandal were mostly Canadian. Question after question came from Canadians. We were all there, I think, ...",Sports,World
"Microsoft plays up growth, dividend They were preaching to the choir, but Bill Gates and Steve Ballmer still did their best to sell the virtues of Microsoft stock at the company #39;s annual shareholder meeting yesterday in Bellevue.",Business,Sci/Tech
"Neck stents boosted in two studies Boston Scientific Corp. and Medtronic Inc. , competing to enter the US market for stents that keep neck arteries open, said separate studies showed their devices prevent complications including stroke after 30 days.",Business,Sci/Tech
"China 'owns up' over mystery sub \China has expressed regret for the intrusion of one of its subs into Japanese waters last week, Tokyo says.",World,Business
"Groups Eager to Meet With Bush, Kerry (AP) AP - Organizations representing the nation's 3 million scientists, engineers and doctors have invited both presidential candidates to have a word with them #151; online.",Sci/Tech,World
"Motorola buys wireless network developer, eyes defense contracts CHICAGO - Motorola Inc. is acquiring MeshNetworks Inc., developer of a Wi-Fi based technology that is expected to help land more contracts for its growing government contracting business.",Business,Sci/Tech
"E-mail scam targets police chief Wiltshire Police warns about ""phishing"" after its fraud squad chief was targeted.",Sci/Tech,World
"'Miracle baby' a victim - judge A ""miracle baby"" was the victim of child traffickers motivated by financial greed, a judge rules.",World,Business
Florida deaths blamed on Hurricane Frances State and local officials Tuesday said nine people have died in Florida because of Hurricane Frances. The following describes those deaths: - A 15-year-old grandson and a former son,Sports,World
Australia in grip of water crisis There is a warning that some of Australia's major cities could run out of drinking water.,Sci/Tech,World
"Stock Prices Climb Ahead of Google IPO NEW YORK - Investors shrugged off rising crude futures Wednesday to capture well-priced shares, sending the Nasdaq composite index up 1.6 percent ahead of Google Inc.'s much-anticipated initial public offering of stock. In afternoon trading, the Dow Jones industrial average gained 67.10, or 0.7 percent, to 10,039.93...",World,Business
EU launches graphic tobacco ads The European Commission launches graphic images showing the damage smoking can do to people's health.,World,Sci/Tech
"Hamm should support Yang Paul Hamm needs a new marketing strategy. Either that, or he needs a clue. One harmless gesture separates him from lionization in America and canonization in South Korea, and",Sports,Sci/Tech
"Plan B Proposes Its Own Alternatives Donnie Downs, president and chief executive of Plan B Technologies Inc., said the company itself is a ""plan B.""",Sci/Tech,Business
"Quick end to US election crucial US President George W. Bush is on the verge of a re-election victory, but Democratic challenger John Kerry is not conceding defeat, at least not now.",Business,World
"RAP OVER DANGER DRUG BAN A PAINKILLER for arthritis sufferers should have been banned four years ago, experts said yesterday. Vioxx, used by 400,000 Brits, was taken off the market by its US makers last month due to potentially deadly side-effects.",Business,Sci/Tech
"Amazon Burning Makes Brazil a Leading Polluter By Axel Bugge BRASILIA, Brazil (Reuters) - Burning of the Amazon andother forests accounts for three quarters of Brazil'sgreenhouse gas emissions and has made the country one of theworld's leading polluters, a long-delayed government reportshowed on Wednesday.",World,Business
"Chirac, in Beijing, Signs Accords to Increase French Investment President Jacques Chirac of France declared Saturday that France was a natural trade partner for China and, during a flurry of air, rail and energy deals, he played down",World,Business
"UPDATE 2-Cricket-Malik reported for suspect action Cricket-ICC clears Zimbabwe Cricket Union of racism October 17, 2004 14:05:37 LAHORE, Pakistan, Oct 17 (Reuters) - A special report by an International Cricket Council (ICC) inquiry commission has ruled there is no evidence of racism within the",Sports,World
"Crooks slither into Net's shady nooks and crannies (USATODAY.com) USATODAY.com - Organized crime rings and petty thieves are flocking to the Internet like start-ups in the go-go '90s, establishing a multibillion-dollar underground economy in just a few years. The Internet's growth as an economic engine, particularly for financial transactions, is feeding the felonious frenzy.",Sci/Tech,Business
IBM #39;to sell PC business #39; IBM is reportedly in talks to sell its personal computer business. It would mark the end of an era for the company that brought the computer into the mainstream when it began selling its desktop PC to corporations and consumers in 1981.,Business,Sci/Tech
Australia establish 300-run lead in third India Test (AFP) AFP - Australia batted cautiously in their second innings to build a lead of 300 runs over India with nine wickets in hand in the third cricket Test here.,World,Sports
"UPDATE 1-J amp;J in talks to buy Guidant - sources Health care and consumer products maker Johnson amp; Johnson (JNJ.N: Quote, Profile, Research) is in negotiations to acquire medical-device maker Guidant Corp.",Business,Sci/Tech
"Early Voters Transform Campaign Landscape (AP) AP - In an election year when just a few thousand votes in a few states could decide the winner, the growing number of voters who cast ballots weeks before Election Day is transforming the landscape for political campaigns.",World,Sci/Tech
"Update 2: Oracle Poised to Pounce on PeopleSoft Bolstered by investors, Oracle Corp. appears destined to complete its long-sought takeover of PeopleSoft Inc. unless its rival becomes more profitable and proves it #39;s worth more than the \$9.2 billion bid currently on the table.",Business,Sci/Tech
"Murdoch novel reveals Alzheimer's The last novel by the author Iris Murdoch reveals the first signs of Alzheimer's disease, experts say.",World,Sci/Tech
"Update 1: Oracle Raises Offer for PeopleSoft Software manufacturer Oracle Corp. said Monday that it raised its hostile bid for rival PeopleSoft Inc. to \$24 per share from \$21, and said the new price represents the company #39;s quot;best and final offer.",Business,Sci/Tech
"ConocoPhillips boosts LUKoil stake to 10 percent (AFP) AFP - US oil major ConocoPhillips has boosted its stake in Russia's second-largest oil producer LUKoil to 10 percent, giving Conoco at least one representative on LUkoil's board.",World,Business
Glazer buys more Man United shares American business tycoon Malcolm Glazer has increased his stake in Manchester United by buying another 17million worth of shares in the club.,Sports,Business
"Board with Mukesh: Reliance Mumbai, Nov. 26: Mukesh Ambani apparently commands the full support of the board on all recent decisions, including the controversial one that elevated him to the final authority in the group.",Business,Sci/Tech
"Election chaos? (U.S. News World Report) U.S. News World Report - Michael Cadigan's day job is practicing commercial law in Albuquerque. But over eggs at the trendy Gold Street Caffe in the heart of downtown, he and a dozen other lawyers are immersing themselves in the intricacies of election law. On Election Day, they plan to be out in force for Democrat John Kerry at polling places across New Mexico, where Al Gore won in 2000 by just 366 votes. quot;We know there was a lot of monkey business with counting ballots before, quot; says Cadigan. quot;We want to make sure that doesn't happen again. ...",World,Business
"Closing the giving gap Near the entrance for the Christmas Tree Shop on Route 1 in Lynnfield, Barbara Patten stood next to her Salvation Army kettle and played her flute on a recent Saturday as customers walked past.",Business,Sci/Tech
"A Canadian Invasion A few weeks ago, in a story on Nortel (NYSE: NT), I asked people to submit a Canadian joke to me. This is as good a place as any to reveal the winner.",Business,Sci/Tech
"Dream Team Leads Spain 44-42 at Halftime ATHENS, Greece - As expected, the U.S. men's basketball team had its hands full in a quarterfinal game against Spain on Thursday...",World,Sports
Yahoo! Ups Ante for Small Businesses Web giant Yahoo! is gambling that price cuts on its domain name registration and Web hosting products will make it more competitive with discounters in the space -- which means that small businesses looking to move online get a sweeter deal through ...,Business,Sci/Tech
"Ljubicic Downs Hanescu at Open De Moselle Top-seeded Ivan Ljubicic of Croatia beat Victor Hanescu of Romania 6-4, 6-4 Tuesday in the first round of the Open de Moselle.",World,Sports
"Ancient fungus 'revived' in lab Fungus from a deep-sea sediment core that is hundreds of thousands of years old will grow when placed in culture, scientists discover.",World,Sci/Tech
Chercher dans toute l #39;actualit Italy ground to a halt as millions of workers observed a general strike in protest against the economic policies of Prime Minister Silvio Berlusconi #39;s centre-right government.,World,Business
"A great catch? Lobsters How does he like lobster? Boiled, steamed, broiled, baked, grilled? Newburg? Bahar Uttam prefers his with a capital L -- Lobsters -- and sees them frolicking on a tennis court rather than laid out on a plate. In Uttam's mind lurks a tasty dish for the town's sporting crowd, one that could satisfy the five-year hunger of tennis junkies, a ...",Sports,Sci/Tech
Yahoo and SBC extend partnership and plan new services Yahoo and SBC Communications have agreed to collaborate to extend some of the online services and content they currently provide to PC users to mobile phones and home entertainment devices.,Business,Sci/Tech
"#39;Somebody please save my dad #39; Nick du Toit #39;s wife and stepdaughter are distraught that there is nothing they can do to help him. On Monday his stepdaughter, Marilise Bezuidenhout, was forced to convey the news of his possible death sentence",World,Sports
"India's Tata makes powerful debut Shares in Indian software services giant Tata Consultancy close 16 higher on their market debut, raising \$1.2bn for the company.",World,Business
"AMD et Chartered signent des contrats d #39;approvisionnement et de ... SUNNYVALE, Calif. and SINGAPORE--(BUSINESS WIRE)9 Novembre 2004--Chartered adopte la fabrication de prcision automatise d #39;AMD et prvoit de fabriquer des processeurs AMD64 en 2006.",Sci/Tech,Business
"Nursery rhymes more violent than TV (Reuters) Reuters - Children's nursery rhymes contain 10 times more violence than television shows broadcast before the\9 p.m. ""watershed"" after which more adult content can be shown, research has said.",World,Business
Movie Studios to Sue Illegal Film-File Traders Movie studios and the Motion Picture Association of America said on Thursday they would sue individuals suspected of illegally distributing movies over the Internet.,Sci/Tech,Business
"Four Hurricanes Hurting Florida Economy (AP) AP - Normally at this time of the year, labor contractor Jose Luis Avalos would be assembling a crew of workers who could each earn #36;1,500 to #36;2,000 a week in the area's abundant citrus groves.",Business,Sports
"EU to Pursue Legal Action Against Greece BRUSSELS, Belgium -- The European Union #39;s executive commission said Wednesday it would open legal proceedings against Greece for its sloppy bookkeeping and underreporting its budget deficit by billions of euros between 1997 and 2003.",Business,World
"Munch masterpiece 'The Scream' stolen from Oslo museum (AFP) AFP - A version of Edvard Munch's masterpiece ""The Scream"" and another famous painting by the great Norwegian artist were stolen from an Oslo museum by armed and hooded robbers, police said.",World,Sci/Tech
IBM reported to be exiting PC business IBM #39;s possible exit from the personal-computer business would be the latest move in what amounts to a long goodbye from a field it pioneered and revolutionized.,Business,Sci/Tech
"Kerry to reverse stem cell policy US presidential candidate John Kerry says he will make stem cell research a priority, dropping George Bush's policy.",World,Sci/Tech
"Plane repos ready to take flight At the airport, you hear all of the usual explanations: bad weather, mechanical difficulties, no crew available. But now there #39;s another excuse you might hear as times get tougher for cash",Business,Sci/Tech
"Bryant Jury Selection Behind Closed Doors (AP) AP - Prospective jurors in the Kobe Bryant rape case were asked their feelings on racial prejudice, interracial relationships, marital infidelity and justice for the rich and famous in an 82-item questionnaire released Monday.",Sports,World
"Court Hears Interstate Wine Sales Case (AP) AP - The Supreme Court considered Tuesday whether state alcoholic beverage regulations put in place 70 years ago, after Prohibition was lifted, should remain the law of the land in the Internet age.",World,Business
"US ponders \$250,000 bounty on spammers Authorities in the US are considering a \$250,000 bounty on spammers in an attempt to close them down. The US Federal Trade Commission (FTC) has suggested rewards of anything from \$100,000 to \$250,000 for information.",Sci/Tech,Business
"Volkswagen May Be Close to Settling Its Wage Talks Volkswagen and its workers entered a critical week in their wage negotiations on Monday, with signs that a compromise was taking shape even as protests flared at factories across Germany.",World,Business
Broadband charges set to tumble The cost of broadband internet access is likely to fall after Ofcom ordered British Telecom to cut the amount it charges internet providers.,Business,Sci/Tech
"German court rules out Barbie monopoly (AFP) AFP - Germany's federal court of justice ruled against giving Barbie a monopoly in the themed doll market, saying that a German rival called Steffi Love had every right to compete with her.",World,Sci/Tech
"Oracle considers lower PeopleSoft offer Oracle Corp could reduce its offer for PeopleSoft Inc by as much as a third, to \$2.5 billion or \$14 a share, to reflect declining performance at the rival company, an Oracle executive reportedly testified yesterday.",Business,Sci/Tech
"Q amp;A : Merger changes little for now Here are answers to some questions arising from the closing of Cingular Wireless #39; acquisition of AT amp;T Wireless. Q: With the merger, how will the combined company rank in the industry?",Business,Sci/Tech
"Legendary all-rounder Miller dies Keith Miller, arguably Australia's greatest all-rounder in Test cricket, has died in Melbourne aged 84.",World,Sports
"Stewart #39;s Prison Chosen That prison is located in West Virginia which means that she is not headed to a facility in Connecticut or Florida, as she had hoped.",Business,World
"Study: Few Americans Buy Drugs Online Only 4 percent of Americans have ever used the Internet to buy prescription drugs - and even fewer do so through foreign pharmacies - despite Web sites maintained by a handful of states to help citizens import medicines more cheaply from Canada, a new study finds.",Sci/Tech,Business
IBM as PeopleSoft #39;s Hero? Hardly Big Blue --a white knight? It #39;s easy to see how industry watchers got carried away with speculation that IBM (IBM ) might be riding to rescue of beleaguered PeopleSoft (PSFT ). On Sept.,Business,Sci/Tech
MITTERAND PHONE-TAP TRIAL OPENS Proceedings are due to begin on a case that has scandalised France for over two decades. Twelve Mitterand-era government officials and senior police officers will face trial in Paris for running a phone tapping,World,Sci/Tech
"AOL pushes into Internet shopping Looking for new ways to boost its revenue, America Online is launching an online shopping service that won #39;t require an AOL account to access.",Business,Sci/Tech
Bush Scraps Most U.S. Sanctions on Libya (Reuters) Reuters - President Bush on Monday formally\ended the U.S. trade embargo on Libya to reward it for giving\up weapons of mass destruction but left in place U.S.\terrorism-related sanctions.,Sci/Tech,World
Oil price down as Iraq fears ease The price of oil has fallen as fears about interruptions to supplies being pumped out of Iraq eased slightly.,Business,World
SBC calling on cable SBC is teaming up with Microsoft to provide consumers with a new way to view television -- a move that puts it in direct competition with the cable TV industry.,Business,Sci/Tech
Courses to help teach you SAN FRANCISCO (CBS.MW) -- Shares of Sirius Satellite Radio declined as much as 22 percent Wednesday following two analyst downgrades.,Business,Sci/Tech
"Argentina gets China investment China is to invest nearly \$20bn (11bn) in Argentina over the next 10 years, Argentine officials say.",World,Business
"The battle for DR Congo's wildlife As donors pledge \$40m to save DR Congo's wildlife, life in Virunga Park remains a battle ground.",Sci/Tech,World
Football: Brazil legend's UK debut Brazil football great Socrates is set to make his debut for non-league Garforth Town on Saturday.,World,Sports
"Intel Taps Otellini As Next CEO Intel #39;s board, as expected, has named Paul Otellini to succeed Craig Barrett as CEO effective next May 18, the company announced Thursday.",Business,Sci/Tech
"HP targets China with low-cost PC SAN FRANCISCO (CBS.MW) - Personal computer stocks were relatively quiet Friday as the sector focused more attention on China where Hewlett-Packard introduced a new, low-priced PC.",Business,Sci/Tech
"FDA OKs Scientist Publishing Vioxx Data (AP) AP - The Food and Drug Administration has given a whistle-blower scientist permission to publish data indicating that as many as 139,000 people had heart attacks that may be linked to Vioxx, the scientist's lawyer said Monday.",World,Sci/Tech
"Porn Processor Settles Deceptive-Billing Charges WASHINGTON (Reuters) - A pornography bill-processing company has agreed to forego \$17 million that it billed computer users in order to settle deceptive-business charges, the U.S. Federal Trade Commission said on Monday.",Sci/Tech,Business
Press review 0850CET--The seizure of fake Nike sportswear by the Customs Department was one of the main stories on Wednesday #39;s newspapers. L-Orizzont published,Sci/Tech,Business
"Discovery Channel Tests Power of Licensing By rushing more than 700 products under the American Chopper brand as part of a new in-house licensing program, the cable channel is relying more heavily on licensing to market shows.",Business,Sci/Tech
"Linux: Paris weighs a shift to open-source camp PARIS The open-source computer system known as Linux won a tough battle over Microsoft earlier this year when the city of Munich decided to change the operating software of 14,000 government computers, despite the personal intervention of Steve Ballmer",Business,Sci/Tech
"Spaceport Mum on Frances Shuttle Delays (AP) AP - The director of the hurricane-ravaged Kennedy Space Center refused to speculate Tuesday whether the damage will thwart plans to resume shuttle flights next spring, but his words offered little hope of an on-time launch.",Sci/Tech,World
Exhausted Massu Outlasts Fish for Gold ATHENS (Reuters) - An exhausted Nicolas Massu reeled in Mardy Fish in five tortuous sets on Sunday to win Chile their second gold medal at an Olympic Games less than 24 hours after helping them to their first.,Sports,Business
"Product Previews palmOneUpgrades Treo With Faster Chip, Better Display\With more than 600,000 units shipped, the Treo 600 is one of the big smartphone success stories. Last week, palmOne introduced the follow-on Treo 650 with a higher resolution 320-by-320-pixel TFT screen, which the company claims increases the visible area of the display and makes pictures and documents much clearer. The 650 also carries a removable battery; 32MB of flash memory, and a faster 312MHz, Intel XScale processor. Improved multimedia features include a built-in MP3 player, a digital camera with improved low-light capabilities, as well as video capture and playback functionality. Products are expected to ship by years end from some carriers who will add their own services, and will be priced at about \$499.\ Treo 650, palmOne",Business,Sci/Tech
"Hendrick Motorsports Our thoughts are with the Hendricks Motorsport team in the United States today following the plane crash in Sunday which killed five team members, two family members and three pilots.",Sports,World
"2004 Signals More Global Warming, Extreme Weather: UN (Reuters) Reuters - Global warming is set to continue, and\bring with it an increase in extreme weather such as hurricanes\and droughts, scientists from the United Nations' World\Meteorological Organization warned on Wednesday.",Sci/Tech,Business
"Phishing on the increase, group says (InfoWorld) InfoWorld - Online phishing schemes increased significantly in October as financial institutions struggled to combat attempts to steal private account information from online consumers, according to the Anti-Phishing Working Group (APWG).",Sci/Tech,Business
"Australia #39;s Seven FY Net Jumps 59 To A\$93.3M -2- SYDNEY (Dow Jones)--Australian television broadcaster Seven Network Ltd. (SEV) said Tuesday net profit jumped 59 to A\$93.3 million for the fiscal year ended June 26, boosted by profit proceeds from the sell down of its stake in B Digital.",Business,Sports
SC to hear Zee petition tommorrow Five judges of the top court will hear a petition filed by Zee Telefilms on Tuesday. A three-judge panel of the Supreme Court said a five-judge bench would hear the dispute that threatens the rights of India #39;s,Sports,Sci/Tech
"Approval Expected for Big Cellphone Deal Federal regulators will formally approve Cingular Wireless #39;s \$41 billion purchase of AT amp;T Wireless today, company officials briefed on the matter said over the weekend.",Sci/Tech,Business
England humble Sprinboks Charlie Hodgson scores 27 points as England overwhelm the Springboks at Twickenham.,World,Sports
"UPDATE 1-Diebold cuts forecast, cites voting machine unit Diebold Inc. (DBD.N: Quote, Profile, Research) , the leading maker of automated teller machines, on Monday reduced its third-quarter and full-year earnings forecasts as it absorbs",Business,Sci/Tech
"Times to go completely compact The Times newspaper has announced that it is to move on from its tradition of publishing in a broadsheet format and will appear in a compact size only, starting on Monday.",Sci/Tech,Business
"DreamWorks Animation IPO may raise up to \$725M Animated film-maker DreamWorks Animation SKG Inc. set its anticipated initial public offering at 29 million shares -- which could raise \$725 million, Reuters is reporting.",Business,Sci/Tech
"In Athens, the other Olympics It was a sight the Greeks had never seen: Beneath the ancient temples of the Acropolis, dozens of international visitors maneuvered",Sports,World
BSkyB sees profits rise after strong subscriber growth (AFP) AFP - British satellite broadcaster BSkyB said profit rose by 16 percent in the first quarter as the group enjoyed strong subscriber growth in the run-up to the key Christmas trading period.,World,Business
FCC says allowing cable TV subscribers to choose their channels ... Federal regulators rejected on Friday the idea that allowing cable TV subscribers to pay only for channels they want would lower high cable bills.,Business,Sci/Tech
"Internet Emerging As Potent Terrorist Tool By THOMAS WAGNER LONDON (AP) -- The images coming out of the latest hostage crisis in Iraq - capped by dramatic video of British captive Kenneth Bigley begging for his life - have transfixed Britons, left governments looking helpless, and revived a classic dilemma about whether to negotiate with terrorists. But the plight of the British construction worker and his two murdered American colleagues has also raised new concerns about terrorists' tremendous ability to set agendas in an Internet age that makes their messages - even in the form of shocking beheading videos - all but impossible to stop...",Sci/Tech,World
"Jury Can Hear of Kobe Accuser's Sex Life (AP) AP - Prosecutors suffered another setback Monday in the Kobe Bryant sexual assault case, losing a last-ditch attempt to keep the NBA star's lawyers from telling jurors about the alleged victim's sex life.",Sports,World
Google scores first-day bump of 18 (USATODAY.com) USATODAY.com - Even a big first-day jump in shares of Google (GOOG) couldn't quiet debate over whether the Internet search engine's contentious auction was a hit or a flop.,Sci/Tech,Business
"For Many Airline Pilots, the Thrill Is Gone While pilots still feel in command in the air, they increasingly are feeling slighted on the ground, as airlines extract salary and benefits concessions from them.",World,Sci/Tech
"Google Wins Trademark Victory Over GEICO ALEXANDRIA, Va. (Reuters) - A federal judge on Wednesday handed online search engine Google Inc. GOOG.O a victory in a trademark infringement case on Wednesday, ruling that when users searched for insurer GEICO, Google could display rivals as well.",Business,Sci/Tech
"Tough Talks Ahead After EU Is Criticized Efforts to forge the world's largest free trade zone between the European Union and South America's Mercosur economic bloc are unlikely to be concluded by an Oct. 31 deadline, the EU said Thursday, with both sides declaring each other's trade offers insufficient.",World,Business
Stern: #39;I #39;m tired of censorship #39;; switches channels The local radio galaxy tilted on its axis Wednesday when New York shock jock Howard Stern announced he would abandon the radio dial in 2006 for satellite subscriber radio.,Business,Sci/Tech
"Alamosa Offers to Buy AirGate (Reuters) Reuters - Alamosa Holdings Inc. said\on Monday it made an unsolicited bid for AirGate PCS Inc.\ worth about #36;380 million, which would create one of\the largest sellers of wireless telephone service under the\Sprint brand.",Sci/Tech,Business
"Japan Won't Have U.S. Beef Anytime Soon (Reuters) Reuters - Japan's lucrative market for U.S.\beef, ruptured by mad cow disease worries, is likely to remain\closed for the rest of this year, U.S. meat industry officials\said on Thursday.",World,Business
"Prized Fossil Just a Rock? With positive and negative results, it remains to be seen what type of Fossil this company really is.",Business,Sci/Tech
Drugstore Offers New Wave of Disposable Cameras NEW YORK (Reuters) - Pharmacy chain CVS Corp. on Thursday said it would offer the world's first disposable digital camera with a bright color viewing screen that allows consumers to instantly preview pictures.,Sci/Tech,Business
"Two gored to death in Spanish bull-run Two Spanish men were gored to death by fighting bulls yesterday during the bull-run at the local fiestas in Ampuero, a town 30 miles east of the northern port city of Santander.",World,Sports
"Going ballistic: Agni-II test fired NEW DELHI: Indias quest to develop a solid missile defence took a step forward today when it successfully test-fired the surface-to-surface Agni-II missile, which can cover targets in the 2000-2500 kms-range, from the Integrated Test Range (ITR) at",World,Sci/Tech
IBM announces Lenovo deal IBM Corp. is selling its personal computer business to China #39;s largest PC maker in a \$1.25 billion deal that marks the end of an era for the company that made quot;PC quot; a household word.,Business,Sci/Tech
Research Is Definitely in Motion The Blackberry wireless device maker is straining to exceed expectations.,Business,Sci/Tech
Judge Clears Release of Kobe Evidence (AP) AP - A judge cleared the way for the release of documents and other evidence in the Kobe Bryant sexual assault case on Wednesday.,Sports,World
"Second Acts Former House speaker Thomas M. Finneran is the new president of the Massachusetts Biotechnology Council, a trade group that counts more than 400 members, including Genzyme Corp. and Biogen Idec Inc., the two largest biotechnology companies in the state. Its previous president left under pressure earlier this year, and some members say they chose Finneran, who quit his legislative post ...",Business,Sci/Tech
World Trade Organization holds off on sanctions over US anti ... The World Trade Organization held off Wednesday on approving stiff sanctions on US exports - ranging from cod to mobile homes - intended to punish Washington until it repeals the so-called Byrd amendment.,Business,World
"Pot charge dropped against Anthony In a case that his lawyer said quot;has received more prosecutorial scrutiny than any petty offense in Denver history, quot; Nuggets forward Carmelo Anthony saw the marijuana charge he faced dropped by the Denver City Attorney #39;s office today.",Sports,Business
Chip Giant UMC Reports Higher Profits (AP) AP - United Microelectronics Corp. #151; the world's No. 2 producer of made-to-order chips #151; on Wednesday reported that its third-quarter net profit more than doubled on year as shipments of chips for mobile phones and other gadgets increased.,Sci/Tech,Business
India seeks new TV bids The Indian Board re-opens the bidding for TV rights after Australian threaten to cancel their tour.,World,Business
"Man arrested for fatally stabbing elderly parents SAITAMA -- A middle-aged man who fatally stabbed his parents has been arrested, police said. Hideo Nakajima, an unemployed man from Soka, Saitama Prefecture, apparently called police shortly before 8 pm, Wednesday.",Sci/Tech,World
Sandia Motor Speedway for Sale on eBay (AP) AP - And the race is off! Only 29 days and some odd hours left to place your bid on eBay to buy the Sandia Motor Speedway.,Sci/Tech,Sports
"Sirius counting Stern boost Howard Stern #39;s planned defection is a tremendous coup for the emerging satellite radio industry and a setback for the already slumping field of traditional radio -- especially Viacom, which",Business,Sci/Tech
Red Hat replaces CFO Charles Peters Jr. is taking over as the company deals with the aftereffects of restating its earnings for the past three fiscal years.,Sci/Tech,Business
"Oracle v. Peoplesoft: the joke is on... Opinion I thought it was a joke when Oracle first announced that it was going to try to buy PeopleSoft; or, at best, a spoiling tactic over PeopleSoft #39;s acquisition of JD Edwards.",Business,Sci/Tech
"EBay Expands PayPal Buyer Protection Up to \$1,000 PayPal, eBay Inc. #39;s (EBAY.O: Quote, Profile, Research) online payment service, will expand its US buyer protection program to cover up to \$1,000 for qualified transactions, the company said on Thursday.",Sci/Tech,Business
Olympics: High-Flying Holm Aims to Defy Science (Reuters) Reuters - Sweden's gold medal-winning high\jumper Stefan Holm reckons he can leap even higher but\scientists say he and other athletes were already close to the\limit of what they can achieve.,Sci/Tech,Sports
"Adobe updates RAW plug-in with digital negative format Adobe has updated Photoshop #39;s support for digital cameras #39; RAW image formats. The new plug-in adds to the number of camera models supported and includes a utility for converting images into the DNG, digital negative format.",Business,Sci/Tech
"BHP Billiton, Alcoa sell Integris Metals for 359 million pounds (AFP) AFP - Anglo-Australian mining giant BHP Billiton and Alcoa, the world's largest aluminium producer, have agreed to sell their metal services joint venture Integris Metals for 660 million dollars (359 million pounds) including debt, a joint statement said.",World,Business
"Bay Bridge span faces re-bid, possible redesign The eastern span of the Oakland-San Francisco Bay Bridge, currently under construction and over budget, will be re-bid, according to Sunne Wright McPeak, secretary of California #39;s Business, Transportation and Housing Agency, which oversees Caltrans, the",Business,Sci/Tech
"Oil exports flow as strike woes ease A general strike in Nigeria, which has raised fears over oil supply from the world #39;s seventh-largest exporter, will likely end its first phase on Thursday quot;all going well quot;, union leaders said.",World,Business
"Breast scans 'fail' in some women Some women with breast cancer are less likely to have their tumours picked up by scans, say experts.",World,Sci/Tech
"SBC and Yahoo! extend pact to offer Internet service SAN ANTONIO SBC Communications and Yahoo are expanding their high-speed Internet service partnership to link video, wireless phone, Internet and other services.",Business,Sci/Tech
"Lockheed Profit Jumps on IT, Jet Demand \ NEW YORK (Reuters) - No. 1 U.S. defense contractor Lockheed\Martin Corp. reported a 41 percent rise in quarterly\profit on Tuesday, beating Wall Street forecasts, as demand\soared for its combat aircraft and information technology\services.",Sci/Tech,Business
"Giga counters They #39;re bold, brash and break most rules of business -- so why are the Google guys multi-billionaires? GOOGLE Inc had plenty to celebrate at its recent annual summer picnic -- its debut as a public company",Sci/Tech,Business
"Locusts Devastate Mauritania Crops, Others Escape (Reuters) Reuters - Crop-devouring locusts have caused major\damage to cereals in Mauritania but other West and Central\African states have suffered much less than feared from the\worst infestation in over a decade, the U.N. said on Thursday.",Sci/Tech,World
Australian Bookies Gutted After Betting Splurge AUSTRALIA - As reported by the Sydney Morning Herald: quot;The biggest betting plunge in recent memory ensured bookmakers at Randwick were #39;stripped out #39; of more than \$3 million by Makybe Diva #39;s Melbourne Cup romp yesterday.,Sports,Business
"Jones Advances in Long Jump; Johnson Out ATHENS, Greece - Marion Jones made her Athens debut in virtual anonymity, quietly advancing to the long jump final. Allen Johnson had the attention of everyone in the stadium, for all the wrong reasons...",World,Sports
"Glory Comes Amid Empty Seats and Closed Shutters HERE in Old Europe, people install shutters outside their windows to keep out the heat, the pollution, the daylight, the noise. They also lock the shutters tight when they go away on holiday.",Sports,Sci/Tech
"Plant a tree at Easter urges Nobel laureate world to plant trees at Easter as a symbol of renewal and to protect the planet. planted, quot; Maathai told Reuters Television in Oslo, where she received the 2004 Nobel Peace Prize.",World,Sci/Tech
"Is this the end of IT as we know it? Halsey Minor, CEO of hosted integration provider grand central Communications, has a powerful message for IT: In four years, ... basically the whole notion of enterprise application software is going to be dead. He believes application functionality will instead be available as hosted, pay-per-use services delivered by companies such as Salesforce.com. Putting his money where his mouth is, Minor has recently launched a \$50 million venture capital fund with his own money to fuel on-demand startups. For its part, Grand Central will handle data and process integration between enterprises and multiple on-demand services.",Business,Sci/Tech
"Experts Predict Mount St. Helens Eruption (AP) AP - The flurry of earthquakes at Mount St. Helens intensified further Thursday, and one scientist put the chance of a small eruption happening in the next few days at 70 percent.",Sci/Tech,World
"SIA: Chip sales to hit record, flatten Worldwide semiconductor sales will hit an all-time high in 2004 but stay relatively flat in 2005 before climbing again over the next two years, according to the Semiconductor Industry Association.",Business,Sci/Tech
"China, ASEAN Agree to End Tariffs (AP) AP - China has reached agreement with the Association of Southeast Asian Nations, or ASEAN, on completely removing tariffs on merchandise goods by 2010 as part of a proposed free trade agreement, the Chinese Ministry of Commerce says.",World,Business
"Microsoft finalises three-year government deal Hot on the heels of its 10-year strategic partnership with the London Borough of Newham, Microsoft is close to signing a new broad three-year public sector agreement with the government.",Sci/Tech,Business
"Cisco Buys IP Platform Maker Network equipment giant Cisco Systems (Quote, Chart) is buying IP platform specialist P-Cube for \$200 million in cash and stock. P-Cube #39;s technology helps telecom carriers, cable operators and ISPs manage",Sci/Tech,Business
"Maddux Wins No. 302, Baker Wins No. 1,000 Greg Maddux pitched the Chicago Cubs into the lead in the NL wild-card race and gave Dusty Baker a win to remember. Maddux threw seven shutout innings for his 302nd career win, Baker got his 1,000th victory as a manager and Chicago beat the Montreal Expos 5-2 on Monday night...",World,Sports
"Alaska Wildfires Grow to Record 5 Million Acres (Reuters) Reuters - Wildfires have scorched over\5 million acres in Alaska as of Tuesday, forestry officials\said, a new record that signals possible changes in climate\conditions and the composition of the vast forests.",Sci/Tech,Business
"Carnival crowds likely to top 1m As the Notting Hill Carnival enters its final day, police say they are pleased with how it has gone so far. About 250,000 people took to the streets on Sunday - more than double the first day last year - to celebrate 40 years of the west London event.",World,Sports
"PM edges ahead in latest poll JOHN Howard #39;s plea for voters to trust him with the economy is paying early dividends, an exclusive Herald Sun poll shows. The Coalition has moved ahead of Labor by 52 per cent to 48 per cent as the Prime Minister #39;s interest rates campaign takes hold.",World,Business
England's Lawyers Try to Get Photos Thrown Out Lawyers for Pfc. Lynndie R. England sought Wednesday to throw out evidence at the heart of the Abu Ghraib prison scandal -- the now-infamous photos showing her smiling and pointing at naked Iraqi detainees.,World,Sports
"HAYLEY MICK: Hayley Mick is a journalist currently based in Vancouver. She has broadcast experience with CBC Radio #39;s Quirks and Quarks and has reported for the Vancouver Sun, CBC Online, and the Canadian Press #39;s Ontario and Vancouver bureaus.",World,Sci/Tech
New EU Executive Chief Announces Revamped Team The incoming head of the European Union #39;s executive body has announced changes to his group of commissioners and says he is ready to go to the European Parliament to seek its approval of his team.,World,Business
Rain threatens triangular final (AFP) AFP - Organisers were left banking on the Dutch weather to spare Saturday's final of the triangular cricket tournament after deciding against altering the fixture schedule in a bid to beat the rain that has marred this warm-up event for next month's ICC Champions Trophy in England.,World,Sports
"Athens coverage a winner for NBC NBC and its family of cable networks flooded American households with nearly nonstop coverage of the Athens Olympics, and the strategy - along with strong performances by the US teams in swimming and gymnastics -roduced not only a ratings increase",Sports,Sci/Tech
"Munro, Morris Face Off in NLCS Game 2 ST. LOUIS - The Houston Astros put their hopes in a pitcher untested in the postseason when they give Pete Munro the ball to start Game 2 of the NL Championship series on Thursday, one night after dropping the opener to the St...",World,Sports
"Chavez victory confirmed Caracas, Venezuela - The results of an audit support the official vote count showing that President Hugo Chavez won this month #39;s recall referendum in Venezuela, the head of the Organization of American States said Saturday.",Business,World
"Colombia Accuses Cos. of Illegal Imports The Colombian government has filed a lawsuit accusing Pernod Ricard SA, Diageo PLC and Seagram Export Sales Co. of illegally importing spirits via Colombian companies that launder drug money.",World,Business
"World Population to Rise to 8.9 Billion Although world families are getting smaller in many regions, the 50 poorest countries are expected to triple in size to 1.7 billion people by 2050, posing many challenges for world countries.",World,Business
EU transport chief hails Alitalia accord (AFP) AFP - EU transport and energy commissioner Loyola de Palacio hailed the accord reached between Alitalia management and staff on a major restructuring plan aimed at keeping the struggling airline in the air.,World,Business
"Australia cancels 80pc of Iraqi debt Nineteen countries, including Australia, have agreed to cancel 80 per cent of the debt Iraq owes them. The deal secured for the Paris Club of creditor nations ends a trans-Atlantic dispute and probably sets",World,Business
"Bangladesh boss slams detractors Bangladesh's coach says they still deserve Test status after their 30th defeat, to India.",World,Sports
"Hurricane Ivan Slams U.S. Gulf Coast Hurricane Ivan roared into the Gulf Coast near Mobile, Alabama, early this morning with peak winds exceeding 125 miles an hour (200 kilometers an hour).",Sci/Tech,World
"Microsoft vs Sendo: It #39;s over The legal battle between UK phone manufacturer Sendo and Microsoft has been settled, the companies announced on Monday morning. Sendo had been suing Microsoft for the alleged theft of trade secrets, fraud",Business,Sci/Tech
Feed-Tube Law Is Struck Down in Florida Case The court said that Gov. Jeb Bush violated separation of powers when he signed a law to keep Theresa Schiavo alive.,World,Business
"Dell Exits Low-End China Consumer PC Market HONG KONG (Reuters) - Dell Inc. , the world's largest PC maker, said on Monday it has left the low-end consumer PC market in China and cut its overall growth target for the country this year due to stiff competition in the segment.",Sci/Tech,Business
Travelzoo Shares Rise as Offering Rumor Fades (Reuters) Reuters - Shares of Internet travel site\Travelzoo Inc. rose nearly 4 percent on Wednesday as\market rumors of a secondary stock offering faded.,Sci/Tech,Business
"E-commerce still booming Online retail sales continue to show significant growth, according to the latest figures released by the US Department of Commerce.",Sci/Tech,Business
Sri Lanka off to positive start Kumar Sangakkara's unbeaten fifty revives Sri Lanka's chances against Pakistan.,World,Sports
"Airbus will move forward on 7E7 competitor Airbus has been given the go-ahead to develop a new jet designed to compete with The Boeing Co. #39;s new 7E7, according to reports by The Associated Press Friday.",Business,Sci/Tech
"Bush administration shifts stance on the cause of warming NEW YORK In a striking shift in the way the Bush administration has portrayed the science of climate change, a new report to Congress focuses on federal research indicating that emissions of carbon dioxide and other heat-trapping gases are the only likely",Sci/Tech,World
"Slew of Lawsuits Will Target Vioxx Maker Throngs of lawyers who represent people allegedly hurt or killed by the withdrawn painkiller Vioxx will gather in California and Las Vegas next week to discuss preparing class-action lawsuits against the drug #39;s maker, Merck amp; Co.",Business,Sci/Tech
Woman's death probed Public health officials are investigating why a 38-year-old woman died two weeks after undergoing gastric bypass surgery at Saint Anne's Hospital in Fall River. The hospital has stopped offering the surgery during the state probe and an internal review.,Business,World
"Netopia to Restate Results (Reuters) Reuters - Netopia Inc. a maker of\networking gear, on Thursday said its auditor KPMG LLP\resigned, and said it will restate two years of results and\revise the results in its most recent fiscal quarter.",Sci/Tech,Business
"CAO executives hand over passports Executives at the collapsed China Aviation Oil Singapore have voluntarily handed over their passports to Singapore #39;s police, a spokesman said Tuesday.",Business,World
Mount St. Helens Sprouts Magma Extension (AP) AP - The new lava lobe inside Mount St. Helens' crater has sprouted a piston-like protrusion the size of a 30-story building #151; glowing red at night.,Sci/Tech,World
"Shareholders Approve Aether Changeover Shareholders approved Aether Systems Inc.'s sale of one of its two remaining operating divisions Wednesday, a deal that will take the Owings Mills company out of the wireless business and nearly complete its transformation into a mortgage investment fund.\-The Washington Post",Sci/Tech,Business
An Old Church's New Tilt Inspires Tourists and T-Shirts A humble church has something Germany's glorious Cologne Cathedral cannot match: a leaning tower.,World,Sci/Tech
"MicroStrategy Turnover Draws Analyst Scrutiny MicroStrategy Inc. said yesterday that president and chief financial officer Eric F. Brown had resigned and that founder Michael J. Saylor would again hold the company's top three jobs, prompting some analysts to raise concerns about the company's stock.",Sci/Tech,Business
"Conversion Rates Between PPC (Paid) and Organic (Free) Results Conversion Rates Between PPC (Paid) and Organic (Free) Results\\In a thread over at Cre8asite Forums named Organic vs Paid traffic ROI?, there is a discussion going on about the different conversion rates and ROI seen between the pay per click traffic (paid traffic) and organic traffic (free traffic). I have ...",Sci/Tech,Business
U.S. Genetically Modified Corn Is Assailed A scientific panel of international experts has concluded that the unintended spread of U.S. genetically modified corn in Mexico poses a potential threat that should be limited or stopped.,Sci/Tech,World
"Labor situation deserves honest talk For a moment last week, President Bush escaped the White House spin chamber and was the plainspoken man much of the nation came to like four years ago.",Business,World
Producer sues for Rings profits Hollywood producer Saul Zaentz sues the producers of The Lord of the Rings for \$20m in royalties.,World,Business
"R.I.P. Gary Webb -- Unembedded Reporter The finest journalist ever to get fired for telling the truth is dead at age 49. The official cause of death on the death certificate will be suicide. But, as we shall see, he had much help getting to that point. The story of the life and death of Gary Webb says much about the state of American politics and what passes as ""journalism"" in today's America.",Sci/Tech,World
Next Big Hit at the Modern: Its Reopening The buzz over the greatly enlarged museum is expected to turn into a cacophony on Saturday.,World,Sports
"UK Train Line to Be Closed for Days #39; After Fatal Derailment A main rail line between London and southwest England will remain closed for a number of days #39; #39; as UK police investigate the weekend derailment of a FirstGroup Plc train, in which seven people lost their lives.",World,Sci/Tech
"Cyber-Security to Get Higher-Profile Leader Homeland Security Secretary Tom Ridge said yesterday that the role of overseeing computer security and the Internet should have a higher profile at the agency, in the face of increasing concern from technology executives and experts that cyber-security is getting inadequate attention.",Sci/Tech,World
"PeopleSoft gets closer to IBM As the threat of a hostile takeover by Oracle rumbles on, PeopleSoft has announced a \$1bn partnership with IBM. Speaking at PeopleSoft #39;s user conference in San Francisco yesterday, the company #39;s chief executive",Business,Sci/Tech
"Poes condition worsens--doctors (2nd UPDATE) MOVIE actor Fernando Poe Jr. #39;s condition has deteriorated, according to a bulletin his doctors issued on Monday. He is still in a coma and has multiple organ system involvement.",World,Sci/Tech
"US star slams sweet-rustlin', phone beepin' theatre crowd (AFP) AFP - Kevin Spacey, the US screen star who is spending a season working for one of London's top West End theatres, lashed out at members of the audience who rustle sweet wrappers and forget to turn off their mobile phones during performances.",Sci/Tech,Sports
Slovaks and Czechs reject French minister #39;s suggestion over EU ... The Slovak and Czech governments Monday rejected a proposal by French Finance Minister Nicolas Sarkozy to axe structural funds for new EU members whose taxes were lower than the European average.,Business,World
"Authorities shut down UK-based news Web sites US authorities, participating in an international investigation, have shut down 20 independent news Web sites run by the Independent Media Center (Indymedia) by seizing two UK-based Web servers, the group said on Friday.",Sci/Tech,World
Sex Toy Shuts Down Australian Airport A scare triggered by a vibrating sex toy shut down a major Australian regional airport for almost an hour on Monday. The vibrating object was discovered on Monday morning inside a garbage can at the terminal,World,Sci/Tech
"The Russians are back St. Paul, Minn.Outclassed and completely humiliated by the Russians here last night, the reeling and desperate Americans are planning wholesale lineup changes to get back on track in the World Cup.",Sports,World
Bush Blames Poorly Made Shirt for Bulge (AP) AP - President Bush sees the value #151; and the humor #151; in the idea that aides could secretly feed him advice through a radio receiver hidden on his back.,World,Sports
"Bullies move online Singapore - More complaints of cyberbullying are emerging from youngsters in Singapore than any other country except the United States, an international safety group said in a report on Monday.",Sci/Tech,World
"Texas School to Offer Women's Gaming Scholarship (Reuters) Reuters - As part of a drive to attract more\women into the male-dominated video game industry, a program\for aspiring game developers at Southern Methodist University\will offer a women-only scholarship, organizers said on\Thursday.",Sci/Tech,Business
Forecast Frosty for U.S.-Canadian Ties TORONTO -- The weather won't be the only thing that's cool when President Bush visits neighboring Canada next week.,World,Sports
"MOM 2005 Released to Manufacturing Microsoft on Wednesday announced the release to manufacturing of Microsoft Operations Manager (MOM) 2005 and MOM 2005 Workgroup Edition, a new edition that the company previously called MOM 2005 Express.",Business,Sci/Tech
"Spam suspension hits Sohu.com shares (FT.com) FT.com - Shares in Sohu.com, a leading US-listed Chinese internet portal, fell more than 10 per cent on Friday after China's biggest mobile phone network operator imposed a one-year suspension on its multimedia messaging services because of customers being sent spam.",Sci/Tech,Business
"Fable; Nascar 2005: Chase For The Cup Fable comes with a big reputation behind it -- it was developed by Peter Molyneux, creator of such involved, engrossing games as Populous and Black and White.",Sci/Tech,Sports
FDA stifled dangerous Vioxx results - expert Washington - An expert with the United States Food and Drug Administration (FDA) has said on Thursday he was pressured by his agency to stifle study results showing the potential dangers of the anti-inflammatory drug Vioxx.,Business,Sci/Tech
Do-not-call bill could be introduced today The federal government hopes to introduce legislation today to establish a do-not-call registry for consumers who want to stop endless telemarketing pitches.,Business,Sci/Tech
"A Fair Tax Some say a ""fair tax"" that removes the need to file tax returns from the vast majority of the citizenry is a national sales tax. This doesn't seem to be very fair to people trying to feed, house and clothe themselves and seems to subsidize large land holders (Bush's favorite constituency). There is a tax that lives up to the promises broken by Bush's proposal for a national sales tax.",Sci/Tech,Business
"Turkey to Get Green Light for EU Entry Talks -Paper The European Commission #39;s report on Turkey next week will recommend that the European Union open accession negotiations with Ankara, the German daily Bild said Sunday, quoting sources at the EU executive.",World,Business
"FCC declares authority over states on VoIP (SiliconValley.com) SiliconValley.com - Federal regulators Tuesday declared authority over the states in governing Internet phone services, a move providers called crucial to fostering growth, innovation and competitive pricing in the budding industry.",Sci/Tech,Business
Mexico Struggles to Preserve Ancient Ruins (Reuters) Reuters - The majestic pyramids and\temples of the ancient Zapotec kingdom of Monte Alban sit\spectacularly atop a hill in Mexico's southern state of Oaxaca.,Sci/Tech,World
"UPDATE 2-UK #39;s Linx drops ITW offer after Danaher steams in British company Linx Printing Technologies Plc (LPT.L: Quote, Profile, Research) dropped its backing for an earlier takeover offer on Wednesday after US firm Danaher Corp (DHR.",Business,Sci/Tech
"Bonds Could Have Unknowingly Taken Steroids OAKLAND, California (Reuters) - Barry Bonds took creams and oils that could have contained steroids, but did so unknowingly out of blind faith in his trainer and best friend, the baseball player's lawyer said on Friday.",Sports,Business
Update 1: Passengers Stranded by Canceled Flights Thousands of disgruntled vacationers were stranded at Heathrow Airport Tuesday after British Airways canceled scores of flights because of staff shortages and technical hitches.,World,Business
"USA : Textile industry to renew request to place embargo on ... The US textile industry officials would plead for blocking Chinese imports to the Bush administration this month. Earlier this year, the White House had rejected a similar request made by 130 Republican and Democratic members of Congress.",Business,World
"Bomb found near Berlusconi #39;s villa Italian Premier Silvio Berlusconi (left) goes for a walk with British Prime Minister Tony Blair and his wife Cherie Blair at Berlusconi #39;s villa, Monday. AP ...",World,Sports
"Cingular Planning Major 3G Wireless Rollout Just as the AT amp;T buy helped Cingular move ahead of Verizon Wireless to the top of the industry in terms of size, the new network would likely give it an overall faster network, a distinction most say Verizon can now boast.",Business,Sci/Tech
"SUSAN TOMPOR: Stores turn paper into e-checks I picked up my 6-year-old son from school last week, and we drove to Wal-Mart to see the future for paper checks. We grabbed a few of life #39;s staples: some Legos, a pack of 3x5 cards to create",Business,Sci/Tech
"Problem device bypassed trials The catheter that triggered three safety recalls by Boston Scientific Corp. of its best-selling Taxus coronary stent after being linked to three deaths and 47 injuries had not been subjected to the rigors of a human clinical trial, FDA records show.",Business,Sci/Tech
I.B.M. Agrees to Settle Part of Giant Pension Case I.B.M. said that it had agreed to pay \$320 million to its employees to settle in part a class-action lawsuit over its pension plan.,Sci/Tech,Business
"Report: EADS Could Link With Thales The French government is considering a linkup of European Aeronautic Defence amp; Space Co. with Thales SA to create an aerospace giant, the financial daily Les Echos reported Friday.",Business,Sci/Tech
"Spyware opponents win another battle The Federal Trade Commission won an important victory last week in its fight to protect consumers from spyware, the software that tracks unsuspecting Web surfers, bombards them with advertisements and sometimes even steal login information and passwords.",Business,Sci/Tech
"IBM posts broad Q3 revenue growth NEW YORK - IBM Corp. posted quarterly results on Monday showing 9 percent revenue growth from last year and slight earnings growth, despite a \$320 million charge it took during the quarter to settle some claims in a lawsuit over its pension plan.",Sci/Tech,Business
"Without Batting An Eyelash : A very French welcome for a new ... THAT night, it seemed as if three or four parties were going on at once in Cosmo Manille. Wrong, palanggas. Actually, there were five in Makati alone, and one of them had a stream of traffic",Business,Sports
Touchy Times at Midas The auto maintenance company has a simple business but a complicated prognosis.,Business,Sci/Tech
"America #39;s curse There is an all but unanswerable case for asserting that the biggest story out of the United States this week has nothing to do with the presidential election, has no connection with the flu vaccine shortage and that it does not involve a gay bishop either",Sports,Business
"BBC 'must keep up' BBC boss Mark Thompson says the corporation must keep up with change, after announcing nearly 3,000 job cuts.",World,Business
The Great Vegetarian Scam Ive written before about my struggle to remain a vegetarian on Tuesday - when I abjure meat for religious reasons -hile travelling.,Sci/Tech,World
"Iceland Offers Shelter to Fugitive Chess Player Fugitive chess master Bobby Fischer has been offered a new home in Iceland, where he won a classic victory in 1972, but it is unclear whether he will be able to make the move from his detention in Japan.",World,Sports
Brewers buyer expected to step out of the shadows Monday MILWAUKEE - Paul Attanasio says the story of his brother buying a baseball team is like a script straight out of Hollywood. He should know.,Business,Sports
"Former Dot-Com Commerce One Eyes Closure Commerce One Inc., an Internet software maker valued at \$20 billion at the peak of dot-com mania, is poised to go out of business as a pauper.",Sci/Tech,Business
"T-Online returns to Deutsche Telekom mothership German incumbent telco Deutsche Telekom announced over the weekend it is to begin taking its internet division, T-Online, back entirely within the mother corporation.",Business,Sci/Tech
"Oil prices bubble to record high The price of oil has continued its sharp rise overnight, closing at a record high. The main contract in New York, light sweet crude for delivery next month, has closed at a record \$US46.75 a barrel - up 70 cents on yesterday #39;s close.",World,Business
Ex-Pentagon Official Gets 9 Months for Conspiring to Favor Boeing The former official was sentenced after acknowledging that she had favored the Boeing Company in Pentagon contracts while seeking a job at the company for herself.,Business,World
"Bush Signs Into Law Debt Ceiling Increase WASHINGTON (Reuters) - President Bush on Friday signed intolaw a measure authorizing an \$800 billion increase in thecredit limit of the United States, the White House said.",World,Business
"US consumers unaware of spyware The findings come in a report from the newly formed Consumer Spyware Initiative, a joint effort by Dell and the non-profit Internet Education Foundation that aims to increase awareness of spyware.",Business,Sci/Tech
"With work, Dana-Farber learns from '94 mistakes Nurse Teresa Mazeika has known the woman knitting in the blue reclining chair for months. But she asks Carolyn Harlow her name and birthday anyway, as she approaches with chemotherapy for Harlow's blood cancer. Mazeika, a 17-year nursing veteran at Dana-Farber Cancer Institute, isn't taking any chances that she is about to give the drug to the wrong patient.",Business,Sci/Tech
Qatar Defense Show Focuses on Videogame Technology DOHA (Reuters) - Rick Bracewell is driving through Baghdad when gunmen open fire. Then a nearby dead dog strapped with explosives blows up and his vehicle goes up in flames.,Sci/Tech,World
"Global Warming May Spur Fiercer Hurricanes - Experts (Reuters) Reuters - As Hurricane Ivan and its powerful\winds churned through the Gulf of Mexico, scientists told\Congress on Wednesday that global warming could produce\stronger and more destructive hurricanes in the future.",Sci/Tech,World
"Movies in a snap: Netflix and TiVo discuss downloads Bee Staff Writer. The high-tech ground is shifting underfoot again, amid rumblings of a new Silicon Valley alliance that would let owners of TiVo Inc.",Business,Sci/Tech
"FCC Mulls Airborne Mobile Phone Use Although there may have been technical limitations at the time the cell phone ban was established, according to IDC #39;s Shiv Bakhshi, it is unclear why the ban has remained in place, given that",Business,Sci/Tech
"Sources: Sprint, Nextel closing in on \$36B deal Sprint Corp. is in advanced talks to buy Nextel Communications Inc. for more than \$36 billion in a mostly stock deal, sources familiar with the situation said today.",Sci/Tech,Business
"Howard Stern Says He Plans to Jump to Satellite Radio After heavy F.C.C. fines, Howard Stern expects to deliver ""my show my way"" in the mostly unregulated medium.",World,Sci/Tech
"Stern to Join Sirius Satellite Radio NEW YORK - Howard Stern has long had two words for the Federal Communications Commission - and in 15 months, he can finally utter them on the air. The self-proclaimed ""King of All Media,"" perhaps the most influential radio voice of the last 20 years, is shifting his salacious act to satellite radio and freeing himself from the increasingly harsh glare of federal regulators...",World,Sci/Tech
"Stocks Sink on Coke's Gloomy Forecast NEW YORK - Stocks headed lower Wednesday after beverage giant Coca-Cola Co. issued a gloomy forecast, and a lower-than-expected reading on industrial production for August threw the nation's broader economic outlook into question...",World,Business
"Immigrants settled in big cities, but less likely to find work: StatsCan (Canadian Press) Canadian Press - OTTAWA (CP) - Most of the nearly two million immigrants who arrived in Canada during the 1990s settled in one of the country's 27 census metropolitan areas, but still found it harder to find work than natural-born citizens, Statistics Canada reported Wednesday.",World,Business
Ryder Cup: Europe close on victory Another good day at Oakland Hills sees Europe move 11-5 clear of the USA going into Sunday's Ryder Cup singles.,World,Sports
"HP to tempt holiday shoppers with sights and sounds The computer-hardware giant, best known for products such as PCs and printers, on Friday laid out its plan to become a brand-name in consumer electronics products such as flat-screen TVs, music players and the devices that move content between them.",Business,Sci/Tech
Baxter Ends Flu Vaccine Trial; Cites Side Effects Baxter International Inc. on Thursday said it halted a late-stage European trial of a flu vaccine because of higher-than-expected rates of fever and other symptoms.,Business,Sci/Tech
"SAP Awarded \$35 Million Postal Service Contract The postal service, which employs more than a third of the civilian employees of the federal government, chose SAP after a multi-year evaluation, it said.",Sci/Tech,Business
"U.N. Agency Sees No Rapid Development of El Nino (Reuters) Reuters - Fears of a new El Nino, a phenomenon\that brings extreme weather patterns, are unfounded despite\unusual ocean temperatures which often herald the devastating\weather anomaly, the World Meteorological Organization said\Thursday.",Sci/Tech,World
"Lloyds TSB cashes in on VoIP Lloyds TSB is gearing up to roll out one of the largest converged networks in Europe, a 500m 70,000 phone VoIP infrastructure linking all the bank #39;s branches and cash points.",Sci/Tech,Business
"HGS Picks Watkins as New Chief Executive Human Genome Sciences Inc. plans to announce today that it has hired a 20-year product development veteran from Abbott Laboratories Inc. as chief executive. H. Thomas Watkins, 51, will face the challenge of completing the Rockville company's makeover from gene hunter to drug marketer.",Business,Sci/Tech
Senate weighs H-1B visa changes U.S. senators are debating a controversial measure to exempt foreign student graduates from the cap on H-1B visas.,Sci/Tech,Business
"MEPS APPROVE REVAMPED COMMISSION Ending three weeks of stalemate, European lawmakers have approved a new executive commission for the European Union. European MPs had refused to accept a new team of commissioners proposed by Commission President Jose Manuel Barroso.",World,Business
"NTL sells broadcast unit for 1.27bn to Macquarie NTL, the UKs largest cable company, has agreed to sell its radio and television broadcasting business for 1.27bn to a fund managed by Australias Macquarie Bank.",Business,Sci/Tech
Dodge denies Copps charge that Martin wanted to scrap Canada Health Act (Canadian Press) Canadian Press - OTTAWA (CP) - Add the governor of the Bank of Canada to the list of people who say Sheila Copps has a faulty memory.,World,Business
"On TV -- from the Internet SAN MATEO, Calif. -- The promise of Internet-based video has long been hamstrung by copyright and piracy worries, slow dial-up connections, technical challenges, and consumer disdain for watching blotchy videos on their home computers.",Business,Sci/Tech
"IAAF to increase anti-doping measures The IAAF will increase testing and funding as well as cooperation with the World Anti-Doping Agency in its bid to detect and stem the use of new performance-enhancing substances, the sport #39;s governing body said Sunday.",Sports,World
"U.S. Men's Hoops Team Finally Gets a Rout ATHENS, Greece - The Americans got a taste of what it was like in the good ol' days. They finally played an opponent they were able to beat easily, routing Angola 89-53 Monday in their final preliminary game of the Olympic men's basketball tournament...",World,Sports
"Oracle #39;s Catz Sees PeopleSoft Profit Declining (Update1) PeopleSoft Inc. #39;s profit may drop significantly #39; #39; this year, and the company may have trouble surviving on its own, Oracle Corp.",Business,Sci/Tech
"PeopleSoft gives in to Oracle, takes bid PeopleSoft Inc. capitulated to Oracle Corp., accepting a sweetened \$10.3 billion takeover offer to end an 18-month battle that pitted PeopleSoft against its investors and led to the ouster of its chief executive.",Business,Sci/Tech
"DreamWorks, Pixar rule digital animation DreamWorks and Pixar both make cutting-edge digital animated films. But behind the scenes, the two studios are about as different as Shrek and Mr.",Business,Sci/Tech
"Bounties For Spammers Win Limited FTC Backing The FTC gave limited endorsement to the notion of cash rewards for people who help track down e-mail spammers, but suggested that the measure might work in fewer circumstances than had been pushed by some anti-spam activists. -The Washington Post",Sci/Tech,Business
"An Unknown Giant Flexes Its Muscles Although virtually unknown in the U.S., Lenovo - in talks to buy I.B.M.'s personal computer business - is China's largest PC maker and the world's fastest growing one.",Sci/Tech,Business
Skyboxes May Reach A Limit Verizon Communications Inc. would seem to be a prime candidate to snap up a luxury suite at the \$440 million ballpark being planned for Washington's Major League Baseball team.,Business,Sci/Tech
Woman drops sexual assault suit vs. Colorado One of the three women suing the University of Colorado for what they said was the school #39;s failure to protect them against sexual assault by football players has dropped her federal lawsuit.,Sports,World
How to take the perfect penalty A sports psychologist says how footballers should prepare themselves for the high-pressure penalties.,Sci/Tech,Sports
Erdogan Believes European Council #39;s Decision Will Be A Milestone PARIS - Turkish PM Recep Tayyip Erdogan expressed belief on Thursday that the decision that the European Council would make on December 17th (on whether and when to open negotiations with Turkey) would be a milestone for not only Turkey-(EU) relations,Business,World
"FDA Approves Lens Implant to Sharpen Sight WASHINGTON - There's a new option for people who suffer from extreme nearsightedness, whose world loses its crisp edge just a few inches from their noses. The first implantable lens for nearsightedness was approved Monday by the Food and Drug Administration...",World,Sci/Tech
This week in merger news This week saw three merger deals worth about \$60 billion--including one that ranks as the largest software merger in history.,Sci/Tech,Business
"Prime minister says Australia faces tough economic year in 2005 (AFP) AFP - Prime Minister John Howard warned that Australia's strong dollar, high world oil prices and the lingering effects of prolonged drought would dampen the country's long-buoyant economy in 2005.",World,Business
Finnish Watchdog Raps TV Game Operators (Reuters) Reuters - Finland's consumer watchdog said on\Monday it had reprimanded broadcasters for causing children to\run up huge mobile phone bills with interactive television game\and chat programs.,World,Sci/Tech
"China at G-7 Meeting for First Time China made its debut last night in the club of the world's leading economic powers, asinternational pressure mounts to change a decade-old currency peg that critics accuse of giving Chinese products an unfair competitive edge.",Business,World
FTC Endorses Bounty for Spammers The US Federal Trade Commission has given its endorsement to a plan that would reward insiders for information leading to the arrest and conviction of people or companies that produce spam.,Sci/Tech,Business
"What they said about ... ... Cherie Blair Cherie Blair cast aside her treasured privacy this week, touring newspapers offices and television studios to promote The Goldfish Bowl, her new book, which focuses on Downing Street spouses.",World,Sports
"Toshiba claims Hollywood backing in war for next DVD standard (AFP) AFP - Toshiba said four major Hollywood studios had thrown their crucial weight behind High Definition DVD (HD-DVD), one of two disc formats contending to be the standard in next-generation DVDs.",World,Sci/Tech
Google creators in share sell-off Google founders Larry Page and Sergey Brin have announced plans to sell millions of shares in the web search company they launched in 1998.,Business,Sci/Tech
"Mom Hugs 'Miracle' Baby After Ovarian Transplant (Reuters) Reuters - Ouarda Touirat, her day-old baby\daughter nestling in her arms, said Friday she had never lost\hope that she could conceive after cancer treatment left her\infertile.",Sci/Tech,Business
NASA's Shuttle Hangar Badly Damaged by Storm The gigantic hangar where the space shuttle is prepared for its missions sustained much more damage from Hurricane Frances than initially believed.,Sci/Tech,World
"Walking link to low dementia risk Walking may protect the elderly from developing dementia, research suggests.",World,Sci/Tech
Officials to be quizzed in Aragones row Spanish Football Federation president Angel Maria Villar will appear before the National Anti-Violence Commission tomorrow to explain why he has defended Spain coach Luis Aragones.,Sports,World
Dubai first to breed at-risk bird A zoo in the Gulf has bred a bird which is threatened by the fast pace of development in the region.,Sci/Tech,World
"Intel to delay product aimed for high-definition TVs SAN FRANCISCO -- In the latest of a series of product delays, Intel Corp. has postponed the launch of a video display chip it had previously planned to introduce by year end, putting off a showdown with Texas Instruments Inc. in the fast-growing market for high-definition television displays.",Business,Sci/Tech
"Local group joins suit to de-list endangered species Bob Briggs wifes family has owned about 1,000 acres of redwood forest off Waddell Creek since 1913. He doesnt clearcut, and logs about once a decade.",Business,Sci/Tech
"Spears' Fiance to Star in Her New Video NEW YORK - Britney Spears' former backup dancer and current fiance Kevin Federline can add another title to his resume: co-star. On Wednesday, a Jive Records publicist confirmed Federline is featured in Spears' upcoming ""My Prerogative"" video, set to debut in mid-September...",World,Sports
US football: Patriots' historic win New England win a record-tying 18th straight game - plus an NFL round-up.,World,Sports
"Mr Downer shoots his mouth off Just what Alexander Downer was thinking when he declared on radio last Friday that quot;they could fire a missile from North Korea to Sydney quot; is unclear. The provocative remark, just days before his arrival yesterday on his second visit to the North Korean ...",World,Sports
"Teenager Charged With Creating Sasser Informants, seeking a reward from Microsoft, led police to the German student.",Sci/Tech,World
"Peoplesoft Revenues To Beat Expectations (NewsFactor) NewsFactor - PeopleSoft (Nasdaq: PSFT) said on Monday that quarterly revenues would beat Wall Street's expectations, due to an increase in the number of customers making large orders for its enterprise-application software.",Sci/Tech,Business
"SKorea's Hyundai Motor to join strike against labor reform bill (AFP) AFP - Workers at South Korea's largest automaker Hyundai Motor will go on strike Friday to oppose proposed government labor reform legislaton, union leaders said.",World,Business
5 of arthritis patients in Singapore take Bextra or Celebrex ... SINGAPORE : Doctors in the United States have warned that painkillers Bextra and Celebrex may be linked to major cardiovascular problems and should not be prescribed.,Business,Sci/Tech
JFK killing fades in intensity WASHINGTON: The 41st anniversary of President John F Kennedy #39;s assassination passed on November 22 - a lot more quietly than earlier ones.,Sci/Tech,World
"Options expensing delay not enough,say US senators A group of Republican senators vowed on Thursday to use the closing days of Congress this year to try and stop accounting rulemakers from requiring the expensing of stock options.",Business,World
"SpaceShipOne Rolls Toward Victory MOJAVE, California -- A Southern California aerospace team took a big step toward capturing the \$10 million Ansari X Prize Wednesday, but not without surviving a scary moment when the pilot found himself in a rapid spin as he roared across the threshold",Sci/Tech,Business
"Unknown Nesterenko Makes World Headlines (Reuters) Reuters - Belarus' Yuliya Nesterenko won the top\women's athletics gold medal at the Olympics on Saturday,\triumphing over a field stripped of many big names because of\doping woes to win the 100 meters.",World,Sports
"Music industry group sues 750 for file sharing Los Angeles, October 29: A trade group representing the US music industry said on Thursday it has filed lawsuits against 750 people it claims used online file-sharing networks to illegally trade in copyrighted songs.",Sci/Tech,Business
"FCC Proposes \$1.2M Indecency Fine for Fox WASHINGTON - Federal regulators proposed a record indecency fine of nearly \$1.2 million Tuesday against Fox Broadcasting Co. for an episode of its reality series ""Married by America"" that included graphic scenes from bachelor and bachelorette parties...",World,Business
"IMF to Close Harare Office THE International Monetary Fund (IMF) is closing down its Harare representative office at the end of this month, virtually terminating threadbare relations with the crisis-racked southern African nation.",Business,World
"Forget Bextra NEW ORLEANS - This morning, Pfizer was blindsided as The New York Times reported information about a reanalysis of old data that say the drug giant #39;s Bextra, which is similar to Merck #39;s Vioxx, increased the risk of heart attacks and strokes.",Business,Sci/Tech
Lazarus-like virus hits computers A new computer virus is catching people out by coming back from the dead.,Business,Sci/Tech
Calif. Official Backs Anthem-WellPoint LOS ANGELES/PHILADELPHIA (Reuters) - California's insurance commissioner on Tuesday ended his opposition to Anthem Inc.'s ATH.N proposed \$16.5 billion acquisition of WellPoint Health Networks Inc. WLP.N after Anthem agreed to hike its funding of state health projects.,Business,Sports
"** For the latest news, please refresh this page regularly ** What #39;s up? I see the whole world has their eyes on the Oscar vs. Bernard fight. My thought is Oscar is coming off with an upset.",Sports,Sci/Tech
"Apple offers 2004 financial details Apple's latest Form 10-K filing with the Securities and Exchange Commission offers a look at how the company did this past year, how it thinks it's doing and what's to come.",Sci/Tech,Business
"Dow Jones Agrees to Buy MarketWatch in \$519 Million Deal Dow Jones Company, the publisher of The Wall Street Journal, has agreed to buy MarketWatch, the parent company of the financial news Web site CBS MarketWatch, for approximately \$519 million, the companies said today.",World,Business
"Holiday Stamps to Be Issued in Oct. (AP) AP - Holiday postage stamps celebrating Christmas, Hanukkah and Kwanzaa will be issued next month, the U.S. Postal Service announced Monday.",World,Sci/Tech
"German investor confidence slumped in September BERLIN - German investor confidence dropped sharply in September, a key economic indicator released Tuesday showed amid concerns about the impact of high oil prices on consumer demand and the outlook for the global economy.",World,Business
"Ex-Bush Official on Cybersecurity Returns (AP) AP - Howard Schmidt, a highly regarded technology executive who was former special adviser to President Bush for cybersecurity, is returning to work with the Homeland Security Department on efforts to protect the nation's computer networks.",World,Business
Tough to predict a hurricane landfall this season #39;s busy season of landfalling Atlantic hurricanes has seen a few less-than-perfect calls by tropical,Sci/Tech,World
'Money woes' foiled Beagle 2 shot A report into the loss of British Mars probe Beagle 2 blames the UK government's failure to commit funds early.,Sci/Tech,World
"Warren tones down his bark #39; #39;The views of the host do not necessarily reflect the views of the station or its sponsors. #39; #39;. The Browns were not thrilled when Warren said he would gladly pay a \$50,000 fine to rub out Roethlisberger, who",Sports,Sci/Tech
"Flight From Hong Kong Diverted in UK LONDON Oct. 14, 2004 - A Virgin Atlantic plane heading from Hong Kong to London was diverted to an airport north of London on Thursday after receiving a bomb threat, police said.",World,Business
"Avis blames IT for multimillion-dollar loss The car rental company takes a major hit because of problems with IT, including high costs associated with an ERP project.",Sci/Tech,Business
Internet Pharmacies: Good or Bad? An investigation into the practice of Internet Pharmacies and how they are changing the U.S. pharmaceutical industry.,Sci/Tech,Business
"Ken Caminiti, 1996 NL MVP, Dies at Age 41 NEW YORK - Ken Caminiti, the 1996 National League MVP who later admitted using steroids during his major league career, died Sunday. He was 41...",World,Sports
NASA braces for Frances Thousands of automobiles clogged Florida #39;s highways during the largest evacuation in state history as residents anticipated the arrival of Hurricane Frances.,Sci/Tech,World
"Airborne Cell-Phone Ban Likely to Remain for Now (Reuters) Reuters - Hopes -- and worries -- that U.S.\regulators will soon end the ban on using wireless phones\during U.S. commercial flights are likely at least a year or\two early, government officials and analysts say.",Sci/Tech,Business
Nepal blockade 'blow to tourism' Nepal tour operators say tourists cancelled millions of dollars of bookings due to the rebel blockade of Kathmandu.,Business,World
OPM Delving Deeper Into Employees #39; Backgrounds which sets hiring and employment standards for the government -- is reviewing its employees to ensure that they are suitable for jobs involving the quot;public trust.,Sci/Tech,Business
"PeopleSoft CEO Conway maintains defiant tone SEPTEMBER 21, 2004 (IDG NEWS SERVICE) - With 15,000 attendees at PeopleSoft Inc. #39;s Connect 2004 user show waiting to hear how the company would handle Oracle Corp.",Business,Sci/Tech
"Residents Protest Nation #39;s First Hydrogen Refueling Station Two dozen protesters greeted Mayor Tony Williams and top executives of Shell, who came to open North America #39;s first hydrogen refueling station.",Business,World
"Nigerian oil flows despite rebel threat-companies Oil should continue to flow from Nigeria, the world #39;s seventh largest exporter, despite a rebel threat to attack foreign oil workers in an quot;all-out war quot; due to start on Friday, multinational energy companies said.",World,Business
"'Sherlock' Is Bicycling Across Australia PERTH, Australia - A former British soccer player raising money for a leukemia charity set off Wednesday on a coast-to-coast ride across Australia on a Victorian-era bicycle that is older than the country. Leukemia survivor Lloyd Scott dressed up as fictional British supersleuth Sherlock Holmes, complete with tweed coat, deerstalker hat and a fake mustache for the 2,700-mile trip from Perth to Sydney...",World,Sports
"US economic growth slips to 2.8 Annual US economic growth fell to 2.8 in the second quarter of 2004, marking a slowdown from the 3 estimated a month ago.",World,Business
A wandering Congress trips over the US Constitution That is the one-word message of advice that citizens wanted to send to members of Congress at the end of last week. Both the House of Representatives and the Senate looked as if they are having trouble seizing,Business,Sci/Tech
TiVo loss widens SAN FRANCISCO (CBS.MW) - TiVo said its second-quarter loss widened from a year earlier on higher customer acquisition costs. Free!,Sci/Tech,Business
"Australia, US seal free trade agreement (AFP) AFP - Australia and the United States sealed a free trade agreement to start January 1, 2005 after clearing last-minute obstacles.",World,Business
Federal CISOs Rank Patch Management As Biggest Obstacle Survey by Intelligent Decisions indicates that patch management leaves less time for chief information security officers to work on improving overall security.,Business,Sci/Tech
"Black Market in British Treasure Sold on EBay (Reuters) Reuters - Pieces of Britain's past, including a\second-century silver ring and a 500-year-old Tudor trade\weight, are among artifacts being peddled daily on the Internet\to the alarm of experts at the British Museum.",World,Business
"THE UNFOLDING UNIFORM Pakistan is inherently unstable. Dealing with them is like playing with matches in a forest. - Larry Pressler. That statement from Larry Pressler, made during his recent visit to India, coincided with",World,Sports
"EU Head Office Trims 2005 Growth Forecast (AP) AP - The European Union's head office issued a bleak economic report Tuesday, warning that the sharp rise in oil prices will ""take its toll"" on economic growth next year while the euro's renewed climb could threaten crucial exports.",World,Business
"Chicago to Hold EBay Auction to Raise Money for Cultural Programs City officials hope there are people willing to pay plenty of money to own a vintage Playboy Bunny costume, toss green dye into the Chicago River or throw a dinner party prepared by Oprah Winfrey's chef.",Sci/Tech,Business
"Why 2004 was the year of the blog A US dictionary publisher declares ""blog"" as one of the words of the year.",World,Sci/Tech
"E.U. Regulators Approve Oracle's PeopleSoft Bid European Union antitrust regulators on Tuesday cleared Oracle Corp.'s hostile \$7.7 billion bid for rival business software maker PeopleSoft Inc., removing one of the last major hurdles to the contested takeover proposal.",Sci/Tech,Business
Greek weightlifter awaits verdict Greek weightlifter Leonidas Sampanis will find out on Sunday if he is to be stripped of his medal.,World,Sports
Lab used by LAPD falsified DNA data and possibly dozens -- of pending criminal cases to determine whether critical evidence was tainted or falsified during,Sci/Tech,World
Software Service Aims to Outfox Caller ID A new computerized service enables customers to create phony outbound phone numbers in order to mask their telephone identities.,Business,Sci/Tech
"34 tech firms sued for alleged LCD patent theft Honeywell has issued lawsuits against 34 companies, including Dell, Apple, Sony and Toshiba alleging LCD panels used in their products infringe a 1992 patent the company holds.",Business,Sci/Tech
"Thanks for the Pageviews, Ivan Bad weather has been very good for business at Weather.com and other popular forecasting sites. They are posting record traffic in the wake of Hurricane Ivan's arrival on the mainland. By Joanna Glasner.",Business,Sci/Tech
"Stocks Edge Higher As Oil Prices Retreat NEW YORK - A sharp drop in oil prices gave Wall Street a modest relief rally Monday, with stocks edging higher on news that oil production had soared during the month of September. Investors who have sold stocks for months as oil prices climbed reversed course Monday and started buying as the price of crude declined...",World,Business
"No Changes for Certain Nortel Accounting Nortel Networks Corp. (NT.TO: Quote, Profile, Research) said on Wednesday that a far-reaching revision of its faulty financials will not require accounting changes for sales of certain fiber optic equipment.",Business,Sci/Tech
"MCI Reports \$3.4 Bln Third-Quarter Loss MCI Inc. #39;s (MCIP.O: Quote, Profile, Research) quarterly loss ballooned to \$3.4 billion as the No. 2 US long-distance company wrote down the value of its assets due to",Business,Sci/Tech
Bryant Makes First Appearance at Trial (AP) AP - NBA star Kobe Bryant arrived at his sexual assault trial Monday as attorneys in the case who spent the weekend poring over questionnaires prepared to question potential jurors individually.,Sci/Tech,Sports
"Hasbro's No Conehead Its Saturday Night Live version of ""Trivial Pursuit"" is good strategy for staying ahead of age compression.",Business,Sci/Tech
"MetroPCS obtains Cingular air com November 29, 2004, 8:33 AM PT. Wired amp; Wireless continues its reign as the top IT priority among IT managers due to widespread IP telephony deployment and other network infrastructure upgrades.",Business,Sci/Tech
"Diesels, Hybrids Fated to Wed Two leading technologies used in fuel-efficient vehicles seem destined to unite. Industry experts say joining hybrid motors with diesel engines would result in the greenest mainstream vehicles ever, and the initial tests are promising.",Business,Sci/Tech
"Racing in an Evening Gown (Forbes.com) Forbes.com - Not every driver was dressed formally for the start of this year's Bullrun, a road rally that begins in London, at the Marble Arch, and ends three days later in Ibiza, Spain. Yet as drivers thrummed their engines nervously on the afternoon of Sept. 23, waiting for the checkered flag, a quick inspection of the field revealed one entrant clad in an Oxford shirt and gray pinstripe blazer, another sporting a tuxedo, and a third--me--wearing a red couture Matthew Earnest gown.",Business,Sports
"Hit animated films boost Pixar Pixar Animation Studio reported on Thursday strong third-quarter results that were lifted by solid home video sales of its older blockbuster hits quot;Finding Nemo #39; #39; and quot;Monsters, Inc.",Business,Sci/Tech
"ScanSoft to acquire 3 software firms ScanSoft Inc. said it plans three acquisitions. The company will acquire Phonetic Systems Ltd., a provider of automated directory assistance and voice-based programs, for \$35 million in cash, and an additional consideration of up to \$35 million, based on the achievement of performance targets and the potential vesting of a warrant to buy 750,000 common shares. ART Advanced Recognition Technologies ...",Business,Sci/Tech
"Martha Stewart reports to jail to begin sentence the time she had to report to the country #39;s oldest federal prison for women. service of her sentence, quot; a Federal Bureau of Prisons statement said.",Business,World
Md. Board Meeting Worries Democrats Republican-dominated election board met behind closed doors in deliberations that Democrats feared were aimed at ousting Elections Administrator Linda H. Lamone.\-The Washington Post,Sci/Tech,World
"Court Declines to Hear Gay Marriage Case (AP) AP - The Supreme Court on Monday sidestepped a dispute over gay marriages, rejecting a challenge to the nation's only law sanctioning such unions.",World,Sci/Tech
"PayPal Outages Persist, Worry Users Sporadic outages at PayPal stretched into a fifth day on Tuesday, though the company late in the day reported that access had returned to normal for most users.",Sci/Tech,Business
AOL Files Lawsuit Against IM #39;Spim #39; America Online Inc. said Thursday it had filed a federal lawsuit accusing numerous unnamed defendants of violating federal and state laws by sending bulk messages known as quot;spim quot; to instant message accounts and Internet chat rooms.,Business,Sci/Tech
"Millionaire Candidates List (AP) AP - Candidates who spent more than #36;1 million of their own money trying to win election to Congress in 2004 struck out in nearly every case. Eight made it to the Nov. 2 election, but only one was victorious. The spenders, how much they spent and how they fared:",World,Business
"Clinton Has Successful Quadruple Bypass NEW YORK - Bill Clinton underwent a successful quadruple heart bypass operation Monday to relieve severely clogged arteries that doctors said put the former president at grave risk of suffering a heart attack. Clinton is expected to make a full recovery, but doctors said he was fortunate to have checked himself into the hospital when he did...",World,Sci/Tech
"Oil Prices, Earnings Send Stocks Lower NEW YORK - Investors sent stocks lower Tuesday as oil prices crossed another milestone, \$54 per barrel. Earnings reports from heavyweights Johnson Johnson and Merrill Lynch Co...",World,Business
"Stern Blasts FCC at Satellite Promotion #39;Down With the FCC! #39; Howard Stern Says at New York Rally to Promote Switch to Satellite Radio. Radio host Howard Stern, below center, waits as thousands of his fans line up to receive a free Sirius radio from him in Union Square in New York Thursday, Nov.",Business,Sci/Tech
"Senate Resolves Corporate Tax Bill Delay WASHINGTON - The Senate late Sunday resolved a dispute delaying passage of a sweeping corporate tax bill and two spending bills for disaster relief and homeland security, clearing the way for senators to adjourn Monday to hit the campaign trail. The agreement removed parliamentary roadblocks thrown up by Sen...",World,Business
"Five Times for the Fed Plus, Intel's still straining, revenge of the nerds, and a \$13 billion Christmas present?",Business,Sci/Tech
"IBM Claims Its BlueGene Supercomputer Is the Fastest IBM Corp. on Wednesday said it has developed the world #39;s fastest computer - a 16,000-processor version of its BlueGene/L supercomputer.",Business,Sci/Tech
"Specter Wants to Make Case to Lead SJC (AP) AP - Sen. Arlen Specter, R-Pa., wants to make his case to be chairman of the Senate Judiciary Committee directly to the panel's GOP members next week.",World,Sci/Tech
"Flick Collection Opens in Berlin Friedrich Flick, who made his fortune as an arms supplier to the Nazis during World War II, once presented old master paintings to Luftwaffe Commander-in-Chief Hermann Gring as a birthday gift.",World,Business
"Web Sites Keep Tabs on Campaign Giving As a Washington journalist during the 90s, I made frequent treks to the Federal Election Commission to inspect cabinets full of campaign-finance reports to find out who was giving to whom.",Sci/Tech,World
Google Stock Slips as New Shares Hit Market Google Inc. stock dropped more than 6 percent Tuesday as tens of millions of new shares held by early investors and employees of the search engine giant became available for sale for the first time..-The Washington Post,Sci/Tech,Business
Judge Declines to Dismiss Steroid Case (AP) AP - A judge declined to dismiss charges against four men accused of distributing steroids to top athletes amid accusations that prosecutors illegally searched a nutritional supplement lab and the house and car of Barry Bonds' trainer.,Sports,World
"Macaulay Culkin Released After Drug Arrest OKLAHOMA CITY - Former child star Macaulay Culkin was arrested on drug charges Friday during a traffic stop, authorities said. The 24-year-old actor, best known for his role in the ""Home Alone"" movies, was taken into custody on complaints of possession of a controlled dangerous substance without a valid prescription and possession of marijuana, according to the Oklahoma County Sheriff's office...",World,Sports
"EA Signs Five-Year Exclusive NFL Deal Electronic Arts announced an exclusive licensing relationships with the National Football League and PLAYERS INC to develop, publish and distribute interactive football games.",Sports,Sci/Tech
Prosecutors Say Ebbers Lied to Obtain Loans Court documents show federal prosecutors have told lawyers for former WorldCom Inc. chief executive Bernard J. Ebbers that they plan to argue he lied about the telecommunications giant's financial condition in order to get personal loans. -The Washington Post,Sci/Tech,Business
Sun settles Kodak patent suit Sun Microsystems says it will pay Kodak \$92 million to settle a high-profile patent suit involving Sun #39;s Java programming technology.,Business,Sci/Tech
"Ellison: Data Hubs Could #39;ve Prevented 9/11 SAN FRANCISCO -- Oracle CEO Larry Ellison is convinced that had the intelligence community used a unified database from Oracle, the terrorist attacks on 9/11 would never have happened.",Business,Sci/Tech
BT cuts prices for telecom rivals Ofcom is cutting the price BT can charge its rivals for putting their broadband equipment in its exchanges by up to 60.,Business,Sci/Tech
"Rivals Try to Turn Tables on Charles Schwab By MICHAEL LIEDTKE SAN FRANCISCO (AP) -- With its low prices and iconoclastic attitude, discount stock broker Charles Schwab Corp. (SCH) represented an annoying stone in Wall Street's wing-tipped shoes for decades...",Sci/Tech,Business
"EU to Give \$100 Mln for AU Force in Darfur-Solana ADDIS ABABA (Reuters) - The European Union and its member states will contribute more than \$100 million to an African Union (AU) force in Sudan's troubled Darfur region, EU foreign policy chief Javier Solana said on Saturday.",World,Business
"Virgin Starts (70) Mile-High Club With the misery that has plagued the airline industry recently, the last place you #39;d expect to see some inspiring -- heck, potentially rule-breaking -- thinking would be from an airline entrepreneur.",Sci/Tech,Business
"Gateway Reports Smaller Quarterly Loss Gateway Inc. reported a narrowed net loss in the first quarter as it continues to restructure its operations and integrate its acquisition of eMachines. Still, the personal computer and electronics company posted a tiny operating profit -- its first in nearly three years.",Sci/Tech,Business
"Japan should outsource more The Japanese information services industry clocked up sales of 13,703.9 billion yen in fiscal 2001, according to a report on selected service industries for 2001 released by the Ministry of Economy, Trade and Industry (METI).",World,Business
"\$78,000 for a Cane That Helped a Legend Walk the Line Many of Johnny Cash's possessions were sold at Sotheby's, collecting \$3,984,260 for the Cash family, more than double the pre-auction estimate.",World,Business
Welcome to Alderson Homemaking guru Martha Stewart slipped into the federal prison camp here in the dark morning hours to start her five-month sentence.,Business,World
IDC: Software sales to hit \$189 billion The market researcher has predicted a 6.2 percent increase in software revenues during 2004.,Sci/Tech,Business
"Livewire: Fantasy Sports Leagues Thrive Online (Reuters) Reuters - Take 15 million armchair athletes,\add a steady stream of statistics and mix in a healthy dollop\of trash talk. Post it all on the Internet and you've got a #36;3\billion industry built around imaginary sports teams.",Sci/Tech,Sports
"Data revision shows Japan's economy grew slightly in July-September (Canadian Press) Canadian Press - TOKYO (AP) - Japan's economy barely grew during the quarter ending Sept. 30 and in the April-June period it actually shrank instead of squeezing out slight growth, according to revised government data released Wednesday.",World,Business
No Sign Yet of Predicted Big California Earthquake (Reuters) Reuters - The clock is running out on a\highly publicized prediction that a major earthquake will rip\through Southern California by Sunday.,Sci/Tech,Business
"Sales of industrial robots surging: UN report Geneva - Worldwide sales of industrial robots surged to record levels in the first half of 2004 after equipment prices fell while labour costs grew, the United Nations Economic Commission for Europe said in a report to be released today.",Sci/Tech,Business
The Hunt for a Hybrid The Aug. 23 front-page article on the Toyota Prius vs. the Honda Civic implied that the main reason people prefer the Prius was its quot;geek-chic look quot; and the image buyers want.,Business,Sci/Tech
"(B)old new frontiers Northrop Grumman Corp. and Boeing Co. yesterday announced plans to team up to design a vehicle to take astronauts back to the moon and even beyond, but they #39;ve got to make one stop first",Business,Sci/Tech
"Reality TV Show Follows the Unfaithful (Reuters) Reuters - Two Emmy-nominated\reality producers are developing a series about infidelity,\featuring stories of unfaithful spouses who have turned to a\popular online matchmaking service that caters to attached\people seeking extramarital affairs.",Sci/Tech,Business
"Sony looks under the Christmas tree Americans will go gadget shopping this holiday season even if oil prices go up, Sony execs say.",Sci/Tech,Business
"CA aquires computer security firm Computer Associates International Inc., as promised, is back in the acquisition game, scooping up its second computer security company in as many months with an agreement to buy Netegrity Inc.",Business,Sci/Tech
AOL's Viral Marketing America Online will now provide gratis antivirus protection to its subscribers.,Business,Sci/Tech
Court ruling has fat cats purring THE future of horseracing in Britain was thrown into confusion this week as a result of a judgment by the European Court of Justice.,Sci/Tech,World
"TI Profit Up on Cellular, TV Chip Sales Texas Instruments Inc. (TXN.N: Quote, Profile, Research) , the largest maker of chips for cellular phones, on Monday said quarterly profit rose about 26 percent on demand from handset",Business,Sci/Tech
"India desperate for jobs, infrastructure despite economic boom (AFP) AFP - Despite India's economic boom in software and outsourcing services, economists have warned the government needs more reforms to create jobs in manufacturing to cut poverty.",World,Business
"Conte goes on TV and names names As the bassist for the pop-funk band Tower of Power, Victor Conte laid down a song #39;s backbone by playing a predetermined series of notes.",Sports,Sci/Tech
Schooling 'mix up' hits Portugal Schools across Portugal turn away pupils because of a teachers' assignment mix up on the first day of classes.,World,Sci/Tech
"BearingPoint CFO Out; Error Found McLean technology consulting company BearingPoint Inc. said yesterday that its chief financial officer, Robert S. Falcone, would retire on Nov. 30.",Sci/Tech,Business
"Slowing population 'lacks funds' Rich countries are giving only half the amount they promised to help to slow world population growth, the UN says.",Sci/Tech,Business
"Consumer Confidence Dips in September NEW YORK - Job worries helped push consumer confidence down in September for the second consecutive month, a New York-based private research group said Tuesday. The Consumer Confidence Index fell 1.9 points to 96.8 from a revised reading of 98.7 in August, according to The Conference Board...",World,Business
PeopleSoft revises third-quarter profit Oracle target adds \$2.6 million to bottom line after tax adjustment related to ex-CEO's severance package.,Sci/Tech,Business
"Iran Announces Uranium Conversion Tests Defying a key demand set by 35 nations, Iran announced Tuesday that it has started converting raw uranium into the gas needed for enrichment, a process that can be used to make nuclear weapons.",World,Business
FTC wins a temporary injunction against alleged spammer U.S. District Judge Joseph A. DiClerico Jr. ordered Sanford Wallace and his companies to remove any software scripts from their Web sites that exploit security vulnerabilities in some versions of Internet Explorer.,Sci/Tech,Business
"Henman Sails at the Swiss Indoors By Mark Ledsom BASEL (Reuters) - Britain's world number four Tim Henmanwon his opening match at the Swiss Indoors tennis tournamentwith little difficulty on Wednesday, beating Frenchman AntonyDupuis 6-3, 6-4.",World,Sports
EasyMobile launch set for March Denmark #39;s leading telecoms operator TDC says it will launch a low-budget mobile telephone operator dubbed quot;easyMobile quot; with mobile network operator T-Mobile in Britain in March 2005.,Business,Sci/Tech
Tokyo Stocks Higher at Late Morning (AP) AP - Tokyo stocks rose moderately Monday morning on bargain hunting following Friday's losses. The U.S. dollar was up against the Japanese yen.,World,Business
Earthquake 'redraws the map' The devastating earthquake that struck the Indian Ocean probably caused some islands to move by several metres.,Sci/Tech,World
Russian space agency: Space station crew could be forced to return ... MOSCOW Space officials in Russia are joining American officials in talking about the potential consequences of the food shortage aboard the international space station.,Sci/Tech,World
EU foreign ministers hope to break deadlock over ASEM summit The European Union said Friday it quot;hoped to reach a conclusion quot; at a meeting of foreign ministers on the participation of military-ruled Myanmar in an upcoming summit of Asian and European nations.,Business,World
Vonage Awash in Venture Capital VoIP (define) upstart Vonage has quickly amassed another \$105 million from venture capitalists and is looking to Latin America and Asia to accelerate an already torrid growth rate.,Sci/Tech,Business
"EU, US Talks on Aircraft Aid Grounded US and EU negotiators disagreed on Thursday about state aid for aircraft rivals Airbus and Boeing, winding up no closer on a sensitive issue that has gathered steam before the US presidential election.",Business,World
Florida Starts To Recover in the Wake of Hurricane Frances President Bush will travel to Florida Wednesday to survey damage from Hurricane Frances. He sent a letter to Congress asking for \$2 billion to help with recovery efforts.,Sci/Tech,World
"Japanese Utility Plans IPO in October (AP) AP - Electric Power Development Co., a former state-run utility, said Friday it is planning an initial public offering on the Tokyo Stock Exchange in October, a deal that could be the country's biggest new stock listing in six years.",World,Business
"London Times goes strictly tabloid After more than two centuries as a broadsheet newspaper, The Times of London has gone strictly tabloid. On Monday, The Times moved to a totally compact format after almost a year of dual publication.",Sci/Tech,Business
"Jackson Squares Off With Prosecutor SANTA MARIA, Calif. - Fans of Michael Jackson erupted in cheers Monday as the pop star emerged from a double-decker tour bus and went into court for a showdown with the prosecutor who has pursued him for years on child molestation charges...",World,Sports
"Glazer stake in Man Utd nears 30 US tycoon Malcolm Glazer lifts his stake in Manchester Utd to 28.11, one day after spending 17m on further share buys.",World,Business
Our mobile margins will fall: Telstra TELSTRA chief financial officer John Stanhope has admitted Telstra #39;s margins in its \$4.5 billion a year mobile phone business will shrink this year in the face of increased price competition and the growing cost of acquiring new customers.,Sci/Tech,Business
Amazon Leaves Jungle Business The company has no further expansion plans after buying a Chinese website. Also: Virgin joins quest for a better iPod hellip;. PeopleSoft makes promise that Oracle will live up to hellip;. and more.,Business,Sci/Tech
Scientists study clues to forecasting California quakes Two researchers say they #39;ve discovered a pattern of tremors deep beneath the San Andreas Fault that someday may yield clues into unlocking the mysteries of California earthquakes.,Sci/Tech,World
"Milosevic opens his defense case, starting second half of his ... Former Yugoslav President Slobodan Milosevic opened his long-delayed defense at the Yugoslav war crimes tribunal Tuesday, describing the battles of his Serbian people as self defense against internal rebellions and external attacks by Islamic warriors.",World,Sports
"Future Doctors, Crossing Borders Students at the Mount Sinai School of Medicine learn that diet and culture shape health in East Harlem.",World,Sci/Tech
Level 3 Acquires Sprint #39;s Wholesale Dial-Up Internet Business Level 3 today announced that it has purchased Sprint #39;s wholesale dial-up Internet access business for \$34 million in cash. Sprint is one of the largest providers of wholesale dial-up service to ISPs in North America.,Business,Sci/Tech
"Tech Firms, FBI to Fight 'Phishing' Scams Together (Reuters) Reuters - Internet companies and\law-enforcement agencies said on Wednesday they will work\together to track down online scam artists who pose as banks\and other legitimate businesses, a practice known as\""phishing.""",Sci/Tech,Business
"Argentina Basketball Coach Magnano Quits Ruben Magnano, who coached Argentina to the Olympic basketball gold medal in Athens, resigned Thursday to accept a coaching job in Italy.",World,Sports
"US raids Net song swappers US agents have raided the homes of five people who allegedly traded hundreds of thousands of songs, movies and other copyrighted material over the Internet, Attorney General John Ashcroft says.",Sci/Tech,World
"Pixar Delays Its Next Film #39;Cars #39; to 2006 Pixar Animation Studios will delay the release of its next film, quot;Cars, quot; until June 2006 as it switches from a holiday release schedule to releasing films during the summer when more children are at home.",Business,Sci/Tech
"IBM sells PC stake to China's Lenovo China's biggest computer maker, Lenovo Group, said today it has acquired a majority stake in International Business Machines Corp.'s personal computer business for \$1.25 billion, one of the biggest Chinese overseas acquisitions ever.",Business,Sci/Tech
"Dogs said to smell cancer signs LONDON -- It has long been suspected that man's best friend has a special ability to sense when something is wrong with us. Now, the first experiment to verify that scientifically has demonstrated that dogs are able to smell cancer.",World,Sci/Tech
Visit to a Potemkin village Gongzhong does not resemble any Tibetan village in Tibet. It is a village more from Epcot Center in Walt Disney World.,World,Sci/Tech
"World ; Bigley: I want to live a simple life, the final plea World News, The nearly five-minute tape was released two days after Bigley #39;s family said it had the proof that the 62-year-old engineer from Liverpool was killed.",World,Sci/Tech
"Sports Court Hears Hamm Gold Medal Appeal LAUSANNE, Switzerland - Paul Hamm appeared before the sports world's highest court Monday to argue why he should he keep his Olympic gymnastics gold medal. The Court of Arbitration for Sport convened to hear the appeal from a South Korean gymnast who believes he was unfairly deprived of the gold in the men's all-around event in Athens last month because of a scoring error...",World,Sports
"Union leaders held under ESMA on Day 6 of strike New Delhi, August 26: The sixth day of the truckers strike on Thursday saw 12 more truckers being arrested under the Essential Services Maintenance Act (ESMA)in the Capital.",Business,World
"Olympic traffic measures needed at Paralympics: experts Experts recommend that the traffic control measures taken during last month #39;s Olympic Summer Games and the current Paralympics should be kept in Athens permanently, as they",Sports,World
"Ciena Posts a Loss, Forecasts Flat Sales By Deborah Cohen CHICAGO (Reuters) - Telecommunications equipment makerCiena Corp. on Thursday reported a wider loss for thefiscal third quarter due to slack demand and forecast sales inthe current quarter would be little changed from the thirdquarter.",Sci/Tech,Business
"Poor? Who #39;s poor? Poverty is down The proportion of people living on less than \$1 a day decreased from 40 to 21 per cent of the global population between 1981 and 2001, says the World Bank #39;s latest annual report.",World,Business
"MedImmune CEO Talks Finance and Science David Mott, a Dartmouth-educated Wall Street investment banker, is increasingly leveraging his reputation in the local and national biotech communities.-The Washington Post",Sci/Tech,Business
"Her aim: Give Tufts-NEMC intensive care For 10 years, Ellen Zane oversaw community doctors for Partners HealthCare, the parent organization of Massachusetts General and Brigham and Women's hospitals and the biggest and most profitable hospital and physician network in Massachusetts. Then in December, she became chief executive of a very different institution: Tufts-New England Medical Center in Boston's Chinatown neighborhood. Tufts-NEMC is not only smaller, it's ...",Business,Sci/Tech
Is More Aid Needed to Solve Africa's Woes? (Reuters) Reuters - American economist Jeffrey Sachs\has a novel way to tackle African poverty: Shower more aid on\the world's poorest continent.,World,Business
"Wi-Fi successor is called high-speed hype -- for now SAN FRANCISCO -- At virtually every turn, Intel Corp. executives are heaping praise on an emerging long-range wireless technology known as WiMAX, which can blanket entire cities with high-speed Internet access.",Business,Sci/Tech
"Bush Pledges Strong-Dollar Policy President Bush meets with Italian Prime Minister Silvio Berlusconi in the Oval Office of the White House, Wednesday, Dec. 15, 2004, in Washington.",Business,World
Disney Rules Out New Deal with Pixar Studios In January Disney and Pixar terminated their talks to extend a distribution partnership that has created such cartoon hits as quot;Finding Nemo quot; and the quot;Toy Story quot; series.,Business,Sci/Tech
Australia #39;living beyond its means #39; Environmental organisation WWF International has warned that the global population is consuming about 20 per cent more natural resources than the planet can produce.,Sci/Tech,Business
"Nikkei Opens Higher (Reuters) Reuters - The Nikkei average rose 1.37 percent at\the opening on Monday as a recovery in U.S. stocks encouraged\investors to seek bargains among lagging issues, including\Canon Inc. and other high-tech issues.",World,Business
"Intel Doubles Dividend, Boosts Buyback by \$11.5 Bln (Update2) Intel Corp., the world #39;s biggest computer-chip maker, doubled its quarterly dividend and boosted its stock buyback program by \$11.",Business,Sci/Tech
"U.S. Spies on Chat Rooms Could terrorists be plotting their next move online, obscured by the 'noise' of chat-room chatter? The U.S. government thinks that may be the case and is funding a yearlong study on chat-room surveillance.",Sci/Tech,World
Leaders converge on Melbourne PRIME Minister John Howard and Labor leader Mark Latham will converge on Melbourne today as the city gets into the swing of AFL celebrations.,World,Sports
"Med school move delayed to 2007 The MSU College of Human Medicine won #39;t be relocated to Grand Rapids until at least 2007, and could cost only half as much as university officials originally estimated.",Business,Sci/Tech
Secret Service Busts Internet Organized Crime Ring Feds allege 1.7 million stolen credit card numbers were involved in global scam.,Sci/Tech,Business
Pen can pick some bike U-locks That U-shaped bike lock that you thought was so secure may be easy pickings for thieves who have nothing more sophisticated than a Bic pen.,Business,Sci/Tech
"NASA expert says Bush stifles evidence on global warming IOWA CITY, Iowa A NASA scientist has charged that the Bush administration is subverting science and misleading the public by trying to suppress or alter evidence on the dangers of global warming.",Sci/Tech,World
"Attack prompts Bush website block The re-election website of President Bush is blocking overseas visitors because of ""security reasons"".",Sci/Tech,World
"August Chip Sales Growth Slows on High Inventory SAN FRANCISCO (Reuters) - Global semiconductor sales growth slowed to 1 percent in August as electronics makers reacted to growing inventories in Asia by limiting orders of chips, an industry trade group said on Thursday.",Sci/Tech,Business
"Employment Picture Expected to Improve NEW YORK - A rash of job cuts - more than 10,000 layoffs just this week from a handful of companies - has created some gloom on the jobs front. But Friday's release of jobs data for September was expected to show a steady unemployment rate and creation between about 50,000 to 250,000 new jobs, though uncertainties such as the effects of last month's hurricanes kept the estimates all over the map, said Wachovia Corp...",World,Business
"Dell, AOL team up in schools initiative ROUND ROCK, Texas -- Dell Inc. and America Online Inc. announced a partnership Monday to provide 5,000 low-income students with free refurbished personal computers and a year #39;s worth of Internet access.",Business,Sci/Tech
"Lexmark recalls 40,000 printers Lexmark International Inc. recalled 39,431 printers from the market on Tuesday, according to a statement by Consumer Product Safety Commission.",Sci/Tech,Business
"Study raises stent doubts Heart patients aren #39;t more likely to live long term after getting the artery-opening tubes called stents, according to a study released yesterday by researchers at Duke University.",Business,Sci/Tech
"Boys 'cured' with gene therapy Gene therapy can cure children born with a condition that knocks out their natural defences against infection, mounting evidence shows.",World,Sci/Tech
"Davenport Advances at U.S. Open NEW YORK - Lindsay Davenport's summer of success stayed on course Thursday when the fifth-seeded former U.S. Open champion defeated Arantxa Parra Santonja 6-4, 6-2 and advanced to the third round of the season's final Grand Slam event...",World,Sports
"Death bell tolls for Russia's Yukos oil giant (AFP) AFP - Russia's Yukos does not begin the week teetering on the edge of ruin where it has been for months now. The oil giant is flat on its back, gasping for its last breaths of air.",World,Business
"Gates, Ballmer pay holds at about \$900,000 Paychecks stay the same for the top two, but compensation changes for other Microsoft workers as stock grants replace options.",Sci/Tech,Business
"Judge: Geico can sue Google, Overture over ads A federal judge in Virginia has ruled that a trademark infringement suit filed by the Government Employees Insurance Co. (GEICO) against Internet search giants Google Inc. and Overture Services Inc. can proceed.",Business,Sci/Tech
"Former Executive Testifies, Offering Insider #39;s Look at Enron #39;s ... A former executive who was a participant in the wrongdoing that helped cripple Enron testified on Monday, providing the first glimpse through the eyes of a principal of",Business,Sci/Tech
South Seas Islands Pin Future on Geotourism The Cook Islands receive more tourists per capita than any other South Pacific destination. Now authorities are revamping their tourism strategy to focus on preservation.,Sci/Tech,Business
"The Week: No. 1 at Last water running over a rock, wind ripping across a sand dune, the ocean washing up against the shore. Whatever the image, for the last three years Vijay Singh has been the",Sports,Sci/Tech
"Dodgers Nip Giants 3-2 in Crucial Series SAN FRANCISCO - Shawn Green can sit out Saturday knowing he was a huge help to the Dodgers during their crucial series against San Francisco. Green hit a two-run homer in Los Angeles' 3-2 victory over the Giants on Friday night, a day before the first baseman will miss a game to observe the Jewish holiday Yom Kippur...",World,Sports
"Shock Jock Group Boosts Satellite Radio Profile When radio shock jocks Opie and Anthony considered their next career move after two firings in four years, the twisted twosome was ready to feign rehabilitation. Or at least that was the plan when they sat down with satellite radio executives.",Sci/Tech,Sports
"FM, Reddy to attend IMF-WB meet Finance Minister P Chidambaram will lead a high-level delegation for the annual IMF-World Bank meeting in Washington from October 1, where New Delhi would press for higher aid flows for infrastructure and social development.",Business,World
"UPDATE 2-Viacom posts loss on charges; cable networks up Viacom Inc. (VIAb.N: Quote, Profile, Research) (VIA.N: Quote, Profile, Research) on Thursday posted a quarterly loss on charges related to the spinoff of video rental chain Blockbuster",Business,Sci/Tech
"U.S. Rules Out Dam Removal for Salmon Recovery (Reuters) Reuters - A Bush administration decision to\eliminate the possibility of removing dams to save endangered\U.S. Pacific Northwest salmon species is a huge blow to\protection efforts, an environmental group said on Wednesday.",Sci/Tech,Business
"Intel dauphin Otellini becomes king Intel #39;s board has given the go ahead for the long anticipated shift in power from current CEO Craig Barrett to current President Paul Otellini Come May 18, Otellini will take over the chipmaker and become its fifth ever CEO.",Business,Sci/Tech
PeopleSoft customers reassured Oracle Corp. President Charles Phillips on Monday said PeopleSoft Inc. customers have become more comfortable with the prospect of a merger between the two software firms even as the proposed transaction awaits a critical ruling from a Delaware court.,Business,Sci/Tech
Week's delay for Delta launcher Boeing's new heavy-lift Delta 4 rocket must wait a further week before making its maiden flight.,World,Sci/Tech
"Sex toys find niche market in church-influenced Philippines (AFP) AFP - In this predominantly Roman Catholic country where prostitution is illegal and the church still wields considerable influence on the nation's morals, it is a brave person who goes into business selling sex toys.",World,Sci/Tech
Salvation Army says Target policy threatens fund-raising ST. PAUL - Salvation Army officials say they #39;re worried that they may not meet their holiday fund-raising goal because they won #39;t have bell-ringers outside of Target stores.,Business,World
"U.S. Softball Team Wins, Closes in on Gold ATHENS, Greece - Right now, the Americans aren't just a Dream Team - they're more like the Perfect Team. Lisa Fernandez pitched a three-hitter Sunday and Crystl Bustos drove in two runs as the Americans rolled to their eighth shutout in eight days, 5-0 over Australia, putting them into the gold medal game...",World,Sports
"Update 1: Toshiba, TCL to Cooperate on Appliances Focusing on the fast-growing Chinese market, Japan #39;s Toshiba and major Chinese appliance maker TCL have signed a broad agreement to cooperate in making and marketing appliances in China, the companies said Thursday.",Business,Sci/Tech
"Danaher to Make Offer for Linx Printing Danaher Corp., a maker of Sears Craftsman tools and environmental testing products, said Wednesday that it plans to make a cash tender offer to purchase Linx Printing Technologies PLC for \$158 million, including transaction costs.",Business,Sci/Tech
"PRESS START FOR NOSTALGIA Like Led Zeppelin #39;s #39; #39;Stairway to Heaven #39; #39; and Lynyrd Skynyrd #39;s #39; #39;Freebird, #39; #39; classic video games like Frogger and Pong can bring back an entire era.",Sci/Tech,Sports
Relaxed pot possession bill returns OTTAWA -- The long push to reform marijuana laws took a big step forward yesterday as the federal government re-introduced legislation decriminalizing possession for personal use.,World,Business
"EPA May Conduct Human Tests for Chemicals (AP) AP - In setting limits on chemicals in food and water, the Environmental Protection Agency may rely on industry tests that expose people to poisons and raise ethical questions.",World,Sci/Tech
"English 'world language' forecast A third of people on the planet will be learning English in the next decade, \says a report.",World,Sci/Tech
"Intel defeats AMD in court AMD #39;s attempt to persuade the US court to sanction the release of over 60,000 pages of Intel documentation to a European Commission anti-trust enquiry has failed.",Business,Sci/Tech
"Asia to outperform this year, lower growth seen in 2005: ADB (AFP) AFP - Developing Asia is set to outperform this year with higher-than-expected growth of 7.0 percent despite high oil prices but it will slow in 2005 in tandem with the developed world, the Asian Development Bank (ADB) said.",World,Business
Ex-Enron executive testifies about cover-up The first witness in the first Enron criminal trial testified this morning she believed those higher up than both she and the Enron accountant now on trial were in on an effort to hide illicit,Business,World
New Fat-Busting Microwave Oven Unveiled TOKYO (Reuters) - Eyeing up that juicy steak but worried about your waistline? Japanese electronics maker Sharp Corp. 6753.T says it has developed a new fat-busting microwave oven that can melt some of your worries away.,Sci/Tech,Business
Indian PM pledges to protect poor from oil-driven inflation NEW DELHI : Indian Prime Minister Manmohan Singh pledged to try to shield the poor by keeping down prices of essential goods amid rising inflation.,Business,World
"Alstom to sign 1 billion Euro in contracts with China (AFP) AFP - The French Group Alstom Saturday will sign contracts worth up to 1 billion Euros (1.23 billion dollars) in China for the delivery of trains and locomotives, French sources with knowledge of the deal revealed to AFP.",World,Business
"Schwarzenegger Vows to Defend Emissions Law Toyota, General Motors and seven other automakers filed suit to block California's new greenhouse gas regulation, which was approved by the state in September.",World,Business
"Minister Lee Says Uncertainty Deepens Economic Lethargy Deputy Prime Minister and Finance-Economy Minister Lee Hun-jai said Monday the nation #39;s current economic lethargy is due to unsubstantiated uncertainty #39; #39; about the future, which in turn weakens the confidence of market players.",Business,World
Hynix's 3Q Profit More Than Triples (AP) AP - South Korea's Hynix Semiconductor Inc. said Monday its third-quarter net profit more than tripled from same period last year thanks to steady global prices for memory chips.,World,Business
"U.S. Ringtones Market Slow to Connect SAN FRANCISCO (Billboard) - With a possible billion-dollar windfall at stake, U.S. music companies are eagerly awaiting the full-blown development of the stateside ringtone market.",Sci/Tech,Business
"No Sign of El Nino in Pacific for Now - Scientists (Reuters) Reuters - Sea temperatures in the southeastern\Pacific show no sign of bringing extreme ""El Nino"" weather\conditions in the next two months, Peru's Maritime Institute\(IMARPE) said on Tuesday.",Sci/Tech,World
"Purdy Tapped as Cyber-Security Director The Department of Homeland Security has filled the nation's top cyber-security post after the previous chief abruptly resigned last week, choosing the former director's deputy to take over the position. -washingtonpost.com",Sci/Tech,World
"Nortel Downsizes Again Aug. 23, 2004 (TheDeal.com) Problem-plagued Nortel Networks Corp. announced plans Thursday, Aug. 19, to eliminate an additional 3,500 jobs and fire seven more senior executives as the company labors to reinvent",Business,Sci/Tech
Donors seek clarity on PA finances Donors to the Palestinians are asking whether the change of leadership can let more light into Palestinian finances.,Business,World
Observers insist: no proof of fraud in Venezuelan referendum. Independent observers confirmed that the random auditing of results from the recall referendum (Sunday August 15) against Venezuelan president Hugo Chavez show there are no indications of fraud as claimed by the opposition.,Business,World
"Cendant Near Deal to Buy Orbitz for #36;1.2 Bln-Source (Reuters) Reuters - Travel and real estate company\Cendant Corp. is close to an agreement to buy online\travel site Orbitz Inc. for about #36;1.2 billion in\cash, a source close to the talks said on Tuesday.",Sci/Tech,Business
Nortel lowers expectations Nortel said it expects revenue for the third quarter to fall short of expectations.,Sci/Tech,Business
"Feds Make A Strike Against Spyware Companies WASHINGTON -- In what regulators are calling a first, the federal government has asked for a court order to shut down a spyware operation.",Sci/Tech,Business
"Blunkett gets tougher on drugs New police powers to prosecute offenders for possession if they test positive for drugs when they are arrested, even if the only drugs they have are in their bloodstream, are to be announced this week.",World,Sci/Tech
"Governor #39;s proposal: New game, same strategy If Gov. Rod Blagojevich #39;s proposal to crack down on violent video game sales sounds familiar, look no further than the man he beat to become Illinois #39; chief executive.",Sci/Tech,World
"MDs: Vioxx not the only drug to help arthritis The withdrawal of Vioxx may take a bite out of Merck amp; Co. #39;s revenues, but it isn #39;ta setback for arthritis patients, doctors said Friday, because dozens of other drugs offer the same symptom relief.",Business,Sci/Tech
"Important Rules for Phone Market Face F.C.C. Vote Next week, the FCC will likely change the rules on unbundled networks largely in ways favorable to the Regional bells.",Business,Sci/Tech
"Trust Digital Gets CEO, Cash Influx Trust Digital Inc., a McLean software company, is getting a new chief executive and \$3.1 million in new investments as it tries to expand its business making security software for wireless devices. -The Washington Post",Sci/Tech,Business
F1: British Grand Prix ruled out Jackie Stewart rejects Bernie Ecclestone's claims that the British Grand Prix is dead.,World,Sports
"MG Rover offers know-how to Chinese partner MG Rover, the ailing British carmaker, has signed a binding agreement to hand over technology and know-how to the Shanghai Automotive Industry Corporation (SAIC).",Business,Sci/Tech
"Sun trims fourth-quarter earnings by \$12 million Sun Microsystems Inc. trimmed its fourth quarter and full-year 2004 results this week, to account for final accounting of asset retirement obligations and its settlement with Microsoft Corp.",Sci/Tech,Business
Oracle 1Q Earnings Rise 16 Percent (AP) AP - Business software giant Oracle Corp. said Tuesday that first-quarter earnings rose 16 percent driven by new database license sales that rose 19 percent.,Sci/Tech,Business
HONDA LINKED WITH BAR TAKEOVER BAR #39;s engine partner Honda is believed to be interested in purchasing the Brackley team and a deal could be done within the next 12 months.,Sports,Business
Senators Want Boeing Deal Investigated Leaders of the Senate Armed Services Committee asked the Defense Department on Friday to have its inspector general #39;s office investigate the Air Force #39;s effort to,Business,World
"A Founding Father? Give the guy some credit. Tung Chee-hwa, Hong Kong #39;s embattled Chief Executive, gets precious little of it from his people these daysand heaps of",World,Business
"Sudan to attract most ICRC funds in 2005, 30-percent drop in cash for Iraq (AFP) AFP - Strife-torn Sudan will become the largest focus of aid work for the International Committee of the Red Cross in 2005, while money earmarked for Iraq will fall by almost one third, the agency said.",World,Business
Hope Fades for Saving 2 Boys Stuck in Mexico Cave (Reuters) Reuters - Hopes of rescuing two small boys\trapped for five days in a jungle cave faded fast on Friday\after contact was lost with the brothers and as the cavern\flooded in overnight rains.,Sci/Tech,World
Telescope snaps distant 'planet' The first direct image of a planet circling another star may have been obtained by a US-European team of astronomers.,World,Sci/Tech
"Don King Productions Presents: quot;Battle For Supremacy quot; On Saturday November 13th, ten misfits, nomads and upstarts seek to wage war or settle the score at the famed Madison Square Garden in New York, New York.",Sports,Sci/Tech
"The Shockwaves of Sumatra The Indian Ocean earthquake of December 2004 produced a shockwave that created tsunamis all across the Indian Ocean. The tsunamis hammered nearby Indonesia and struck as far as the coast of East Africa. The death toll has climbed over 100,000 and continues to grow. It also created social shockwaves.",Sci/Tech,World
"Dominicans' Swift Step Into Crisis SANTO DOMINGO, Dominican Republic -- When Sandro Batista smashed his banana truck into a tree in April, leaving him with two hideously shattered legs and a broken arm, his orthopedic surgeon sent his sister shopping.",Business,Sports
"India's low-cost airline eyes business travel (AFP) AFP - India's pioneer low-cost carrier Air Deccan plans to raise 50 million dollars in private equity by shedding a 26 percent stake and also aims to enter the corporate business jet segment, its chairman said.",World,Business
"Controversial US Overtime Rules Take Effect New overtime rules have taken effect in the United States that the government says will strengthen workers #39; rights, but opponents say will significantly reduce workers #39; pay.",Business,Sports
"Oracle #39;s Ellison happy as \$5.5m Larry LARRY Ellison, the chief executive of software maker Oracle, earned \$US3.85 million (\$5.53 million) in salary and bonus for the financial year that ended May 31.",Business,Sci/Tech
"Blame player, not game It was like nothing youd ever exercised your thumbs to before. You could do whatever you wanted, whenever you wanted. The game seemed endless.",Sci/Tech,Sports
"Microsoft Opens Software Development Center in India (Update3) Microsoft Corp., the world #39;s largest software maker, will hire several hundred #39; #39; people in the next year at its development center in India, expanding its workforce of 800, Chief Executive Steve Ballmer said.",Business,Sci/Tech
"Eureka! Has Australia found its 'defining moment'? Friday is the 150th anniversary of Eureka Day. For some Australians, it's their Boston Tea Party.",World,Sci/Tech
Infineon admits conspiracy in DRAM cartel GIANT MEMORY company Infineon will plead guilty to price fixing of DRAM chips and will pay \$160 million in fines to the US government.,Business,Sci/Tech
"GM Plans to Use Woods More Creatively (AP) AP - General Motors Corp. is thrilled that Tiger Woods will promote Buick for the next five years, but GM chairman Rick Wagoner says the automaker could make better use of the world's best-known golfer.",Sports,Business
"Men Set for Sizzling Duel in 100 Meters ATHENS, Greece - The preliminaries in the 100 meters were perhaps just a sample of what's to come Sunday, when a talented group of qualifiers - including Americans Shawn Crawford, Justin Gatlin and defending champion Maurice Greene - will try to turn their competition into the fastest show at the Athens Games. Five men broke 10 seconds in qualifying Saturday, led by Crawford's time of 9.89...",World,Sports
Before-the-Bell: GenCorp Falls 5.6 Pct. (Reuters) Reuters - Shares of GenCorp Inc. fell 5.6\percent before the opening bell on Monday after investment fund\Steel Partners withdrew its proposal to acquire the aerospace\and real estate company.,Sci/Tech,Business
"Oracle #39;s sweet on PeopleSoft Oracle sweetened its hostile bid for rival business software maker PeopleSoft to \$9.2 billion, a 14 increase aimed at resolving the long-running takeover battle between the bitter foes.",Business,Sci/Tech
"Checking changes Toward the end of the month if resources are a little tight, there are times when Krista Bergstrom admits she writes a check or two for more than is left in her account.",Business,Sci/Tech
"Smoking ban would target pubs ritain #39;s government proposed banning smoking in most public places yesterday, setting off debate over what one smoker decried as the brainchild of a busybody quot;nanny state.",World,Business
Start of Ebbers Trial Delayed NEW YORK -- A federal judge has delayed the trial of former WorldCom chief Bernard Ebbers until January 17th. The trial had been set to start November Ninth.,Business,Sci/Tech
"Salvation Army bell ringers booted from Target stores Target stores have a simple message for eager shoppers this holiday season: quot;Get giving #39; roughly translated, buy stuff. The national retail chain also has a simple",Business,Sci/Tech
TV's Passport Stamp of Approval The sixth season of a popular reality television show is ready to rock the world.,Business,Sci/Tech
"Kiwi hits eight-year high against struggling greenback The New Zealand dollar has hit its highest level this year, propelled by a dramatic dip in the US dollar. As the greenback slumped against most global currencies, the kiwi rose to 71.02USc, its highest level for eight years.",Business,Sports
"Panera Hopes 'Chilling Out' Brews Sales (AP) AP - Bakery cafe chain Panera Bread Co. hopes its customers will stick around a little longer #151; grab a bite to eat, buy another cup of coffee, try the Wi-Fi. In other words, just chill out.",Sci/Tech,Business
"AOL, E-Mail Companies Sue Spammers The nation #39;s largest e-mail providers today filed a new round of lawsuits against Internet spammers allegedly responsible for shoveling millions of junk e-mail messages into computer users #39; in-boxes and their instant messaging screens.",Business,Sci/Tech
"A Bit of Wall St. on the Tigris The 150 brokers and traders on the Iraq Stock Exchange are not waiting for the war to end, buying and selling orders a few hundred yards away from the fighting.",World,Business
"Ontario won #39;t help other provinces squeeze Ottawa for more ... Premier Dalton McGuinty sent a shot across the bow of have-not provinces Sunday, warning that Ontario will not support efforts to wring billions more in equalization payments out",Business,Sports
"Bonds distorts numbers and history I find myself privately hoping that Barry Bonds gets nailed. Is that bad? Is it un-American? He #39;s still innocent, you know, although less innocent than he was a few days ago.",Sports,Business
"Hyundai signs deal for China truck plant Hyundai Motor Co. said yesterday that it has signed an agreement with a Chinese company, Jianghuai Automobile Corp., to build a commercial vehicle and engine plant in China #39;s Anhui province.",Sci/Tech,Business
"Oil Company on Trial in Madagascar Over Pollution (Reuters) Reuters - The operator of Madagascar's\privatized oil refinery went on trial on Tuesday, accused of\polluting the environment around the Indian Ocean island's main\international port, officials said.",Sci/Tech,Business
"GAO: Outsourcing could hurt IT employment growth A new GAO report indicates that offshore outsourcing could hurt IT employment growth over the next decade, but the study released today is sprinkled with caveats and qualifiers and shows more study is needed.",Sci/Tech,Business
"Three jockeys, one trainer arrested LONDON -- British police arrested 16 people, including three jockeys and a trainer, Wednesday as part of a major crackdown on corruption in horse racing.",Sports,World
Strong Hurricane Roars Over Bahamas Toward Florida (Reuters) Reuters - Hurricane Frances battered the\southeastern Bahamas islands with 140 mph winds on Wednesday as\it roared toward the United States and put millions of people\on alert along Florida's heavily populated east coast.,Sci/Tech,World
"Dell cuts prices on many corporate products Dell on Monday said it had cut prices by as much as fifth for a range of products aimed at US corporate customers, as the computer maker passed along savings from cheaper components.",Sci/Tech,Business
Special to ESPN.com It #39;s the age old question: quot;What do you give to the man who #39;s been everything? quot;. Only time will tell whether Phil Knight #39;s retirement will be as long-lived as so many players he paid to endorse Nike.,Business,Sports
"China closes more Internet cafs Chinese authorities have between February and August of this year closed 1,600 Internet bars. In additional fines amounting to a total of 100 million yuan (9.",Sci/Tech,Business
Governor calls for resignation of Big Dig chief BOSTON Massachusetts Governor Mitt Romney is calling for the resignation of the head of the state #39;s Turnpike Authority. Romney #39;s move comes in the wake of reports that a record 14-point-six (b) billion-dollar,Business,World
"Tokyo Stocks Finish 2.6 Percent Higher (AP) AP - Tokyo stocks finished sharply higher Monday, fueled by Wall Street's gains last week. The U.S. dollar was higher against the Japanese yen.",World,Business
"Flu Shot Shortage Highlights U.S. Crisis WASHINGTON (Reuters) - Concerned health officials began investigating on Friday what went wrong at a British vaccine plant where half the U.S. flu shots were made, and called on more companies to get into the vaccine business.",Business,World
"Revolving Door IN Aylwin B. Lewis, president of Yum Brands, as chief executive of Kmart.",World,Business
"Malls setting curfews for unchaperoned teens COLUMBUS, Ohio -- It's 10 on a Friday night, and all 15-year-old Sylvia Fallon wants is to hang out with her friends at the mall.",Business,Sci/Tech
"Japan's comics retool the art Animation in America once meant Mickey Mouse and Winnie the Pooh. These days, it's just as likely to mean Japanese fighting cyborgs, doe-eyed schoolgirls, and sinister monsters -- thanks in large part to people like John Ledford.",Business,Sci/Tech
"NASA administrator to resign WASHINGTON: Sean O #39;Keefe, is resigning after three tumultuous years heading the US space program, the White House said Monday.",Sci/Tech,World
"Russia #39;s Putin Defends Reforms, Worries About Clans Russian President Vladimir Putin said on Thursday he had no plans to grab more power or change the constitution when reforming Russia #39;s government structure.",Business,World
Nintendo Returns to Profit (AP) AP - Nintendo Co. returned to profit in the first half of the fiscal year from a loss a year ago as the Japanese video-game maker erased foreign exchange losses and turned more profit with game-software sales.,Sci/Tech,Business
"Philippines mourns dead in Russian school siege The Philippines Saturday expressed quot;deepest sympathy quot; to the families of the dead in the Russian school siege on Friday, in which 322 people were killed when Russian troops stormed",Sci/Tech,World
"Optimism Drives Google Shares to New Highs (Reuters) Reuters - Stock of Google Inc. powered\to new highs on Friday, buoyed by the web search leader's new\products and growth prospects, which complement its recent\strong financial results, analysts said.",Sci/Tech,Business
News: Governments slow off the mark to combat growing threats of cybercrime The Associated Press By Robert Wielaard,Sci/Tech,World
"Sprint, Nextel to Combine Sprint Corp. and Nextel Communications Inc. on Wednesday announced plans to merge, creating a more formidable rival to the two largest US mobile operators, and a large wireline communications company supporting",Business,Sci/Tech
"Tyncastle sale gets official go ahead Of the votes received by proxy and from shareholders in the room at a stormy extraordinary general meeting last night, 62.5 were in favour of the resolution.",Sports,Business
"Homeless families total 100,000 The figure for homeless families in England has topped 100,000 for the first time.",World,Business
"Arthritis Drug Vioxx Pulled Off Market Sept. 30, 2004 -- Long-term use of the painkiller Vioxx doubles a person #39;s risk of heart attack and stroke, a huge clinical trial shows.",Business,Sci/Tech
"After Being Bounced Around Florida Is Bouncing Back Although the three hurricanes that have hit Florida led to a broad economic slowdown, the glimmerings of a miniboom are already apparent.",Business,Sports
Presidential winner faces 'twin deficits' battle (AFP) AFP - Whoever wins the November 2 presidential election will inherit massive budget and trade deficits that pose huge economic challenges that will give little relief for President George W. Bush or rival John Kerry.,World,Business
"Southern Africa Faces Food, Water Crises - Study (Reuters) Reuters - Southern Africa faces major\challenges to feed its swelling populations and to keep its\wells from running dry, a study showed Wednesday.",Sci/Tech,Business
"Intel Posts Higher Profit, Sales Computer-chip maker Intel Corp. said yesterday that earnings for its third quarter were \$1.9 billion -- up 15 percent from the same quarter a year ago -- but the company cautioned that computer-processor demand in the United States is likely to remain low.",Sci/Tech,Business
VIACOM MAY PAY SIRIUS \$: HOWARD Howard Stern hinted broadly yesterday that he might continue his involvement with Viacom after he switches to censor-free satellite radio in 15 months.,Business,Sci/Tech
Outsourcing to Arkansas A new kid on the block promises to give offshore outsourcing a run for its money--by routing technology work to rural America. Outsourcing Blog,Sci/Tech,Business
"China Closes 1,600 Internet Cafes in Crackdown China shut 1,600 Internet cafes between February and August and imposed \$12.1 million worth of fines for allowing children to play violent or adult-only games and other violations, state media said.",Sci/Tech,Business
"Intuit Posts Wider Loss After Charge (Reuters) Reuters - Intuit Inc. (INTU.O), maker of\the No. 1 U.S. tax presentation software TurboTax, on Wednesday\posted a wider quarterly loss after taking a goodwill\impairment charge during its seasonally weaker fourth quarter.",Sci/Tech,Business
Comcast part of group wanting to buy MGM A consortium led by Sony Corp. of America that includes Comcast Corp. has entered into a definitive agreement to acquire Metro-Goldwyn Mayer Inc.,Business,Sci/Tech
"IBM, LG Electronics to End Joint Venture International Business Machines Corp. and LG Electronics Inc. will end an eight-year alliance that helped expand the US computer maker #39;s presence in the booming South Korean PC market.",Business,Sci/Tech
"Kerry's wife paid 798,820 dollars in state, federal taxes in 2003 (AFP) AFP - Teresa Heinz Kerry, wife of Democratic presidential candidate John Kerry, declared 2,291,137 dollars in gross taxable income in 2003 and paid 798,820 dollars in state and federal taxes, or about 35 percent, her office said in a statement.",World,Business
Supreme Court turns down #39;Do Not Call #39; case SUPREME COURT - The Supreme Court is refusing to hear a challenge to the federal do-not-call telephone registry. Telemarketers have been trying to invoke free-speech rights to do away with the ban on unwanted phone solicitations.,Business,Sci/Tech
"Crude Price Spike May Send Gas Higher (AP) AP - Amid soaring crude oil prices, gasoline costs have been dropping. But don't expect that to last, economists say.",World,Business
"Ask Jeeves retools search engine in bid to catch Google, Yahoo SAN FRANCISCO -- Hoping to emerge from the shadow of its more popular rivals, Ask Jeeves Inc. is adding new tools for visitors to save and organize links to Web pages they find through the company's online search engine.",Business,Sci/Tech
Consumers Would Pay In Phone Proposal A proposal backed by a coalition of telephone carriers would cut billions of dollars in fees owed by long-distance companies to regional phone giants but would allow the regional companies to make up some of the difference by raising monthly phone bills for millions of consumers. -The Washington Post,Sci/Tech,Business
Hearing Set After Microsoft Rivals Quit The judge considering Microsoft Corp. #39;s appeal against European Union sanctions has called a closed meeting for Thursday to decide what action to take after two more major,Business,Sci/Tech
"UPDATE: China Mobile 1H Net Up 7.8 On Subscriber Growth HONG KONG (Dow Jones)--China Mobile (Hong Kong) Ltd. (CHL), the listed unit of China #39;s biggest cellular phone operator, posted Wednesday a 7.8 rise in first-half net profit on a 23 increase in its subscriber base.",Business,Sci/Tech
"Cable and Wireless to cut 600 jobs, shut London headquarters (AFP) AFP - Cable and Wireless, the struggling British telecoms group, said it would cut 600 jobs across Europe, part company with a top executive and shut its London headquarters.",Sci/Tech,Business
"Report Says N.H.L. Will Reject Proposal The N.H.L. appears poised to reject a proposal made by the players union, which included a 24 percent reduction in pay and other concessions but not a hard salary cap.",Sports,Business
"Nextel and Sprint in talks on possible merger Nextel and Sprint are in talks that could lead to a merger between the two mobile phone operators, sources close to the discussions said on Thursday.",Business,Sci/Tech
Vodafone targets Japan with 3G offensive Vodafone has unveiled plans for 10 new third-generation handsets for Christmas to help shore up its struggling Japanese unit. Vodafone VOD.,Business,Sci/Tech
Warne takes six but India establish handy lead (Reuters) Reuters - World test wicket record holder Shane Warne grabbed six wickets as India established a handy 141-run first innings lead in the second test on Saturday.,World,Sports
"STMicro may see windfall from Stern satellite move Shock jock Howard Stern #39;s jump to satellite radio could create a \$180 million windfall for Europe #39;s biggest chip maker, STMicroelectronics (STM.",Business,Sci/Tech
Turkey eyes \$15 billion investment years ANKARA: Turkey is hoping to attract \$15 billion of foreign investment between 2005 and 2007 through reforms designed to overhaul its economy and ease the country #39;s entry into,World,Business
Lackluster Jobs Report Pushes Stocks Down NEW YORK - Investors pushed stocks lower Friday as a surprisingly lackluster job creation report deepened Wall Street's pessimism over the health of the economy. A solid earnings report from General Electric Co...,World,Business
"FBI Interviews Halliburton Whistleblower Bunnatine Greenhouse, chief contracting officer of the Army Corps of Engineers, is seen in her official undated government photo. FBI agents recently spent a day interviewing Greenhouse, the Army contracting",Business,Sci/Tech
"PeopleSoft down on testimony, forecast Investors react to a disappointing earnings projection and to testimony that dampens hopes of negotiations with Oracle.",Sci/Tech,Business
"No tax on Internet access until at least 2007 Consumers won #39;t have to pay a tax to log on to the Internet until at least 2007, after Congress voted Friday to renew a recently lapsed ban on Internet taxation.",Business,Sci/Tech
The Bahamas - the real medal winner of the Athens Olympics A different way of calculating the medal standings brings some interesting results.,Sci/Tech,Sports
"Hot pursuit Times like these make grown men talk to televisions. quot;C'mon, guys, get the darn out, quot; Pedro Martinez shouted at a big screen in the Red Sox clubhouse yesterday as he watched the Blue Jays try to finish off the Yankees with two outs and the potential winning run at the plate in the ninth inning in Toronto.",Sports,Sci/Tech
Human lives mere pawns in game of political expediency IT WOULD have been obtuse to miss the streak of smug satisfaction in the Western response to the seizure by Al-Qaeda #39;s Pakistani allies of two Chinese engineers working on Pakistan #39;s,World,Sci/Tech
"Siemens Says Cellphone Flaw May Hurt Users and Its Profit Siemens, the world #39;s fourth-largest maker of mobile phones, said Friday that a software flaw that can create a piercing ring in its newest phone models might hurt earnings in its handset division.",Business,Sci/Tech
Ban for former Ahold executives Dutch retailer Ahold's former chairman and its ex-finance officer are barred from executive posts as part of a US fraud case settlement.,World,Business
"BlueGene sneaks past Earth Simulator The Earth Simulator, an NEC supercomputer, is surpassed, at last. IBM announced yesterday that its Blue Gene/L supercomputer had achieved a sustained performance of 36.",Business,Sci/Tech
"Premier swallows Bird #39;s custard Bird #39;s custard and Angel Delight are back in British hands after a 70m deal announced yesterday. The famous brands have been bought by Premier Foods, owner of Ambrosia custard and Rowntrees jelly, from the US food group Kraft.",Business,Sports
"GM pulls Guy Ritchie car ad after protest Protests from seven safety groups have prompted General Motors to pull a television ad that shows a young boy driving a Corvette sports car so recklessly that it goes airborne, officials of the automaker say.",Business,Sci/Tech
"Report finds handheld device market in continued decline The worldwide market for handheld devices saw its third successive quarter of year-over-year decline in the third quarter of 2004, according to a new report released by IDC.",Business,Sci/Tech
"Experts Push for More Computer Security Efforts WASHINGTON (Reuters) - Computer-security experts, including former government officials, urged the Bush administration on Tuesday to devote more effort to strengthening defenses against viruses, hackers and other online threats.",Sci/Tech,World
"Dell May Soon Unveil More Consumer Goods -Analyst (Reuters) Reuters - Dell Inc. (DELL.O), the world's\largest PC maker, could announce an expanded selection of its\consumer electronics line in the next several weeks, a retail\industry analyst said on Wednesday.",Sci/Tech,Business
UN 'must ignore cloning ban call' The UK's Royal Society urges the UN to ignore a call by President Bush to ban all forms of human cloning.,Sci/Tech,World
"Thomson Joins Microsoft-Time Warner Deal (AP) AP - French technology company Thomson SA said Monday it was joining Microsoft Corp. and Time Warner Inc.'s proposed venture to make anti-piracy software, a move that could relieve European Union concerns about the pending deal.",Sci/Tech,Business
Flat-screen TV prices are falling for holidays But trend provokes industry unrest; panel makers call for drop in retail markups to move units. By Evan Ramstad and Gary McWilliams.,Sci/Tech,Business
"BASS moving headquarters to Florida The Bass Anglers Sportsman Society is moving its headquarters to Central Florida. The bass fishing organization, based in Montgomery since its inception in 1967, announced Monday",Business,Sci/Tech
"Australia 362-7 v India, third test - close (Reuters) Reuters - Australia were 362 for seven wickets at the close of play on the first day of their third cricket test against India on Tuesday.",World,Sports
"PM welcomes EU partnership Prime Minister Manmohan Singh arrived in the Hague last night to participate in the India-European summit. quot;In recognition of Indias growing stature and influence, the EU has proposed a strategic partnership with India.",Business,World
"Logjam at the point Doc Rivers does not subscribe to the mad scientist, mix-and-match method when it comes to selecting a backup point guard. He does not want a rotation of Marcus Banks, Jiri Welsch, and Delonte West picking up the minutes Gary Payton leaves behind. He does not want the trio of young, inexperienced guards wondering about playing time in addition ...",Sports,Sci/Tech
"NASA Chief Applies for Job at LSU (AP) AP - NASA Administrator Sean O'Keefe will resign this week, a government official said Sunday, and a spokesman for Louisiana State University said O'Keefe is a leading candidate to become a chancellor there.",Sci/Tech,World
"Intel in new chip breakthrough Intel creates a more powerful memory chip without increasing its size, confounding the firm's critics.",Business,Sci/Tech
Feds Charge 28 in ID Theft Ring Agents at the US Secret Service unmasked 28 people who thought they were safe behind anonymous identities and charged them in connection with alleged ID Theft activities.,Sci/Tech,World
"Health Highlights: Aug. 28, 2004 A new drug that fights a form of age-related macular degeneration (AMD), a leading cause of blindness in the elderly, won applause if not approval from a panel of advisors to the US Food and Drug Administration.",Business,Sci/Tech
"Spread of GM grass raises fears of crossbreeding Pollen from a genetically modified grass was found 21 kilometres from where it was planted, scientists reported in a study published Tuesday, raising fears of transgenic crossbreeding.",Business,Sci/Tech
"Anticipation nation LINCOLN, Neb. -- Carly Simon got it right a generation ago.AN-TI-CI-PA-TION. She wasn't singing about college football, but out here in the heartland of America, as Husker Nation prepares for a new season, the sense of anticipation is enormous.",Sports,Sci/Tech
"More harmful drugs may be on the market After writing about hundreds of individual and class-action lawsuits that have been filed on behalf of consumers who developed cancer, suffered heart attacks or other medical problems from hormone replacement therapy drugs and Vioxx, an FDA employee now",Business,Sci/Tech
"Judge orders inspector to look at Hollinger dealings A Canadian judge has ordered that a court-appointed inspector be assigned to take a close look at the business dealings of Hollinger Inc, the Conrad Black-controlled company said on Friday.",Business,World
"Chirac Sees Opportunity in China's Economic Surge BEIJING (Reuters) - French President Jacques Chirac declared Saturday that France was a natural trade partner to China and, amid a flurry of air, rail and energy deals, played down any threat from one the world's fastest growing economies.",World,Business
"Cisco invests \$12 million in Japan R amp;D center On Thursday, the company announced it will invest \$12 million over the next five years in a new research and development center in Tokyo.",Sci/Tech,Business
"Regulators Let Cingular Buy AT T Wireless The \$41 billion merger between Cingular Wireless LLC and AT T Wireless Services Inc. won approval from the Federal Communications Commission Friday, according to federal sources close to the agency. \-The Washington Post",Sci/Tech,Business
"Barents Sea Under Threat from Fishing, Oil (Reuters) Reuters - The Arctic Barents Sea is\under threat from overfishing, oil and gas exploration and\Soviet-era radioactive waste, the U.N. Environment Program said\on Tuesday.",Sci/Tech,Business
"Ontario gets harsh with school dropouts HUNTSVILLE, ONT. - The Ontario government plans to introduce legislation that will require students to stay in school until they reach the age of 18, said the province?",Business,Sci/Tech
Pakistan down India to ensure top six finish (AFP) AFP - Pakistan defeated arch-rivals India 3-0 here to ensure they stand among the top six in the Olympic men's field hockey competition.,World,Sports
"Colts Lead Pats Early in Third Quarter FOXBORO, Mass. - Peyton Manning reached the 25,000-yard passing mark faster than anyone but Dan Marino, and the Indianapolis Colts shredded the New England Patriots for a 17-13 halftime lead Thursday night...",World,Sports
"Bedding Blip? Go Back to Sleep This is getting old. Every time Hidden Gems selection Select Comfort (Nasdaq: SCSS) gets settled in and ready for a long night #39;s rest full of dreams of two-times-in-three-years capital gains, along",Business,Sci/Tech
"Coors' Donation to Own Campaign Draws Ire (AP) AP - A #36;500,000 donation by Republican beer baron Pete Coors to his own Senate campaign has triggered a new federal law that eases fund-raising restrictions for his Democratic opponent.",World,Business
Everyone wants a piece of Orton Every sports collectible dealer knows the key to profit is getting in early. And the hounds are suddenly on the scent of Kyle Orton.,Sports,Business
FDA Bans Vioxx And Bextra Critic From Advisory Panel Meeting A drug safety expert says his invitation to participate in a meeting on the risks of arthritis drugs like Vioxx and Bextra has been rescinded by government officials because he publicly expressed concerns about the medications.,Business,Sci/Tech
"Glacier Grows in Mount St. Helen's Crater (AP) AP - While earthquakes, steam and magma are getting all the attention on Mount St. Helens these days, the volcano's most unique feature could be the icy epitome of slow motion that has sprouted on its flanks in the last two decades: its glacier.",Sci/Tech,World
"Briefly: Israel, Egypt and US trade pact Egypt, Israel and the United States have reached an agreement that allows Egyptian industry to sell products using Israeli parts duty free in America.",World,Business
"Google targets software giant SEATTLE -- Not too long ago, Google Inc. seemed little more than a pesky insect to Microsoft Corp.'s 800-pound gorilla.",Business,Sci/Tech
"Hurricane center #39;s projection on Charley not far off, data show FORT LAUDERDALE, Fla. - (KRT) - Despite criticism that it should have better anticipated Hurricane Charley #39;s rapid intensification and quick turn, the National Hurricane Center #39;s forecast wasn #39;t that far off, a preliminary post-mortem shows.",Sci/Tech,World
"Turkey cautiously optimistic of EU bid ahead of crunch summit ANKARA, Dec 13 (AFP) - Turkey was cautiously optimistic Monday that it would obtain a favorable result from this week #39;s crunch summit of European Union leaders who will decide on Ankara #39;s membership bid, but warned the 25-nation bloc not to cross Ankara #39;s",World,Business
"SBC links e-mail, voice messages, fax SBC on Monday announced a new service that integrates voice messages, faxes and e-mails into a single mailbox that can be accessed from anywhere by phone or the Internet.",Business,Sci/Tech
"Anil Ambani authorises mother to take decisions on his behalf MUMBAI/NEW DELHI: The stage is set for a family meeting of the Ambanis here on Monday on the ownership issue in the Rs 80,000 crore-Reliance group of industries as Mukesh Ambani returned from the US even as his brother Anil is understood to have",Business,World
Wells Fargo computers stolen Identity thieves may have obtained information on thousands of Wells Fargo mortgage and student loan customers.,Sci/Tech,Business
"Rogers Wireless Whistles and Fido Responds Its official. Microcell Telecommunications Fido wireless service will be the new dog in Rogers Wireless Communications Canadian kennel, and that puppy wasnt cheap.",Business,Sci/Tech
"Dark arts of spin evident in phoney war for Abbey THE phoney war over the fate of Abbey grinds on. Along the way, on all sides, it is producing its predictable crop of knowing winks and destabilising nudges.",Business,Sci/Tech
"Classmates agrees to \$100M buyout United Online Inc., a California-based provider of low-cost Internet subscription services, has agreed to buy Internet networking company Classmates Online Inc.",Business,Sci/Tech
"World's oldest man dies aged 113 The world's oldest man, who gave up driving at 108 because ""slow drivers annoyed him"", dies at 113.",World,Sports
TSA #39;pat-downs #39; cross the line for some fliers Millions of holiday travelers nationwide are experiencing an all-too-intimate form of security screening that some say amounts to sexual groping - a quot;pat-down quot; by government officials.,Business,Sports
Cricket: NZ suffer Franklin blow New Zealand bowler James Franklin misses the first Test against Australia with injury.,World,Sports
"Sony Leads MGM Acquisition Entertainment companies had been vying for MGM to get their hands on its library of more than 4,000 titles. Time Warner initially was seen as the front-runner in the race.",Business,Sci/Tech
"EU Unveils Plans for New Banana Tariffs (AP) AP - The European Union said Wednesday it will impose a duty of 230 euros ( #36;290) per ton of bananas starting in 2006, in an effort to prevent producers in former African and Caribbean colonies from losing business to larger growers in Latin America.",World,Business
"France #39;s #39;Watergate #39; trial opens In France, 12 people have gone on trial for running a phone-tapping operation used by the late President Francois Mitterrand to monitor his opponents.",World,Sci/Tech
"First Howard, Now Mel: Karmazin Joins Sirius As CEO Hours after his close associate Howard Stern addressed a teeming crowd about the benefits of Sirius Satellite Radio, former Viacom Chief Operating Officer and President Mel Karmazin announced that he has signed onto the fledgling company as CEO.",Business,Sci/Tech
"Russia May Ratify Kyoto Protocol in Oct. -- Minister (Reuters) Reuters - The Russian government expects\parliament to ratify the Kyoto Protocol this month in a move\allowing the long-delayed climate change treaty to come into\force worldwide, a senior minister said Monday.",Sci/Tech,Business
"Zingo keeps Manganese Bronze in red (FT.com) FT.com - Losses from its Zingo mobile phone cab-ordering service kept Manganese Bronze Holdings, maker of London taxis, in the red last year.",Sci/Tech,Business
Tennis: Night final for Aus Open The centenary Australian Open will be the first Grand Slam event to stage its final at night.,World,Sports
"Toughest athlete is female and unknown You probably haven't heard about one of the toughest endurance sports around: the deca-ironman. That's 38 km swimming, immediately followed by an 1800 km bicycle ride and a 420 km run. Currently, the world record stands at about 187 hours, held by a German housewife. Nobody else has ever finished the course below 192 hours.",Sci/Tech,Sports
"PC Sales Hot For 2004, But Will Soon Cool Off PC shipments in the second quarter grew faster than any three-month period since 1999, IDC said Monday, citing the continued pent-up demand for replacement systems as the driving force behind the sales surge.",Business,Sci/Tech
"Greek, British Police Break Illegal Software Ring Greek and British police in a joint operation cracked a multi-million illegal software sales ring, arresting two people and seizing thousands of pirate high-tech software programs, Greek police said on Friday.",Sci/Tech,World
"New Siebel Chief Outlines Chapter 2 For CRM Vendor After 10 years of focusing on product development and delivery, CEO Michael Lawrie says Siebel had to recognize that technology is only one part of the CRM equation.",Business,Sci/Tech
Amazon #39;s UK DVD Rentals Might Presage War with Netflix Analysts said Amazon #39;s launch of the DVD rental service in the UK might be to test its approach and streamline the logistically difficult process of handling DVDs through the mail.,Business,Sci/Tech
"Producer Price Surge Fuels Inflation Fears Producer prices surged 1.7 percent in October, their sharpest monthly increase in nearly 15 years.",World,Business
"Australia Police to Trap Cyberspace Pedophiles (Reuters) Reuters - Australian police acting as part of an\international ""cyber cop"" network will be able to trap\pedophiles who use the Internet to ""groom"" or lure children for\sex, under new laws passed by parliament on Tuesday.",Sci/Tech,World
"Microsoft open new software development unit in India (AFP) AFP - Microsoft said it will join with India's second-largest software firm, Infosys Technologies, to provide software and consulting to manufacturing, banking and automobile companies.",World,Sci/Tech
"Trading blows When a can of worms is opened, all manner of slimy things crawl out. So it was when the US government fired the first shots in a fusillade against the European Union - by complaining to the World Trade Organisation",Business,Sci/Tech
Halo 2 scores record sales of \$125 million in first 24 hours Halo 2 broke entertainment retail records in its first 24 hours. Microsoft Game Studios said that the video game sold through 2.4 million stores in the US and Canada raking in \$125 million in sales.,Business,Sci/Tech
"DreamWorks Officer Quits DreamWorks SKG, the studio that created the quot;Shrek #39; #39; films, said yesterday that Helene Hahn would step down as chief operating officer.",Business,Sci/Tech
"Start-ups are discovering they might have to wait until the timing is right Is the market for initial public offerings open or closed? Few questions loom larger for venture capital firms, which risk money on entrepreneurial companies and look for ''liquidity events quot; that will help them recoup their investments. But more than at any other time in the recent past, the answer may depend on your vantage point.",Business,Sci/Tech
"Another Oracle exec says company might lower offer price for ... WILMINGTON, Del. Another Oracle executive says the company could lower its offering price for rival PeopleSoft. During testimony this morning in Delaware, Oracle co-president Safra Catz said PeopleSoft #39;s declining",Business,Sci/Tech
"China's Lenovo to buy IBM's PC business TOKYO - China's Lenovo Group Ltd. signed a definitive agreement on Wednesday to acquire IBM Corp.'s personal computing division. Lenovo will pay US\$1.25 billion in cash for the business, which is expected to transform it into the world's number three PC maker, the companies announced.",Sci/Tech,Business
"House Passes Second Anti-Spyware Bill WASHINGTON (Reuters) - The U.S. House of Representatives on Thursday unanimously passed a second bill targeting perpetrators of computer ""spyware"" that hides in users' computers and monitors their activities.",Sci/Tech,World
"House passes bill to criminalize spyware fraud The House Thursday passed a bill that would criminalize the use of spyware to commit fraud or other crimes, adding an additional two to five years to federal sentences.",Sci/Tech,World
"Hewlett-Packard buys Synstar Palo Alto-based Hewlett-Packard Co. has bought IT services company Synstar plc, of Bracknell, England for about \$293.3 million. Synstar has some 1,500 customers across Europe, selling IT support for various computer platforms.",Business,Sci/Tech
"Regulators Let Cingular Buy AT amp;T Wireless The \$41 billion merger between Cingular Wireless LLC and AT amp;T Wireless Services Inc. won approval from the Federal Communications Commission yesterday, according to federal sources close to",Sci/Tech,Business
"Martha Stewart Is Allowed to Start Prison Term Early A federal judge ordered Martha Stewart today to surrender for prison by Oct. 8, granting the Ms. Stewart's request to begin serving her sentence for lying about a stock sale.",Business,World
"Bush, Kerry Economic Budgets Exceed \$1T WASHINGTON - President Bush and Democratic Sen. John Kerry have starkly different economic priorities with a common thread: price tags exceeding \$1 trillion that could pump already huge deficits skyward over the next decade...",World,Business
"Amazon to Buy Chinese Retailer Joyo.com Internet retailer Amazon.com Inc. said on Thursday that it will buy Joyo.com Ltd., which runs some of China #39;s biggest retail Web sites, for about \$75 million to gain entry into China #39;s fast-growing market.",Sci/Tech,Business
"Iran given nuclear deadline the (International Atomic Energy Agency) board of governors, quot; he said. quot;A proposal will be put to them. quot;. produce fuel for nuclear weapons -- but Tehran rejected the demand as illegal.",World,Business
"Suspect Animal Tested for Mad Cow Disease WASHINGTON (Reuters) - Government scientists are chasing a possible new case of mad cow disease in the United States, with final results on a suspicious slaughtered animal expected in coming days, officials said on Thursday.",Business,Sci/Tech
"Games just don #39;t get much better than #39;San Andreas #39; This country has seen a massive upsurge in morality since Election Day, and nowhere is this more evident than in the commercial failure of the quot;Grand Theft Auto quot; games.",Sci/Tech,Sports
"Mexico's 'Fire Volcano' Erupts, No Evacuations Yet (Reuters) Reuters - Mexico's so-called ""Fire\Volcano"" spewed lava, glowing rocks and flames on Friday in an\eruption that authorities said was not yet serious enough to\evacuate nearby villages.",Sci/Tech,World
"Intel drops prices on computer chips SAN FRANCISCO - Intel Corp. has cut prices on its computer chips by as much as 35 percent, though analysts on Monday said the cuts were probably unrelated to swelling inventories of the world #39;s largest chip maker.",Sci/Tech,Business
"SAN FRANCISCO Mission District cyclist blew whistle on flawed lock The triumph last week of the Bic pen over expensive, state-of-the-art steel locks has panicked the bicycling community, and churned Internet rumor mills about how much the lock manufacturer knew and when the company knew it.",Business,Sports
"Microsoft signs two Indian deals Microsoft is to form multi-million pound partnerships with two Indian software firms, and is expected to double the 1,500 people it already employs in India.",Sci/Tech,Business
"Putin ready to probe other oil companies Russian President Vladimir Putin is ready to go after other oil companies the way he has hammered Yukos, a top Kremlin official has said.",Business,World
PeopleSoft sweetens employee compensation Business software maker PeopleSoft Friday said it was boosting compensation packages for all employees except its chief executive in a move that would raise the,Business,Sci/Tech
Japan Airlines Sees Profit on Int'l Travel (AP) AP - Japan Airlines Corp. said Friday that it returned to profitability in first half of the fiscal year as international travel picked up from a decline a year ago caused by the war in Iraq and the SARS outbreak in Asia.,World,Business
"PeopleSoft Plays Defense The business software maker inks a deal with IBM, but it isn't likely to dissuade Oracle.",Business,Sci/Tech
"Calif. OKs World's Toughest Smog Rules LOS ANGELES - California air regulators Friday unanimously approved the world's most stringent rules to reduce auto emissions that contribute to global warming - a move that could affect car and truck buyers from coast to coast. Under the regulations, the auto industry must cut exhaust from cars and light trucks by 25 percent and from larger trucks and sport utility vehicles by 18 percent...",World,Business
"Scotch Whisky eyes Asian and Eastern European markets (AFP) AFP - A favourite tipple among connoisseurs the world over, whisky is treated with almost religious reverence on the Hebridean island of Islay, home to seven of Scotland's single malt distilleries.",World,Business
"Mars water tops science honours The discovery that salty, acidic water once flowed across the surface of Mars has topped a list of the 10 key scientific advances of 2004.",World,Sci/Tech
"Cheese sandwich back on eBay MIAMI -- You might say that this time, eBay melted in the resolve to ban the online sale of part of a 10-year-old grilled cheese sandwich.",Sci/Tech,Business
"Agency reports climate change major problem Rising sea levels, disappearing glaciers in the Alps and more deadly heat waves are coming for Europeans because of global warming, Europes environmental agency warned Wednesday.",Sci/Tech,World
Tennis: Davenport to play on Lindsay Davenport says she plans to play in the Australian Open next January.,World,Sports
"Senate Panel Gives NASA Extra Money (AP) AP - NASA would get #36;16.4 billion next year under a bill a Senate committee approved Tuesday, reversing a decision by House lawmakers to cut the space agency's budget below this year's levels.",World,Business
"Cingular to upgrade wireless data network DECEMBER 01, 2004 (REUTERS) - Cingular Wireless LLC, the largest US wireless telephone company, said yesterday that it would upgrade its network next year to handle high-speed data transmissions.",Business,Sci/Tech
Cricket: Pakistan edge ahead Pakistan take a slim lead over Sri Lanka by the end of the day two in the first Test.,World,Sports
Deal has S2io champing at the gigabit OTTAWA -- A local firm that says it can help shrink backup times at large data centres is growing its business thanks to an alliance with Sun Microsystems Inc.,Business,Sci/Tech
"Before the Bell - ESS Technology drops 4.4 pct Shares of ESS Technology (ESST.O: Quote, Profile, Research) , a maker of computer chips for DVD equipment, fell 4.4 percent in premarket trading on Monday after the company lowered its third-quarter revenue and earnings",Business,Sci/Tech
Islands press Govt to reverse phone call decision Diplomats from a number of islands in the South Pacific are reported to be pressing the Government to reverse a decision to block all phone calls made to the islands.,Sci/Tech,World
News: Schwarzenegger signs bill banning paperless voting systems The Associated Press By Rachel Konrad,Sci/Tech,World
Pakistan on back foot in four dayer (AFP) AFP - Pakistan was still struggling at lunch on the second day of their four-day tour match against Western Australia here despite claiming two wickets in the morning session.,World,Sports
"Let a Thousand Ideas Flower: China Is a New Hotbed of Research In recent years, hundreds of multinational companies have set up research laboratories in China.",Business,Sci/Tech
SUVs: Live And Let Die NEW YORK - The newly released traffic crash fatality data have something for everyone in the debate about the safety of sport utility vehicles.,Business,Sci/Tech
"Toy Safety Glance 398,000 Bumble Bee toys distributed by Graco Children #39;s Products. Graco received 26 reports of antennae breaking off the toys, including five reports of children who started to choke on the broken parts.",Business,Sci/Tech
"Israel to close Erez industrial zone before March Israel would start liquidating the Erez industrial zone in the northern Gaza Strip before launching the first stage of the disengagement plan in March 2005,local newspaper Ha #39;aretz reported on Tuesday.",Business,World
"Show lights up Paralympics The XII Paralympics begins in Athens, after a spectacular opening ceremony.",World,Sports
"FaceTime, IMlogic Back Live Communications Server 2005 Hard on the heels of Microsoft announcing that it #39;s taken Live Communications Server 2005 gold, instant messaging management software vendors IMlogic and FaceTime on Tuesday both touted their support for the communication product.",Business,Sci/Tech
"Vodafone begins 3G service Vodafone launches its third-generation services for mobile phones, offering video calls, music downloads and games.",Business,Sci/Tech
"Profit Jumps at Motorola, but Shares Trade Lower OT quot; gt; Motorola, the world #39;s second-largest maker of cellphones, said yesterday that its profit more than quadrupled in the third quarter and revenue jumped 26 percent compared with the quarter",Business,Sci/Tech
"Aids warning over bushmeat trade Meat from African wild animals being sold illegally in the UK is spreading a virus similar to HIV, a leading scientist warns.",Sci/Tech,World
"Stability Control Systems Can Save Lives (AP) AP - Stability control systems could save up to 7,000 lives each year if they were standard equipment on all vehicles, according to a study by the insurance industry.",World,Sci/Tech
"Serial HIV Assault Verdict Expected Mon. (AP) AP - A verdict will be announced Monday in the trial of a man charged with intentionally exposing 17 women to HIV, a county judge said.",Sci/Tech,World
"Alltel buys Cingular properties, expands network Little Rock-based Alltel will expand its wireless phone service in Connecticut, Kentucky, Mississippi, Oklahoma and Texas in a \$170 million deal with Cingular Wireless.",Business,Sci/Tech
"Ancient Skull Fragment Hints at Surgery (AP) AP - A skull fragment found in a 400-year-old trash pit at Jamestown contains evidence of the earliest known surgery #151; and autopsy #151; in the English colonies in America, researchers say.",Sci/Tech,World
"PeopleSofts big bash See you next year in Las Vegas , proclaimed a marquee at the PeopleSoft user conference in San Francisco in late September. It was one of many not-so-subtle attempts by the company to reassure its customers",Business,Sci/Tech
Rugby: Kiwis earn draw New Zealand hold Australia 16-16 in the first game of the 2004 Tri-Nations series.,World,Sports
"Jury Selection to Begin in Kobe Bryant Rape Trial EAGLE, Colo. (Reuters) - Jury selection begins in the Kobe Bryant rape case on Friday when hundreds of potential jurors fill out a questionnaire to help determine if they can sit in judgment in a trial involving race, sex and celebrity.",Sports,World
Web-based kidney match raises ethics questions A Colorado man who placed a quot;transplant wanted quot; ad on a Massachusetts-based Internet site is expected today to receive a kidney donated by a total stranger who simply wanted to do quot;something big. quot; The transaction marks the first time an organ transplant has been brokered by a commercial web company.,Business,Sci/Tech
"Rats in Mouse #39;s house? Remember John Edwards Two Americas campaign theme? It occurred to me how well that theme fits the corporate world. For proof, look no further than the stockholder lawsuit against Walt Disney Co.",Business,Sci/Tech
"EasyGroup close to launching low-cost mobile phone service (AFP) AFP - EasyGroup, the holding company of no-frills British airline easyJet, is close to striking a deal to launch a low-cost mobile telephone service in Britain, the Financial Times reported.",World,Sci/Tech
"Gates and Ballmer get pay raises Bill Gates and Steve Ballmer each received total compensation of \$901,667 in Microsoft Corp.'s 2004 fiscal year, up 4.4 percent from \$863,447 one year ago.",Sci/Tech,Business
"Times to Scrap Broadsheet Edition The Times is to scrap its broadsheet edition and go tabloid from Monday, it was confirmed today. The decision was made after a trial run of the compact edition proved a success, said editor Robert Thomson.",Sports,Business
"Calif. Voters Back #36;3 Billion Stem Cell Measure (Reuters) Reuters - A controversial California ballot\measure that would fund a decade of stem cell research with #36;3\billion in state money was headed for a resounding victory on\Wednesday, initial returns showed.",Sci/Tech,Business
"Florida, Alabama pick up the pieces after Ivan People in Florida and Alabama have started to clean up after hurricane Ivan - the third such pummelling for Florida alone in just five weeks.",Business,Sports
CAT and AstraZeneca enter \$175m collaboration AstraZeneca intends to invest over 120m in Cambridge Antibody Technology (CAT) through an innovative five-year research collaboration and a 75m equity,Business,Sci/Tech
"Hu top dog, but more of same for now China #39;s new leader is forging ahead with policies set by Jiang, but trouble with Taiwan looms. BEIJING--Having taken over Sunday as chairman of the ruling Communist Party #39;s",World,Business
"Ispat, LNM, ISG merge to form world's largest steelmaker (AFP) AFP - Dutch steel groups Ispat International and LNM Holdings, both run by Indian businessman Lakshmi Mittal, said they had agreed to merge with US International Steel Group to form the world's largest steelmaker.",World,Business
"Calif. Mental Health Services May Expand (AP) AP - As pressures increase on California's mental health system, its workers and advocates say they are forced to do more with a supply of money that seems to shrink each year.",World,Sci/Tech
Retailers Looking to Move Plasma TV's (AP) AP - Hanging stockings by the chimney with care? Retailers hope that St. Nicholas soon will be there #151; to hang a 42-inch plasma-screen TV.,Business,Sci/Tech
"ICC probe clears Zimbabwe of racism in cricket LAHORE, Pakistan (AFP) - The International Cricket Council said yesterday a probe had found no evidence of racism in Zimbabwe cricket and that the Test status of the country #39;s team was never in question.",Sports,World
"Large Gambian Rats Worry Fla. Officials (AP) AP - The Florida Keys, already dealing with invasive exotics from melaleuca to iguanas, have added another to the list of unwanted newcomers: the African Gambian pouch rat.",Sci/Tech,World
"Russia wants new business partnership with old ally India (AFP) AFP - Russia is seeking a new economic partnership to boost a decades-old friendship with India, envisaging sophisticated arms sales, high-end technology swaps and political support on the world stage.",World,Business
Bush Signs Internet Access Tax Ban State and local governments will be barred from taxing connections that link people to the Internet for the next three years under legislation signed Friday by President Bush.,Sci/Tech,World
"Scientists Stumped by Dead Croakers (AP) AP - Thousands of croakers have washed ashore at beaches along the Atlantic coast in recent days, the latest mass deaths of the popular sport fish.",Sci/Tech,World
"EU increases pressure for rights in Myanmar EU foreign ministers agreed Monday to tighten sanctions against Myanmar if it does not improve its human rights record by Oct. 8, when an EU meeting with Asian countries starts in Vietnam.",Business,World
"Microsoft Readies Next Business IM Server A little over a year after introducing the first version of Office Live Communications Server, Microsoft says it plans to release the next version of its enterprise instant messaging software, in December.",Business,Sci/Tech
"LCC Int #39;l Posts 3Q Profit, Shares Tumble LCC International Inc., which offers wireless voice and data technical consulting, on Monday saw shares plummet as much as 12 percent in after-hours trade after the company swung to a third-quarter profit but predicted lower revenues are ahead.",Business,Sci/Tech
"DreamWorks Moves Shrek 3 to 2007 DreamWorks announced today that it has decided to move its release of Shrek 3 from November 2006 to May, 2007. quot;We believe there are more than a half a dozen strong release windows available annually for our",Business,Sci/Tech
Confident Bush Outlines Ambitious Plan for 2nd Term President Bush said he would begin work immediately on his proposal to overhaul Social Security.,World,Business
"Card fraud unit nets 36,000 cards In its first two years, the UK's dedicated card fraud unit, has recovered 36,000 stolen cards and 171 arrests - and estimates it saved 65m.",Sci/Tech,Business
"Explorers Find Ancient City in Remote Peru Jungle (Reuters) Reuters - An ancient walled city complex\inhabited some 1,300 years ago by a culture later conquered by\the Incas has been discovered deep in Peru's Amazon jungle,\explorers said on Tuesday.",Sci/Tech,World
Two top Nokia executives resign HELSINKI: Nokia said the respected head of its networks unit had resigned and another top networks official left in the second major departure of top management in two weeks at the world #39;s largest mobile phone maker.,Business,Sci/Tech
"Bourses set for losses after Wall St falls (FT.com) FT.com - European equity markets were poised for opening losses on Thursday following a weak session on Wall Street overnight, while caution was likely ahead of results from Nokia, the leading mobile handset maker.",Sci/Tech,Business
"Another homicide in Holland It is a sad day. In what seems to be another politically inspired homicide in Holland, Dutch filmmaker, and controversial columnist Theo van Gogh was brutally murdered in the streets of Amsterdam this morning.",Sci/Tech,World
"Constellation gets Mondavi for \$1.36B CHICAGO (CBS.MW) - By upping the ante a bit, Constellation Brands has made an apparently successful bid to gobble up winemaker Robert Mondavi in a \$1.",Business,Sci/Tech
"Japan loses whale trade bid A UN meeting has harpooned a Japanese bid to ease curbs on trade in whale products, but a defiant Tokyo accused the West of quot;cultural imperialism quot; and vowed to press efforts to expand whaling.",World,Business
"Oracle chairman says can close gap with SAP - report Oracle Corp can close the gap with SAP, the world #39;s biggest software company, after buying US rival PeopleSoft, Oracle #39;s Chairman Jeff Henley said in an interview published on Wednesday.",Business,Sci/Tech
Malaysia expects to resume poultry exports to Singapore soon By Channel NewsAsia #39;s Malaysia Correspondent Melissa Goh. KUALA LUMPUR : Malaysia expects to resume export of poultry and eggs from two states to Singapore by the end of this month but only after meeting conditions set by the island.,World,Business
"Kerry-Kerrey Confusion Trips Up Campaign (AP) AP - John Kerry, Bob Kerrey. It's easy to get confused.",World,Sports
"Japan to Deport Ex-Chess Champion Bobby Fischer (Reuters) Reuters - Japan issued a deportation order on\Tuesday against former world chess champion Bobby Fischer, who\is wanted in the United States for defying sanctions on\Yugoslavia, an immigration official said.",World,Sports
"It may be end of line for narrow track Hurricane forecasters debate the usefulness of the quot;skinny line quot; in tracking maps, and look at more accurate alternatives.",Business,Sci/Tech
#39;Poison pill #39; just in case THE haste with which News Corporation has adopted a quot;poison pill quot; - or stockholders rights plan - following the bold move of John Malone #39;s Liberty Media to put its foot on a further 8 per cent of the voting stock demonstrates a real concern as to his,Business,Sci/Tech
"Arthritis drug withdrawn after trial A prescription painkiller used by more than 250,000 Australians to treat arthritis has been withdrawn from sale after a clinical trial found it doubled the risk of heart attack and stroke.",Business,Sci/Tech
It #39;s Time for Tech Firms to Bet on Growth Industry leaders have been offering too few innovations and too many marginal upgradesat not-so-marginal prices. There #39;s a joke going around that our lives have become so boring that we #39;ve taken up watching people play cards on TV.,Sci/Tech,Business
"Cingular to Cut About 7,000 Jobs (Reuters) Reuters - Cingular Wireless will cut about 7,000\jobs, or 10 percent of its work force, to cut costs as it\integrates recently purchased AT T Wireless, the company said\on Tuesday.",Sci/Tech,Business
"EU Clears Flextronics Purchase of Units (AP) AP - European Union regulators Friday cleared Singapore's Flextronics International Ltd., the world's largest contract electronics manufacturer, to acquire factories from Canada's Nortel Networks Corp.",World,Business
"The Newest Hope ; Marriage of Necessity Just Might Work Out NEW YORK - The TV lights were on, the cameras rolled and the symphony of cameras flashing in his face blinded Pedro Martinez - but not for long.",Sports,Sci/Tech
"Gates: US Need Not Fear Overseas Tech The United States has nothing to fear from rapidly growing technology markets in China and India, Bill Gates, chairman and chief software architect of Microsoft Corp.",Sci/Tech,Business
"China's inflation rate slows sharply but problems remain (AFP) AFP - China's inflation rate eased sharply in October as government efforts to cool the economy began to really bite, with food prices, one of the main culprits, showing some signs of slowing, official data showed.",World,Business
"La. Seeks New Bridge, Elevated Highway If you think oil is expensive now, just imagine if Hurricane Ivan had swung west and come ashore at this bustling oil and gas port at the southernmost point of Louisiana.",Business,World
"Halliburton leading contender in construction of British aircraft carriers: report (AFP) AFP - Halliburton, the oil services giant once run by US Vice President Dick Cheney, has emerged as a leading contender to manage the construction of two British aircraft carriers, The Sunday Telegraph said.",World,Business
"Netflix, TiVo sign VoD alliance Netflix, the online DVD rental company, and TiVo yesterday said they will work together to deliver movies digitally down the wires, presumably specifically to the latter #39;s PVR equipment.",Business,Sci/Tech
"Running may have defined the body Next time you drive past a jogger on the street, give her a honk and a wave - she #39;s honing the skill that helped define the human body, according to a study by researchers from the University of Utah and Harvard.",Sci/Tech,Sports
"Judge Challenges EU Position on Microsoft (Reuters) Reuters - A top European Union judge\challenged the EU executive's reasoning in its antitrust court\battle with Microsoft Corp. Friday, questioning why it opposed\the U.S. software giant's setting industry standards.",Sci/Tech,Business
White House Shifts Its Focus on Climate The administration issued a report indicating that emissions of carbon dioxide and other heat-trapping gases were the only likely explanation for global warming.,Sci/Tech,Business
"The Rippling Pain from Vioxx Prescription-drug recalls aren #39;t common, and they #39;re almost always controversial. Now that Merck (MRK ) is voluntarily withdrawing its Vioxx pain medication around the world, due to a heightened risk of cardiovascular",Business,Sci/Tech
"Intel planning Centrino-like brand for desktops Intel is preparing a marketing strategy that will brand desktop PCs with a similar label that made its Centrino notebook technology a household name, according to sources familiar with the company's plans.",Business,Sci/Tech
No ticket matched all four numbers and the MegaBall in Friday #39;s ... No ticket matched all four numbers and the MegaBall in Friday #39;s Mega Money drawing of the Florida Lottery. The numbers drawn were 10-18-19-22; the Megaball was 6. Twelve tickets matched four of the numbers,Business,Sports
Some Md. MDs Curtail Surgeries in Insurance Protest Physicians in a northwest Maryland county plan to halt non-emergency surgeries for at least two weeks to protest a 33 percent increase in malpractice insurance premiums.,Business,Sci/Tech
"FDA Orders Strong Antidepressant Warning Labels By DIEDTRA HENDERSON WASHINGTON (AP) -- The Food and Drug Administration on Friday ordered that all antidepressants carry ""black box"" warnings that they ""increase the risk of suicidal thinking and behavior"" in children who take them. Patients and their parents will be given medication guides that include the warning with each new prescription or refill...",Sci/Tech,Business
"Official: MLB to Move Expos to Washington WASHINGTON - Major League Baseball will announce Wednesday that Washington will be the new home of the Montreal Expos, bringing the national pastime back to the nation's capital for the first time in 33 years, The Associated Press has learned. A city official, speaking on condition of anonymity, said Washington has been notified by Major League Baseball of the impending announcement...",World,Sports
"Google puts desktop search privacy up front Google has announced a new desktop search application that enables users to search their e-mail, files, web history, and chats. Perhaps learning from previous mistakes, Google says it has designed the product quot;from the ground up to respect user privacy.",Business,Sci/Tech
"Strikes at London airports London - A 48-hour strike by aircraft refuellers at London Heathrow airport got under way on Friday, with baggage handlers at Gatwick airport also preparing to walk out, threatening a weekend of travel disruptions.",Business,World
Football: Azerbaijan 0-1 England Michael Owen heads England's winner in the World Cup qualifier against Azerbaijan.,World,Sports
"Study: Few Americans Buy Drugs Online NEW YORK - Only 4 percent of Americans have ever used the Internet to buy prescription drugs - and even fewer do so through foreign pharmacies - despite Web sites maintained by a handful of states to help citizens import medicines more cheaply from Canada, a new study finds. A majority - 62 percent - believe drugs bought online are less safe than those purchased from a local pharmacy, accepting the federal government's stated concerns in opposing drug imports, the Pew Internet and American Life Project said in a report Sunday...",World,Business
"Lenovo confirms acquisition talks CHINA #39;S largest manufacturer of personal computers Lenovo Group has confirmed it is in acquisition negotiations with a major information technology company, widely believed to be IBM.",Business,Sci/Tech
"Fujitsu Siemens profit grows 60 percent Fujitsu Siemens Computers (Holding) BV, Europe #39;s largest remaining computer manufacturer, posted a 60 percent leap in profit for the first half of its fiscal year on higher sales of laptops and servers to business customers, the company said Wednesday.",Sci/Tech,Business
"Unisys to lay off 1,400 workers Unisys Corp. plans to cut 1,400 jobs, primarily in general and administrative areas, and consolidate its office space worldwide, it announced Wednesday. The cuts represent 3.8 percent of the company's staff of 37,000.",Sci/Tech,Business
Rumors Suggest Photo Ability To Be Added to iPod quot;Apple has invested heavily in technology to edit pictures. Not having a portable device to show them seemed an obvious oversight that would be corrected once the price of the displays,Business,Sci/Tech
"Science Magazine: Asia Farmers Sucking Continent Dry (Reuters) Reuters - Asian farmers drilling millions of\pump-operated wells in an ever-deeper search for water are\threatening to suck the continent's underground reserves dry, a\science magazine warned on Wednesday.",Sci/Tech,Business
"Bridges Loom as Cash Cow That Nobody Dares to Milk There they stand, glinting in the sun, hanging off the shore of Manhattan like fruit-laden branches of a money tree: The free bridges over the East River to Brooklyn and Queens.",Business,Sci/Tech
"Calif. Aims to Limit Farm-Related Smog (AP) AP - Southern California's smog-fighting agency went after emissions of the bovine variety Friday, adopting the nation's first rules to reduce air pollution from dairy cow manure.",Sci/Tech,Business
"Gas prices up 5 cents after Hurricane Ivan CAMARILLO, Calif. - Gas prices jumped more than 5 cents a gallon in the past two weeks, largely because of supply problems related to Hurricane Ivan, an industry analyst said.",Sci/Tech,Business
"Men, Women More Different Than Thought CHICAGO - Beyond the tired cliches and sperm-and-egg basics taught in grade school science class, researchers are discovering that men and women are even more different than anyone realized. It turns out that major illnesses like heart disease and lung cancer are influenced by gender and that perhaps treatments for women ought to be slightly different from the approach used for men...",World,Sci/Tech
"Soy-Fertility Risk Downplayed (WebMD) Eating a diet rich in soy or taking soy supplements probably won #39;t harm a woman #39;s fertility, according to a new study.",Sci/Tech,Business
"Immunity in Ebbers Case Opposed in U.S. Filing NEW YORK, Sept. 29 -- Federal prosecutors told a judge in a filing late Tuesday night that they have evidence that former WorldCom Inc. chief executive Bernard J. Ebbers knew company officials had improperly tinkered with the telecommunications firm's accounting to boost its publicly reported profits.",Sci/Tech,World
"Google Lowers Its IPO Price Range SAN JOSE, Calif. - In a sign that Google Inc.'s initial public offering isn't as popular as expected, the company lowered its estimated price range to between \$85 and \$95 per share, down from the earlier prediction of \$108 and \$135 per share...",World,Sci/Tech
"Washington Contractors' Sales Increase Companies that provide federal agencies with network integration and payroll accounting technologies are benefiting from a government trying to bolster its defenses against terrorism, experts say. -The Washington Post",Sci/Tech,Business
Job-Loss Panic Rises in Western Europe (AP) AP - Stephane Zervos first suspected his job was threatened when his bosses removed most of the heavy equipment from the car wheel factory where he'd worked for 24 years.,World,Business
"Renault unveils investment plan for Asian hub in South Korea (AFP) AFP - French auto giant Renault SA said it will invest some 570 million dollars in South Korea over the next three years as part of its global strategy to become a key player in Asia, notably China.",World,Business
"Pricey Drug Trials Turn Up Few New Blockbusters The \$500 billion drug industry is stumbling badly in its core business of finding new medicines, while aggressively marketing existing drugs.",World,Business
"Stocks Close Higher on Brokerage Earnings NEW YORK - Stocks dashed higher Tuesday as investors welcomed strong earnings from financial services companies, upbeat economic data and some reassuring news from the Federal Reserve. The Fed's decision to raise short-term interest rates by another quarter-percentage point to 1.75 percent did not come as a surprise to the market...",World,Business
"Douglas, Fraser, and blue await you Jim McLeod has a great day job, but a seasonal sideline is his #39; #39;tree #39; #39; calling. Throughout the year, he #39;s president and owner of a software company called InfoCode Corp.",Business,Sports
"Nintendo to Unveil Handheld Upgrade Facing its biggest threat ever from the arrival of Sony Corp. in the portable video-game machine market, Japanese game-maker Nintendo Co.",Business,Sci/Tech
Germans plan mass welfare rallies Nationwide protests are set to take place in Germany as cuts in unemployment benefit take effect.,Business,World
Bush vows to cut deficit President Bush pledged yesterday to work with Congress to reduce the government #39;s huge budget deficit as a key step in assuring the world that his administration supports a strong dollar.,Business,World
"Storms Seem to Cure Floridians of Hurricane Amnesia The state #39;s East Coast hadn #39;t been hit by a hurricane since 1999. That, and the fact that Florida hasn #39;t had its historic share of such storms in recent decades, has led to some complacency about their effects.",Business,World
"Thai minister says zoo #39;s illegal orangutans to be moved JAKARTA/BANGKOK (DPA): Thailand, under growing pressure to repatriate some 100 orangutans allegedly smuggled into the country from Indonesia, plans to shift the apes from a private zoo to a safe centre, probably in Chiang Mai, a minister said on Thursday.",Sci/Tech,World
webcrawler: A9.com is cool NOW heres something else thats off the mind. Theres no more need to make mental or computer notes while searching the Internet.,Business,Sci/Tech
"Scientists: Volcano Monitoring Funds Low (AP) AP - For lack of funds, more than a third of the nation's ""truly dangerous"" volcanos lack even a seismometer for detecting signs of an impending eruption, scientists say.",Sci/Tech,Business
"Virgin dips its toe into the Pacific SIR Richard Branson did not disappoint with his stunts yesterday, flying into Sydney to promote his international airline Virgin Atlantic.",Business,Sports
"Feds kick off digital TV consumer campaign WASHINGTON - It #39;s one of the biggest technical changes in television since color TV: the digital transition. And because many Americans remain in the dark about it, federal regulators began an education campaign Monday to enlighten them.",Business,Sci/Tech
"SICK KIDS VS. DISNEY IN #39;PETER PAN #39; DUSTUP It #39;s a story that would make Peter Pan glad that he never grew up. Walt Disney Co. is caught in a feud with a UK children #39;s hospital over the copyright to JM Barrie #39;s classic novel, quot;Peter Pan.",Business,Sci/Tech
"New drug extends multiple sclerosis options 25/11/2004 - The first in a completely new class of drug for multiple sclerosis has been approved in the US, opening up a new avenue of treatment for sufferers of the debilitating diseases and potential blockbuster revenues for developers Elan and Biogen",Business,Sci/Tech
"Kenyan Laureate Urges Rich Nations to Ratify Kyoto (Reuters) Reuters - Kenya's Nobel Peace Prize winner,\Wangari Maathai, on Monday urged wealthy nations to ratify the\Kyoto protocol on climate change to ease the burden of\pollution on poor countries.",Sci/Tech,World
"Vodafone Drops on Report It Supports Bid for Sprint (Update2) Shares in Vodafone Group Plc, the world #39;s largest mobile-phone operator, dropped after The Wall Street Journal said the company is considering bidding with US partner Verizon Communications Inc.",Business,Sci/Tech
"Ecuadorean Lawsuit Vs Texaco Boils Down to Science (Reuters) Reuters - After a decade\of court battles, lawyers on Wednesday took a lawsuit by\Ecuadorean Indians accusing U.S. oil firm ChevronTexaco Corp..\of polluting the Amazon jungle into the field.",Sci/Tech,Business
"ID Biomedical Gets US Flu Drug Deal ID Biomedical Corp. (IDB.TO: Quote, Profile, Research) (IDBE.O: Quote, Profile, Research) signed a 10-year US distribution deal for its Fluviral drug that could reap",Business,Sci/Tech
"Hurricanes soak Knight Ridder #39;s 3Q Knight Ridder Inc., publisher of the Miami Herald and the Philadelphia Inquirer, said third-quarter earnings will miss Wall Street estimates due to the impact of three recent hurricanes on its Florida newspapers.",Business,Sports
Bangkok animal trade talks open The rules controlling the trade in many at-risk wildlife species may change at a Bangkok meeting starting on Saturday. The 166 member states of the Convention on International Trade in Endangered Species of,World,Business
"Audit finds no fraud in Venezuelan recall vote CARACAS : An audit of last Sunday #39;s recall vote in Venezuela, which favored keeping President Hugo Chavez in office, found no evidence of fraud, as the opposition had charged, electoral officials said.",Business,World
"103 arrests for Internet fraud, related crimes since June: US (AFP) AFP - US authorities arrested at least 103 suspects and filed 117 criminal complaints since June 1 in a crackdown on various forms of online fraud, Attorney General John Ashcroft said.",Sci/Tech,World
"Howard Stern: Serious business for Sirius Shock jock Howard Stern is jumping from radio broadcasting to satellite radio, promising to boost the ratings of the growing medium and bring his show to fans quot;my way.",Business,Sci/Tech
Measures Aim to Stem Middle East Bird Slaughter (Reuters) Reuters - Conservationists launched a\three-year project on Tuesday to protect millions of migrating\birds which are indiscriminately targeted by hunters in North\Africa and the Middle East.,Sci/Tech,Business
Safety Group Closely Echoes Rail Industry Documents show that the nation's most influential rail-safety group is tightly bound to the railroad industry.,World,Sci/Tech
"Russians to see full lunar eclipse Thursday morning MOSCOW, October 28 (Itar-Tass) - People in Russia #39;s European part will have an opportunity to see a full eclipse of the Moon during several hours Thursday morning, said Dr Andrei Finkelshtein, director of the Russian Institute of Applied Astronomy.",Sci/Tech,World
"Greenspan: Debt, home prices not dangerous The record level of debt carried by American households and soaring home prices do not appear to represent serious threats to the US economy, Federal Reserve Chairman Alan Greenspan said Tuesday.",Sci/Tech,Business
MUTV: We #39;re giving balanced picture MUTV bosses have hit back strongly at allegations of bias levelled against them by a group of Manchester United supporters. United #39;s official television station was targeted by fans who disrupted live coverage of the reserve-team match at Altrincham.,Sports,World
"Oil Surges to New Intraday High in Europe (AP) AP - The price of crude oil surged to a new intraday high of US #36;53.42 in European trade Monday, despite assurances from Middle East oil producers that they were committed to bringing the price down as a strike began in Africa's largest exporter.",World,Business
Drug makers target counterfeits Big pharmaceutical companies are testing new tracking technology they hope will help them spot counterfeit drugs before they reach consumers' medicine cabinets.,Business,Sci/Tech
Howard Stern moves radio show to Sirius Shock jock Howard Stern announced Wednesday he #39;s taking his radio show off the public airwaves and over to Sirius satellite radio.,Business,Sci/Tech
"USC, Miami Top BCS Standings, Not Okla. Southern California took the top spot Monday in the season's first Bowl Championship Series standings, and surprisingly Miami is ahead of Oklahoma in a close race for the second spot. Oklahoma is No...",World,Sports
"France joins Germany, Japan in economic slide (AFP) AFP - The French economy hit a rough patch in the third quarter, throwing the government's full-year growth target into question amid signs of an economic slowdown in the 12-nation eurozone.",Business,World
"SKorea's Samsung to invest 24 billion dollars in new chip lines (AFP) AFP - South Korea's Samsung Electronics Co., the world's largest memory chipmaker, said it would invest some 24 billion dollars in building new chip production lines over the next six years.",World,Business
"Nations Use Net to Spy, Plot Attacks Ex-Bush Aide (Reuters) Reuters - The world's most advanced\military powers are using the Internet to spy on their enemies\and prepare digital attacks against rogue targets, a leading\cyber security expert said on Friday.",Sci/Tech,World
"Gordon Cooper, NASA Mercury Pioneer, Dies LOS ANGELES - Gordon Cooper, who was the youngest and perhaps cockiest member of the original Mercury astronauts and set the space endurance record that helped clear the way for the first moon landing, has died. He was 77...",World,Sci/Tech
Jamaican Government to Provide Free Internet Access in Poor ... Jamaica #39;s government on Tuesday announced a US\$5 million (Jamaican \$308 million) plan to provide free Internet access in poor communities across the island.,Sci/Tech,Business
"Indonesia May Prosecute Newmont Mining (AP) AP - Indonesia is proceeding with plans to prosecute U.S.-based Newmont Mining for allegedly polluting a bay in central Indonesia, accusing the company Wednesday of giving investigators incomplete information about its waste disposal method.",World,Business
"Supreme Court Hears Wine Sales Case Winemakers who want to ship directly to consumers across state lines got a sympathetic hearing at the Supreme Court today, as the justices heard oral arguments in a case that could have a dramatic effect on Internet commerce and states' power to regulate the alcohol trade.",Sci/Tech,Business
"Internet pioneer closes Manitoba pharmacy; blames dollar, uncertain climate (Canadian Press) Canadian Press - WINNIPEG (CP) - Just one year ago, Mark Rzepka was opening a #36;1-million Internet pharmacy in the small Manitoba town of Niverville believing he would be able to quadruple his staff within 12 months.",World,Business
"The Kid Stays in His Home, Dressed in PJ's, With a Live Mike Robert Evans, the fabled Hollywood producer and man about town, will be enjoying his latest gig, as a satellite radio talk-show host, from the comfort of his home.",Sci/Tech,Sports
"It's Inauguration Time Again, and Access Still Has Its Price President Bush's inaugural committee, seeking to raise more than \$40 million, a record, sent out hundreds of solicitations.",World,Business
Cellphone Industry Hits Snag as It Woos Untapped Market The mobile phone industry is turning its attention to the last untapped demographic - people over 65.,World,Sci/Tech
We have to learn to be patient on Indian pitches: Smith (AFP) AFP - South African skipper Graeme Smith said his team had to learn to be patient on slow pitches if they hoped to do well in an upcoming two-Test series against India.,World,Sports
VoIP becomes new option Jackson is one of the first to take advantage of Time Warner Cable #39;s new venture into Voice over Internet Provider (VoIP) telephone service here and she says it works great.,Business,Sci/Tech
"Compete against your friends, SI experts and celebrities in this ... OWINGS MILLS, Maryland (Ticker) -- quot;Prime Time quot; has decided this is the right time to return to the NFL. Deion Sanders, regarded as perhaps the most electrifying cornerback in league history, arrived here",Sports,Sci/Tech
"MOJAVE, CALIFORNIA: SPACEPORT Monday was a big day in Mojave. Tens of thousands of spectators showed up to see Burt Rutans SpaceShipOne make its second flight from below sea level to the edge of space, and in doing so",Sci/Tech,Sports
"Embattled Mortgage Giant Agrees to Meet New Standards Fannie Mae agreed to keep more cash on hand while it corrects accounting problems, a U.S. regulator said.",World,Business
"Court Weighs Legal Rights of Mich. Poor (AP) AP - With backing from two-fifths of all states, Michigan asked the Supreme Court on Monday to whether a state can refuse to pay for appeals by indigent defendants who plead guilty to crimes.",World,Sci/Tech
"Gold Indian Coin Expected to Fetch #36;27,000 (Reuters) Reuters - An Indian gold coin which is nearly\1,900 years old and shows one of the earliest depictions of\Buddha is to be sold at auction where it is expected to fetch\up to 15,000 pounds ( #36;27,000).",Sci/Tech,Business
"Belarus Bank Denies Money Laundering Charge A bank in Belarus has denied US charges that it laundered money for former Iraqi leader Saddam Hussein. Infobank, in a statement, said it has strictly followed international agreements related to the fight against illegal transactions.",Business,World
"Complex Brings Work, Shops Close to Home Tucked on a side street, just a block from the cars and trucks that whiz along Rockville Pike, sits a new complex of 404 luxury apartments, renovated restaurants and stores that some planners and developers are calling the optimum in compact urban redevelopment.",Business,Sci/Tech
"In China's changing society, psychotherapy gains acceptance BEIJING -- Step back, Confucius. Move over, Mao. Dr. Freud is making the rounds. Once vilified by the communists as a remnant of bourgeois imperialism, the practice of psychology -- and especially the Western ritual of going to a therapist -- is gaining popularity in this country of budding capitalists.",World,Sci/Tech
"Delta #39;s Aborted Crash Landing If you #39;ve ever been in an airplane that has to abort a landing, you know that it is a completely hair-raising, disorienting experience.",Business,Sci/Tech
Britons still prefer fish n'chips (AFP) AFP - Traditional fish-and-chips along with cherished pub grub remain the dishes of choice for Britons outstripping Chinese or Indian take-aways.,World,Sci/Tech
"Ford underlines committed to motorsport. Despite confirming the successful sale of both Jaguar Racing and its Cosworth engine company to new owners, Ford Motor Company has stressed that it remains committed to supporting motorsport at all levels.",Sports,Business
